ISO-10303-21;
HEADER;
FILE_DESCRIPTION (( 'STEP AP214' ),
    '1' );
FILE_NAME ('2 MEDIUM NUT.STEP',
    '2024-10-24T09:41:37',
    ( '' ),
    ( '' ),
    'SwSTEP 2.0',
    'SolidWorks 2023',
    '' );
FILE_SCHEMA (( 'AUTOMOTIVE_DESIGN' ));
ENDSEC;

DATA;
#1 = ORIENTED_EDGE ( 'NONE', *, *, #5409, .T. ) ;
#2 = DIRECTION ( 'NONE',  ( -7.906742672516238979E-16, -0.000000000000000000, -1.000000000000000000 ) ) ;
#3 = LINE ( 'NONE', #70, #3019 ) ;
#4 = AXIS2_PLACEMENT_3D ( 'NONE', #2339, #2748, #5727 ) ;
#5 = CIRCLE ( 'NONE', #607, 3.350000000000012967 ) ;
#6 = AXIS2_PLACEMENT_3D ( 'NONE', #2263, #1728, #772 ) ;
#7 = VERTEX_POINT ( 'NONE', #733 ) ;
#8 = FACE_OUTER_BOUND ( 'NONE', #2610, .T. ) ;
#9 = LINE ( 'NONE', #1929, #2839 ) ;
#10 = DIRECTION ( 'NONE',  ( 1.000000000000000000, 0.000000000000000000, -8.896017825522720674E-16 ) ) ;
#11 = EDGE_CURVE ( 'NONE', #3883, #1536, #1656, .T. ) ;
#12 = CARTESIAN_POINT ( 'NONE',  ( 0.1000000000000381278, 0.000000000000000000, 38.50000000000000000 ) ) ;
#13 = CIRCLE ( 'NONE', #3549, 3.350000000000060485 ) ;
#14 = DIRECTION ( 'NONE',  ( -1.000000000000000000, 0.000000000000000000, 0.000000000000000000 ) ) ;
#15 = ORIENTED_EDGE ( 'NONE', *, *, #2868, .T. ) ;
#16 = ORIENTED_EDGE ( 'NONE', *, *, #4290, .F. ) ;
#17 = ORIENTED_EDGE ( 'NONE', *, *, #6098, .T. ) ;
#18 = DIRECTION ( 'NONE',  ( -1.000000000000000000, 0.000000000000000000, 0.000000000000000000 ) ) ;
#19 = DIRECTION ( 'NONE',  ( -1.000000000000000000, 0.000000000000000000, 7.767418549149902160E-16 ) ) ;
#20 = AXIS2_PLACEMENT_3D ( 'NONE', #5414, #42, #2031 ) ;
#21 = ORIENTED_EDGE ( 'NONE', *, *, #3273, .F. ) ;
#22 = DIRECTION ( 'NONE',  ( -1.000000000000000000, 0.000000000000000000, 0.000000000000000000 ) ) ;
#23 = VERTEX_POINT ( 'NONE', #1238 ) ;
#24 = ORIENTED_EDGE ( 'NONE', *, *, #2037, .F. ) ;
#25 = LINE ( 'NONE', #4364, #2007 ) ;
#26 = LINE ( 'NONE', #2361, #514 ) ;
#27 = DIRECTION ( 'NONE',  ( -7.906742672516238979E-16, -0.000000000000000000, -1.000000000000000000 ) ) ;
#28 = DIRECTION ( 'NONE',  ( 0.6658816660008326505, 8.154698508788273048E-17, -0.7460573750617008892 ) ) ;
#29 = EDGE_LOOP ( 'NONE', ( #1859, #2134, #3895, #2351 ) ) ;
#30 = DIRECTION ( 'NONE',  ( -1.000000000000000000, 0.000000000000000000, 8.896017825522758145E-16 ) ) ;
#31 = ORIENTED_EDGE ( 'NONE', *, *, #4562, .F. ) ;
#32 = ORIENTED_EDGE ( 'NONE', *, *, #2270, .T. ) ;
#33 = EDGE_CURVE ( 'NONE', #677, #1591, #4529, .T. ) ;
#34 = ADVANCED_FACE ( 'NONE', ( #3675 ), #5151, .T. ) ;
#35 = CARTESIAN_POINT ( 'NONE',  ( -3.699999999999998845, 4.653657836759990061E-16, 40.89999999999999858 ) ) ;
#36 = AXIS2_PLACEMENT_3D ( 'NONE', #2343, #2251, #2371 ) ;
#37 = DIRECTION ( 'NONE',  ( -1.000000000000000000, 0.000000000000000000, 8.896017825522689120E-16 ) ) ;
#38 = AXIS2_PLACEMENT_3D ( 'NONE', #6150, #3779, #5205 ) ;
#39 = ORIENTED_EDGE ( 'NONE', *, *, #4082, .F. ) ;
#40 = DIRECTION ( 'NONE',  ( -7.906742672516238979E-16, -0.000000000000000000, -1.000000000000000000 ) ) ;
#41 = AXIS2_PLACEMENT_3D ( 'NONE', #1242, #2224, #1272 ) ;
#42 = DIRECTION ( 'NONE',  ( -7.906742672516238979E-16, -0.000000000000000000, -1.000000000000000000 ) ) ;
#43 = FACE_OUTER_BOUND ( 'NONE', #4697, .T. ) ;
#44 = VECTOR ( 'NONE', #1110, 1000.000000000000114 ) ;
#45 = CARTESIAN_POINT ( 'NONE',  ( 0.1000000000000164230, 0.000000000000000000, 11.04999999999999716 ) ) ;
#46 = CONICAL_SURFACE ( 'NONE', #2670, 3.799999999999963407, 0.7853809166853964463 ) ;
#47 = DIRECTION ( 'NONE',  ( -1.000000000000000000, 0.000000000000000000, 0.000000000000000000 ) ) ;
#48 = ORIENTED_EDGE ( 'NONE', *, *, #1839, .F. ) ;
#49 = ORIENTED_EDGE ( 'NONE', *, *, #4940, .F. ) ;
#50 = EDGE_LOOP ( 'NONE', ( #3887, #3805, #1493, #6051 ) ) ;
#51 = CIRCLE ( 'NONE', #3071, 3.800000000000061107 ) ;
#52 = DIRECTION ( 'NONE',  ( -1.000000000000000000, 0.000000000000000000, 8.896017825522700952E-16 ) ) ;
#53 = CARTESIAN_POINT ( 'NONE',  ( 0.1000000000000151185, 0.000000000000000000, 9.396598169499684516 ) ) ;
#54 = EDGE_LOOP ( 'NONE', ( #5313, #1959, #4464, #4301 ) ) ;
#55 = EDGE_CURVE ( 'NONE', #23, #3883, #808, .T. ) ;
#56 = EDGE_CURVE ( 'NONE', #3058, #4237, #6047, .T. ) ;
#57 = EDGE_LOOP ( 'NONE', ( #1407, #5816, #372, #2745 ) ) ;
#58 = CARTESIAN_POINT ( 'NONE',  ( 0.1000000000000425132, 0.000000000000000000, 44.04998447769145287 ) ) ;
#59 = DIRECTION ( 'NONE',  ( -7.906742672516238979E-16, -0.000000000000000000, -1.000000000000000000 ) ) ;
#60 = VECTOR ( 'NONE', #5840, 1000.000000000000000 ) ;
#61 = CARTESIAN_POINT ( 'NONE',  ( 0.1000000000000320771, 0.000000000000000000, 30.84998447769144292 ) ) ;
#62 = CARTESIAN_POINT ( 'NONE',  ( -3.249999999999996891, 0.000000000000000000, -4.999999999999997335 ) ) ;
#63 = ORIENTED_EDGE ( 'NONE', *, *, #11, .T. ) ;
#64 = CARTESIAN_POINT ( 'NONE',  ( 3.450000000000017497, 4.378112306951749302E-16, 49.99202761985993249 ) ) ;
#65 = ORIENTED_EDGE ( 'NONE', *, *, #11, .F. ) ;
#66 = EDGE_CURVE ( 'NONE', #782, #4429, #3115, .T. ) ;
#67 = ORIENTED_EDGE ( 'NONE', *, *, #3747, .T. ) ;
#68 = CIRCLE ( 'NONE', #4600, 3.350000000000049383 ) ;
#69 = DIRECTION ( 'NONE',  ( -1.000000000000000000, 0.000000000000000000, 0.000000000000000000 ) ) ;
#70 = CARTESIAN_POINT ( 'NONE',  ( -3.699999999999991740, 0.000000000000000000, 42.25000000000000000 ) ) ;
#71 = CONICAL_SURFACE ( 'NONE', #5726, 3.899999999999722800, 0.6597344572538604845 ) ;
#72 = EDGE_CURVE ( 'NONE', #3217, #2436, #5035, .T. ) ;
#73 = ADVANCED_FACE ( 'NONE', ( #1143 ), #2634, .T. ) ;
#74 = CARTESIAN_POINT ( 'NONE',  ( -3.250000000000045741, 0.000000000000000000, -4.999999999999997335 ) ) ;
#75 = CARTESIAN_POINT ( 'NONE',  ( -3.700000000000003730, 4.653657836759994006E-16, 39.69999999999999574 ) ) ;
#76 = DIRECTION ( 'NONE',  ( -1.000000000000000000, 0.000000000000000000, 0.000000000000000000 ) ) ;
#77 = CONICAL_SURFACE ( 'NONE', #673, 3.800000000000033129, 0.7853809166854094359 ) ;
#78 = CARTESIAN_POINT ( 'NONE',  ( 0.1000000000000424716, 0.000000000000000000, 43.99202761985993249 ) ) ;
#79 = EDGE_CURVE ( 'NONE', #2778, #418, #3649, .T. ) ;
#80 = CARTESIAN_POINT ( 'NONE',  ( 3.900000000000079847, 0.000000000000000000, 38.50000000000000000 ) ) ;
#81 = CONICAL_SURFACE ( 'NONE', #3615, 3.800000000000054889, 0.6928957130417449095 ) ;
#82 = EDGE_LOOP ( 'NONE', ( #4918, #4998, #5782, #2544 ) ) ;
#83 = VERTEX_POINT ( 'NONE', #228 ) ;
#84 = ADVANCED_FACE ( 'NONE', ( #2219 ), #1508, .T. ) ;
#85 = CONICAL_SURFACE ( 'NONE', #5437, 3.899999999999705924, 0.7286749627076346547 ) ;
#86 = DIRECTION ( 'NONE',  ( -1.000000000000000000, 0.000000000000000000, 0.000000000000000000 ) ) ;
#87 = VERTEX_POINT ( 'NONE', #4153 ) ;
#88 = VERTEX_POINT ( 'NONE', #2314 ) ;
#89 = DIRECTION ( 'NONE',  ( -7.906742672516238979E-16, -0.000000000000000000, -1.000000000000000000 ) ) ;
#90 = DIRECTION ( 'NONE',  ( -1.000000000000000000, 0.000000000000000000, 0.000000000000000000 ) ) ;
#91 = DIRECTION ( 'NONE',  ( 0.7070945858143388163, 0.000000000000000000, 0.7071189763484279078 ) ) ;
#92 = EDGE_CURVE ( 'NONE', #23, #4429, #1771, .T. ) ;
#93 = CARTESIAN_POINT ( 'NONE',  ( 0.1000000000000486888, 0.000000000000000000, 51.85000000000000142 ) ) ;
#94 = DIRECTION ( 'NONE',  ( 1.000000000000000000, 0.000000000000000000, 0.000000000000000000 ) ) ;
#95 = ORIENTED_EDGE ( 'NONE', *, *, #5599, .T. ) ;
#96 = ORIENTED_EDGE ( 'NONE', *, *, #5594, .T. ) ;
#97 = AXIS2_PLACEMENT_3D ( 'NONE', #6106, #5602, #322 ) ;
#98 = DIRECTION ( 'NONE',  ( -7.906742672516238979E-16, -0.000000000000000000, -1.000000000000000000 ) ) ;
#99 = CARTESIAN_POINT ( 'NONE',  ( 0.1000000000000222655, 0.000000000000000000, 18.44999999999999929 ) ) ;
#100 =( GEOMETRIC_REPRESENTATION_CONTEXT ( 3 ) GLOBAL_UNCERTAINTY_ASSIGNED_CONTEXT ( ( #3834 ) ) GLOBAL_UNIT_ASSIGNED_CONTEXT ( ( #3131, #281, #220 ) ) REPRESENTATION_CONTEXT ( 'NONE', 'WORKASPACE' ) );
#101 = AXIS2_PLACEMENT_3D ( 'NONE', #3827, #3390, #3423 ) ;
#102 = EDGE_LOOP ( 'NONE', ( #596, #4915, #3222, #3656 ) ) ;
#103 = CYLINDRICAL_SURFACE ( 'NONE', #3124, 3.800000000000058442 ) ;
#104 = FACE_OUTER_BOUND ( 'NONE', #5955, .T. ) ;
#105 = FACE_OUTER_BOUND ( 'NONE', #421, .T. ) ;
#106 = AXIS2_PLACEMENT_3D ( 'NONE', #969, #4330, #503 ) ;
#107 = CARTESIAN_POINT ( 'NONE',  ( 0.1000000000000210582, 0.000000000000000000, 16.89999999999999147 ) ) ;
#108 = FACE_OUTER_BOUND ( 'NONE', #1888, .T. ) ;
#109 = VERTEX_POINT ( 'NONE', #5163 ) ;
#110 = ORIENTED_EDGE ( 'NONE', *, *, #2213, .T. ) ;
#111 = FACE_OUTER_BOUND ( 'NONE', #4494, .T. ) ;
#112 = EDGE_CURVE ( 'NONE', #2919, #1974, #501, .T. ) ;
#113 = ADVANCED_FACE ( 'NONE', ( #2846 ), #4729, .T. ) ;
#114 = CONICAL_SURFACE ( 'NONE', #5059, 3.799999999999986944, 0.6928957130417463528 ) ;
#115 = DIRECTION ( 'NONE',  ( -0.6387678175155964144, 0.000000000000000000, -0.7693995550468961664 ) ) ;
#116 = CIRCLE ( 'NONE', #617, 3.900000000000015010 ) ;
#117 = CARTESIAN_POINT ( 'NONE',  ( 0.1000000000000405703, 0.000000000000000000, 41.59202761985993391 ) ) ;
#118 = ORIENTED_EDGE ( 'NONE', *, *, #5131, .T. ) ;
#119 = ORIENTED_EDGE ( 'NONE', *, *, #2380, .F. ) ;
#120 = EDGE_CURVE ( 'NONE', #5626, #5382, #3829, .T. ) ;
#121 = DIRECTION ( 'NONE',  ( -0.8424523970071473578, 1.031706631428818739E-16, 0.5387707850068634841 ) ) ;
#122 = DIRECTION ( 'NONE',  ( -7.906742672516238979E-16, -0.000000000000000000, -1.000000000000000000 ) ) ;
#123 = CIRCLE ( 'NONE', #4159, 3.350000000000042721 ) ;
#124 = FACE_OUTER_BOUND ( 'NONE', #1408, .T. ) ;
#125 = CARTESIAN_POINT ( 'NONE',  ( 3.450000000000101430, 4.378112306951868617E-16, 31.99202761985993249 ) ) ;
#126 = CARTESIAN_POINT ( 'NONE',  ( -3.700000000000004174, 0.000000000000000000, 38.65000000000000568 ) ) ;
#127 = EDGE_LOOP ( 'NONE', ( #5605, #3433, #3514, #1079 ) ) ;
#128 = ORIENTED_EDGE ( 'NONE', *, *, #558, .F. ) ;
#129 = LINE ( 'NONE', #4520, #2903 ) ;
#130 = LINE ( 'NONE', #2530, #2318 ) ;
#131 = AXIS2_PLACEMENT_3D ( 'NONE', #5463, #5971, #3447 ) ;
#132 = ORIENTED_EDGE ( 'NONE', *, *, #1877, .F. ) ;
#133 = DIRECTION ( 'NONE',  ( -7.906742672516238979E-16, -0.000000000000000000, -1.000000000000000000 ) ) ;
#134 = DIRECTION ( 'NONE',  ( 1.000000000000000000, 0.000000000000000000, -8.896017825522689120E-16 ) ) ;
#135 = EDGE_CURVE ( 'NONE', #5675, #3506, #482, .T. ) ;
#136 = DIRECTION ( 'NONE',  ( 7.906742672516238979E-16, 0.000000000000000000, 1.000000000000000000 ) ) ;
#137 = CARTESIAN_POINT ( 'NONE',  ( 0.1000000000000307032, 0.000000000000000000, 29.11750020867199851 ) ) ;
#138 = DIRECTION ( 'NONE',  ( -1.000000000000000000, 0.000000000000000000, 8.896017825522803504E-16 ) ) ;
#139 = ORIENTED_EDGE ( 'NONE', *, *, #2944, .T. ) ;
#140 = ORIENTED_EDGE ( 'NONE', *, *, #2084, .F. ) ;
#141 = CARTESIAN_POINT ( 'NONE',  ( 0.1000000000000037248, 0.000000000000000000, -5.000000000000000000 ) ) ;
#142 = CIRCLE ( 'NONE', #440, 6.000000000000000000 ) ;
#143 = VECTOR ( 'NONE', #4980, 1000.000000000000114 ) ;
#144 = ADVANCED_FACE ( 'NONE', ( #448 ), #1834, .T. ) ;
#145 = ADVANCED_FACE ( 'NONE', ( #2344 ), #4039, .T. ) ;
#146 = CIRCLE ( 'NONE', #3677, 3.899999999999686384 ) ;
#147 = CARTESIAN_POINT ( 'NONE',  ( 3.999999999999714007, 4.776122516674295675E-16, 22.14999999999998792 ) ) ;
#148 = ORIENTED_EDGE ( 'NONE', *, *, #6175, .F. ) ;
#149 = DIRECTION ( 'NONE',  ( -7.906742672516238979E-16, -0.000000000000000000, -1.000000000000000000 ) ) ;
#150 = DIRECTION ( 'NONE',  ( -1.000000000000000000, 0.000000000000000000, 0.000000000000000000 ) ) ;
#151 = DIRECTION ( 'NONE',  ( -1.000000000000000000, 0.000000000000000000, 0.000000000000000000 ) ) ;
#152 = DIRECTION ( 'NONE',  ( -1.000000000000000000, 0.000000000000000000, 0.000000000000000000 ) ) ;
#153 = DIRECTION ( 'NONE',  ( 0.7070945858143398155, 0.000000000000000000, 0.7071189763484270197 ) ) ;
#154 = EDGE_LOOP ( 'NONE', ( #3179, #1216, #1080, #1243 ) ) ;
#155 = ORIENTED_EDGE ( 'NONE', *, *, #1281, .T. ) ;
#156 = DIRECTION ( 'NONE',  ( -1.000000000000000000, 0.000000000000000000, 7.906742672516237993E-16 ) ) ;
#157 = ORIENTED_EDGE ( 'NONE', *, *, #5872, .F. ) ;
#158 = ADVANCED_FACE ( 'NONE', ( #1427 ), #5240, .T. ) ;
#159 = VECTOR ( 'NONE', #5125, 1000.000000000000000 ) ;
#160 = CARTESIAN_POINT ( 'NONE',  ( -3.649999999999898659, 0.000000000000000000, -4.999999999999997335 ) ) ;
#161 = DIRECTION ( 'NONE',  ( -1.000000000000000000, 0.000000000000000000, 7.906742672516238979E-16 ) ) ;
#162 = CYLINDRICAL_SURFACE ( 'NONE', #6149, 3.350000000000052491 ) ;
#163 = CIRCLE ( 'NONE', #3495, 3.349999999999996536 ) ;
#164 = CARTESIAN_POINT ( 'NONE',  ( 0.1000000000000419165, 0.000000000000000000, 43.29999999999999716 ) ) ;
#165 = DIRECTION ( 'NONE',  ( 1.000000000000000000, 0.000000000000000000, -8.896017825522708841E-16 ) ) ;
#166 = EDGE_CURVE ( 'NONE', #169, #5776, #5259, .T. ) ;
#167 = EDGE_CURVE ( 'NONE', #5156, #4718, #792, .T. ) ;
#168 = ORIENTED_EDGE ( 'NONE', *, *, #968, .T. ) ;
#169 = VERTEX_POINT ( 'NONE', #1360 ) ;
#170 = CARTESIAN_POINT ( 'NONE',  ( 0.1000000000000391964, 0.000000000000000000, 39.85000000000000142 ) ) ;
#171 = AXIS2_PLACEMENT_3D ( 'NONE', #1393, #4412, #2879 ) ;
#172 = LINE ( 'NONE', #5815, #6092 ) ;
#173 = EDGE_CURVE ( 'NONE', #2640, #6164, #5636, .T. ) ;
#174 = ORIENTED_EDGE ( 'NONE', *, *, #56, .F. ) ;
#175 = DIRECTION ( 'NONE',  ( -0.6658816660008364252, 0.000000000000000000, -0.7460573750616976696 ) ) ;
#176 = VECTOR ( 'NONE', #3576, 1000.000000000000114 ) ;
#177 = DIRECTION ( 'NONE',  ( -1.000000000000000000, 0.000000000000000000, 8.896017825522034365E-16 ) ) ;
#178 = CARTESIAN_POINT ( 'NONE',  ( 4.000000000000051514, 4.776122516674706868E-16, 25.24999999999999289 ) ) ;
#179 = DIRECTION ( 'NONE',  ( -7.906742672516238979E-16, -0.000000000000000000, -1.000000000000000000 ) ) ;
#180 = DIRECTION ( 'NONE',  ( -1.000000000000000000, 0.000000000000000000, 7.767418549149955408E-16 ) ) ;
#181 = CONICAL_SURFACE ( 'NONE', #6138, 4.150000000000011013, 0.2373647782712214882 ) ;
#182 = CYLINDRICAL_SURFACE ( 'NONE', #3342, 3.800000000000064659 ) ;
#183 = ORIENTED_EDGE ( 'NONE', *, *, #5203, .T. ) ;
#184 = VERTEX_POINT ( 'NONE', #2814 ) ;
#185 = DIRECTION ( 'NONE',  ( -7.906742672516238979E-16, -0.000000000000000000, -1.000000000000000000 ) ) ;
#186 = VECTOR ( 'NONE', #367, 1000.000000000000000 ) ;
#187 = EDGE_CURVE ( 'NONE', #365, #436, #3765, .T. ) ;
#188 = DIRECTION ( 'NONE',  ( -1.000000000000000000, 0.000000000000000000, 1.035655806553313583E-15 ) ) ;
#189 = ORIENTED_EDGE ( 'NONE', *, *, #5450, .T. ) ;
#190 = CARTESIAN_POINT ( 'NONE',  ( 0.1000000000000196704, 0.000000000000000000, 15.14999999999999680 ) ) ;
#191 = AXIS2_PLACEMENT_3D ( 'NONE', #5680, #3340, #4818 ) ;
#192 = CYLINDRICAL_SURFACE ( 'NONE', #4516, 3.350000000000023181 ) ;
#193 = ADVANCED_FACE ( 'NONE', ( #2280 ), #4217, .T. ) ;
#194 = CARTESIAN_POINT ( 'NONE',  ( 0.1000000000000311612, 0.000000000000000000, 29.69998620239270792 ) ) ;
#195 = AXIS2_PLACEMENT_3D ( 'NONE', #4969, #1682, #1140 ) ;
#196 = CARTESIAN_POINT ( 'NONE',  ( 3.450000000000056133, 4.102566777143697376E-16, -5.000000000000002665 ) ) ;
#197 = DIRECTION ( 'NONE',  ( -7.906742672516238979E-16, -0.000000000000000000, -1.000000000000000000 ) ) ;
#198 = CARTESIAN_POINT ( 'NONE',  ( 0.1000000000000264150, 0.000000000000000000, 23.69999999999999929 ) ) ;
#199 = EDGE_LOOP ( 'NONE', ( #5828, #6095, #189, #3610 ) ) ;
#200 = AXIS2_PLACEMENT_3D ( 'NONE', #6009, #3000, #4087 ) ;
#201 = DIRECTION ( 'NONE',  ( -7.906742672516238979E-16, -0.000000000000000000, -1.000000000000000000 ) ) ;
#202 = EDGE_CURVE ( 'NONE', #1634, #2388, #6139, .T. ) ;
#203 = CARTESIAN_POINT ( 'NONE',  ( 0.1000000000000401540, 0.000000000000000000, 41.05000000000000426 ) ) ;
#204 = AXIS2_PLACEMENT_3D ( 'NONE', #404, #4239, #371 ) ;
#205 = AXIS2_PLACEMENT_3D ( 'NONE', #399, #4048, #3954 ) ;
#206 = ORIENTED_EDGE ( 'NONE', *, *, #66, .T. ) ;
#207 = CARTESIAN_POINT ( 'NONE',  ( -3.799999999999702727, 0.000000000000000000, 18.64999999999999858 ) ) ;
#208 = AXIS2_PLACEMENT_3D ( 'NONE', #5792, #4403, #4372 ) ;
#209 = DIRECTION ( 'NONE',  ( -7.906742672516238979E-16, -0.000000000000000000, -1.000000000000000000 ) ) ;
#210 = DIRECTION ( 'NONE',  ( -1.000000000000000000, 0.000000000000000000, 8.896017825522034365E-16 ) ) ;
#211 = DIRECTION ( 'NONE',  ( 0.8424523970071480239, 0.000000000000000000, 0.5387707850068621518 ) ) ;
#212 = CARTESIAN_POINT ( 'NONE',  ( -3.755270839526999804, 0.000000000000000000, 23.70000000000000284 ) ) ;
#213 = VECTOR ( 'NONE', #1055, 1000.000000000000114 ) ;
#214 = CARTESIAN_POINT ( 'NONE',  ( -3.699999999999995737, 0.000000000000000000, 41.05000000000000426 ) ) ;
#215 = ORIENTED_EDGE ( 'NONE', *, *, #3930, .F. ) ;
#216 = ORIENTED_EDGE ( 'NONE', *, *, #750, .T. ) ;
#217 = AXIS2_PLACEMENT_3D ( 'NONE', #4821, #1879, #4394 ) ;
#218 = LINE ( 'NONE', #5179, #488 ) ;
#219 = VERTEX_POINT ( 'NONE', #1801 ) ;
#220 =( NAMED_UNIT ( * ) SI_UNIT ( $, .STERADIAN. ) SOLID_ANGLE_UNIT ( ) );
#221 = ADVANCED_FACE ( 'NONE', ( #5287 ), #1328, .T. ) ;
#222 = EDGE_CURVE ( 'NONE', #6209, #1536, #5140, .T. ) ;
#223 = EDGE_CURVE ( 'NONE', #677, #4787, #2372, .T. ) ;
#224 = DIRECTION ( 'NONE',  ( -0.7070945858143387053, 8.659411212119540727E-17, 0.7071189763484281299 ) ) ;
#225 = DIRECTION ( 'NONE',  ( -1.000000000000000000, 0.000000000000000000, 0.000000000000000000 ) ) ;
#226 = DIRECTION ( 'NONE',  ( -7.906742672516238979E-16, -0.000000000000000000, -1.000000000000000000 ) ) ;
#227 = CARTESIAN_POINT ( 'NONE',  ( 0.1000000000000267480, 0.000000000000000000, 24.09843413574445137 ) ) ;
#228 = CARTESIAN_POINT ( 'NONE',  ( 3.999999999999727773, 0.000000000000000000, 20.19999999999999574 ) ) ;
#229 = CONICAL_SURFACE ( 'NONE', #131, 3.800000000000045564, 0.7853809166853968904 ) ;
#230 = DIRECTION ( 'NONE',  ( -7.906742672516238979E-16, -0.000000000000000000, -1.000000000000000000 ) ) ;
#231 = CIRCLE ( 'NONE', #3766, 3.899999999999730793 ) ;
#232 = CARTESIAN_POINT ( 'NONE',  ( 3.900000000000042988, 4.653657836759990061E-16, -5.000000000000002665 ) ) ;
#233 = AXIS2_PLACEMENT_3D ( 'NONE', #898, #2826, #1405 ) ;
#234 = CARTESIAN_POINT ( 'NONE',  ( 0.1000000000000224321, 0.000000000000000000, 18.64999999999999503 ) ) ;
#235 = ORIENTED_EDGE ( 'NONE', *, *, #2657, .T. ) ;
#236 = CARTESIAN_POINT ( 'NONE',  ( 3.899999999999979039, 4.653657836759855955E-16, 53.04999999999999716 ) ) ;
#237 = ORIENTED_EDGE ( 'NONE', *, *, #2908, .F. ) ;
#238 = ORIENTED_EDGE ( 'NONE', *, *, #2679, .T. ) ;
#239 = CONICAL_SURFACE ( 'NONE', #2665, 3.900000000000023892, 1.215621824014049279 ) ;
#240 = DIRECTION ( 'NONE',  ( -7.906742672516238979E-16, -0.000000000000000000, -1.000000000000000000 ) ) ;
#241 = CYLINDRICAL_SURFACE ( 'NONE', #1066, 3.900000000000030553 ) ;
#242 = CARTESIAN_POINT ( 'NONE',  ( 0.1000000000000037248, 0.000000000000000000, -5.000000000000000000 ) ) ;
#243 = AXIS2_PLACEMENT_3D ( 'NONE', #4315, #1397, #4716 ) ;
#244 = ADVANCED_FACE ( 'NONE', ( #5893 ), #2414, .T. ) ;
#245 = EDGE_CURVE ( 'NONE', #5776, #4755, #6148, .T. ) ;
#246 = CARTESIAN_POINT ( 'NONE',  ( -3.700000000000017497, 0.000000000000000000, -4.999999999999997335 ) ) ;
#247 = ORIENTED_EDGE ( 'NONE', *, *, #302, .F. ) ;
#248 = EDGE_LOOP ( 'NONE', ( #4509, #1947, #2426, #4926 ) ) ;
#249 = CARTESIAN_POINT ( 'NONE',  ( 3.900000000000079403, 0.000000000000000000, 37.29999999999999716 ) ) ;
#250 = CYLINDRICAL_SURFACE ( 'NONE', #2729, 3.899999999999731681 ) ;
#251 = ORIENTED_EDGE ( 'NONE', *, *, #1915, .F. ) ;
#252 = FILL_AREA_STYLE ('',( #4090 ) ) ;
#253 = DIRECTION ( 'NONE',  ( -7.906742672516238979E-16, -0.000000000000000000, -1.000000000000000000 ) ) ;
#254 = FACE_OUTER_BOUND ( 'NONE', #3010, .T. ) ;
#255 = EDGE_CURVE ( 'NONE', #4363, #1974, #4343, .T. ) ;
#256 = CARTESIAN_POINT ( 'NONE',  ( 3.450000000000037925, 4.378112306951777405E-16, 47.59202761985992680 ) ) ;
#257 = DIRECTION ( 'NONE',  ( -7.906742672516238979E-16, -0.000000000000000000, -1.000000000000000000 ) ) ;
#258 = EDGE_CURVE ( 'NONE', #5578, #1910, #5440, .T. ) ;
#259 = ORIENTED_EDGE ( 'NONE', *, *, #3312, .T. ) ;
#260 = DIRECTION ( 'NONE',  ( -1.000000000000000000, 0.000000000000000000, 1.035655806553323838E-15 ) ) ;
#261 = CONICAL_SURFACE ( 'NONE', #864, 3.700000000000033484, 0.4756022211684481915 ) ;
#262 = ADVANCED_FACE ( 'NONE', ( #2502 ), #2811, .T. ) ;
#263 = DIRECTION ( 'NONE',  ( -1.000000000000000000, 0.000000000000000000, 8.896017825522032393E-16 ) ) ;
#264 = CARTESIAN_POINT ( 'NONE',  ( 3.900000000000093614, 4.653657836760017671E-16, 31.45000000000000639 ) ) ;
#265 = AXIS2_PLACEMENT_3D ( 'NONE', #5866, #952, #5769 ) ;
#266 = EDGE_LOOP ( 'NONE', ( #2381, #5527, #1975, #6026 ) ) ;
#267 = CYLINDRICAL_SURFACE ( 'NONE', #2039, 4.150000000000007461 ) ;
#268 = ORIENTED_EDGE ( 'NONE', *, *, #5673, .T. ) ;
#269 = ORIENTED_EDGE ( 'NONE', *, *, #4320, .F. ) ;
#270 = FACE_OUTER_BOUND ( 'NONE', #3547, .T. ) ;
#271 = AXIS2_PLACEMENT_3D ( 'NONE', #1557, #4062, #5474 ) ;
#272 = DIRECTION ( 'NONE',  ( -1.000000000000000000, 0.000000000000000000, 1.035655806553313583E-15 ) ) ;
#273 = DIRECTION ( 'NONE',  ( -1.000000000000000000, 0.000000000000000000, 0.000000000000000000 ) ) ;
#274 = CIRCLE ( 'NONE', #2794, 4.150000000000004796 ) ;
#275 = CARTESIAN_POINT ( 'NONE',  ( -3.700000000000033040, 4.653657836760021616E-16, 30.10000000000000142 ) ) ;
#276 = ORIENTED_EDGE ( 'NONE', *, *, #4593, .F. ) ;
#277 = ORIENTED_EDGE ( 'NONE', *, *, #6003, .T. ) ;
#278 = DIRECTION ( 'NONE',  ( -1.000000000000000000, 0.000000000000000000, 0.000000000000000000 ) ) ;
#279 = CONICAL_SURFACE ( 'NONE', #3106, 3.800000000000058442, 0.6928957130417477961 ) ;
#280 = ORIENTED_EDGE ( 'NONE', *, *, #5450, .F. ) ;
#281 =( NAMED_UNIT ( * ) PLANE_ANGLE_UNIT ( ) SI_UNIT ( $, .RADIAN. ) );
#282 = ORIENTED_EDGE ( 'NONE', *, *, #3777, .T. ) ;
#283 = AXIS2_PLACEMENT_3D ( 'NONE', #1674, #2684, #278 ) ;
#284 = DIRECTION ( 'NONE',  ( -7.906742672516238979E-16, -0.000000000000000000, -1.000000000000000000 ) ) ;
#285 = EDGE_CURVE ( 'NONE', #3462, #299, #3933, .T. ) ;
#286 = DIRECTION ( 'NONE',  ( 7.906742672516238979E-16, 0.000000000000000000, 1.000000000000000000 ) ) ;
#287 = DIRECTION ( 'NONE',  ( -1.000000000000000000, 0.000000000000000000, 0.000000000000000000 ) ) ;
#288 = CIRCLE ( 'NONE', #5138, 3.400000000000070077 ) ;
#289 = LINE ( 'NONE', #3647, #640 ) ;
#290 = DIRECTION ( 'NONE',  ( -7.906742672516238979E-16, -0.000000000000000000, -1.000000000000000000 ) ) ;
#291 = DIRECTION ( 'NONE',  ( -7.906742672516238979E-16, -0.000000000000000000, -1.000000000000000000 ) ) ;
#292 = AXIS2_PLACEMENT_3D ( 'NONE', #5778, #4757, #422 ) ;
#293 = EDGE_CURVE ( 'NONE', #4459, #4869, #5956, .T. ) ;
#294 = DIRECTION ( 'NONE',  ( -7.906742672516238979E-16, -0.000000000000000000, -1.000000000000000000 ) ) ;
#295 = CARTESIAN_POINT ( 'NONE',  ( 3.450000000000050360, 4.102566777143673217E-16, 12.49094427251858441 ) ) ;
#296 = EDGE_LOOP ( 'NONE', ( #5628, #1022, #2166, #3815 ) ) ;
#297 = VECTOR ( 'NONE', #1040, 1000.000000000000000 ) ;
#298 = CARTESIAN_POINT ( 'NONE',  ( -3.250000000000027089, 0.000000000000000000, 32.04998447769145287 ) ) ;
#299 = VERTEX_POINT ( 'NONE', #1584 ) ;
#300 = ADVANCED_FACE ( 'NONE', ( #8 ), #2316, .T. ) ;
#301 = ORIENTED_EDGE ( 'NONE', *, *, #3075, .T. ) ;
#302 = EDGE_CURVE ( 'NONE', #6102, #2449, #3002, .T. ) ;
#303 = LINE ( 'NONE', #1155, #3323 ) ;
#304 = VECTOR ( 'NONE', #4766, 1000.000000000000000 ) ;
#305 =( NAMED_UNIT ( * ) PLANE_ANGLE_UNIT ( ) SI_UNIT ( $, .RADIAN. ) );
#306 = AXIS2_PLACEMENT_3D ( 'NONE', #5580, #1668, #2675 ) ;
#307 = CARTESIAN_POINT ( 'NONE',  ( 0.1000000000000314804, 0.000000000000000000, 30.09999999999999787 ) ) ;
#308 = CYLINDRICAL_SURFACE ( 'NONE', #1648, 3.749999999999902300 ) ;
#309 = DIRECTION ( 'NONE',  ( -7.906742672516238979E-16, -0.000000000000000000, -1.000000000000000000 ) ) ;
#310 = ORIENTED_EDGE ( 'NONE', *, *, #3508, .T. ) ;
#311 = EDGE_CURVE ( 'NONE', #7, #6125, #4466, .T. ) ;
#312 = ORIENTED_EDGE ( 'NONE', *, *, #5838, .F. ) ;
#313 = DIRECTION ( 'NONE',  ( -1.000000000000000000, 0.000000000000000000, 8.896017825522018588E-16 ) ) ;
#314 = VECTOR ( 'NONE', #4051, 1000.000000000000000 ) ;
#315 = ORIENTED_EDGE ( 'NONE', *, *, #862, .T. ) ;
#316 = LINE ( 'NONE', #2837, #2626 ) ;
#317 = ORIENTED_EDGE ( 'NONE', *, *, #3338, .T. ) ;
#318 = EDGE_CURVE ( 'NONE', #4679, #6179, #1612, .T. ) ;
#319 = VECTOR ( 'NONE', #1215, 1000.000000000000000 ) ;
#320 = ORIENTED_EDGE ( 'NONE', *, *, #641, .T. ) ;
#321 = DIRECTION ( 'NONE',  ( -1.000000000000000000, 0.000000000000000000, 6.847592668329524732E-16 ) ) ;
#322 = DIRECTION ( 'NONE',  ( 1.000000000000000000, 0.000000000000000000, 0.000000000000000000 ) ) ;
#323 = CARTESIAN_POINT ( 'NONE',  ( 3.900000000000062084, 4.653657836760013727E-16, -5.000000000000002665 ) ) ;
#324 = CIRCLE ( 'NONE', #4868, 2.118580752490216934 ) ;
#325 = FACE_OUTER_BOUND ( 'NONE', #3090, .T. ) ;
#326 = DIRECTION ( 'NONE',  ( -1.000000000000000000, 0.000000000000000000, 0.000000000000000000 ) ) ;
#327 = DIRECTION ( 'NONE',  ( -1.000000000000000000, 0.000000000000000000, 0.000000000000000000 ) ) ;
#328 = CARTESIAN_POINT ( 'NONE',  ( 3.899999999999989253, 4.653657836759868774E-16, 51.85000000000000142 ) ) ;
#329 = CARTESIAN_POINT ( 'NONE',  ( 0.1000000000000037248, 0.000000000000000000, -5.000000000000000000 ) ) ;
#330 = ORIENTED_EDGE ( 'NONE', *, *, #3254, .T. ) ;
#331 = DIRECTION ( 'NONE',  ( -1.000000000000000000, 0.000000000000000000, 0.000000000000000000 ) ) ;
#332 = EDGE_LOOP ( 'NONE', ( #4577, #1444, #2394, #1615 ) ) ;
#333 = ORIENTED_EDGE ( 'NONE', *, *, #4985, .F. ) ;
#334 = CYLINDRICAL_SURFACE ( 'NONE', #6, 3.350000000000049383 ) ;
#335 = EDGE_CURVE ( 'NONE', #5238, #6125, #516, .T. ) ;
#336 = CARTESIAN_POINT ( 'NONE',  ( -3.700000000000012168, 0.000000000000000000, 36.25000000000000711 ) ) ;
#337 = CIRCLE ( 'NONE', #3372, 3.899999999999725464 ) ;
#338 = DIRECTION ( 'NONE',  ( -7.906742672516238979E-16, -0.000000000000000000, -1.000000000000000000 ) ) ;
#339 = EDGE_LOOP ( 'NONE', ( #2246, #613, #4992, #1302 ) ) ;
#340 = ORIENTED_EDGE ( 'NONE', *, *, #893, .T. ) ;
#341 = FACE_OUTER_BOUND ( 'NONE', #2939, .T. ) ;
#342 = AXIS2_PLACEMENT_3D ( 'NONE', #3488, #4971, #3398 ) ;
#343 = VECTOR ( 'NONE', #1971, 999.9999999999998863 ) ;
#344 = ORIENTED_EDGE ( 'NONE', *, *, #2829, .T. ) ;
#345 = DIRECTION ( 'NONE',  ( -1.000000000000000000, 0.000000000000000000, 0.000000000000000000 ) ) ;
#346 = VERTEX_POINT ( 'NONE', #3902 ) ;
#347 = EDGE_LOOP ( 'NONE', ( #4444, #3238, #428, #6036 ) ) ;
#348 = CARTESIAN_POINT ( 'NONE',  ( 0.1000000000000037248, 0.000000000000000000, -5.000000000000000000 ) ) ;
#349 = DIRECTION ( 'NONE',  ( -7.906742672516238979E-16, -0.000000000000000000, -1.000000000000000000 ) ) ;
#350 = EDGE_CURVE ( 'NONE', #5178, #2388, #4842, .T. ) ;
#351 = DIRECTION ( 'NONE',  ( -7.906742672516238979E-16, -0.000000000000000000, -1.000000000000000000 ) ) ;
#352 = CARTESIAN_POINT ( 'NONE',  ( 0.1000000000000349359, 0.000000000000000000, 34.44998447769145145 ) ) ;
#353 = DIRECTION ( 'NONE',  ( -1.000000000000000000, 0.000000000000000000, 0.000000000000000000 ) ) ;
#354 = CIRCLE ( 'NONE', #4695, 3.349999999999945466 ) ;
#355 = CYLINDRICAL_SURFACE ( 'NONE', #1659, 3.799999999999963407 ) ;
#356 = EDGE_CURVE ( 'NONE', #4490, #4402, #2442, .T. ) ;
#357 = FACE_OUTER_BOUND ( 'NONE', #332, .T. ) ;
#358 = ORIENTED_EDGE ( 'NONE', *, *, #5894, .F. ) ;
#359 = ORIENTED_EDGE ( 'NONE', *, *, #5777, .F. ) ;
#360 = ORIENTED_EDGE ( 'NONE', *, *, #750, .F. ) ;
#361 = CYLINDRICAL_SURFACE ( 'NONE', #796, 3.349999999999957900 ) ;
#362 = AXIS2_PLACEMENT_3D ( 'NONE', #3045, #1564, #3526 ) ;
#363 = CARTESIAN_POINT ( 'NONE',  ( 3.999999999999727773, 0.000000000000000000, 20.19999999999999574 ) ) ;
#364 = LINE ( 'NONE', #2357, #616 ) ;
#365 = VERTEX_POINT ( 'NONE', #1965 ) ;
#366 = ORIENTED_EDGE ( 'NONE', *, *, #4391, .T. ) ;
#367 = DIRECTION ( 'NONE',  ( -7.906742672516238979E-16, -0.000000000000000000, -1.000000000000000000 ) ) ;
#368 = CARTESIAN_POINT ( 'NONE',  ( 3.900000000000074074, 4.653657836759983159E-16, 42.25000000000000000 ) ) ;
#369 = AXIS2_PLACEMENT_3D ( 'NONE', #3760, #2473, #5255 ) ;
#370 = VERTEX_POINT ( 'NONE', #3965 ) ;
#371 = DIRECTION ( 'NONE',  ( -1.000000000000000000, 0.000000000000000000, 0.000000000000000000 ) ) ;
#372 = ORIENTED_EDGE ( 'NONE', *, *, #534, .F. ) ;
#373 = VERTEX_POINT ( 'NONE', #5834 ) ;
#374 = ADVANCED_FACE ( 'NONE', ( #1014 ), #103, .T. ) ;
#375 = DIRECTION ( 'NONE',  ( 1.000000000000000000, 0.000000000000000000, 0.000000000000000000 ) ) ;
#376 = AXIS2_PLACEMENT_3D ( 'NONE', #3223, #5630, #2752 ) ;
#377 = DIRECTION ( 'NONE',  ( -7.906742672516238979E-16, -0.000000000000000000, -1.000000000000000000 ) ) ;
#378 = DIRECTION ( 'NONE',  ( -1.000000000000000000, 0.000000000000000000, 0.000000000000000000 ) ) ;
#379 = AXIS2_PLACEMENT_3D ( 'NONE', #1578, #3510, #1099 ) ;
#380 = DIRECTION ( 'NONE',  ( -7.906742672516238979E-16, -0.000000000000000000, -1.000000000000000000 ) ) ;
#381 = CARTESIAN_POINT ( 'NONE',  ( 0.1000000000000495076, 0.000000000000000000, 52.89999999999999858 ) ) ;
#382 = LINE ( 'NONE', #5737, #5591 ) ;
#383 = CARTESIAN_POINT ( 'NONE',  ( 3.450000000000089440, 4.378112306951843472E-16, 40.39202761985993106 ) ) ;
#384 = ORIENTED_EDGE ( 'NONE', *, *, #1640, .F. ) ;
#385 = ORIENTED_EDGE ( 'NONE', *, *, #120, .T. ) ;
#386 = VERTEX_POINT ( 'NONE', #548 ) ;
#387 = CONICAL_SURFACE ( 'NONE', #1200, 3.899999999999730793, 0.7286749627076312130 ) ;
#388 = EDGE_CURVE ( 'NONE', #1789, #629, #6154, .T. ) ;
#389 = DIRECTION ( 'NONE',  ( -7.906742672516238979E-16, -0.000000000000000000, -1.000000000000000000 ) ) ;
#390 = AXIS2_PLACEMENT_3D ( 'NONE', #604, #4967, #630 ) ;
#391 = CIRCLE ( 'NONE', #2817, 3.800000000000033129 ) ;
#392 = DIRECTION ( 'NONE',  ( -7.906742672516238979E-16, -0.000000000000000000, -1.000000000000000000 ) ) ;
#393 = DIRECTION ( 'NONE',  ( -7.906742672516238979E-16, -0.000000000000000000, -1.000000000000000000 ) ) ;
#394 = ORIENTED_EDGE ( 'NONE', *, *, #1361, .F. ) ;
#395 = EDGE_CURVE ( 'NONE', #1634, #2790, #3730, .T. ) ;
#396 = ORIENTED_EDGE ( 'NONE', *, *, #3369, .F. ) ;
#397 = AXIS2_PLACEMENT_3D ( 'NONE', #1378, #3855, #4398 ) ;
#398 = LINE ( 'NONE', #3783, #186 ) ;
#399 = CARTESIAN_POINT ( 'NONE',  ( 0.1000000000000381278, 0.000000000000000000, 38.50000000000000000 ) ) ;
#400 = DIRECTION ( 'NONE',  ( -7.906742672516238979E-16, -0.000000000000000000, -1.000000000000000000 ) ) ;
#401 = AXIS2_PLACEMENT_3D ( 'NONE', #2048, #3987, #3418 ) ;
#402 = AXIS2_PLACEMENT_3D ( 'NONE', #4609, #5592, #2653 ) ;
#403 = VERTEX_POINT ( 'NONE', #5799 ) ;
#404 = CARTESIAN_POINT ( 'NONE',  ( 0.1000000000000382527, 0.000000000000000000, 38.65000000000000568 ) ) ;
#405 = ORIENTED_EDGE ( 'NONE', *, *, #2453, .F. ) ;
#406 = EDGE_CURVE ( 'NONE', #2396, #6197, #5653, .T. ) ;
#407 = ORIENTED_EDGE ( 'NONE', *, *, #3912, .F. ) ;
#408 = DIRECTION ( 'NONE',  ( -1.000000000000000000, 0.000000000000000000, 6.847592668329436971E-16 ) ) ;
#409 = DIRECTION ( 'NONE',  ( -0.6387678175155965254, 0.000000000000000000, -0.7693995550468960554 ) ) ;
#410 = DIRECTION ( 'NONE',  ( -1.000000000000000000, 0.000000000000000000, 8.089411332100594985E-16 ) ) ;
#411 = CARTESIAN_POINT ( 'NONE',  ( 0.1000000000000377809, 0.000000000000000000, 38.04998447769145287 ) ) ;
#412 = MANIFOLD_SOLID_BREP ( 'Revolve8', #4749 ) ;
#413 = EDGE_CURVE ( 'NONE', #5790, #4787, #3637, .T. ) ;
#414 = LINE ( 'NONE', #5804, #2596 ) ;
#415 = CIRCLE ( 'NONE', #5977, 3.800000000000057998 ) ;
#416 = CARTESIAN_POINT ( 'NONE',  ( 0.1000000000000037248, 0.000000000000000000, -5.000000000000000000 ) ) ;
#417 = CARTESIAN_POINT ( 'NONE',  ( 0.1000000000000037248, 0.000000000000000000, -5.000000000000000000 ) ) ;
#418 = VERTEX_POINT ( 'NONE', #4117 ) ;
#419 = AXIS2_PLACEMENT_3D ( 'NONE', #3457, #551, #2478 ) ;
#420 = VERTEX_POINT ( 'NONE', #5473 ) ;
#421 = EDGE_LOOP ( 'NONE', ( #980, #988, #4628, #2402 ) ) ;
#422 = DIRECTION ( 'NONE',  ( -1.000000000000000000, 0.000000000000000000, 1.035655806553307666E-15 ) ) ;
#423 = VECTOR ( 'NONE', #1856, 1000.000000000000114 ) ;
#424 = CARTESIAN_POINT ( 'NONE',  ( 0.1000000000000236533, 0.000000000000000000, 20.19999999999999929 ) ) ;
#425 = DIRECTION ( 'NONE',  ( -7.906742672516238979E-16, -0.000000000000000000, -1.000000000000000000 ) ) ;
#426 = ORIENTED_EDGE ( 'NONE', *, *, #4045, .F. ) ;
#427 = AXIS2_PLACEMENT_3D ( 'NONE', #1189, #2264, #3717 ) ;
#428 = ORIENTED_EDGE ( 'NONE', *, *, #4977, .T. ) ;
#429 = CARTESIAN_POINT ( 'NONE',  ( 0.1000000000000354078, 0.000000000000000000, 35.05000000000000426 ) ) ;
#430 = CARTESIAN_POINT ( 'NONE',  ( 3.450000000000057021, 4.102566777143652016E-16, 45.24998447769145571 ) ) ;
#431 = CARTESIAN_POINT ( 'NONE',  ( 3.899999999999999467, 4.653657836759883565E-16, 50.64999999999999858 ) ) ;
#432 = AXIS2_PLACEMENT_3D ( 'NONE', #6108, #3327, #2671 ) ;
#433 = EDGE_CURVE ( 'NONE', #3031, #1886, #5145, .T. ) ;
#434 = DIRECTION ( 'NONE',  ( -7.906742672516238979E-16, -0.000000000000000000, -1.000000000000000000 ) ) ;
#435 = AXIS2_PLACEMENT_3D ( 'NONE', #495, #2421, #3748 ) ;
#436 = VERTEX_POINT ( 'NONE', #1137 ) ;
#437 = LINE ( 'NONE', #4272, #2119 ) ;
#438 = ORIENTED_EDGE ( 'NONE', *, *, #2768, .T. ) ;
#439 = ORIENTED_EDGE ( 'NONE', *, *, #4584, .T. ) ;
#440 = AXIS2_PLACEMENT_3D ( 'NONE', #5705, #831, #2319 ) ;
#441 = CIRCLE ( 'NONE', #3986, 3.900000000000023892 ) ;
#442 = DIRECTION ( 'NONE',  ( -7.906742672516238979E-16, -0.000000000000000000, -1.000000000000000000 ) ) ;
#443 = CARTESIAN_POINT ( 'NONE',  ( 0.1000000000000243056, 0.000000000000000000, 21.01622293755000825 ) ) ;
#444 = ADVANCED_FACE ( 'NONE', ( #3192 ), #4058, .T. ) ;
#445 = VERTEX_POINT ( 'NONE', #2209 ) ;
#446 = DIRECTION ( 'NONE',  ( -1.000000000000000000, 0.000000000000000000, 0.000000000000000000 ) ) ;
#447 = AXIS2_PLACEMENT_3D ( 'NONE', #2951, #4415, #1112 ) ;
#448 = FACE_OUTER_BOUND ( 'NONE', #3743, .T. ) ;
#449 = DIRECTION ( 'NONE',  ( -1.000000000000000000, 0.000000000000000000, 0.000000000000000000 ) ) ;
#450 = CARTESIAN_POINT ( 'NONE',  ( 3.899999999999975930, 0.000000000000000000, 52.89999999999999858 ) ) ;
#451 = EDGE_CURVE ( 'NONE', #4963, #4363, #1709, .T. ) ;
#452 = CARTESIAN_POINT ( 'NONE',  ( -3.249999999999956035, 0.000000000000000000, 21.01622293755001181 ) ) ;
#453 = FACE_OUTER_BOUND ( 'NONE', #4605, .T. ) ;
#454 = VERTEX_POINT ( 'NONE', #2594 ) ;
#455 = ORIENTED_EDGE ( 'NONE', *, *, #2453, .T. ) ;
#456 = ORIENTED_EDGE ( 'NONE', *, *, #3761, .F. ) ;
#457 = ADVANCED_FACE ( 'NONE', ( #3642 ), #4999, .T. ) ;
#458 = EDGE_CURVE ( 'NONE', #753, #3378, #1739, .T. ) ;
#459 = DIRECTION ( 'NONE',  ( -1.000000000000000000, 0.000000000000000000, 1.020425574103983094E-15 ) ) ;
#460 = DIRECTION ( 'NONE',  ( -1.000000000000000000, 0.000000000000000000, 0.000000000000000000 ) ) ;
#461 = AXIS2_PLACEMENT_3D ( 'NONE', #2392, #1951, #5309 ) ;
#462 = EDGE_LOOP ( 'NONE', ( #5709, #539, #2297, #4198 ) ) ;
#463 = CYLINDRICAL_SURFACE ( 'NONE', #4960, 3.799999999999986944 ) ;
#464 = ORIENTED_EDGE ( 'NONE', *, *, #1560, .F. ) ;
#465 = EDGE_LOOP ( 'NONE', ( #5761, #1113, #4417, #1937 ) ) ;
#466 = EDGE_CURVE ( 'NONE', #1974, #3322, #5119, .T. ) ;
#467 = DIRECTION ( 'NONE',  ( -7.906742672516238979E-16, -0.000000000000000000, -1.000000000000000000 ) ) ;
#468 = VECTOR ( 'NONE', #3140, 1000.000000000000000 ) ;
#469 = CARTESIAN_POINT ( 'NONE',  ( 3.900000000000087397, 4.653657836760005838E-16, 35.05000000000000426 ) ) ;
#470 = DIRECTION ( 'NONE',  ( 0.6387678175155926397, 7.822649631188117644E-17, -0.7693995550468993860 ) ) ;
#471 = CARTESIAN_POINT ( 'NONE',  ( 0.1000000000000264150, 0.000000000000000000, 23.69999999999999929 ) ) ;
#472 = EDGE_LOOP ( 'NONE', ( #3497, #849, #3443, #4491 ) ) ;
#473 = CIRCLE ( 'NONE', #3702, 3.799999999999986944 ) ;
#474 = CYLINDRICAL_SURFACE ( 'NONE', #2330, 3.350000000000026734 ) ;
#475 = ORIENTED_EDGE ( 'NONE', *, *, #1197, .F. ) ;
#476 = ORIENTED_EDGE ( 'NONE', *, *, #5199, .T. ) ;
#477 = ADVANCED_FACE ( 'NONE', ( #5531 ), #4943, .T. ) ;
#478 = CARTESIAN_POINT ( 'NONE',  ( 3.900000000000089617, 4.653657836760009783E-16, 33.85000000000000853 ) ) ;
#479 = DIRECTION ( 'NONE',  ( -0.6129070536529789281, 7.505946614309564419E-17, 0.7901550123756885258 ) ) ;
#480 = VECTOR ( 'NONE', #577, 1000.000000000000114 ) ;
#481 = EDGE_LOOP ( 'NONE', ( #2747, #2719, #3403, #2301 ) ) ;
#482 = LINE ( 'NONE', #5669, #6252 ) ;
#483 = LINE ( 'NONE', #4344, #4465 ) ;
#484 = UNCERTAINTY_MEASURE_WITH_UNIT (LENGTH_MEASURE( 1.000000000000000082E-05 ), #3150, 'distance_accuracy_value', 'NONE');
#485 = EDGE_CURVE ( 'NONE', #3217, #1631, #3017, .T. ) ;
#486 = DIRECTION ( 'NONE',  ( -7.906742672516238979E-16, -0.000000000000000000, -1.000000000000000000 ) ) ;
#487 = LINE ( 'NONE', #2410, #4582 ) ;
#488 = VECTOR ( 'NONE', #846, 1000.000000000000000 ) ;
#489 = CARTESIAN_POINT ( 'NONE',  ( 3.899999999999985700, 0.000000000000000000, 51.69999999999999574 ) ) ;
#490 = ORIENTED_EDGE ( 'NONE', *, *, #4554, .F. ) ;
#491 = ORIENTED_EDGE ( 'NONE', *, *, #1797, .T. ) ;
#492 = ORIENTED_EDGE ( 'NONE', *, *, #5088, .T. ) ;
#493 = AXIS2_PLACEMENT_3D ( 'NONE', #1058, #3471, #4424 ) ;
#494 = FACE_OUTER_BOUND ( 'NONE', #3419, .T. ) ;
#495 = CARTESIAN_POINT ( 'NONE',  ( 0.1000000000000168393, 0.000000000000000000, 11.57874079730329697 ) ) ;
#496 = ADVANCED_FACE ( 'NONE', ( #1646 ), #3432, .T. ) ;
#497 = EDGE_CURVE ( 'NONE', #2997, #5198, #1166, .T. ) ;
#498 = FACE_BOUND ( 'NONE', #3009, .T. ) ;
#499 = ORIENTED_EDGE ( 'NONE', *, *, #5777, .T. ) ;
#500 = ORIENTED_EDGE ( 'NONE', *, *, #350, .F. ) ;
#501 = CIRCLE ( 'NONE', #5446, 4.150000000000011013 ) ;
#502 = CARTESIAN_POINT ( 'NONE',  ( 0.1000000000000037248, 0.000000000000000000, -5.000000000000000000 ) ) ;
#503 = DIRECTION ( 'NONE',  ( -1.000000000000000000, 0.000000000000000000, 0.000000000000000000 ) ) ;
#504 = DIRECTION ( 'NONE',  ( -1.000000000000000000, 0.000000000000000000, 0.000000000000000000 ) ) ;
#505 = DIRECTION ( 'NONE',  ( -7.906742672516238979E-16, -0.000000000000000000, -1.000000000000000000 ) ) ;
#506 = ORIENTED_EDGE ( 'NONE', *, *, #6176, .F. ) ;
#507 = ADVANCED_FACE ( 'NONE', ( #878 ), #6258, .T. ) ;
#508 = VECTOR ( 'NONE', #3787, 1000.000000000000000 ) ;
#509 = DIRECTION ( 'NONE',  ( 7.906742672516238979E-16, 0.000000000000000000, 1.000000000000000000 ) ) ;
#510 = ORIENTED_EDGE ( 'NONE', *, *, #4839, .F. ) ;
#511 = VECTOR ( 'NONE', #479, 1000.000000000000227 ) ;
#512 = VERTEX_POINT ( 'NONE', #6130 ) ;
#513 = LINE ( 'NONE', #2342, #1614 ) ;
#514 = VECTOR ( 'NONE', #3283, 1000.000000000000000 ) ;
#515 = ORIENTED_EDGE ( 'NONE', *, *, #1111, .F. ) ;
#516 = LINE ( 'NONE', #3515, #3835 ) ;
#517 = AXIS2_PLACEMENT_3D ( 'NONE', #3859, #567, #942 ) ;
#518 = CARTESIAN_POINT ( 'NONE',  ( 3.450000000000039702, 4.102566777143658426E-16, 15.99094427251858441 ) ) ;
#519 = CARTESIAN_POINT ( 'NONE',  ( 0.1000000000000325628, 0.000000000000000000, 31.45000000000000639 ) ) ;
#520 = DIRECTION ( 'NONE',  ( -1.000000000000000000, 0.000000000000000000, 9.130123557772514260E-16 ) ) ;
#521 = CARTESIAN_POINT ( 'NONE',  ( 0.1000000000000420414, 0.000000000000000000, 43.45000000000000284 ) ) ;
#522 = ADVANCED_FACE ( 'NONE', ( #3694 ), #2115, .T. ) ;
#523 = EDGE_LOOP ( 'NONE', ( #1740, #5579, #3940, #880 ) ) ;
#524 = VERTEX_POINT ( 'NONE', #1825 ) ;
#525 = EDGE_LOOP ( 'NONE', ( #1692, #6242, #2093, #4231 ) ) ;
#526 = CARTESIAN_POINT ( 'NONE',  ( 0.1000000000000448863, 0.000000000000000000, 47.05000000000000426 ) ) ;
#527 = DIRECTION ( 'NONE',  ( -7.906742672516238979E-16, -0.000000000000000000, -1.000000000000000000 ) ) ;
#528 = DIRECTION ( 'NONE',  ( -1.000000000000000000, 0.000000000000000000, 0.000000000000000000 ) ) ;
#529 = EDGE_LOOP ( 'NONE', ( #1291, #4010, #2526, #3853 ) ) ;
#530 = VERTEX_POINT ( 'NONE', #4176 ) ;
#531 = CIRCLE ( 'NONE', #2144, 3.350000000000053380 ) ;
#532 = CARTESIAN_POINT ( 'NONE',  ( 0.1000000000000472039, 0.000000000000000000, 49.99202761985993249 ) ) ;
#533 = EDGE_CURVE ( 'NONE', #6164, #184, #801, .T. ) ;
#534 = EDGE_CURVE ( 'NONE', #3478, #5331, #4540, .T. ) ;
#535 = FACE_OUTER_BOUND ( 'NONE', #3130, .T. ) ;
#536 = LINE ( 'NONE', #4368, #3901 ) ;
#537 = DIRECTION ( 'NONE',  ( -1.000000000000000000, 0.000000000000000000, 1.035655806553307666E-15 ) ) ;
#538 = ADVANCED_FACE ( 'NONE', ( #4705 ), #821, .T. ) ;
#539 = ORIENTED_EDGE ( 'NONE', *, *, #4551, .T. ) ;
#540 = DIRECTION ( 'NONE',  ( 0.6387678175155951932, 7.822649631188149691E-17, -0.7693995550468971656 ) ) ;
#541 = VERTEX_POINT ( 'NONE', #6101 ) ;
#542 = EDGE_LOOP ( 'NONE', ( #4606, #5155, #3344, #4021 ) ) ;
#543 = DIRECTION ( 'NONE',  ( -7.906742672516238979E-16, -0.000000000000000000, -1.000000000000000000 ) ) ;
#544 = CIRCLE ( 'NONE', #2959, 3.800000000000033129 ) ;
#545 = CARTESIAN_POINT ( 'NONE',  ( 0.1000000000000037248, 0.000000000000000000, -5.000000000000000000 ) ) ;
#546 = CIRCLE ( 'NONE', #2758, 3.799999999999986944 ) ;
#547 = ORIENTED_EDGE ( 'NONE', *, *, #5986, .T. ) ;
#548 = CARTESIAN_POINT ( 'NONE',  ( 3.900000000000049205, 0.000000000000000000, 44.50000000000000000 ) ) ;
#549 = VECTOR ( 'NONE', #1805, 1000.000000000000114 ) ;
#550 = CIRCLE ( 'NONE', #2156, 3.799999999999929212 ) ;
#551 = DIRECTION ( 'NONE',  ( -7.906742672516238979E-16, -0.000000000000000000, -1.000000000000000000 ) ) ;
#552 = FACE_OUTER_BOUND ( 'NONE', #4773, .T. ) ;
#553 = DIRECTION ( 'NONE',  ( -7.906742672516238979E-16, -0.000000000000000000, -1.000000000000000000 ) ) ;
#554 = DIRECTION ( 'NONE',  ( -7.906742672516238979E-16, -0.000000000000000000, -1.000000000000000000 ) ) ;
#555 = ORIENTED_EDGE ( 'NONE', *, *, #4610, .F. ) ;
#556 = ORIENTED_EDGE ( 'NONE', *, *, #3811, .T. ) ;
#557 = AXIS2_PLACEMENT_3D ( 'NONE', #5538, #4589, #2092 ) ;
#558 = EDGE_CURVE ( 'NONE', #4429, #782, #5041, .T. ) ;
#559 = DIRECTION ( 'NONE',  ( -7.906742672516238979E-16, -0.000000000000000000, -1.000000000000000000 ) ) ;
#560 = ORIENTED_EDGE ( 'NONE', *, *, #4640, .T. ) ;
#561 = ORIENTED_EDGE ( 'NONE', *, *, #5967, .F. ) ;
#562 = DIRECTION ( 'NONE',  ( -1.000000000000000000, 0.000000000000000000, 0.000000000000000000 ) ) ;
#563 = CARTESIAN_POINT ( 'NONE',  ( 0.1000000000000256933, 0.000000000000000000, 22.76622293754998694 ) ) ;
#564 = AXIS2_PLACEMENT_3D ( 'NONE', #5095, #758, #2693 ) ;
#565 = DIRECTION ( 'NONE',  ( -7.906742672516238979E-16, -0.000000000000000000, -1.000000000000000000 ) ) ;
#566 = CARTESIAN_POINT ( 'NONE',  ( -3.700000000000012168, 0.000000000000000000, 36.25000000000000711 ) ) ;
#567 = DIRECTION ( 'NONE',  ( 7.906742672516238979E-16, 0.000000000000000000, 1.000000000000000000 ) ) ;
#568 = ORIENTED_EDGE ( 'NONE', *, *, #2866, .F. ) ;
#569 = ORIENTED_EDGE ( 'NONE', *, *, #3695, .F. ) ;
#570 = EDGE_CURVE ( 'NONE', #4823, #785, #437, .T. ) ;
#571 = DIRECTION ( 'NONE',  ( -1.000000000000000000, 0.000000000000000000, 0.000000000000000000 ) ) ;
#572 = DIRECTION ( 'NONE',  ( 7.906742672516238979E-16, 0.000000000000000000, 1.000000000000000000 ) ) ;
#573 = ORIENTED_EDGE ( 'NONE', *, *, #3441, .T. ) ;
#574 = DIRECTION ( 'NONE',  ( 1.000000000000000000, 0.000000000000000000, -8.896017825522803504E-16 ) ) ;
#575 = EDGE_CURVE ( 'NONE', #4084, #6145, #1792, .T. ) ;
#576 = DIRECTION ( 'NONE',  ( -7.906742672516238979E-16, -0.000000000000000000, -1.000000000000000000 ) ) ;
#577 = DIRECTION ( 'NONE',  ( -0.6658816660008342048, 0.000000000000000000, -0.7460573750616995570 ) ) ;
#578 = AXIS2_PLACEMENT_3D ( 'NONE', #606, #4968, #4468 ) ;
#579 = CARTESIAN_POINT ( 'NONE',  ( 0.1000000000000316053, 0.000000000000000000, 30.25000000000000355 ) ) ;
#580 = CARTESIAN_POINT ( 'NONE',  ( 1.875384029819843645, 3.138392573259913588E-16, 56.50000000000000000 ) ) ;
#581 = CIRCLE ( 'NONE', #4119, 3.800000000000052225 ) ;
#582 = ORIENTED_EDGE ( 'NONE', *, *, #1711, .F. ) ;
#583 = VERTEX_POINT ( 'NONE', #3725 ) ;
#584 = DIRECTION ( 'NONE',  ( -7.906742672516238979E-16, -0.000000000000000000, -1.000000000000000000 ) ) ;
#585 = ADVANCED_FACE ( 'NONE', ( #4677 ), #6055, .T. ) ;
#586 = DIRECTION ( 'NONE',  ( -7.906742672516238979E-16, -0.000000000000000000, -1.000000000000000000 ) ) ;
#587 = ORIENTED_EDGE ( 'NONE', *, *, #4024, .F. ) ;
#588 = ORIENTED_EDGE ( 'NONE', *, *, #3993, .F. ) ;
#589 = DIRECTION ( 'NONE',  ( -1.000000000000000000, 0.000000000000000000, 0.000000000000000000 ) ) ;
#590 = FACE_OUTER_BOUND ( 'NONE', #5338, .T. ) ;
#591 = CARTESIAN_POINT ( 'NONE',  ( 0.1000000000000037248, 0.000000000000000000, -5.000000000000000000 ) ) ;
#592 = VECTOR ( 'NONE', #1699, 1000.000000000000000 ) ;
#593 = CARTESIAN_POINT ( 'NONE',  ( 0.1000000000000195038, 0.000000000000000000, 14.94999999999999396 ) ) ;
#594 = EDGE_CURVE ( 'NONE', #4690, #445, #5362, .T. ) ;
#595 = DIRECTION ( 'NONE',  ( -7.906742672516238979E-16, -0.000000000000000000, -1.000000000000000000 ) ) ;
#596 = ORIENTED_EDGE ( 'NONE', *, *, #4475, .T. ) ;
#597 = ORIENTED_EDGE ( 'NONE', *, *, #570, .F. ) ;
#598 = TOROIDAL_SURFACE ( 'NONE', #3326, 2.782150266735002653, 6.000000000000000000 ) ;
#599 = CARTESIAN_POINT ( 'NONE',  ( 3.449999999999961986, 4.102566777143582005E-16, -5.000000000000002665 ) ) ;
#600 = DIRECTION ( 'NONE',  ( -1.000000000000000000, 0.000000000000000000, 0.000000000000000000 ) ) ;
#601 = AXIS2_PLACEMENT_3D ( 'NONE', #5087, #661, #754 ) ;
#602 = CIRCLE ( 'NONE', #3226, 3.899999999999688605 ) ;
#603 = VERTEX_POINT ( 'NONE', #1319 ) ;
#604 = CARTESIAN_POINT ( 'NONE',  ( 0.1000000000000457190, 0.000000000000000000, 48.09999999999999432 ) ) ;
#605 = CARTESIAN_POINT ( 'NONE',  ( 3.999999999999729550, 4.776122516674316382E-16, 20.39999999999999503 ) ) ;
#606 = CARTESIAN_POINT ( 'NONE',  ( 0.1000000000000463157, 0.000000000000000000, 48.84998447769145713 ) ) ;
#607 = AXIS2_PLACEMENT_3D ( 'NONE', #4997, #4521, #188 ) ;
#608 = EDGE_CURVE ( 'NONE', #4882, #753, #2727, .T. ) ;
#609 = EDGE_CURVE ( 'NONE', #1596, #299, #4546, .T. ) ;
#610 = LINE ( 'NONE', #3460, #5493 ) ;
#611 = DIRECTION ( 'NONE',  ( -1.000000000000000000, 0.000000000000000000, 8.896017825522687147E-16 ) ) ;
#612 = EDGE_CURVE ( 'NONE', #5305, #1583, #806, .T. ) ;
#613 = ORIENTED_EDGE ( 'NONE', *, *, #2504, .T. ) ;
#614 = ORIENTED_EDGE ( 'NONE', *, *, #4324, .F. ) ;
#615 = LINE ( 'NONE', #1177, #3195 ) ;
#616 = VECTOR ( 'NONE', #1816, 1000.000000000000000 ) ;
#617 = AXIS2_PLACEMENT_3D ( 'NONE', #4478, #2578, #3496 ) ;
#618 = CARTESIAN_POINT ( 'NONE',  ( 0.1000000000000076938, 0.000000000000000000, -6.071532165918824830E-15 ) ) ;
#619 = ORIENTED_EDGE ( 'NONE', *, *, #3354, .F. ) ;
#620 = VERTEX_POINT ( 'NONE', #2302 ) ;
#621 = CYLINDRICAL_SURFACE ( 'NONE', #810, 3.800000000000064659 ) ;
#622 = EDGE_CURVE ( 'NONE', #4846, #3638, #316, .T. ) ;
#623 = DIRECTION ( 'NONE',  ( -7.906742672516238979E-16, -0.000000000000000000, -1.000000000000000000 ) ) ;
#624 = FACE_OUTER_BOUND ( 'NONE', #4054, .T. ) ;
#625 = DIRECTION ( 'NONE',  ( -0.7070945858146127083, 8.659411212122895851E-17, 0.7071189763481541268 ) ) ;
#626 = VERTEX_POINT ( 'NONE', #4771 ) ;
#627 = ORIENTED_EDGE ( 'NONE', *, *, #857, .T. ) ;
#628 = DIRECTION ( 'NONE',  ( -0.6387678175155859783, 0.000000000000000000, -0.7693995550469048261 ) ) ;
#629 = VERTEX_POINT ( 'NONE', #2366 ) ;
#630 = DIRECTION ( 'NONE',  ( -1.000000000000000000, 0.000000000000000000, 0.000000000000000000 ) ) ;
#631 = VECTOR ( 'NONE', #1310, 1000.000000000000000 ) ;
#632 = EDGE_CURVE ( 'NONE', #6197, #2396, #6159, .T. ) ;
#633 = DIRECTION ( 'NONE',  ( -1.000000000000000000, 0.000000000000000000, 0.000000000000000000 ) ) ;
#634 = LINE ( 'NONE', #1050, #1470 ) ;
#635 = DIRECTION ( 'NONE',  ( 0.000000000000000000, -1.000000000000000000, 0.000000000000000000 ) ) ;
#636 = ORIENTED_EDGE ( 'NONE', *, *, #3434, .F. ) ;
#637 = EDGE_LOOP ( 'NONE', ( #2655, #1521, #6250, #1633 ) ) ;
#638 = DIRECTION ( 'NONE',  ( -1.000000000000000000, 0.000000000000000000, 0.000000000000000000 ) ) ;
#639 = CONICAL_SURFACE ( 'NONE', #3984, 3.800000000000042011, 0.7853809166853961132 ) ;
#640 = VECTOR ( 'NONE', #1205, 1000.000000000000000 ) ;
#641 = EDGE_CURVE ( 'NONE', #1253, #3385, #3352, .T. ) ;
#642 = CARTESIAN_POINT ( 'NONE',  ( -3.700000000000027711, 4.653657836760017671E-16, 32.50000000000000000 ) ) ;
#643 = EDGE_LOOP ( 'NONE', ( #1902, #1196, #4171, #1268 ) ) ;
#644 = CIRCLE ( 'NONE', #852, 3.800000000000039346 ) ;
#645 = CARTESIAN_POINT ( 'NONE',  ( 0.1000000000000382527, 0.000000000000000000, 38.65000000000000568 ) ) ;
#646 = ORIENTED_EDGE ( 'NONE', *, *, #3978, .F. ) ;
#647 = ORIENTED_EDGE ( 'NONE', *, *, #3121, .T. ) ;
#648 = ADVANCED_FACE ( 'NONE', ( #3448 ), #4947, .T. ) ;
#649 = DIRECTION ( 'NONE',  ( -7.906742672516238979E-16, -0.000000000000000000, -1.000000000000000000 ) ) ;
#650 = CARTESIAN_POINT ( 'NONE',  ( -3.699999999999904254, 0.000000000000000000, 50.64999999999999858 ) ) ;
#651 = FACE_OUTER_BOUND ( 'NONE', #959, .T. ) ;
#652 = DIRECTION ( 'NONE',  ( 1.000000000000000000, 0.000000000000000000, 0.000000000000000000 ) ) ;
#653 = DIRECTION ( 'NONE',  ( -7.906742672516238979E-16, -0.000000000000000000, -1.000000000000000000 ) ) ;
#654 = VERTEX_POINT ( 'NONE', #5314 ) ;
#655 = EDGE_CURVE ( 'NONE', #2437, #5045, #974, .T. ) ;
#656 = ORIENTED_EDGE ( 'NONE', *, *, #2501, .T. ) ;
#657 = CARTESIAN_POINT ( 'NONE',  ( 0.1000000000000358241, 0.000000000000000000, 35.59202761985994101 ) ) ;
#658 = AXIS2_PLACEMENT_3D ( 'NONE', #5722, #565, #970 ) ;
#659 = CARTESIAN_POINT ( 'NONE',  ( 0.1000000000000290795, 0.000000000000000000, 27.04999999999999361 ) ) ;
#660 = ORIENTED_EDGE ( 'NONE', *, *, #5056, .F. ) ;
#661 = DIRECTION ( 'NONE',  ( -7.906742672516238979E-16, -0.000000000000000000, -1.000000000000000000 ) ) ;
#662 = EDGE_CURVE ( 'NONE', #4362, #902, #1105, .T. ) ;
#663 = DIRECTION ( 'NONE',  ( 7.906742672516238979E-16, 0.000000000000000000, 1.000000000000000000 ) ) ;
#664 = CARTESIAN_POINT ( 'NONE',  ( 0.1000000000000210582, 0.000000000000000000, 16.89999999999999147 ) ) ;
#665 = VECTOR ( 'NONE', #91, 1000.000000000000114 ) ;
#666 = DIRECTION ( 'NONE',  ( -7.906742672516238979E-16, -0.000000000000000000, -1.000000000000000000 ) ) ;
#667 = LINE ( 'NONE', #3072, #949 ) ;
#668 = ORIENTED_EDGE ( 'NONE', *, *, #4912, .T. ) ;
#669 = EDGE_CURVE ( 'NONE', #925, #5470, #4356, .T. ) ;
#670 = EDGE_LOOP ( 'NONE', ( #5121, #3927, #1136, #1276 ) ) ;
#671 = CARTESIAN_POINT ( 'NONE',  ( 0.1000000000000358796, 0.000000000000000000, 35.64998447769145429 ) ) ;
#672 = CYLINDRICAL_SURFACE ( 'NONE', #3264, 3.350000000000049383 ) ;
#673 = AXIS2_PLACEMENT_3D ( 'NONE', #2567, #136, #2058 ) ;
#674 = ORIENTED_EDGE ( 'NONE', *, *, #3938, .T. ) ;
#675 = CYLINDRICAL_SURFACE ( 'NONE', #5980, 3.349999999999980549 ) ;
#676 = VERTEX_POINT ( 'NONE', #1451 ) ;
#677 = VERTEX_POINT ( 'NONE', #5379 ) ;
#678 = CONICAL_SURFACE ( 'NONE', #5426, 3.855270839527026094, 0.2583087292951870562 ) ;
#679 = DIRECTION ( 'NONE',  ( -7.906742672516238979E-16, -0.000000000000000000, -1.000000000000000000 ) ) ;
#680 = CARTESIAN_POINT ( 'NONE',  ( 3.450000000000040146, 4.439344646909002195E-16, 17.51622293754998694 ) ) ;
#681 = EDGE_CURVE ( 'NONE', #454, #3624, #2433, .T. ) ;
#682 = CARTESIAN_POINT ( 'NONE',  ( 0.1000000000000486888, 0.000000000000000000, 51.85000000000000142 ) ) ;
#683 = ADVANCED_FACE ( 'NONE', ( #1005 ), #4748, .T. ) ;
#684 = FACE_OUTER_BOUND ( 'NONE', #5372, .T. ) ;
#685 = CARTESIAN_POINT ( 'NONE',  ( 4.250000000000011546, 5.082284216461525017E-16, -5.000000000000003553 ) ) ;
#686 = VERTEX_POINT ( 'NONE', #64 ) ;
#687 = VERTEX_POINT ( 'NONE', #4924 ) ;
#688 = DIRECTION ( 'NONE',  ( -7.906742672516238979E-16, -0.000000000000000000, -1.000000000000000000 ) ) ;
#689 = AXIS2_PLACEMENT_3D ( 'NONE', #4858, #2990, #1567 ) ;
#690 = EDGE_LOOP ( 'NONE', ( #3160, #913 ) ) ;
#691 = VECTOR ( 'NONE', #4903, 1000.000000000000000 ) ;
#692 = PRESENTATION_STYLE_ASSIGNMENT (( #2178 ) ) ;
#693 = LINE ( 'NONE', #4557, #4913 ) ;
#694 = FACE_OUTER_BOUND ( 'NONE', #5306, .T. ) ;
#695 = AXIS2_PLACEMENT_3D ( 'NONE', #4207, #5183, #5692 ) ;
#696 = VECTOR ( 'NONE', #2452, 1000.000000000000114 ) ;
#697 = EDGE_CURVE ( 'NONE', #4755, #3682, #1548, .T. ) ;
#698 = LINE ( 'NONE', #4559, #3391 ) ;
#699 = FACE_OUTER_BOUND ( 'NONE', #3464, .T. ) ;
#700 = DIRECTION ( 'NONE',  ( 0.6129070536529764857, 0.000000000000000000, 0.7901550123756903021 ) ) ;
#701 = STYLED_ITEM ( 'NONE', ( #692 ), #412 ) ;
#702 = AXIS2_PLACEMENT_3D ( 'NONE', #2053, #4928, #600 ) ;
#703 = FACE_OUTER_BOUND ( 'NONE', #1657, .T. ) ;
#704 = ADVANCED_FACE ( 'NONE', ( #5405 ), #4254, .T. ) ;
#705 = CARTESIAN_POINT ( 'NONE',  ( -3.250000000000016875, 0.000000000000000000, 36.84998447769145002 ) ) ;
#706 = EDGE_CURVE ( 'NONE', #3385, #5231, #2905, .T. ) ;
#707 = AXIS2_PLACEMENT_3D ( 'NONE', #5469, #1133, #3063 ) ;
#708 = CARTESIAN_POINT ( 'NONE',  ( -3.800000000000015810, 0.000000000000000000, -4.999999999999996447 ) ) ;
#709 = EDGE_LOOP ( 'NONE', ( #4626, #835, #5854, #4257 ) ) ;
#710 = DIRECTION ( 'NONE',  ( -1.000000000000000000, 0.000000000000000000, 1.035655806553313385E-15 ) ) ;
#711 = ORIENTED_EDGE ( 'NONE', *, *, #311, .T. ) ;
#712 = ORIENTED_EDGE ( 'NONE', *, *, #1148, .T. ) ;
#713 = CARTESIAN_POINT ( 'NONE',  ( -3.699999999999916689, 0.000000000000000000, 49.45000000000000284 ) ) ;
#714 = APPLICATION_PROTOCOL_DEFINITION ( 'draft international standard', 'automotive_design', 1998, #2893 ) ;
#715 = PRODUCT_RELATED_PRODUCT_CATEGORY ( 'part', '', ( #899 ) ) ;
#716 = FACE_OUTER_BOUND ( 'NONE', #3720, .T. ) ;
#717 = DIRECTION ( 'NONE',  ( -0.2554457579358167529, 0.000000000000000000, -0.9668233886044524938 ) ) ;
#718 = VECTOR ( 'NONE', #1159, 1000.000000000000000 ) ;
#719 = DIRECTION ( 'NONE',  ( -7.906742672516238979E-16, -0.000000000000000000, -1.000000000000000000 ) ) ;
#720 = ORIENTED_EDGE ( 'NONE', *, *, #5670, .T. ) ;
#721 = ORIENTED_EDGE ( 'NONE', *, *, #3121, .F. ) ;
#722 = EDGE_CURVE ( 'NONE', #3378, #3146, #3234, .T. ) ;
#723 = ADVANCED_FACE ( 'NONE', ( #4428 ), #1415, .T. ) ;
#724 = CIRCLE ( 'NONE', #4262, 3.350000000000049383 ) ;
#725 = ORIENTED_EDGE ( 'NONE', *, *, #245, .F. ) ;
#726 = CIRCLE ( 'NONE', #2646, 3.349999999999960565 ) ;
#727 = SURFACE_SIDE_STYLE ('',( #1231 ) ) ;
#728 = ADVANCED_FACE ( 'NONE', ( #4830 ), #1990, .T. ) ;
#729 = FACE_OUTER_BOUND ( 'NONE', #1121, .T. ) ;
#730 = DIRECTION ( 'NONE',  ( -7.906742672516238979E-16, -0.000000000000000000, -1.000000000000000000 ) ) ;
#731 = CARTESIAN_POINT ( 'NONE',  ( -3.700000000000048139, 0.000000000000000000, -4.999999999999997335 ) ) ;
#732 = CARTESIAN_POINT ( 'NONE',  ( 3.999999999999708677, 4.776122516674315396E-16, -5.000000000000003553 ) ) ;
#733 = CARTESIAN_POINT ( 'NONE',  ( -3.699999999999954436, 0.000000000000000000, 45.85000000000000142 ) ) ;
#734 = VECTOR ( 'NONE', #2523, 1000.000000000000000 ) ;
#735 = ADVANCED_FACE ( 'NONE', ( #5855 ), #1815, .T. ) ;
#736 = CARTESIAN_POINT ( 'NONE',  ( 3.450000000000002842, 4.102566777143632295E-16, -5.000000000000002665 ) ) ;
#737 = CARTESIAN_POINT ( 'NONE',  ( 3.450000000000026823, 4.102566777143661384E-16, -5.000000000000002665 ) ) ;
#738 = CIRCLE ( 'NONE', #1552, 3.799999999999998490 ) ;
#739 = DIRECTION ( 'NONE',  ( -7.906742672516238979E-16, -0.000000000000000000, -1.000000000000000000 ) ) ;
#740 = EDGE_LOOP ( 'NONE', ( #1627, #5208, #268, #3321 ) ) ;
#741 = CARTESIAN_POINT ( 'NONE',  ( 0.1000000000000037248, 0.000000000000000000, -5.000000000000000000 ) ) ;
#742 = ORIENTED_EDGE ( 'NONE', *, *, #1472, .T. ) ;
#743 = CIRCLE ( 'NONE', #3878, 3.350000000000061373 ) ;
#744 = DIRECTION ( 'NONE',  ( -1.000000000000000000, 0.000000000000000000, 7.767418549150011615E-16 ) ) ;
#745 = DIRECTION ( 'NONE',  ( -7.906742672516238979E-16, -0.000000000000000000, -1.000000000000000000 ) ) ;
#746 = AXIS2_PLACEMENT_3D ( 'NONE', #137, #553, #5326 ) ;
#747 = CARTESIAN_POINT ( 'NONE',  ( 0.1000000000000448863, 0.000000000000000000, 47.05000000000000426 ) ) ;
#748 = FACE_OUTER_BOUND ( 'NONE', #3655, .T. ) ;
#749 = ORIENTED_EDGE ( 'NONE', *, *, #2252, .T. ) ;
#750 = EDGE_CURVE ( 'NONE', #1583, #5305, #5366, .T. ) ;
#751 = ORIENTED_EDGE ( 'NONE', *, *, #1677, .F. ) ;
#752 = CARTESIAN_POINT ( 'NONE',  ( -3.600000000000021405, 0.000000000000000000, -4.999999999999997335 ) ) ;
#753 = VERTEX_POINT ( 'NONE', #126 ) ;
#754 = DIRECTION ( 'NONE',  ( -1.000000000000000000, 0.000000000000000000, 6.847592668329608548E-16 ) ) ;
#755 = ORIENTED_EDGE ( 'NONE', *, *, #3172, .F. ) ;
#756 = CARTESIAN_POINT ( 'NONE',  ( -3.699999999999919797, 4.653657836759902300E-16, 49.29999999999999716 ) ) ;
#757 = CARTESIAN_POINT ( 'NONE',  ( 0.1000000000000195038, 0.000000000000000000, 14.94999999999999396 ) ) ;
#758 = DIRECTION ( 'NONE',  ( -7.906742672516238979E-16, -0.000000000000000000, -1.000000000000000000 ) ) ;
#759 = EDGE_CURVE ( 'NONE', #6125, #4328, #6166, .T. ) ;
#760 = ADVANCED_FACE ( 'NONE', ( #5914 ), #474, .T. ) ;
#761 = LINE ( 'NONE', #3101, #1152 ) ;
#762 = DIRECTION ( 'NONE',  ( 7.906742672516238979E-16, 0.000000000000000000, 1.000000000000000000 ) ) ;
#763 = CARTESIAN_POINT ( 'NONE',  ( 0.1000000000000243056, 0.000000000000000000, 21.01622293755000825 ) ) ;
#764 = AXIS2_PLACEMENT_3D ( 'NONE', #4957, #3474, #151 ) ;
#765 = DIRECTION ( 'NONE',  ( -7.906742672516238979E-16, -0.000000000000000000, -1.000000000000000000 ) ) ;
#766 = EDGE_CURVE ( 'NONE', #4067, #2241, #1487, .T. ) ;
#767 = CARTESIAN_POINT ( 'NONE',  ( 0.1000000000000410977, 0.000000000000000000, 42.25000000000000000 ) ) ;
#768 = AXIS2_PLACEMENT_3D ( 'NONE', #170, #5422, #638 ) ;
#769 = ORIENTED_EDGE ( 'NONE', *, *, #1731, .F. ) ;
#770 = CYLINDRICAL_SURFACE ( 'NONE', #5567, 3.350000000000000533 ) ;
#771 = EDGE_LOOP ( 'NONE', ( #3470, #499, #1832, #4114 ) ) ;
#772 = DIRECTION ( 'NONE',  ( -1.000000000000000000, 0.000000000000000000, 7.767418549149768054E-16 ) ) ;
#773 = CONICAL_SURFACE ( 'NONE', #1587, 3.800000000000033129, 0.6928957130417464638 ) ;
#774 = DIRECTION ( 'NONE',  ( -7.906742672516238979E-16, -0.000000000000000000, -1.000000000000000000 ) ) ;
#775 = EDGE_CURVE ( 'NONE', #2396, #1122, #5973, .T. ) ;
#776 = DIRECTION ( 'NONE',  ( -7.906742672516238979E-16, -0.000000000000000000, -1.000000000000000000 ) ) ;
#777 = CARTESIAN_POINT ( 'NONE',  ( 0.1000000000000485639, 0.000000000000000000, 51.69999999999999574 ) ) ;
#778 = ORIENTED_EDGE ( 'NONE', *, *, #5092, .T. ) ;
#779 = VERTEX_POINT ( 'NONE', #5433 ) ;
#780 = DIRECTION ( 'NONE',  ( 1.000000000000000000, 0.000000000000000000, 0.000000000000000000 ) ) ;
#781 = AXIS2_PLACEMENT_3D ( 'NONE', #3607, #1790, #6126 ) ;
#782 = VERTEX_POINT ( 'NONE', #4604 ) ;
#783 = CARTESIAN_POINT ( 'NONE',  ( 3.449999999999995293, 4.102566777143622927E-16, -5.000000000000002665 ) ) ;
#784 = ORIENTED_EDGE ( 'NONE', *, *, #3235, .F. ) ;
#785 = VERTEX_POINT ( 'NONE', #4083 ) ;
#786 = CIRCLE ( 'NONE', #4331, 3.900000000000023448 ) ;
#787 = DIRECTION ( 'NONE',  ( 1.000000000000000000, 0.000000000000000000, 0.000000000000000000 ) ) ;
#788 = CARTESIAN_POINT ( 'NONE',  ( 3.450000000000053468, 4.102566777143693925E-16, -5.000000000000002665 ) ) ;
#789 = DIRECTION ( 'NONE',  ( -7.906742672516238979E-16, -0.000000000000000000, -1.000000000000000000 ) ) ;
#790 = DIRECTION ( 'NONE',  ( -1.000000000000000000, 0.000000000000000000, 0.000000000000000000 ) ) ;
#791 = ORIENTED_EDGE ( 'NONE', *, *, #1538, .T. ) ;
#792 = CIRCLE ( 'NONE', #2208, 3.350000000000060485 ) ;
#793 = DIRECTION ( 'NONE',  ( -7.906742672516238979E-16, -0.000000000000000000, -1.000000000000000000 ) ) ;
#794 = CIRCLE ( 'NONE', #4040, 3.350000000000028066 ) ;
#795 = EDGE_CURVE ( 'NONE', #5350, #4434, #5052, .T. ) ;
#796 = AXIS2_PLACEMENT_3D ( 'NONE', #5711, #2291, #3274 ) ;
#797 = EDGE_CURVE ( 'NONE', #2919, #2806, #3603, .T. ) ;
#798 = DIRECTION ( 'NONE',  ( -1.000000000000000000, 0.000000000000000000, 0.000000000000000000 ) ) ;
#799 = ADVANCED_FACE ( 'NONE', ( #5526 ), #4547, .F. ) ;
#800 = DIRECTION ( 'NONE',  ( -1.000000000000000000, 0.000000000000000000, 0.000000000000000000 ) ) ;
#801 = CIRCLE ( 'NONE', #2924, 3.799999999999975397 ) ;
#802 = ORIENTED_EDGE ( 'NONE', *, *, #4782, .T. ) ;
#803 = AXIS2_PLACEMENT_3D ( 'NONE', #4744, #3166, #3762 ) ;
#804 = DIRECTION ( 'NONE',  ( 0.6387678175155865334, 7.822649631188042456E-17, -0.7693995550469043820 ) ) ;
#805 = ORIENTED_EDGE ( 'NONE', *, *, #1088, .F. ) ;
#806 = CIRCLE ( 'NONE', #2321, 3.899999999999705924 ) ;
#807 = DIRECTION ( 'NONE',  ( -7.906742672516238979E-16, -0.000000000000000000, -1.000000000000000000 ) ) ;
#808 = CIRCLE ( 'NONE', #4631, 3.350000000000002309 ) ;
#809 = AXIS2_PLACEMENT_3D ( 'NONE', #1124, #5402, #150 ) ;
#810 = AXIS2_PLACEMENT_3D ( 'NONE', #3444, #89, #3953 ) ;
#811 = DIRECTION ( 'NONE',  ( -7.906742672516238979E-16, -0.000000000000000000, -1.000000000000000000 ) ) ;
#812 = DIRECTION ( 'NONE',  ( -1.000000000000000000, 0.000000000000000000, 0.000000000000000000 ) ) ;
#813 = VECTOR ( 'NONE', #540, 1000.000000000000000 ) ;
#814 = CARTESIAN_POINT ( 'NONE',  ( 0.1000000000000076938, 0.000000000000000000, -6.071532165918824830E-15 ) ) ;
#815 = ORIENTED_EDGE ( 'NONE', *, *, #4250, .T. ) ;
#816 = VERTEX_POINT ( 'NONE', #5465 ) ;
#817 = DIRECTION ( 'NONE',  ( -1.000000000000000000, 0.000000000000000000, 0.000000000000000000 ) ) ;
#818 = CARTESIAN_POINT ( 'NONE',  ( 0.1000000000000320355, 0.000000000000000000, 30.79202761985993675 ) ) ;
#819 = CONICAL_SURFACE ( 'NONE', #4655, 4.150000000000011013, 0.2373647782712214882 ) ;
#820 = ORIENTED_EDGE ( 'NONE', *, *, #5312, .T. ) ;
#821 = CYLINDRICAL_SURFACE ( 'NONE', #2524, 3.350000000000061373 ) ;
#822 = ORIENTED_EDGE ( 'NONE', *, *, #2857, .T. ) ;
#823 = ORIENTED_EDGE ( 'NONE', *, *, #4740, .T. ) ;
#824 = ADVANCED_FACE ( 'NONE', ( #3154 ), #2531, .T. ) ;
#825 = DIRECTION ( 'NONE',  ( -7.906742672516238979E-16, -0.000000000000000000, -1.000000000000000000 ) ) ;
#826 = DIRECTION ( 'NONE',  ( -1.000000000000000000, 0.000000000000000000, 0.000000000000000000 ) ) ;
#827 = AXIS2_PLACEMENT_3D ( 'NONE', #4379, #2503, #4411 ) ;
#828 = CARTESIAN_POINT ( 'NONE',  ( 0.1000000000000037248, 0.000000000000000000, -5.000000000000000000 ) ) ;
#829 = DIRECTION ( 'NONE',  ( 0.6387678175155933058, 7.822649631188126272E-17, -0.7693995550468986089 ) ) ;
#830 = VECTOR ( 'NONE', #4333, 1000.000000000000000 ) ;
#831 = DIRECTION ( 'NONE',  ( -1.224646799147353207E-16, 1.000000000000000000, 9.682967105578800750E-32 ) ) ;
#832 = FACE_OUTER_BOUND ( 'NONE', #5901, .T. ) ;
#833 = AXIS2_PLACEMENT_3D ( 'NONE', #5494, #3503, #537 ) ;
#834 = ORIENTED_EDGE ( 'NONE', *, *, #1967, .T. ) ;
#835 = ORIENTED_EDGE ( 'NONE', *, *, #4210, .T. ) ;
#836 = CIRCLE ( 'NONE', #4096, 9.700000000000001066 ) ;
#837 = AXIS2_PLACEMENT_3D ( 'NONE', #2328, #2386, #4261 ) ;
#838 = DIRECTION ( 'NONE',  ( -7.906742672516238979E-16, -0.000000000000000000, -1.000000000000000000 ) ) ;
#839 = DIRECTION ( 'NONE',  ( -7.906742672516238979E-16, -0.000000000000000000, -1.000000000000000000 ) ) ;
#840 = ADVANCED_FACE ( 'NONE', ( #748 ), #4457, .T. ) ;
#841 = CIRCLE ( 'NONE', #2760, 3.800000000000054889 ) ;
#842 = EDGE_CURVE ( 'NONE', #5957, #2145, #4575, .T. ) ;
#843 = LINE ( 'NONE', #3949, #213 ) ;
#844 = ORIENTED_EDGE ( 'NONE', *, *, #5987, .T. ) ;
#845 = ORIENTED_EDGE ( 'NONE', *, *, #4667, .F. ) ;
#846 = DIRECTION ( 'NONE',  ( -7.906742672516238979E-16, -0.000000000000000000, -1.000000000000000000 ) ) ;
#847 = LINE ( 'NONE', #3128, #3129 ) ;
#848 = VECTOR ( 'NONE', #5640, 1000.000000000000000 ) ;
#849 = ORIENTED_EDGE ( 'NONE', *, *, #6175, .T. ) ;
#850 = DIRECTION ( 'NONE',  ( -1.000000000000000000, 0.000000000000000000, 7.767418549149740444E-16 ) ) ;
#851 = EDGE_LOOP ( 'NONE', ( #901, #4472, #4831, #2228 ) ) ;
#852 = AXIS2_PLACEMENT_3D ( 'NONE', #5701, #1770, #446 ) ;
#853 = CARTESIAN_POINT ( 'NONE',  ( -3.699999999999979305, 4.653657836759968368E-16, 43.29999999999999716 ) ) ;
#854 = DIRECTION ( 'NONE',  ( 7.906742672516238979E-16, 0.000000000000000000, 1.000000000000000000 ) ) ;
#855 = ORIENTED_EDGE ( 'NONE', *, *, #632, .F. ) ;
#856 = CARTESIAN_POINT ( 'NONE',  ( 0.1000000000000325628, 0.000000000000000000, 31.45000000000000639 ) ) ;
#857 = EDGE_CURVE ( 'NONE', #3974, #4233, #3141, .T. ) ;
#858 = DIRECTION ( 'NONE',  ( -1.000000000000000000, 0.000000000000000000, 0.000000000000000000 ) ) ;
#859 = CARTESIAN_POINT ( 'NONE',  ( 0.1000000000000448863, 0.000000000000000000, 47.05000000000000426 ) ) ;
#860 = DIRECTION ( 'NONE',  ( 7.906742672516238979E-16, 0.000000000000000000, 1.000000000000000000 ) ) ;
#861 = CARTESIAN_POINT ( 'NONE',  ( -4.800000000000015810, 0.000000000000000000, -1.600000000000000089 ) ) ;
#862 = EDGE_CURVE ( 'NONE', #4116, #3095, #1702, .T. ) ;
#863 = ORIENTED_EDGE ( 'NONE', *, *, #1395, .F. ) ;
#864 = AXIS2_PLACEMENT_3D ( 'NONE', #1571, #5403, #4079 ) ;
#865 = ORIENTED_EDGE ( 'NONE', *, *, #3116, .F. ) ;
#866 = ORIENTED_EDGE ( 'NONE', *, *, #534, .T. ) ;
#867 = LINE ( 'NONE', #2793, #3221 ) ;
#868 = CIRCLE ( 'NONE', #4607, 3.899999999999737899 ) ;
#869 = CARTESIAN_POINT ( 'NONE',  ( 3.450000000000070344, 4.102566777143674696E-16, 41.64998447769144718 ) ) ;
#870 = DIRECTION ( 'NONE',  ( -7.906742672516238979E-16, -0.000000000000000000, -1.000000000000000000 ) ) ;
#871 = EDGE_LOOP ( 'NONE', ( #276, #5250, #6210, #1745 ) ) ;
#872 = EDGE_LOOP ( 'NONE', ( #5280, #5134, #1759, #4474 ) ) ;
#873 = LINE ( 'NONE', #3816, #1084 ) ;
#874 = EDGE_CURVE ( 'NONE', #5350, #1021, #3505, .T. ) ;
#875 = CYLINDRICAL_SURFACE ( 'NONE', #5273, 3.799999999999998490 ) ;
#876 = VECTOR ( 'NONE', #2809, 1000.000000000000000 ) ;
#877 = VERTEX_POINT ( 'NONE', #4019 ) ;
#878 = FACE_OUTER_BOUND ( 'NONE', #2954, .T. ) ;
#879 = VERTEX_POINT ( 'NONE', #2142 ) ;
#880 = ORIENTED_EDGE ( 'NONE', *, *, #1876, .T. ) ;
#881 = CARTESIAN_POINT ( 'NONE',  ( 0.1000000000000324379, 0.000000000000000000, 31.30000000000000071 ) ) ;
#882 = CYLINDRICAL_SURFACE ( 'NONE', #4836, 3.350000000000056044 ) ;
#883 = LINE ( 'NONE', #4309, #1964 ) ;
#884 = DIRECTION ( 'NONE',  ( -7.906742672516238979E-16, -0.000000000000000000, -1.000000000000000000 ) ) ;
#885 = CARTESIAN_POINT ( 'NONE',  ( 0.1000000000000238198, 0.000000000000000000, 20.39999999999999858 ) ) ;
#886 = DIRECTION ( 'NONE',  ( -0.7070945858143381502, 8.659411212119533331E-17, 0.7071189763484286850 ) ) ;
#887 = FACE_OUTER_BOUND ( 'NONE', #4199, .T. ) ;
#888 = ORIENTED_EDGE ( 'NONE', *, *, #1104, .F. ) ;
#889 = VECTOR ( 'NONE', #5509, 1000.000000000000000 ) ;
#890 = ORIENTED_EDGE ( 'NONE', *, *, #5945, .T. ) ;
#891 = ORIENTED_EDGE ( 'NONE', *, *, #6041, .F. ) ;
#892 = CONICAL_SURFACE ( 'NONE', #4439, 3.899999999999727684, 0.6597344572538550445 ) ;
#893 = EDGE_CURVE ( 'NONE', #5481, #4163, #3635, .T. ) ;
#894 = ADVANCED_FACE ( 'NONE', ( #5555 ), #3242, .T. ) ;
#895 = DIRECTION ( 'NONE',  ( -1.000000000000000000, 0.000000000000000000, 8.896017825522714758E-16 ) ) ;
#896 = AXIS2_PLACEMENT_3D ( 'NONE', #3548, #5027, #1616 ) ;
#897 = CIRCLE ( 'NONE', #3943, 3.899999999999736566 ) ;
#898 = CARTESIAN_POINT ( 'NONE',  ( 0.1000000000000251937, 0.000000000000000000, 22.14999999999999147 ) ) ;
#899 = PRODUCT ( '2 MEDIUM NUT', '2 MEDIUM NUT', '', ( #1248 ) ) ;
#900 = FACE_OUTER_BOUND ( 'NONE', #958, .T. ) ;
#901 = ORIENTED_EDGE ( 'NONE', *, *, #2112, .T. ) ;
#902 = VERTEX_POINT ( 'NONE', #1605 ) ;
#903 = CIRCLE ( 'NONE', #3946, 3.350000000000024514 ) ;
#904 = DIRECTION ( 'NONE',  ( 1.000000000000000000, 0.000000000000000000, 0.000000000000000000 ) ) ;
#905 = CARTESIAN_POINT ( 'NONE',  ( 3.900000000000074074, 0.000000000000000000, 42.10000000000000142 ) ) ;
#906 = CYLINDRICAL_SURFACE ( 'NONE', #3401, 3.899999999999687716 ) ;
#907 = DIRECTION ( 'NONE',  ( -1.000000000000000000, 0.000000000000000000, 7.767418549149820316E-16 ) ) ;
#908 = ORIENTED_EDGE ( 'NONE', *, *, #1223, .T. ) ;
#909 = DIRECTION ( 'NONE',  ( -7.906742672516238979E-16, -0.000000000000000000, -1.000000000000000000 ) ) ;
#910 = ADVANCED_FACE ( 'NONE', ( #2680 ), #182, .T. ) ;
#911 = EDGE_LOOP ( 'NONE', ( #3319, #3065, #5829, #1214 ) ) ;
#912 = EDGE_CURVE ( 'NONE', #6165, #6035, #3057, .T. ) ;
#913 = ORIENTED_EDGE ( 'NONE', *, *, #1067, .F. ) ;
#914 = AXIS2_PLACEMENT_3D ( 'NONE', #777, #3719, #2295 ) ;
#915 = FACE_OUTER_BOUND ( 'NONE', #3909, .T. ) ;
#916 = DIRECTION ( 'NONE',  ( -7.906742672516238979E-16, -0.000000000000000000, -1.000000000000000000 ) ) ;
#917 = CARTESIAN_POINT ( 'NONE',  ( 4.250000000000012434, 5.082284216461523045E-16, -6.750745161047856935E-15 ) ) ;
#918 = DIRECTION ( 'NONE',  ( 1.000000000000000000, 0.000000000000000000, -8.896017825522803504E-16 ) ) ;
#919 = DIRECTION ( 'NONE',  ( -7.906742672516238979E-16, -0.000000000000000000, -1.000000000000000000 ) ) ;
#920 = CYLINDRICAL_SURFACE ( 'NONE', #1175, 3.350000000000038280 ) ;
#921 = CIRCLE ( 'NONE', #2545, 3.350000000000053380 ) ;
#922 = CYLINDRICAL_SURFACE ( 'NONE', #1348, 3.350000000000012079 ) ;
#923 = CARTESIAN_POINT ( 'NONE',  ( 0.1000000000000276501, 0.000000000000000000, 25.24999999999999645 ) ) ;
#924 = ORIENTED_EDGE ( 'NONE', *, *, #2212, .F. ) ;
#925 = VERTEX_POINT ( 'NONE', #214 ) ;
#926 = ORIENTED_EDGE ( 'NONE', *, *, #4816, .F. ) ;
#927 = FACE_OUTER_BOUND ( 'NONE', #5949, .T. ) ;
#928 = AXIS2_PLACEMENT_3D ( 'NONE', #3120, #5050, #6059 ) ;
#929 = CARTESIAN_POINT ( 'NONE',  ( -3.699999999999971756, 0.000000000000000000, -4.999999999999997335 ) ) ;
#930 = EDGE_CURVE ( 'NONE', #1549, #2145, #1641, .T. ) ;
#931 = CARTESIAN_POINT ( 'NONE',  ( 0.1000000000000037248, 0.000000000000000000, -5.000000000000000000 ) ) ;
#932 = ORIENTED_EDGE ( 'NONE', *, *, #2382, .F. ) ;
#933 = EDGE_LOOP ( 'NONE', ( #5086, #6227, #32, #5747 ) ) ;
#934 = CARTESIAN_POINT ( 'NONE',  ( 0.1000000000000314804, 0.000000000000000000, 30.09999999999999787 ) ) ;
#935 = DIRECTION ( 'NONE',  ( -7.906742672516238979E-16, -0.000000000000000000, -1.000000000000000000 ) ) ;
#936 = CARTESIAN_POINT ( 'NONE',  ( -3.700000000000008615, 4.653657836759997950E-16, 37.29999999999999716 ) ) ;
#937 = AXIS2_PLACEMENT_3D ( 'NONE', #4253, #4349, #5672 ) ;
#938 = DIRECTION ( 'NONE',  ( -1.000000000000000000, 0.000000000000000000, 8.999230135487068434E-16 ) ) ;
#939 = CIRCLE ( 'NONE', #5283, 3.899999999999704148 ) ;
#940 = ORIENTED_EDGE ( 'NONE', *, *, #1907, .T. ) ;
#941 = EDGE_CURVE ( 'NONE', #2035, #4434, #4359, .T. ) ;
#942 = DIRECTION ( 'NONE',  ( 1.000000000000000000, 0.000000000000000000, 0.000000000000000000 ) ) ;
#943 = ORIENTED_EDGE ( 'NONE', *, *, #2188, .F. ) ;
#944 = VERTEX_POINT ( 'NONE', #2711 ) ;
#945 = VECTOR ( 'NONE', #886, 1000.000000000000000 ) ;
#946 = CARTESIAN_POINT ( 'NONE',  ( 4.000000000000067502, 4.776122516674724618E-16, 27.82044892595218144 ) ) ;
#947 = DIRECTION ( 'NONE',  ( -7.906742672516238979E-16, -0.000000000000000000, -1.000000000000000000 ) ) ;
#948 = ORIENTED_EDGE ( 'NONE', *, *, #4533, .T. ) ;
#949 = VECTOR ( 'NONE', #5032, 1000.000000000000114 ) ;
#950 = CARTESIAN_POINT ( 'NONE',  ( 0.1000000000000037248, 0.000000000000000000, -5.000000000000000000 ) ) ;
#951 = CARTESIAN_POINT ( 'NONE',  ( 0.1000000000000391964, 0.000000000000000000, 39.85000000000000142 ) ) ;
#952 = DIRECTION ( 'NONE',  ( -7.906742672516238979E-16, -0.000000000000000000, -1.000000000000000000 ) ) ;
#953 = EDGE_CURVE ( 'NONE', #403, #1273, #2438, .T. ) ;
#954 = EDGE_CURVE ( 'NONE', #346, #3574, #364, .T. ) ;
#955 = CYLINDRICAL_SURFACE ( 'NONE', #5288, 3.350000000000062261 ) ;
#956 = CARTESIAN_POINT ( 'NONE',  ( 0.1000000000000037248, 0.000000000000000000, -5.000000000000000000 ) ) ;
#957 = ORIENTED_EDGE ( 'NONE', *, *, #5975, .T. ) ;
#958 = EDGE_LOOP ( 'NONE', ( #5054, #5434, #5812, #2109 ) ) ;
#959 = EDGE_LOOP ( 'NONE', ( #5515, #5089, #4800, #784 ) ) ;
#960 = CARTESIAN_POINT ( 'NONE',  ( 0.1000000000000410977, 0.000000000000000000, 42.25000000000000000 ) ) ;
#961 = CARTESIAN_POINT ( 'NONE',  ( -3.799999999999724487, 0.000000000000000000, -4.999999999999996447 ) ) ;
#962 = CIRCLE ( 'NONE', #4005, 3.350000000000060485 ) ;
#963 = DIRECTION ( 'NONE',  ( -1.000000000000000000, 0.000000000000000000, 8.360113137237602287E-16 ) ) ;
#964 = VERTEX_POINT ( 'NONE', #3212 ) ;
#965 = ORIENTED_EDGE ( 'NONE', *, *, #3938, .F. ) ;
#966 = DIRECTION ( 'NONE',  ( 7.906742672516238979E-16, 0.000000000000000000, 1.000000000000000000 ) ) ;
#967 = VECTOR ( 'NONE', #1279, 1000.000000000000114 ) ;
#968 = EDGE_CURVE ( 'NONE', #2640, #2572, #2637, .T. ) ;
#969 = CARTESIAN_POINT ( 'NONE',  ( 0.1000000000000325628, 0.000000000000000000, 31.45000000000000639 ) ) ;
#970 = DIRECTION ( 'NONE',  ( -1.000000000000000000, 0.000000000000000000, 8.896017825522685175E-16 ) ) ;
#971 = DIRECTION ( 'NONE',  ( -1.000000000000000000, 0.000000000000000000, 8.896017825522714758E-16 ) ) ;
#972 = ORIENTED_EDGE ( 'NONE', *, *, #3203, .F. ) ;
#973 = AXIS2_PLACEMENT_3D ( 'NONE', #3105, #1330, #1240 ) ;
#974 = LINE ( 'NONE', #3386, #1208 ) ;
#975 = ORIENTED_EDGE ( 'NONE', *, *, #4742, .F. ) ;
#976 = ORIENTED_EDGE ( 'NONE', *, *, #3804, .F. ) ;
#977 = DIRECTION ( 'NONE',  ( -7.906742672516238979E-16, -0.000000000000000000, -1.000000000000000000 ) ) ;
#978 = LINE ( 'NONE', #2440, #2723 ) ;
#979 = CONICAL_SURFACE ( 'NONE', #4418, 3.800000000000054889, 0.6928957130417449095 ) ;
#980 = ORIENTED_EDGE ( 'NONE', *, *, #5879, .T. ) ;
#981 = DIRECTION ( 'NONE',  ( -1.000000000000000000, 0.000000000000000000, 0.000000000000000000 ) ) ;
#982 = CARTESIAN_POINT ( 'NONE',  ( 3.899999999999989253, 4.653657836759868774E-16, 51.85000000000000142 ) ) ;
#983 = CIRCLE ( 'NONE', #4919, 3.900000000000023892 ) ;
#984 = DIRECTION ( 'NONE',  ( -7.906742672516238979E-16, -0.000000000000000000, -1.000000000000000000 ) ) ;
#985 = DIRECTION ( 'NONE',  ( -1.000000000000000000, 0.000000000000000000, 7.767418549149893286E-16 ) ) ;
#986 = FACE_OUTER_BOUND ( 'NONE', #1824, .T. ) ;
#987 = ORIENTED_EDGE ( 'NONE', *, *, #92, .T. ) ;
#988 = ORIENTED_EDGE ( 'NONE', *, *, #2534, .T. ) ;
#989 = ADVANCED_FACE ( 'NONE', ( #2770 ), #3034, .T. ) ;
#990 = CARTESIAN_POINT ( 'NONE',  ( 3.900000000000082512, 4.653657836759997950E-16, 37.45000000000000284 ) ) ;
#991 = CARTESIAN_POINT ( 'NONE',  ( -3.250000000000060840, 0.000000000000000000, -4.999999999999997335 ) ) ;
#992 = CIRCLE ( 'NONE', #2409, 3.800000000000010036 ) ;
#993 = ORIENTED_EDGE ( 'NONE', *, *, #1395, .T. ) ;
#994 = DIRECTION ( 'NONE',  ( -7.906742672516238979E-16, -0.000000000000000000, -1.000000000000000000 ) ) ;
#995 = ORIENTED_EDGE ( 'NONE', *, *, #293, .T. ) ;
#996 = ORIENTED_EDGE ( 'NONE', *, *, #4701, .F. ) ;
#997 = AXIS2_PLACEMENT_3D ( 'NONE', #4712, #380, #1392 ) ;
#998 = CARTESIAN_POINT ( 'NONE',  ( -3.250000000000017764, 0.000000000000000000, -4.999999999999997335 ) ) ;
#999 = CIRCLE ( 'NONE', #2514, 3.349999999999999645 ) ;
#1000 = DIRECTION ( 'NONE',  ( -7.906742672516238979E-16, -0.000000000000000000, -1.000000000000000000 ) ) ;
#1001 = DIRECTION ( 'NONE',  ( -7.906742672516238979E-16, -0.000000000000000000, -1.000000000000000000 ) ) ;
#1002 = LINE ( 'NONE', #5277, #3155 ) ;
#1003 = ORIENTED_EDGE ( 'NONE', *, *, #2289, .F. ) ;
#1004 = COLOUR_RGB ( '',0.7921568627450980005, 0.8196078431372548767, 0.9333333333333333481 ) ;
#1005 = FACE_OUTER_BOUND ( 'NONE', #5662, .T. ) ;
#1006 = ORIENTED_EDGE ( 'NONE', *, *, #5986, .F. ) ;
#1007 = CIRCLE ( 'NONE', #2216, 3.350000000000029399 ) ;
#1008 = ORIENTED_EDGE ( 'NONE', *, *, #1336, .F. ) ;
#1009 = DIRECTION ( 'NONE',  ( 0.2865245527277984761, 0.000000000000000000, 0.9580728994623191053 ) ) ;
#1010 = CARTESIAN_POINT ( 'NONE',  ( 0.1000000000000251937, 0.000000000000000000, 22.14999999999999147 ) ) ;
#1011 = VECTOR ( 'NONE', #1384, 1000.000000000000114 ) ;
#1012 = VECTOR ( 'NONE', #5937, 1000.000000000000000 ) ;
#1013 = EDGE_LOOP ( 'NONE', ( #2275, #2906, #1512, #1927 ) ) ;
#1014 = FACE_OUTER_BOUND ( 'NONE', #1541, .T. ) ;
#1015 = ADVANCED_FACE ( 'NONE', ( #2827 ), #114, .T. ) ;
#1016 = FACE_OUTER_BOUND ( 'NONE', #102, .T. ) ;
#1017 = CARTESIAN_POINT ( 'NONE',  ( -3.699999999999966871, 4.653657836759953576E-16, 44.50000000000000000 ) ) ;
#1018 = DIRECTION ( 'NONE',  ( -1.000000000000000000, 0.000000000000000000, 0.000000000000000000 ) ) ;
#1019 = AXIS2_PLACEMENT_3D ( 'NONE', #1440, #586, #528 ) ;
#1020 = DIRECTION ( 'NONE',  ( -1.000000000000000000, 0.000000000000000000, 7.767418549149955408E-16 ) ) ;
#1021 = VERTEX_POINT ( 'NONE', #5683 ) ;
#1022 = ORIENTED_EDGE ( 'NONE', *, *, #3436, .T. ) ;
#1023 = DIRECTION ( 'NONE',  ( -7.906742672516238979E-16, -0.000000000000000000, -1.000000000000000000 ) ) ;
#1024 = AXIS2_PLACEMENT_3D ( 'NONE', #2977, #576, #3934 ) ;
#1025 = EDGE_CURVE ( 'NONE', #4787, #753, #3660, .T. ) ;
#1026 = LINE ( 'NONE', #4886, #4860 ) ;
#1027 = ORIENTED_EDGE ( 'NONE', *, *, #1492, .T. ) ;
#1028 = EDGE_LOOP ( 'NONE', ( #4741, #802, #5942, #3972 ) ) ;
#1029 = CARTESIAN_POINT ( 'NONE',  ( 0.1000000000000290795, 0.000000000000000000, 27.04999999999999361 ) ) ;
#1030 = DIRECTION ( 'NONE',  ( 1.000000000000000000, 0.000000000000000000, -9.130123557772514260E-16 ) ) ;
#1031 = ADVANCED_FACE ( 'NONE', ( #4635 ), #5370, .T. ) ;
#1032 = FACE_OUTER_BOUND ( 'NONE', #2550, .T. ) ;
#1033 = EDGE_CURVE ( 'NONE', #5156, #4479, #4230, .T. ) ;
#1034 = DIRECTION ( 'NONE',  ( -1.000000000000000000, 0.000000000000000000, 9.352784589233908043E-16 ) ) ;
#1035 = CARTESIAN_POINT ( 'NONE',  ( 0.1000000000000382527, 0.000000000000000000, 38.65000000000000568 ) ) ;
#1036 = ORIENTED_EDGE ( 'NONE', *, *, #4621, .F. ) ;
#1037 = ORIENTED_EDGE ( 'NONE', *, *, #6162, .T. ) ;
#1038 = LINE ( 'NONE', #4461, #4713 ) ;
#1039 = VECTOR ( 'NONE', #5568, 1000.000000000000000 ) ;
#1040 = DIRECTION ( 'NONE',  ( -7.906742672516238979E-16, -0.000000000000000000, -1.000000000000000000 ) ) ;
#1041 = AXIS2_PLACEMENT_3D ( 'NONE', #4666, #2170, #1701 ) ;
#1042 = ADVANCED_FACE ( 'NONE', ( #1284 ), #5112, .T. ) ;
#1043 = ORIENTED_EDGE ( 'NONE', *, *, #3354, .T. ) ;
#1044 = DIRECTION ( 'NONE',  ( -7.906742672516238979E-16, -0.000000000000000000, -1.000000000000000000 ) ) ;
#1045 = CIRCLE ( 'NONE', #5394, 3.800000000000064659 ) ;
#1046 = DIRECTION ( 'NONE',  ( -7.906742672516238979E-16, -0.000000000000000000, -1.000000000000000000 ) ) ;
#1047 = CARTESIAN_POINT ( 'NONE',  ( 0.1000000000000477313, 0.000000000000000000, 50.64999999999999858 ) ) ;
#1048 = AXIS2_PLACEMENT_3D ( 'NONE', #3839, #1897, #5771 ) ;
#1049 = EDGE_CURVE ( 'NONE', #5198, #2919, #5585, .T. ) ;
#1050 = CARTESIAN_POINT ( 'NONE',  ( 3.900000000000052314, 4.653657836760001894E-16, -5.000000000000002665 ) ) ;
#1051 = AXIS2_PLACEMENT_3D ( 'NONE', #521, #3522, #5448 ) ;
#1052 = FACE_OUTER_BOUND ( 'NONE', #1995, .T. ) ;
#1053 = ORIENTED_EDGE ( 'NONE', *, *, #166, .T. ) ;
#1054 = ORIENTED_EDGE ( 'NONE', *, *, #2076, .F. ) ;
#1055 = DIRECTION ( 'NONE',  ( -0.4220930106608409282, 0.000000000000000000, -0.9065525303871072582 ) ) ;
#1056 = EDGE_LOOP ( 'NONE', ( #4129, #1666, #1225, #5065 ) ) ;
#1057 = VERTEX_POINT ( 'NONE', #1344 ) ;
#1058 = CARTESIAN_POINT ( 'NONE',  ( 0.1000000000000502987, 0.000000000000000000, 53.89999999999999858 ) ) ;
#1059 = DIRECTION ( 'NONE',  ( 1.000000000000000000, 0.000000000000000000, -9.130123557772514260E-16 ) ) ;
#1060 = CIRCLE ( 'NONE', #1266, 3.350000000000068479 ) ;
#1061 = DIRECTION ( 'NONE',  ( -7.906742672516238979E-16, -0.000000000000000000, -1.000000000000000000 ) ) ;
#1062 = LINE ( 'NONE', #4488, #734 ) ;
#1063 = CARTESIAN_POINT ( 'NONE',  ( 0.1000000000000401540, 0.000000000000000000, 41.05000000000000426 ) ) ;
#1064 = ORIENTED_EDGE ( 'NONE', *, *, #5226, .F. ) ;
#1065 = ORIENTED_EDGE ( 'NONE', *, *, #3738, .T. ) ;
#1066 = AXIS2_PLACEMENT_3D ( 'NONE', #141, #1593, #2095 ) ;
#1067 = EDGE_CURVE ( 'NONE', #5965, #5811, #5874, .T. ) ;
#1068 = EDGE_CURVE ( 'NONE', #3146, #3378, #1422, .T. ) ;
#1069 = DIRECTION ( 'NONE',  ( -7.906742672516238979E-16, -0.000000000000000000, -1.000000000000000000 ) ) ;
#1070 = CARTESIAN_POINT ( 'NONE',  ( 0.1000000000000236533, 0.000000000000000000, 20.19999999999999929 ) ) ;
#1071 = AXIS2_PLACEMENT_3D ( 'NONE', #4070, #201, #4504 ) ;
#1072 = VERTEX_POINT ( 'NONE', #3183 ) ;
#1073 = DIRECTION ( 'NONE',  ( -7.906742672516238979E-16, -0.000000000000000000, -1.000000000000000000 ) ) ;
#1074 = CYLINDRICAL_SURFACE ( 'NONE', #827, 3.350000000000056044 ) ;
#1075 = CARTESIAN_POINT ( 'NONE',  ( 0.1000000000000037248, 0.000000000000000000, -5.000000000000000000 ) ) ;
#1076 = DIRECTION ( 'NONE',  ( -0.7070945858143384832, 8.659411212119537029E-17, 0.7071189763484283519 ) ) ;
#1077 = LINE ( 'NONE', #3008, #4289 ) ;
#1078 = VECTOR ( 'NONE', #4275, 1000.000000000000000 ) ;
#1079 = ORIENTED_EDGE ( 'NONE', *, *, #930, .F. ) ;
#1080 = ORIENTED_EDGE ( 'NONE', *, *, #5204, .T. ) ;
#1081 = EDGE_CURVE ( 'NONE', #2468, #2398, #5876, .T. ) ;
#1082 = DIRECTION ( 'NONE',  ( -7.906742672516238979E-16, -0.000000000000000000, -1.000000000000000000 ) ) ;
#1083 = CARTESIAN_POINT ( 'NONE',  ( 3.900000000000082512, 4.653657836759997950E-16, 37.45000000000000284 ) ) ;
#1084 = VECTOR ( 'NONE', #1478, 1000.000000000000114 ) ;
#1085 = DIRECTION ( 'NONE',  ( -7.906742672516238979E-16, -0.000000000000000000, -1.000000000000000000 ) ) ;
#1086 = ORIENTED_EDGE ( 'NONE', *, *, #4475, .F. ) ;
#1087 = ADVANCED_FACE ( 'NONE', ( #900 ), #3687, .T. ) ;
#1088 = EDGE_CURVE ( 'NONE', #4846, #3371, #2129, .T. ) ;
#1089 = CARTESIAN_POINT ( 'NONE',  ( -3.799999999999704059, 4.776122516674342020E-16, 16.69999999999999929 ) ) ;
#1090 = DIRECTION ( 'NONE',  ( -7.906742672516238979E-16, -0.000000000000000000, -1.000000000000000000 ) ) ;
#1091 = LINE ( 'NONE', #3021, #4413 ) ;
#1092 = AXIS2_PLACEMENT_3D ( 'NONE', #1940, #4723, #4789 ) ;
#1093 = DIRECTION ( 'NONE',  ( -7.906742672516238979E-16, -0.000000000000000000, -1.000000000000000000 ) ) ;
#1094 = DIRECTION ( 'NONE',  ( -1.000000000000000000, 0.000000000000000000, 0.000000000000000000 ) ) ;
#1095 = ORIENTED_EDGE ( 'NONE', *, *, #1111, .T. ) ;
#1096 = PRODUCT_DEFINITION ( 'UNKNOWN', '', #3236, #1496 ) ;
#1097 = ORIENTED_EDGE ( 'NONE', *, *, #3412, .F. ) ;
#1098 = AXIS2_PLACEMENT_3D ( 'NONE', #2215, #3670, #4181 ) ;
#1099 = DIRECTION ( 'NONE',  ( 1.000000000000000000, 0.000000000000000000, 0.000000000000000000 ) ) ;
#1100 = ADVANCED_FACE ( 'NONE', ( #1787 ), #3245, .T. ) ;
#1101 = ORIENTED_EDGE ( 'NONE', *, *, #4391, .F. ) ;
#1102 = DIRECTION ( 'NONE',  ( -7.906742672516238979E-16, -0.000000000000000000, -1.000000000000000000 ) ) ;
#1103 = DIRECTION ( 'NONE',  ( -0.5180270093731337289, 0.000000000000000000, -0.8553642601605044860 ) ) ;
#1104 = EDGE_CURVE ( 'NONE', #1694, #2415, #843, .T. ) ;
#1105 = CIRCLE ( 'NONE', #5157, 3.350000000000056932 ) ;
#1106 = DIRECTION ( 'NONE',  ( -1.000000000000000000, 0.000000000000000000, 0.000000000000000000 ) ) ;
#1107 = CIRCLE ( 'NONE', #3134, 3.799999999999929212 ) ;
#1108 = CARTESIAN_POINT ( 'NONE',  ( 0.1000000000000372952, 0.000000000000000000, 37.45000000000000284 ) ) ;
#1109 = VECTOR ( 'NONE', #209, 1000.000000000000000 ) ;
#1110 = DIRECTION ( 'NONE',  ( 0.7070945858143394824, 0.000000000000000000, 0.7071189763484273527 ) ) ;
#1111 = EDGE_CURVE ( 'NONE', #1974, #2919, #3745, .T. ) ;
#1112 = DIRECTION ( 'NONE',  ( 1.000000000000000000, 0.000000000000000000, 0.000000000000000000 ) ) ;
#1113 = ORIENTED_EDGE ( 'NONE', *, *, #1765, .T. ) ;
#1114 = EDGE_LOOP ( 'NONE', ( #4975, #2006, #2172, #5848 ) ) ;
#1115 = FACE_OUTER_BOUND ( 'NONE', #872, .T. ) ;
#1116 = AXIS2_PLACEMENT_3D ( 'NONE', #5651, #1311, #5176 ) ;
#1117 = ADVANCED_FACE ( 'NONE', ( #1540 ), #3439, .T. ) ;
#1118 = DIRECTION ( 'NONE',  ( -7.906742672516238979E-16, -0.000000000000000000, -1.000000000000000000 ) ) ;
#1119 = ORIENTED_EDGE ( 'NONE', *, *, #1234, .F. ) ;
#1120 = CARTESIAN_POINT ( 'NONE',  ( 3.900000000000053202, 4.653657836759954563E-16, 44.65000000000000568 ) ) ;
#1121 = EDGE_LOOP ( 'NONE', ( #588, #6257, #1880, #2940 ) ) ;
#1122 = VERTEX_POINT ( 'NONE', #4791 ) ;
#1123 = LINE ( 'NONE', #2581, #1597 ) ;
#1124 = CARTESIAN_POINT ( 'NONE',  ( 0.1000000000000482170, 0.000000000000000000, 51.24998447769145571 ) ) ;
#1125 = VECTOR ( 'NONE', #1244, 1000.000000000000114 ) ;
#1126 = CARTESIAN_POINT ( 'NONE',  ( -3.755270839526999360, 4.721345093472901946E-16, 23.70000000000000284 ) ) ;
#1127 = ADVANCED_FACE ( 'NONE', ( #5877 ), #463, .T. ) ;
#1128 = LINE ( 'NONE', #62, #4172 ) ;
#1129 = DIRECTION ( 'NONE',  ( -7.906742672516238979E-16, -0.000000000000000000, -1.000000000000000000 ) ) ;
#1130 = ORIENTED_EDGE ( 'NONE', *, *, #912, .F. ) ;
#1131 = ORIENTED_EDGE ( 'NONE', *, *, #2175, .F. ) ;
#1132 = CARTESIAN_POINT ( 'NONE',  ( 0.1000000000000037248, 0.000000000000000000, -5.000000000000000000 ) ) ;
#1133 = DIRECTION ( 'NONE',  ( -7.906742672516238979E-16, -0.000000000000000000, -1.000000000000000000 ) ) ;
#1134 = ADVANCED_FACE ( 'NONE', ( #2894 ), #819, .T. ) ;
#1135 = VECTOR ( 'NONE', #4989, 1000.000000000000000 ) ;
#1136 = ORIENTED_EDGE ( 'NONE', *, *, #4863, .T. ) ;
#1137 = CARTESIAN_POINT ( 'NONE',  ( -3.249999999999923173, 0.000000000000000000, 49.99202761985993249 ) ) ;
#1138 = CIRCLE ( 'NONE', #2975, 3.750000000000011546 ) ;
#1139 = CYLINDRICAL_SURFACE ( 'NONE', #5837, 3.350000000000050271 ) ;
#1140 = DIRECTION ( 'NONE',  ( -1.000000000000000000, 0.000000000000000000, 8.896017825522714758E-16 ) ) ;
#1141 = DIRECTION ( 'NONE',  ( -7.906742672516238979E-16, -0.000000000000000000, -1.000000000000000000 ) ) ;
#1142 = DIRECTION ( 'NONE',  ( -7.906742672516238979E-16, -0.000000000000000000, -1.000000000000000000 ) ) ;
#1143 = FACE_OUTER_BOUND ( 'NONE', #1488, .T. ) ;
#1144 = ORIENTED_EDGE ( 'NONE', *, *, #2708, .T. ) ;
#1145 = LINE ( 'NONE', #3590, #1582 ) ;
#1146 = EDGE_CURVE ( 'NONE', #4328, #6125, #5772, .T. ) ;
#1147 = VECTOR ( 'NONE', #1076, 1000.000000000000114 ) ;
#1148 = EDGE_CURVE ( 'NONE', #1694, #4490, #6172, .T. ) ;
#1149 = TOROIDAL_SURFACE ( 'NONE', #3375, 4.900000000000022560, 3.100000000000000977 ) ;
#1150 = LINE ( 'NONE', #5608, #6199 ) ;
#1151 = ORIENTED_EDGE ( 'NONE', *, *, #669, .T. ) ;
#1152 = VECTOR ( 'NONE', #6046, 1000.000000000000227 ) ;
#1153 = LINE ( 'NONE', #147, #1430 ) ;
#1154 = EDGE_LOOP ( 'NONE', ( #1131, #4931, #1542, #1322 ) ) ;
#1155 = CARTESIAN_POINT ( 'NONE',  ( 3.900000000000045652, 4.653657836759993019E-16, -5.000000000000002665 ) ) ;
#1156 = DIRECTION ( 'NONE',  ( -7.906742672516238979E-16, -0.000000000000000000, -1.000000000000000000 ) ) ;
#1157 = FACE_OUTER_BOUND ( 'NONE', #4518, .T. ) ;
#1158 = CARTESIAN_POINT ( 'NONE',  ( 3.900000000000092726, 4.653657836760014713E-16, 32.65000000000000568 ) ) ;
#1159 = DIRECTION ( 'NONE',  ( -7.906742672516238979E-16, -0.000000000000000000, -1.000000000000000000 ) ) ;
#1160 = ORIENTED_EDGE ( 'NONE', *, *, #4839, .T. ) ;
#1161 = ORIENTED_EDGE ( 'NONE', *, *, #4154, .F. ) ;
#1162 = DIRECTION ( 'NONE',  ( -7.906742672516238979E-16, -0.000000000000000000, -1.000000000000000000 ) ) ;
#1163 = VECTOR ( 'NONE', #1413, 1000.000000000000000 ) ;
#1164 = ORIENTED_EDGE ( 'NONE', *, *, #5873, .F. ) ;
#1165 = CIRCLE ( 'NONE', #5008, 3.800000000000021139 ) ;
#1166 = LINE ( 'NONE', #3096, #508 ) ;
#1167 = EDGE_CURVE ( 'NONE', #3490, #4679, #2455, .T. ) ;
#1168 = EDGE_CURVE ( 'NONE', #4718, #5156, #13, .T. ) ;
#1169 = DIRECTION ( 'NONE',  ( -7.906742672516238979E-16, -0.000000000000000000, -1.000000000000000000 ) ) ;
#1170 = CARTESIAN_POINT ( 'NONE',  ( 3.999999999999746869, 0.000000000000000000, 16.69999999999999218 ) ) ;
#1171 = AXIS2_PLACEMENT_3D ( 'NONE', #4476, #1210, #5067 ) ;
#1172 = DIRECTION ( 'NONE',  ( -7.906742672516238979E-16, -0.000000000000000000, -1.000000000000000000 ) ) ;
#1173 = DIRECTION ( 'NONE',  ( -1.000000000000000000, 0.000000000000000000, 7.906742672516239966E-16 ) ) ;
#1174 = CARTESIAN_POINT ( 'NONE',  ( -3.700000000000000178, 4.653657836759990061E-16, 39.69999999999999574 ) ) ;
#1175 = AXIS2_PLACEMENT_3D ( 'NONE', #5836, #984, #1464 ) ;
#1176 = VERTEX_POINT ( 'NONE', #3408 ) ;
#1177 = CARTESIAN_POINT ( 'NONE',  ( 3.999999999999740652, 4.776122516674354839E-16, -5.000000000000003553 ) ) ;
#1178 = FACE_OUTER_BOUND ( 'NONE', #1881, .T. ) ;
#1179 = CIRCLE ( 'NONE', #3202, 3.900000000000015010 ) ;
#1180 = DIRECTION ( 'NONE',  ( -1.000000000000000000, 0.000000000000000000, 0.000000000000000000 ) ) ;
#1181 = ADVANCED_FACE ( 'NONE', ( #5817 ), #5883, .T. ) ;
#1182 = ORIENTED_EDGE ( 'NONE', *, *, #3980, .T. ) ;
#1183 = EDGE_CURVE ( 'NONE', #2558, #4371, #2541, .T. ) ;
#1184 = DIRECTION ( 'NONE',  ( -1.000000000000000000, 0.000000000000000000, 0.000000000000000000 ) ) ;
#1185 = EDGE_CURVE ( 'NONE', #3506, #2162, #2945, .T. ) ;
#1186 = AXIS2_PLACEMENT_3D ( 'NONE', #1132, #2590, #2652 ) ;
#1187 = CARTESIAN_POINT ( 'NONE',  ( 0.1000000000000037248, 0.000000000000000000, -5.000000000000000000 ) ) ;
#1188 = CARTESIAN_POINT ( 'NONE',  ( -3.249999999999907629, 0.000000000000000000, 51.24998447769145571 ) ) ;
#1189 = CARTESIAN_POINT ( 'NONE',  ( 0.1000000000000037248, 0.000000000000000000, -5.000000000000000000 ) ) ;
#1190 = ADVANCED_FACE ( 'NONE', ( #498, #5746 ), #2424, .T. ) ;
#1191 = DIRECTION ( 'NONE',  ( 0.7070945858143654617, 0.000000000000000000, 0.7071189763484013735 ) ) ;
#1192 = VERTEX_POINT ( 'NONE', #1406 ) ;
#1193 = EDGE_LOOP ( 'NONE', ( #5278, #3268, #4208, #2272 ) ) ;
#1194 = FACE_OUTER_BOUND ( 'NONE', #3875, .T. ) ;
#1195 = AXIS2_PLACEMENT_3D ( 'NONE', #5786, #3282, #5750 ) ;
#1196 = ORIENTED_EDGE ( 'NONE', *, *, #5401, .T. ) ;
#1197 = EDGE_CURVE ( 'NONE', #4856, #2449, #4756, .T. ) ;
#1198 = VECTOR ( 'NONE', #3832, 1000.000000000000114 ) ;
#1199 = DIRECTION ( 'NONE',  ( 1.000000000000000000, 0.000000000000000000, 0.000000000000000000 ) ) ;
#1200 = AXIS2_PLACEMENT_3D ( 'NONE', #664, #5335, #52 ) ;
#1201 = DIRECTION ( 'NONE',  ( -1.000000000000000000, 0.000000000000000000, 7.767418549149731569E-16 ) ) ;
#1202 = DIRECTION ( 'NONE',  ( -1.000000000000000000, 0.000000000000000000, 8.896017825522712785E-16 ) ) ;
#1203 = MECHANICAL_DESIGN_GEOMETRIC_PRESENTATION_REPRESENTATION (  '', ( #701 ), #100 ) ;
#1204 = FACE_OUTER_BOUND ( 'NONE', #5170, .T. ) ;
#1205 = DIRECTION ( 'NONE',  ( -7.906742672516238979E-16, -0.000000000000000000, -1.000000000000000000 ) ) ;
#1206 = EDGE_CURVE ( 'NONE', #4224, #4116, #3454, .T. ) ;
#1207 = DIRECTION ( 'NONE',  ( -1.000000000000000000, 0.000000000000000000, 0.000000000000000000 ) ) ;
#1208 = VECTOR ( 'NONE', #5349, 1000.000000000000114 ) ;
#1209 = CIRCLE ( 'NONE', #1813, 3.899999999999736566 ) ;
#1210 = DIRECTION ( 'NONE',  ( -7.906742672516238979E-16, -0.000000000000000000, -1.000000000000000000 ) ) ;
#1211 = LINE ( 'NONE', #4623, #1654 ) ;
#1212 = CARTESIAN_POINT ( 'NONE',  ( 3.449999999999999289, 4.102566777143627858E-16, -5.000000000000002665 ) ) ;
#1213 = EDGE_CURVE ( 'NONE', #785, #2237, #415, .T. ) ;
#1214 = ORIENTED_EDGE ( 'NONE', *, *, #2522, .F. ) ;
#1215 = DIRECTION ( 'NONE',  ( 0.6658816660008329835, 8.154698508788276746E-17, -0.7460573750617006672 ) ) ;
#1216 = ORIENTED_EDGE ( 'NONE', *, *, #594, .F. ) ;
#1217 = ORIENTED_EDGE ( 'NONE', *, *, #3362, .F. ) ;
#1218 = AXIS2_PLACEMENT_3D ( 'NONE', #3780, #1373, #5237 ) ;
#1219 = DIRECTION ( 'NONE',  ( -1.000000000000000000, 0.000000000000000000, 1.035655806553311611E-15 ) ) ;
#1220 = DIRECTION ( 'NONE',  ( -1.000000000000000000, 0.000000000000000000, 7.767418549149754249E-16 ) ) ;
#1221 = CARTESIAN_POINT ( 'NONE',  ( 0.1000000000000372952, 0.000000000000000000, 37.45000000000000284 ) ) ;
#1222 = AXIS2_PLACEMENT_3D ( 'NONE', #4420, #2515, #22 ) ;
#1223 = EDGE_CURVE ( 'NONE', #4395, #299, #1026, .T. ) ;
#1224 = DIRECTION ( 'NONE',  ( -1.000000000000000000, 0.000000000000000000, 0.000000000000000000 ) ) ;
#1225 = ORIENTED_EDGE ( 'NONE', *, *, #2252, .F. ) ;
#1226 = ORIENTED_EDGE ( 'NONE', *, *, #3277, .T. ) ;
#1227 = CARTESIAN_POINT ( 'NONE',  ( 0.1000000000000151185, 0.000000000000000000, 9.396598169499684516 ) ) ;
#1228 = EDGE_CURVE ( 'NONE', #1021, #5118, #2487, .T. ) ;
#1229 = ORIENTED_EDGE ( 'NONE', *, *, #2489, .F. ) ;
#1230 = CONICAL_SURFACE ( 'NONE', #2445, 3.899999999999688605, 0.7286749627076254399 ) ;
#1231 = SURFACE_STYLE_FILL_AREA ( #252 ) ;
#1232 = ORIENTED_EDGE ( 'NONE', *, *, #5910, .F. ) ;
#1233 = DIRECTION ( 'NONE',  ( -0.7070945858143377061, 8.659411212119528401E-17, 0.7071189763484291291 ) ) ;
#1234 = EDGE_CURVE ( 'NONE', #5996, #4355, #116, .T. ) ;
#1235 = DIRECTION ( 'NONE',  ( 0.6387678175155928617, 7.822649631188122574E-17, -0.7693995550468989419 ) ) ;
#1236 = DIRECTION ( 'NONE',  ( -0.6387678175155888649, 0.000000000000000000, -0.7693995550469023836 ) ) ;
#1237 = LINE ( 'NONE', #2599, #2570 ) ;
#1238 = CARTESIAN_POINT ( 'NONE',  ( -3.249999999999957812, 0.000000000000000000, 46.44998447769145855 ) ) ;
#1239 = CIRCLE ( 'NONE', #5075, 3.350000000000056932 ) ;
#1240 = DIRECTION ( 'NONE',  ( -1.000000000000000000, 0.000000000000000000, 0.000000000000000000 ) ) ;
#1241 = DIRECTION ( 'NONE',  ( -1.000000000000000000, 0.000000000000000000, 0.000000000000000000 ) ) ;
#1242 = CARTESIAN_POINT ( 'NONE',  ( 0.1000000000000037248, 0.000000000000000000, -5.000000000000000000 ) ) ;
#1243 = ORIENTED_EDGE ( 'NONE', *, *, #5571, .T. ) ;
#1244 = DIRECTION ( 'NONE',  ( -0.6387678175155926397, 0.000000000000000000, -0.7693995550468993860 ) ) ;
#1245 = ORIENTED_EDGE ( 'NONE', *, *, #5948, .F. ) ;
#1246 = ORIENTED_EDGE ( 'NONE', *, *, #1718, .F. ) ;
#1247 = CARTESIAN_POINT ( 'NONE',  ( 0.1000000000000236533, 0.000000000000000000, 20.19999999999999929 ) ) ;
#1248 = PRODUCT_CONTEXT ( 'NONE', #6012, 'mechanical' ) ;
#1249 = DIRECTION ( 'NONE',  ( -7.906742672516238979E-16, -0.000000000000000000, -1.000000000000000000 ) ) ;
#1250 = CYLINDRICAL_SURFACE ( 'NONE', #4473, 3.350000000000000533 ) ;
#1251 = AXIS2_PLACEMENT_3D ( 'NONE', #4908, #554, #3873 ) ;
#1252 = DIRECTION ( 'NONE',  ( -1.000000000000000000, 0.000000000000000000, 0.000000000000000000 ) ) ;
#1253 = VERTEX_POINT ( 'NONE', #5072 ) ;
#1254 = ORIENTED_EDGE ( 'NONE', *, *, #874, .T. ) ;
#1255 = EDGE_CURVE ( 'NONE', #5811, #5965, #3348, .T. ) ;
#1256 = DIRECTION ( 'NONE',  ( 7.906742672516238979E-16, 0.000000000000000000, 1.000000000000000000 ) ) ;
#1257 = CARTESIAN_POINT ( 'NONE',  ( -3.649999999999984812, 4.592425496802588763E-16, 24.09843413574445492 ) ) ;
#1258 = ORIENTED_EDGE ( 'NONE', *, *, #609, .T. ) ;
#1259 = DIRECTION ( 'NONE',  ( -7.906742672516238979E-16, -0.000000000000000000, -1.000000000000000000 ) ) ;
#1260 = ADVANCED_FACE ( 'NONE', ( #5014 ), #4065, .T. ) ;
#1261 = VERTEX_POINT ( 'NONE', #1632 ) ;
#1262 = ADVANCED_FACE ( 'NONE', ( #4043 ), #3147, .T. ) ;
#1263 = CARTESIAN_POINT ( 'NONE',  ( -3.699999999999959766, 0.000000000000000000, -4.999999999999997335 ) ) ;
#1264 = LINE ( 'NONE', #5124, #4447 ) ;
#1265 = LINE ( 'NONE', #3196, #6111 ) ;
#1266 = AXIS2_PLACEMENT_3D ( 'NONE', #1985, #5245, #3383 ) ;
#1267 = DIRECTION ( 'NONE',  ( 7.906742672516238979E-16, 0.000000000000000000, 1.000000000000000000 ) ) ;
#1268 = ORIENTED_EDGE ( 'NONE', *, *, #1506, .F. ) ;
#1269 = DIRECTION ( 'NONE',  ( -0.6387678175155948601, 0.000000000000000000, -0.7693995550468973876 ) ) ;
#1270 = VECTOR ( 'NONE', #5970, 1000.000000000000000 ) ;
#1271 = FACE_OUTER_BOUND ( 'NONE', #248, .T. ) ;
#1272 = DIRECTION ( 'NONE',  ( -1.000000000000000000, 0.000000000000000000, 6.847592668329436971E-16 ) ) ;
#1273 = VERTEX_POINT ( 'NONE', #236 ) ;
#1274 = ADVANCED_FACE ( 'NONE', ( #1665 ), #4009, .T. ) ;
#1275 = CARTESIAN_POINT ( 'NONE',  ( 0.1000000000000502987, 0.000000000000000000, 53.89999999999999858 ) ) ;
#1276 = ORIENTED_EDGE ( 'NONE', *, *, #4916, .F. ) ;
#1277 = CARTESIAN_POINT ( 'NONE',  ( -3.250000000000014211, 0.000000000000000000, -4.999999999999997335 ) ) ;
#1278 = CIRCLE ( 'NONE', #3094, 3.350000000000023181 ) ;
#1279 = DIRECTION ( 'NONE',  ( 0.6387678175155939719, 7.822649631188134900E-17, -0.7693995550468980538 ) ) ;
#1280 = DIRECTION ( 'NONE',  ( -7.906742672516238979E-16, -0.000000000000000000, -1.000000000000000000 ) ) ;
#1281 = EDGE_CURVE ( 'NONE', #4718, #5728, #6027, .T. ) ;
#1282 = EDGE_CURVE ( 'NONE', #2437, #3049, #724, .T. ) ;
#1283 = VECTOR ( 'NONE', #1610, 1000.000000000000000 ) ;
#1284 = FACE_OUTER_BOUND ( 'NONE', #5612, .T. ) ;
#1285 = VERTEX_POINT ( 'NONE', #5997 ) ;
#1286 = FACE_OUTER_BOUND ( 'NONE', #6117, .T. ) ;
#1287 = DIRECTION ( 'NONE',  ( -1.000000000000000000, 0.000000000000000000, 0.000000000000000000 ) ) ;
#1288 = ORIENTED_EDGE ( 'NONE', *, *, #4200, .T. ) ;
#1289 = CARTESIAN_POINT ( 'NONE',  ( 0.1000000000000037248, 0.000000000000000000, -5.000000000000000000 ) ) ;
#1290 = EDGE_LOOP ( 'NONE', ( #110, #1550, #1608, #3668 ) ) ;
#1291 = ORIENTED_EDGE ( 'NONE', *, *, #1931, .T. ) ;
#1292 = LINE ( 'NONE', #5663, #2995 ) ;
#1293 = DIRECTION ( 'NONE',  ( 0.6658816660008354260, 8.154698508788306328E-17, -0.7460573750616984467 ) ) ;
#1294 = AXIS2_PLACEMENT_3D ( 'NONE', #5646, #5174, #18 ) ;
#1295 = CARTESIAN_POINT ( 'NONE',  ( 0.1000000000000396683, 0.000000000000000000, 40.44998447769145145 ) ) ;
#1296 = CARTESIAN_POINT ( 'NONE',  ( 0.1000000000000037248, 0.000000000000000000, -5.000000000000000000 ) ) ;
#1297 = AXIS2_PLACEMENT_3D ( 'NONE', #1296, #6109, #5223 ) ;
#1298 = AXIS2_PLACEMENT_3D ( 'NONE', #4525, #6014, #1202 ) ;
#1299 = FACE_OUTER_BOUND ( 'NONE', #4887, .T. ) ;
#1300 = CARTESIAN_POINT ( 'NONE',  ( 3.450000000000043698, 4.439344646909007619E-16, 15.76622293754998871 ) ) ;
#1301 = VECTOR ( 'NONE', #1259, 1000.000000000000000 ) ;
#1302 = ORIENTED_EDGE ( 'NONE', *, *, #1618, .F. ) ;
#1303 = CONICAL_SURFACE ( 'NONE', #3126, 3.799999999999975397, 0.7853809166853968904 ) ;
#1304 = LINE ( 'NONE', #1895, #1125 ) ;
#1305 = ORIENTED_EDGE ( 'NONE', *, *, #4382, .T. ) ;
#1306 = ORIENTED_EDGE ( 'NONE', *, *, #3082, .F. ) ;
#1307 = CARTESIAN_POINT ( 'NONE',  ( 0.1000000000000311612, 0.000000000000000000, 29.69998620239270792 ) ) ;
#1308 = AXIS2_PLACEMENT_3D ( 'NONE', #3381, #3919, #5212 ) ;
#1309 = EDGE_CURVE ( 'NONE', #3125, #5305, #3016, .T. ) ;
#1310 = DIRECTION ( 'NONE',  ( 0.7070945858146138185, 0.000000000000000000, 0.7071189763481530166 ) ) ;
#1311 = DIRECTION ( 'NONE',  ( -7.906742672516238979E-16, -0.000000000000000000, -1.000000000000000000 ) ) ;
#1312 = ORIENTED_EDGE ( 'NONE', *, *, #4898, .F. ) ;
#1313 = VERTEX_POINT ( 'NONE', #5933 ) ;
#1314 = CARTESIAN_POINT ( 'NONE',  ( 0.1000000000000333816, 0.000000000000000000, 32.50000000000000000 ) ) ;
#1315 = EDGE_CURVE ( 'NONE', #654, #4798, #1153, .T. ) ;
#1316 = DIRECTION ( 'NONE',  ( -1.000000000000000000, 0.000000000000000000, 1.035655806553297411E-15 ) ) ;
#1317 = VECTOR ( 'NONE', #1191, 1000.000000000000000 ) ;
#1318 = ORIENTED_EDGE ( 'NONE', *, *, #3532, .T. ) ;
#1319 = CARTESIAN_POINT ( 'NONE',  ( -3.250000000000006217, 0.000000000000000000, 14.24094427251859329 ) ) ;
#1320 = ORIENTED_EDGE ( 'NONE', *, *, #1876, .F. ) ;
#1321 = AXIS2_PLACEMENT_3D ( 'NONE', #2987, #4326, #4914 ) ;
#1322 = ORIENTED_EDGE ( 'NONE', *, *, #5088, .F. ) ;
#1323 = CARTESIAN_POINT ( 'NONE',  ( 0.1000000000000419165, 0.000000000000000000, 43.29999999999999716 ) ) ;
#1324 = ADVANCED_FACE ( 'NONE', ( #1693 ), #675, .T. ) ;
#1325 = CARTESIAN_POINT ( 'NONE',  ( 3.900000000000084732, 4.653657836760001894E-16, 36.25000000000000711 ) ) ;
#1326 = AXIS2_PLACEMENT_3D ( 'NONE', #1275, #5135, #2407 ) ;
#1327 = DIRECTION ( 'NONE',  ( -1.000000000000000000, 0.000000000000000000, 0.000000000000000000 ) ) ;
#1328 = CYLINDRICAL_SURFACE ( 'NONE', #1607, 3.350000000000021405 ) ;
#1329 = AXIS2_PLACEMENT_3D ( 'NONE', #1529, #3903, #5386 ) ;
#1330 = DIRECTION ( 'NONE',  ( -7.906742672516238979E-16, -0.000000000000000000, -1.000000000000000000 ) ) ;
#1331 = FACE_OUTER_BOUND ( 'NONE', #1826, .T. ) ;
#1332 = DIRECTION ( 'NONE',  ( -1.000000000000000000, 0.000000000000000000, 0.000000000000000000 ) ) ;
#1333 = CIRCLE ( 'NONE', #2454, 3.800000000000057998 ) ;
#1334 = ORIENTED_EDGE ( 'NONE', *, *, #1695, .F. ) ;
#1335 = ORIENTED_EDGE ( 'NONE', *, *, #5284, .T. ) ;
#1336 = EDGE_CURVE ( 'NONE', #1910, #4387, #5676, .T. ) ;
#1337 = ORIENTED_EDGE ( 'NONE', *, *, #5203, .F. ) ;
#1338 = EDGE_CURVE ( 'NONE', #6182, #3484, #4759, .T. ) ;
#1339 = AXIS2_PLACEMENT_3D ( 'NONE', #3587, #5508, #1173 ) ;
#1340 = CONICAL_SURFACE ( 'NONE', #1041, 3.799999999999998490, 0.6928957130417524590 ) ;
#1341 = DIRECTION ( 'NONE',  ( 0.7070945858143392604, 0.000000000000000000, 0.7071189763484275748 ) ) ;
#1342 = DIRECTION ( 'NONE',  ( 0.6387678175155945270, 7.822649631188141063E-17, -0.7693995550468977207 ) ) ;
#1343 = CONICAL_SURFACE ( 'NONE', #937, 3.800000000000039346, 0.7853809166853993329 ) ;
#1344 = CARTESIAN_POINT ( 'NONE',  ( -3.799999999999660982, 4.776122516674293702E-16, 21.94999999999999929 ) ) ;
#1345 = VERTEX_POINT ( 'NONE', #207 ) ;
#1346 = EDGE_LOOP ( 'NONE', ( #2070, #5497, #1857, #5392 ) ) ;
#1347 = DIRECTION ( 'NONE',  ( 0.6658816660008352040, 8.154698508788303863E-17, -0.7460573750616986688 ) ) ;
#1348 = AXIS2_PLACEMENT_3D ( 'NONE', #1396, #1365, #4220 ) ;
#1349 = LINE ( 'NONE', #1883, #304 ) ;
#1350 = AXIS2_PLACEMENT_3D ( 'NONE', #1466, #4879, #3399 ) ;
#1351 = CARTESIAN_POINT ( 'NONE',  ( 3.999999999999752198, 4.776122516674347937E-16, 16.89999999999998792 ) ) ;
#1352 = ORIENTED_EDGE ( 'NONE', *, *, #5679, .F. ) ;
#1353 = DIRECTION ( 'NONE',  ( -1.000000000000000000, 0.000000000000000000, 0.000000000000000000 ) ) ;
#1354 = ORIENTED_EDGE ( 'NONE', *, *, #5912, .T. ) ;
#1355 = CONICAL_SURFACE ( 'NONE', #2756, 3.899999999999736566, 0.6597344572538564877 ) ;
#1356 = ORIENTED_EDGE ( 'NONE', *, *, #1421, .T. ) ;
#1357 = DIRECTION ( 'NONE',  ( -7.906742672516238979E-16, -0.000000000000000000, -1.000000000000000000 ) ) ;
#1358 = DIRECTION ( 'NONE',  ( 1.000000000000000000, 0.000000000000000000, -8.896017825522708841E-16 ) ) ;
#1359 = DIRECTION ( 'NONE',  ( -7.906742672516238979E-16, -0.000000000000000000, -1.000000000000000000 ) ) ;
#1360 = CARTESIAN_POINT ( 'NONE',  ( 3.450000000000091660, 4.102566777143701813E-16, 35.64998447769145429 ) ) ;
#1361 = EDGE_CURVE ( 'NONE', #524, #4953, #3979, .T. ) ;
#1362 = ADVANCED_FACE ( 'NONE', ( #5906 ), #2068, .T. ) ;
#1363 = DIRECTION ( 'NONE',  ( 1.000000000000000000, 0.000000000000000000, 0.000000000000000000 ) ) ;
#1364 = VECTOR ( 'NONE', #2462, 1000.000000000000000 ) ;
#1365 = DIRECTION ( 'NONE',  ( -7.906742672516238979E-16, -0.000000000000000000, -1.000000000000000000 ) ) ;
#1366 = CARTESIAN_POINT ( 'NONE',  ( 3.449999999999993960, 4.378112306951719226E-16, 52.39202761985993106 ) ) ;
#1367 = ORIENTED_EDGE ( 'NONE', *, *, #2925, .F. ) ;
#1368 = EDGE_LOOP ( 'NONE', ( #866, #4707, #5691, #3575 ) ) ;
#1369 = ORIENTED_EDGE ( 'NONE', *, *, #4556, .T. ) ;
#1370 = CARTESIAN_POINT ( 'NONE',  ( 0.1000000000000224321, 0.000000000000000000, 18.64999999999999503 ) ) ;
#1371 = AXIS2_PLACEMENT_3D ( 'NONE', #3676, #6110, #1773 ) ;
#1372 = LINE ( 'NONE', #1942, #2150 ) ;
#1373 = DIRECTION ( 'NONE',  ( -7.906742672516238979E-16, -0.000000000000000000, -1.000000000000000000 ) ) ;
#1374 = EDGE_LOOP ( 'NONE', ( #6124, #3379, #4294, #4185 ) ) ;
#1375 = ORIENTED_EDGE ( 'NONE', *, *, #2234, .F. ) ;
#1376 = CIRCLE ( 'NONE', #2089, 3.799999999999951861 ) ;
#1377 = DIRECTION ( 'NONE',  ( 7.906742672516238979E-16, 0.000000000000000000, 1.000000000000000000 ) ) ;
#1378 = CARTESIAN_POINT ( 'NONE',  ( 0.1000000000000037248, 0.000000000000000000, -5.000000000000001776 ) ) ;
#1379 = DIRECTION ( 'NONE',  ( -7.906742672516238979E-16, -0.000000000000000000, -1.000000000000000000 ) ) ;
#1380 = ADVANCED_FACE ( 'NONE', ( #3048 ), #5780, .T. ) ;
#1381 = FACE_OUTER_BOUND ( 'NONE', #347, .T. ) ;
#1382 = CIRCLE ( 'NONE', #2192, 3.800000000000021139 ) ;
#1383 = ORIENTED_EDGE ( 'NONE', *, *, #2534, .F. ) ;
#1384 = DIRECTION ( 'NONE',  ( 0.9375858190580874663, 1.148211472235436717E-16, -0.3477539818624298396 ) ) ;
#1385 = ORIENTED_EDGE ( 'NONE', *, *, #4977, .F. ) ;
#1386 = ORIENTED_EDGE ( 'NONE', *, *, #1213, .T. ) ;
#1387 = DIRECTION ( 'NONE',  ( -1.000000000000000000, 0.000000000000000000, 0.000000000000000000 ) ) ;
#1388 = AXIS2_PLACEMENT_3D ( 'NONE', #4578, #5149, #1706 ) ;
#1389 = DIRECTION ( 'NONE',  ( -7.906742672516238979E-16, -0.000000000000000000, -1.000000000000000000 ) ) ;
#1390 = ORIENTED_EDGE ( 'NONE', *, *, #5801, .T. ) ;
#1391 = DIRECTION ( 'NONE',  ( -7.906742672516238979E-16, -0.000000000000000000, -1.000000000000000000 ) ) ;
#1392 = DIRECTION ( 'NONE',  ( -1.000000000000000000, 0.000000000000000000, 0.000000000000000000 ) ) ;
#1393 = CARTESIAN_POINT ( 'NONE',  ( 0.1000000000000037248, 0.000000000000000000, -5.000000000000000000 ) ) ;
#1394 = CIRCLE ( 'NONE', #4235, 3.349999999999999645 ) ;
#1395 = EDGE_CURVE ( 'NONE', #2162, #1273, #2642, .T. ) ;
#1396 = CARTESIAN_POINT ( 'NONE',  ( 0.1000000000000037248, 0.000000000000000000, -5.000000000000000000 ) ) ;
#1397 = DIRECTION ( 'NONE',  ( -7.906742672516238979E-16, -0.000000000000000000, -1.000000000000000000 ) ) ;
#1398 = ORIENTED_EDGE ( 'NONE', *, *, #3541, .T. ) ;
#1399 = ORIENTED_EDGE ( 'NONE', *, *, #4917, .F. ) ;
#1400 = ORIENTED_EDGE ( 'NONE', *, *, #2271, .T. ) ;
#1401 = CARTESIAN_POINT ( 'NONE',  ( 0.1000000000000076938, 0.000000000000000000, -3.469446951953614189E-15 ) ) ;
#1402 = ADVANCED_FACE ( 'NONE', ( #3206 ), #770, .T. ) ;
#1403 = AXIS2_PLACEMENT_3D ( 'NONE', #5561, #4495, #6070 ) ;
#1404 = AXIS2_PLACEMENT_3D ( 'NONE', #4652, #377, #6136 ) ;
#1405 = DIRECTION ( 'NONE',  ( -1.000000000000000000, 0.000000000000000000, 8.896017825522797588E-16 ) ) ;
#1406 = CARTESIAN_POINT ( 'NONE',  ( -3.250000000000034195, 0.000000000000000000, 30.79202761985994030 ) ) ;
#1407 = ORIENTED_EDGE ( 'NONE', *, *, #5226, .T. ) ;
#1408 = EDGE_LOOP ( 'NONE', ( #5678, #5825, #500, #1312 ) ) ;
#1409 = CIRCLE ( 'NONE', #5455, 3.350000000000065814 ) ;
#1410 = CIRCLE ( 'NONE', #4951, 3.350000000000028066 ) ;
#1411 = DIRECTION ( 'NONE',  ( -7.906742672516238979E-16, -0.000000000000000000, -1.000000000000000000 ) ) ;
#1412 = CARTESIAN_POINT ( 'NONE',  ( 7.655183609470383566, 9.489761951668933703E-16, -1.204522143028829263E-14 ) ) ;
#1413 = DIRECTION ( 'NONE',  ( -7.906742672516238979E-16, -0.000000000000000000, -1.000000000000000000 ) ) ;
#1414 = LINE ( 'NONE', #4269, #6080 ) ;
#1415 = CONICAL_SURFACE ( 'NONE', #208, 3.899999999999725908, 0.6597344572538560437 ) ;
#1416 = VERTEX_POINT ( 'NONE', #5323 ) ;
#1417 = DIRECTION ( 'NONE',  ( -1.000000000000000000, 0.000000000000000000, 1.035655806553312005E-15 ) ) ;
#1418 = EDGE_LOOP ( 'NONE', ( #3387, #2434, #1489, #2456 ) ) ;
#1419 = VERTEX_POINT ( 'NONE', #1779 ) ;
#1420 = ADVANCED_FACE ( 'NONE', ( #2704 ), #1230, .T. ) ;
#1421 = EDGE_CURVE ( 'NONE', #3824, #530, #726, .T. ) ;
#1422 = CIRCLE ( 'NONE', #4852, 3.800000000000042011 ) ;
#1423 = DIRECTION ( 'NONE',  ( -7.906742672516238979E-16, -0.000000000000000000, -1.000000000000000000 ) ) ;
#1424 = CARTESIAN_POINT ( 'NONE',  ( 0.1000000000000264150, 0.000000000000000000, 23.69999999999999929 ) ) ;
#1425 = ORIENTED_EDGE ( 'NONE', *, *, #3809, .T. ) ;
#1426 = AXIS2_PLACEMENT_3D ( 'NONE', #5340, #994, #2928 ) ;
#1427 = FACE_OUTER_BOUND ( 'NONE', #2989, .T. ) ;
#1428 = DIRECTION ( 'NONE',  ( -7.906742672516238979E-16, -0.000000000000000000, -1.000000000000000000 ) ) ;
#1429 = CYLINDRICAL_SURFACE ( 'NONE', #171, 3.799999999999975397 ) ;
#1430 = VECTOR ( 'NONE', #3111, 1000.000000000000114 ) ;
#1431 = DIRECTION ( 'NONE',  ( -1.000000000000000000, 0.000000000000000000, 7.767418549149738472E-16 ) ) ;
#1432 = LINE ( 'NONE', #3366, #5495 ) ;
#1433 = ORIENTED_EDGE ( 'NONE', *, *, #112, .F. ) ;
#1434 = ORIENTED_EDGE ( 'NONE', *, *, #5912, .F. ) ;
#1435 = ORIENTED_EDGE ( 'NONE', *, *, #3612, .F. ) ;
#1436 = ADVANCED_FACE ( 'NONE', ( #5577 ), #6180, .T. ) ;
#1437 = CARTESIAN_POINT ( 'NONE',  ( 0.1000000000000244860, 0.000000000000000000, 21.24094427251858974 ) ) ;
#1438 = AXIS2_PLACEMENT_3D ( 'NONE', #593, #4923, #2464 ) ;
#1439 = DIRECTION ( 'NONE',  ( -7.906742672516238979E-16, -0.000000000000000000, -1.000000000000000000 ) ) ;
#1440 = CARTESIAN_POINT ( 'NONE',  ( 0.1000000000000438177, 0.000000000000000000, 45.69999999999999574 ) ) ;
#1441 = ORIENTED_EDGE ( 'NONE', *, *, #4985, .T. ) ;
#1442 = EDGE_CURVE ( 'NONE', #3049, #6134, #1304, .T. ) ;
#1443 = AXIS2_PLACEMENT_3D ( 'NONE', #5682, #3880, #3244 ) ;
#1444 = ORIENTED_EDGE ( 'NONE', *, *, #4169, .F. ) ;
#1445 = FACE_OUTER_BOUND ( 'NONE', #3758, .T. ) ;
#1446 = CARTESIAN_POINT ( 'NONE',  ( 4.000000000000041744, 0.000000000000000000, 24.59999999999999432 ) ) ;
#1447 = LINE ( 'NONE', #936, #1364 ) ;
#1448 = CONICAL_SURFACE ( 'NONE', #2463, 3.855270839527026094, 0.7077310116836955656 ) ;
#1449 = DIRECTION ( 'NONE',  ( -1.000000000000000000, 0.000000000000000000, 7.767418549149774956E-16 ) ) ;
#1450 = EDGE_LOOP ( 'NONE', ( #1963, #2896, #4132, #5934 ) ) ;
#1451 = CARTESIAN_POINT ( 'NONE',  ( -3.249999999999944933, 0.000000000000000000, 47.64998447769145429 ) ) ;
#1452 = EDGE_LOOP ( 'NONE', ( #4738, #5684, #5384, #4647 ) ) ;
#1453 = EDGE_CURVE ( 'NONE', #4163, #5558, #4069, .T. ) ;
#1454 = ORIENTED_EDGE ( 'NONE', *, *, #5254, .F. ) ;
#1455 = CONICAL_SURFACE ( 'NONE', #2470, 3.799999999999998046, 0.7853809166853964463 ) ;
#1456 = VECTOR ( 'NONE', #1500, 1000.000000000000000 ) ;
#1457 = FACE_OUTER_BOUND ( 'NONE', #2274, .T. ) ;
#1458 = DIRECTION ( 'NONE',  ( -7.906742672516238979E-16, -0.000000000000000000, -1.000000000000000000 ) ) ;
#1459 = EDGE_CURVE ( 'NONE', #2955, #3490, #921, .T. ) ;
#1460 = ORIENTED_EDGE ( 'NONE', *, *, #3463, .T. ) ;
#1461 = AXIS2_PLACEMENT_3D ( 'NONE', #5126, #2279, #790 ) ;
#1462 = CARTESIAN_POINT ( 'NONE',  ( -4.049999999999996270, 0.000000000000000000, 9.396598169499688069 ) ) ;
#1463 = DIRECTION ( 'NONE',  ( 0.6501113803420622839, 0.000000000000000000, 0.7598389257926567719 ) ) ;
#1464 = DIRECTION ( 'NONE',  ( -1.000000000000000000, 0.000000000000000000, 7.767418549149793692E-16 ) ) ;
#1465 = LINE ( 'NONE', #3429, #1147 ) ;
#1466 = CARTESIAN_POINT ( 'NONE',  ( 0.1000000000000037248, 0.000000000000000000, -5.000000000000000000 ) ) ;
#1467 = ORIENTED_EDGE ( 'NONE', *, *, #5193, .F. ) ;
#1468 = VERTEX_POINT ( 'NONE', #298 ) ;
#1469 = ORIENTED_EDGE ( 'NONE', *, *, #1484, .F. ) ;
#1470 = VECTOR ( 'NONE', #2569, 1000.000000000000000 ) ;
#1471 = DIRECTION ( 'NONE',  ( 0.6387678175155877547, 7.822649631188057247E-17, -0.7693995550469032718 ) ) ;
#1472 = EDGE_CURVE ( 'NONE', #1672, #816, #2735, .T. ) ;
#1473 = LINE ( 'NONE', #5845, #143 ) ;
#1474 = ORIENTED_EDGE ( 'NONE', *, *, #5150, .T. ) ;
#1475 = DIRECTION ( 'NONE',  ( -7.906742672516238979E-16, -0.000000000000000000, -1.000000000000000000 ) ) ;
#1476 = EDGE_LOOP ( 'NONE', ( #5200, #4535, #4099, #1097 ) ) ;
#1477 = VERTEX_POINT ( 'NONE', #4662 ) ;
#1478 = DIRECTION ( 'NONE',  ( 0.6387678175155895310, 7.822649631188080666E-17, -0.7693995550469017175 ) ) ;
#1479 = AXIS2_PLACEMENT_3D ( 'NONE', #3428, #3905, #5736 ) ;
#1480 = CARTESIAN_POINT ( 'NONE',  ( 0.1000000000000037248, 0.000000000000000000, -5.000000000000000000 ) ) ;
#1481 = CARTESIAN_POINT ( 'NONE',  ( -3.699999999999966871, 0.000000000000000000, 44.65000000000000568 ) ) ;
#1482 = ADVANCED_FACE ( 'NONE', ( #1724 ), #1537, .T. ) ;
#1483 = LINE ( 'NONE', #1351, #5984 ) ;
#1484 = EDGE_CURVE ( 'NONE', #4698, #109, #3044, .T. ) ;
#1485 = EDGE_LOOP ( 'NONE', ( #5597, #6029, #3289, #5974 ) ) ;
#1486 = CONICAL_SURFACE ( 'NONE', #3499, 3.799999999999929212, 0.7853809166853968904 ) ;
#1487 = LINE ( 'NONE', #246, #5057 ) ;
#1488 = EDGE_LOOP ( 'NONE', ( #2743, #778, #5330, #1991 ) ) ;
#1489 = ORIENTED_EDGE ( 'NONE', *, *, #2844, .T. ) ;
#1490 = FACE_OUTER_BOUND ( 'NONE', #2712, .T. ) ;
#1491 = VECTOR ( 'NONE', #4780, 1000.000000000000000 ) ;
#1492 = EDGE_CURVE ( 'NONE', #5201, #109, #2373, .T. ) ;
#1493 = ORIENTED_EDGE ( 'NONE', *, *, #4898, .T. ) ;
#1494 = CARTESIAN_POINT ( 'NONE',  ( -3.250000000000034639, 0.000000000000000000, -4.999999999999997335 ) ) ;
#1495 = DIRECTION ( 'NONE',  ( -7.906742672516238979E-16, -0.000000000000000000, -1.000000000000000000 ) ) ;
#1496 = PRODUCT_DEFINITION_CONTEXT ( 'detailed design', #2893, 'design' ) ;
#1497 = DIRECTION ( 'NONE',  ( -7.906742672516238979E-16, -0.000000000000000000, -1.000000000000000000 ) ) ;
#1498 = FACE_OUTER_BOUND ( 'NONE', #2094, .T. ) ;
#1499 = EDGE_CURVE ( 'NONE', #5675, #3942, #1932, .T. ) ;
#1500 = DIRECTION ( 'NONE',  ( -7.906742672516238979E-16, -0.000000000000000000, -1.000000000000000000 ) ) ;
#1501 = ORIENTED_EDGE ( 'NONE', *, *, #5600, .T. ) ;
#1502 = EDGE_LOOP ( 'NONE', ( #5230, #996, #5281, #206 ) ) ;
#1503 = EDGE_LOOP ( 'NONE', ( #439, #2069, #31, #4354 ) ) ;
#1504 = AXIS2_PLACEMENT_3D ( 'NONE', #5116, #1256, #5083 ) ;
#1505 = ADVANCED_FACE ( 'NONE', ( #4779 ), #267, .T. ) ;
#1506 = EDGE_CURVE ( 'NONE', #1910, #925, #2260, .T. ) ;
#1507 = CYLINDRICAL_SURFACE ( 'NONE', #4179, 3.350000000000012079 ) ;
#1508 = CONICAL_SURFACE ( 'NONE', #1708, 3.800000000000035794, 0.7853809166853983337 ) ;
#1509 = CONICAL_SURFACE ( 'NONE', #1514, 3.899999999999725464, 0.7286749627076346547 ) ;
#1510 = CARTESIAN_POINT ( 'NONE',  ( 3.900000000000082512, 0.000000000000000000, 37.29999999999999716 ) ) ;
#1511 = ORIENTED_EDGE ( 'NONE', *, *, #497, .F. ) ;
#1512 = ORIENTED_EDGE ( 'NONE', *, *, #285, .T. ) ;
#1513 = DIRECTION ( 'NONE',  ( -1.000000000000000000, 0.000000000000000000, 0.000000000000000000 ) ) ;
#1514 = AXIS2_PLACEMENT_3D ( 'NONE', #1370, #5234, #895 ) ;
#1515 = DIRECTION ( 'NONE',  ( -1.000000000000000000, 0.000000000000000000, 6.847592668329402458E-16 ) ) ;
#1516 = FACE_OUTER_BOUND ( 'NONE', #5871, .T. ) ;
#1517 = CARTESIAN_POINT ( 'NONE',  ( 0.1000000000000352829, 0.000000000000000000, 34.89999999999999858 ) ) ;
#1518 = DIRECTION ( 'NONE',  ( 7.906742672516238979E-16, 0.000000000000000000, 1.000000000000000000 ) ) ;
#1519 = EDGE_LOOP ( 'NONE', ( #2482, #1474, #4178, #1469 ) ) ;
#1520 = AXIS2_PLACEMENT_3D ( 'NONE', #3991, #4433, #5918 ) ;
#1521 = ORIENTED_EDGE ( 'NONE', *, *, #2315, .T. ) ;
#1522 = EDGE_CURVE ( 'NONE', #386, #1313, #3151, .T. ) ;
#1523 = CARTESIAN_POINT ( 'NONE',  ( 0.1000000000000344502, 0.000000000000000000, 33.85000000000000853 ) ) ;
#1524 = DIRECTION ( 'NONE',  ( -7.906742672516238979E-16, -0.000000000000000000, -1.000000000000000000 ) ) ;
#1525 = CIRCLE ( 'NONE', #6057, 3.350000000000028066 ) ;
#1526 = ORIENTED_EDGE ( 'NONE', *, *, #1599, .F. ) ;
#1527 = DIRECTION ( 'NONE',  ( -0.7070945858143384832, 8.659411212119537029E-17, 0.7071189763484283519 ) ) ;
#1528 = AXIS2_PLACEMENT_3D ( 'NONE', #2020, #3477, #30 ) ;
#1529 = CARTESIAN_POINT ( 'NONE',  ( 0.1000000000000037248, 0.000000000000000000, -5.000000000000000000 ) ) ;
#1530 = EDGE_CURVE ( 'NONE', #5439, #2437, #483, .T. ) ;
#1531 = DIRECTION ( 'NONE',  ( -7.906742672516238979E-16, -0.000000000000000000, -1.000000000000000000 ) ) ;
#1532 = DIRECTION ( 'NONE',  ( 7.906742672516238979E-16, 0.000000000000000000, 1.000000000000000000 ) ) ;
#1533 = AXIS2_PLACEMENT_3D ( 'NONE', #3308, #309, #5207 ) ;
#1534 = DIRECTION ( 'NONE',  ( -7.906742672516238979E-16, -0.000000000000000000, -1.000000000000000000 ) ) ;
#1535 = EDGE_LOOP ( 'NONE', ( #1246, #4769, #315, #5654 ) ) ;
#1536 = VERTEX_POINT ( 'NONE', #6054 ) ;
#1537 = CONICAL_SURFACE ( 'NONE', #3752, 3.800000000000039346, 0.6928957130417415788 ) ;
#1538 = EDGE_CURVE ( 'NONE', #2423, #1477, #9, .T. ) ;
#1539 = ADVANCED_FACE ( 'NONE', ( #3966 ), #5066, .T. ) ;
#1540 = FACE_OUTER_BOUND ( 'NONE', #4146, .T. ) ;
#1541 = EDGE_LOOP ( 'NONE', ( #1793, #656, #3078, #2229 ) ) ;
#1542 = ORIENTED_EDGE ( 'NONE', *, *, #3620, .T. ) ;
#1543 = ADVANCED_FACE ( 'NONE', ( #3516 ), #1736, .T. ) ;
#1544 = CARTESIAN_POINT ( 'NONE',  ( 3.900000000000060307, 0.000000000000000000, 43.29999999999999716 ) ) ;
#1545 = CARTESIAN_POINT ( 'NONE',  ( 0.1000000000000386691, 0.000000000000000000, 39.19202761985992822 ) ) ;
#1546 = FACE_OUTER_BOUND ( 'NONE', #643, .T. ) ;
#1547 = CYLINDRICAL_SURFACE ( 'NONE', #3565, 3.350000000000046274 ) ;
#1548 = LINE ( 'NONE', #1922, #2633 ) ;
#1549 = VERTEX_POINT ( 'NONE', #2443 ) ;
#1550 = ORIENTED_EDGE ( 'NONE', *, *, #2175, .T. ) ;
#1551 = DIRECTION ( 'NONE',  ( 1.000000000000000000, 0.000000000000000000, -8.896017825522034365E-16 ) ) ;
#1552 = AXIS2_PLACEMENT_3D ( 'NONE', #3153, #5078, #3686 ) ;
#1553 = ORIENTED_EDGE ( 'NONE', *, *, #575, .T. ) ;
#1554 = CARTESIAN_POINT ( 'NONE',  ( 0.1000000000000358241, 0.000000000000000000, 35.59202761985994101 ) ) ;
#1555 = AXIS2_PLACEMENT_3D ( 'NONE', #4878, #4031, #1558 ) ;
#1556 = CARTESIAN_POINT ( 'NONE',  ( 0.1000000000000281636, 0.000000000000000000, 25.91073486191403674 ) ) ;
#1557 = CARTESIAN_POINT ( 'NONE',  ( 0.1000000000000182687, 0.000000000000000000, 13.39999999999999503 ) ) ;
#1558 = DIRECTION ( 'NONE',  ( -1.000000000000000000, 0.000000000000000000, 7.767418549149884411E-16 ) ) ;
#1559 = CARTESIAN_POINT ( 'NONE',  ( 3.450000000000029488, 4.378112306951764586E-16, 48.79202761985992964 ) ) ;
#1560 = EDGE_CURVE ( 'NONE', #4084, #964, #324, .T. ) ;
#1561 = EDGE_CURVE ( 'NONE', #5798, #418, #2913, .T. ) ;
#1562 = ORIENTED_EDGE ( 'NONE', *, *, #2657, .F. ) ;
#1563 = ORIENTED_EDGE ( 'NONE', *, *, #4060, .F. ) ;
#1564 = DIRECTION ( 'NONE',  ( -7.906742672516238979E-16, -0.000000000000000000, -1.000000000000000000 ) ) ;
#1565 = CARTESIAN_POINT ( 'NONE',  ( 0.1000000000000396128, 0.000000000000000000, 40.39202761985993106 ) ) ;
#1566 = ORIENTED_EDGE ( 'NONE', *, *, #3921, .F. ) ;
#1567 = DIRECTION ( 'NONE',  ( -1.000000000000000000, 0.000000000000000000, 1.035655806553309836E-15 ) ) ;
#1568 = EDGE_CURVE ( 'NONE', #5439, #5775, #123, .T. ) ;
#1569 = ADVANCED_FACE ( 'NONE', ( #104 ), #5357, .T. ) ;
#1570 = CYLINDRICAL_SURFACE ( 'NONE', #1626, 3.749999999999902300 ) ;
#1571 = CARTESIAN_POINT ( 'NONE',  ( 0.1000000000000307032, 0.000000000000000000, 29.11750020867199851 ) ) ;
#1572 = CARTESIAN_POINT ( 'NONE',  ( -3.799999999999720046, 0.000000000000000000, -4.999999999999996447 ) ) ;
#1573 = ADVANCED_FACE ( 'NONE', ( #4904 ), #3486, .T. ) ;
#1574 = DIRECTION ( 'NONE',  ( -7.906742672516238979E-16, -0.000000000000000000, -1.000000000000000000 ) ) ;
#1575 = ORIENTED_EDGE ( 'NONE', *, *, #930, .T. ) ;
#1576 = ORIENTED_EDGE ( 'NONE', *, *, #497, .T. ) ;
#1577 = CIRCLE ( 'NONE', #2986, 3.800000000000064659 ) ;
#1578 = CARTESIAN_POINT ( 'NONE',  ( 0.1000000000000428740, 0.000000000000000000, 44.50000000000000000 ) ) ;
#1579 = ADVANCED_FACE ( 'NONE', ( #4841 ), #1074, .T. ) ;
#1580 = EDGE_CURVE ( 'NONE', #2468, #3031, #4437, .T. ) ;
#1581 = CARTESIAN_POINT ( 'NONE',  ( 0.1000000000000256933, 0.000000000000000000, 22.76622293754998694 ) ) ;
#1582 = VECTOR ( 'NONE', #5511, 1000.000000000000000 ) ;
#1583 = VERTEX_POINT ( 'NONE', #605 ) ;
#1584 = CARTESIAN_POINT ( 'NONE',  ( 3.900000000000086509, 0.000000000000000000, 33.70000000000000284 ) ) ;
#1585 = CARTESIAN_POINT ( 'NONE',  ( 0.1000000000000396683, 0.000000000000000000, 40.44998447769145145 ) ) ;
#1586 = CARTESIAN_POINT ( 'NONE',  ( 3.899999999999996358, 0.000000000000000000, 50.49999999999999289 ) ) ;
#1587 = AXIS2_PLACEMENT_3D ( 'NONE', #3870, #486, #2948 ) ;
#1588 = LINE ( 'NONE', #990, #5953 ) ;
#1589 = DIRECTION ( 'NONE',  ( -1.000000000000000000, 0.000000000000000000, 9.130123557772514260E-16 ) ) ;
#1590 = CARTESIAN_POINT ( 'NONE',  ( -3.249999999999954259, 0.000000000000000000, -4.999999999999997335 ) ) ;
#1591 = VERTEX_POINT ( 'NONE', #75 ) ;
#1592 = ORIENTED_EDGE ( 'NONE', *, *, #3475, .F. ) ;
#1593 = DIRECTION ( 'NONE',  ( -7.906742672516238979E-16, -0.000000000000000000, -1.000000000000000000 ) ) ;
#1594 = CONICAL_SURFACE ( 'NONE', #3517, 3.855270839527026094, 0.2583087292951870562 ) ;
#1595 = DIRECTION ( 'NONE',  ( 1.000000000000000000, 0.000000000000000000, 0.000000000000000000 ) ) ;
#1596 = VERTEX_POINT ( 'NONE', #3004 ) ;
#1597 = VECTOR ( 'NONE', #3534, 1000.000000000000114 ) ;
#1598 = DIRECTION ( 'NONE',  ( -7.906742672516238979E-16, -0.000000000000000000, -1.000000000000000000 ) ) ;
#1599 = EDGE_CURVE ( 'NONE', #5439, #4869, #2538, .T. ) ;
#1600 = DIRECTION ( 'NONE',  ( -7.906742672516238979E-16, -0.000000000000000000, -1.000000000000000000 ) ) ;
#1601 = CARTESIAN_POINT ( 'NONE',  ( 0.1000000000000037248, 0.000000000000000000, -5.000000000000000000 ) ) ;
#1602 = LINE ( 'NONE', #5462, #1270 ) ;
#1603 = VECTOR ( 'NONE', #2825, 1000.000000000000114 ) ;
#1604 = CARTESIAN_POINT ( 'NONE',  ( 0.1000000000000037248, 0.000000000000000000, -5.000000000000000000 ) ) ;
#1605 = CARTESIAN_POINT ( 'NONE',  ( -3.250000000000020428, 0.000000000000000000, 36.79202761985992964 ) ) ;
#1606 = ORIENTED_EDGE ( 'NONE', *, *, #2882, .T. ) ;
#1607 = AXIS2_PLACEMENT_3D ( 'NONE', #950, #3259, #5191 ) ;
#1608 = ORIENTED_EDGE ( 'NONE', *, *, #5320, .F. ) ;
#1609 = CIRCLE ( 'NONE', #6261, 3.899999999999722800 ) ;
#1610 = DIRECTION ( 'NONE',  ( -7.906742672516238979E-16, -0.000000000000000000, -1.000000000000000000 ) ) ;
#1611 = DIRECTION ( 'NONE',  ( -7.906742672516238979E-16, -0.000000000000000000, -1.000000000000000000 ) ) ;
#1612 = CIRCLE ( 'NONE', #2623, 3.800000000000045564 ) ;
#1613 = AXIS2_PLACEMENT_3D ( 'NONE', #4046, #5375, #3018 ) ;
#1614 = VECTOR ( 'NONE', #5319, 1000.000000000000000 ) ;
#1615 = ORIENTED_EDGE ( 'NONE', *, *, #5271, .T. ) ;
#1616 = DIRECTION ( 'NONE',  ( -1.000000000000000000, 0.000000000000000000, 0.000000000000000000 ) ) ;
#1617 = ADVANCED_FACE ( 'NONE', ( #1016 ), #1997, .T. ) ;
#1618 = EDGE_CURVE ( 'NONE', #5172, #5675, #4934, .T. ) ;
#1619 = CARTESIAN_POINT ( 'NONE',  ( 0.1000000000000324379, 0.000000000000000000, 31.30000000000000071 ) ) ;
#1620 = VECTOR ( 'NONE', #5275, 1000.000000000000000 ) ;
#1621 = DIRECTION ( 'NONE',  ( -7.906742672516238979E-16, -0.000000000000000000, -1.000000000000000000 ) ) ;
#1622 = AXIS2_PLACEMENT_3D ( 'NONE', #1247, #5139, #6119 ) ;
#1623 = DIRECTION ( 'NONE',  ( -1.000000000000000000, 0.000000000000000000, 8.896017825522716730E-16 ) ) ;
#1624 = CARTESIAN_POINT ( 'NONE',  ( -3.799999999999716938, 0.000000000000000000, 15.15000000000000036 ) ) ;
#1625 = DIRECTION ( 'NONE',  ( 7.906742672516238979E-16, 0.000000000000000000, 1.000000000000000000 ) ) ;
#1626 = AXIS2_PLACEMENT_3D ( 'NONE', #1601, #1090, #3020 ) ;
#1627 = ORIENTED_EDGE ( 'NONE', *, *, #5333, .F. ) ;
#1628 = CARTESIAN_POINT ( 'NONE',  ( -3.700000000000020606, 4.653657836760009783E-16, 33.70000000000000284 ) ) ;
#1629 = AXIS2_PLACEMENT_3D ( 'NONE', #4197, #425, #6153 ) ;
#1630 = DIRECTION ( 'NONE',  ( 1.000000000000000000, 0.000000000000000000, -8.896017825522720674E-16 ) ) ;
#1631 = VERTEX_POINT ( 'NONE', #4467 ) ;
#1632 = CARTESIAN_POINT ( 'NONE',  ( 3.900000000000075406, 0.000000000000000000, 39.69999999999999574 ) ) ;
#1633 = ORIENTED_EDGE ( 'NONE', *, *, #3312, .F. ) ;
#1634 = VERTEX_POINT ( 'NONE', #518 ) ;
#1635 = CARTESIAN_POINT ( 'NONE',  ( -3.649999999999882672, 0.000000000000000000, 11.57874079730330052 ) ) ;
#1636 = CARTESIAN_POINT ( 'NONE',  ( -3.700000000000011280, 4.653657836760001894E-16, 37.29999999999999716 ) ) ;
#1637 = AXIS2_PLACEMENT_3D ( 'NONE', #4191, #1428, #449 ) ;
#1638 = DIRECTION ( 'NONE',  ( -7.906742672516238979E-16, -0.000000000000000000, -1.000000000000000000 ) ) ;
#1639 = CARTESIAN_POINT ( 'NONE',  ( -3.699999999999891820, 0.000000000000000000, 51.85000000000000142 ) ) ;
#1640 = EDGE_CURVE ( 'NONE', #403, #5558, #3284, .T. ) ;
#1641 = LINE ( 'NONE', #3573, #718 ) ;
#1642 = EDGE_LOOP ( 'NONE', ( #2907, #1501, #2573, #247 ) ) ;
#1643 = ORIENTED_EDGE ( 'NONE', *, *, #4593, .T. ) ;
#1644 = DIRECTION ( 'NONE',  ( -7.906742672516238979E-16, -0.000000000000000000, -1.000000000000000000 ) ) ;
#1645 = ORIENTED_EDGE ( 'NONE', *, *, #5633, .F. ) ;
#1646 = FACE_OUTER_BOUND ( 'NONE', #3184, .T. ) ;
#1647 = VECTOR ( 'NONE', #4682, 1000.000000000000000 ) ;
#1648 = AXIS2_PLACEMENT_3D ( 'NONE', #2614, #776, #4545 ) ;
#1649 = DIRECTION ( 'NONE',  ( -7.906742672516238979E-16, -0.000000000000000000, -1.000000000000000000 ) ) ;
#1650 = FACE_OUTER_BOUND ( 'NONE', #1056, .T. ) ;
#1651 = EDGE_CURVE ( 'NONE', #1900, #2325, #6192, .T. ) ;
#1652 = EDGE_CURVE ( 'NONE', #219, #816, #3755, .T. ) ;
#1653 = CARTESIAN_POINT ( 'NONE',  ( 0.1000000000000037248, 0.000000000000000000, -5.000000000000000000 ) ) ;
#1654 = VECTOR ( 'NONE', #1689, 1000.000000000000227 ) ;
#1655 = FACE_OUTER_BOUND ( 'NONE', #2988, .T. ) ;
#1656 = LINE ( 'NONE', #2668, #4948 ) ;
#1657 = EDGE_LOOP ( 'NONE', ( #6251, #6161, #2650, #2516 ) ) ;
#1658 = CARTESIAN_POINT ( 'NONE',  ( 0.1000000000000267480, 0.000000000000000000, 24.09843413574445137 ) ) ;
#1659 = AXIS2_PLACEMENT_3D ( 'NONE', #2283, #3740, #2881 ) ;
#1660 = CIRCLE ( 'NONE', #5905, 3.800000000000021139 ) ;
#1661 = EDGE_CURVE ( 'NONE', #1273, #4163, #1002, .T. ) ;
#1662 = FACE_OUTER_BOUND ( 'NONE', #2772, .T. ) ;
#1663 = CYLINDRICAL_SURFACE ( 'NONE', #41, 3.800000000000035794 ) ;
#1664 = EDGE_LOOP ( 'NONE', ( #4327, #4895, #5989, #3696 ) ) ;
#1665 = FACE_OUTER_BOUND ( 'NONE', #1368, .T. ) ;
#1666 = ORIENTED_EDGE ( 'NONE', *, *, #2405, .T. ) ;
#1667 = ORIENTED_EDGE ( 'NONE', *, *, #3475, .T. ) ;
#1668 = DIRECTION ( 'NONE',  ( -7.906742672516238979E-16, -0.000000000000000000, -1.000000000000000000 ) ) ;
#1669 = FACE_OUTER_BOUND ( 'NONE', #529, .T. ) ;
#1670 = CYLINDRICAL_SURFACE ( 'NONE', #427, 3.349999999999991651 ) ;
#1671 = DIRECTION ( 'NONE',  ( -0.6658816660008338717, 0.000000000000000000, -0.7460573750616998900 ) ) ;
#1672 = VERTEX_POINT ( 'NONE', #2835 ) ;
#1673 = VERTEX_POINT ( 'NONE', #368 ) ;
#1674 = CARTESIAN_POINT ( 'NONE',  ( 0.1000000000000434153, 0.000000000000000000, 45.19202761985993533 ) ) ;
#1675 = AXIS2_PLACEMENT_3D ( 'NONE', #2724, #3617, #2631 ) ;
#1676 = EDGE_CURVE ( 'NONE', #6197, #87, #1483, .T. ) ;
#1677 = EDGE_CURVE ( 'NONE', #1631, #1057, #4768, .T. ) ;
#1678 = EDGE_LOOP ( 'NONE', ( #2931, #4003, #660, #3431 ) ) ;
#1679 = AXIS2_PLACEMENT_3D ( 'NONE', #1700, #5109, #5616 ) ;
#1680 = CARTESIAN_POINT ( 'NONE',  ( -3.700000000000038369, 0.000000000000000000, -4.999999999999997335 ) ) ;
#1681 = DIRECTION ( 'NONE',  ( -7.906742672516238979E-16, -0.000000000000000000, -1.000000000000000000 ) ) ;
#1682 = DIRECTION ( 'NONE',  ( -7.906742672516238979E-16, -0.000000000000000000, -1.000000000000000000 ) ) ;
#1683 = VECTOR ( 'NONE', #1269, 1000.000000000000114 ) ;
#1684 = LINE ( 'NONE', #5002, #5003 ) ;
#1685 = LINE ( 'NONE', #1624, #3382 ) ;
#1686 = ORIENTED_EDGE ( 'NONE', *, *, #255, .T. ) ;
#1687 = VECTOR ( 'NONE', #2088, 1000.000000000000114 ) ;
#1688 = DIRECTION ( 'NONE',  ( -1.000000000000000000, 0.000000000000000000, 0.000000000000000000 ) ) ;
#1689 = DIRECTION ( 'NONE',  ( -0.6129070536529753754, 7.505946614309520046E-17, 0.7901550123756911903 ) ) ;
#1690 = VECTOR ( 'NONE', #1009, 1000.000000000000000 ) ;
#1691 = DIRECTION ( 'NONE',  ( -1.000000000000000000, 0.000000000000000000, 0.000000000000000000 ) ) ;
#1692 = ORIENTED_EDGE ( 'NONE', *, *, #2782, .T. ) ;
#1693 = FACE_OUTER_BOUND ( 'NONE', #2588, .T. ) ;
#1694 = VERTEX_POINT ( 'NONE', #1953 ) ;
#1695 = EDGE_CURVE ( 'NONE', #1477, #3574, #5575, .T. ) ;
#1696 = ORIENTED_EDGE ( 'NONE', *, *, #3278, .T. ) ;
#1697 = ADVANCED_FACE ( 'NONE', ( #3415 ), #875, .T. ) ;
#1698 = AXIS2_PLACEMENT_3D ( 'NONE', #2529, #3060, #2051 ) ;
#1699 = DIRECTION ( 'NONE',  ( 0.7070945858143398155, 0.000000000000000000, 0.7071189763484270197 ) ) ;
#1700 = CARTESIAN_POINT ( 'NONE',  ( 0.1000000000000037248, 0.000000000000000000, -5.000000000000000000 ) ) ;
#1701 = DIRECTION ( 'NONE',  ( -1.000000000000000000, 0.000000000000000000, 0.000000000000000000 ) ) ;
#1702 = LINE ( 'NONE', #2557, #1317 ) ;
#1703 = ORIENTED_EDGE ( 'NONE', *, *, #5271, .F. ) ;
#1704 = ADVANCED_FACE ( 'NONE', ( #4797 ), #4073, .T. ) ;
#1705 = ORIENTED_EDGE ( 'NONE', *, *, #775, .T. ) ;
#1706 = DIRECTION ( 'NONE',  ( -1.000000000000000000, 0.000000000000000000, 0.000000000000000000 ) ) ;
#1707 = VERTEX_POINT ( 'NONE', #6158 ) ;
#1708 = AXIS2_PLACEMENT_3D ( 'NONE', #2157, #762, #2695 ) ;
#1709 = LINE ( 'NONE', #160, #4140 ) ;
#1710 = CIRCLE ( 'NONE', #1298, 3.899999999999725908 ) ;
#1711 = EDGE_CURVE ( 'NONE', #877, #1345, #1936, .T. ) ;
#1712 = FACE_OUTER_BOUND ( 'NONE', #525, .T. ) ;
#1713 = DIRECTION ( 'NONE',  ( -7.906742672516238979E-16, -0.000000000000000000, -1.000000000000000000 ) ) ;
#1714 = AXIS2_PLACEMENT_3D ( 'NONE', #3611, #2656, #6011 ) ;
#1715 = CARTESIAN_POINT ( 'NONE',  ( -3.249999999999940492, 0.000000000000000000, -4.999999999999997335 ) ) ;
#1716 = CARTESIAN_POINT ( 'NONE',  ( 0.1000000000000181299, 0.000000000000000000, 13.19999999999999218 ) ) ;
#1717 = CARTESIAN_POINT ( 'NONE',  ( 0.1000000000000037248, 0.000000000000000000, -5.000000000000000000 ) ) ;
#1718 = EDGE_CURVE ( 'NONE', #4224, #1285, #1414, .T. ) ;
#1719 = DIRECTION ( 'NONE',  ( 1.000000000000000000, 0.000000000000000000, -8.896017825522712785E-16 ) ) ;
#1720 = LINE ( 'NONE', #232, #1952 ) ;
#1721 = AXIS2_PLACEMENT_3D ( 'NONE', #4517, #5496, #4961 ) ;
#1722 = DIRECTION ( 'NONE',  ( -7.906742672516238979E-16, -0.000000000000000000, -1.000000000000000000 ) ) ;
#1723 = EDGE_LOOP ( 'NONE', ( #5856, #4177, #2337, #614 ) ) ;
#1724 = FACE_OUTER_BOUND ( 'NONE', #1374, .T. ) ;
#1725 = ORIENTED_EDGE ( 'NONE', *, *, #6098, .F. ) ;
#1726 = EDGE_LOOP ( 'NONE', ( #674, #2803, #5407, #5467 ) ) ;
#1727 = AXIS2_PLACEMENT_3D ( 'NONE', #2586, #2649, #3122 ) ;
#1728 = DIRECTION ( 'NONE',  ( -7.906742672516238979E-16, -0.000000000000000000, -1.000000000000000000 ) ) ;
#1729 = ADVANCED_FACE ( 'NONE', ( #1381 ), #3892, .T. ) ;
#1730 = CARTESIAN_POINT ( 'NONE',  ( 0.1000000000000259570, 0.000000000000000000, 23.10944819064918576 ) ) ;
#1731 = EDGE_CURVE ( 'NONE', #5470, #4869, #6224, .T. ) ;
#1732 = DIRECTION ( 'NONE',  ( -7.906742672516238979E-16, -0.000000000000000000, -1.000000000000000000 ) ) ;
#1733 = EDGE_CURVE ( 'NONE', #1921, #2237, #5756, .T. ) ;
#1734 = DIRECTION ( 'NONE',  ( -7.906742672516238979E-16, -0.000000000000000000, -1.000000000000000000 ) ) ;
#1735 = ORIENTED_EDGE ( 'NONE', *, *, #1652, .F. ) ;
#1736 = CONICAL_SURFACE ( 'NONE', #4966, 3.899999999999736566, 0.6597344572538564877 ) ;
#1737 = DIRECTION ( 'NONE',  ( 7.906742672516238979E-16, 0.000000000000000000, 1.000000000000000000 ) ) ;
#1738 = ORIENTED_EDGE ( 'NONE', *, *, #1499, .T. ) ;
#1739 = LINE ( 'NONE', #1680, #2419 ) ;
#1740 = ORIENTED_EDGE ( 'NONE', *, *, #2678, .F. ) ;
#1741 = CYLINDRICAL_SURFACE ( 'NONE', #2285, 3.350000000000064926 ) ;
#1742 = DIRECTION ( 'NONE',  ( -1.000000000000000000, 0.000000000000000000, 0.000000000000000000 ) ) ;
#1743 = LINE ( 'NONE', #3671, #159 ) ;
#1744 = FACE_OUTER_BOUND ( 'NONE', #4173, .T. ) ;
#1745 = ORIENTED_EDGE ( 'NONE', *, *, #1421, .F. ) ;
#1746 = DIRECTION ( 'NONE',  ( -7.906742672516238979E-16, -0.000000000000000000, -1.000000000000000000 ) ) ;
#1747 = EDGE_CURVE ( 'NONE', #219, #3484, #2393, .T. ) ;
#1748 = CYLINDRICAL_SURFACE ( 'NONE', #5584, 3.350000000000046274 ) ;
#1749 = ADVANCED_FACE ( 'NONE', ( #6256 ), #1918, .T. ) ;
#1750 = DIRECTION ( 'NONE',  ( -7.906742672516238979E-16, -0.000000000000000000, -1.000000000000000000 ) ) ;
#1751 = ORIENTED_EDGE ( 'NONE', *, *, #2857, .F. ) ;
#1752 = DIRECTION ( 'NONE',  ( -7.906742672516238979E-16, -0.000000000000000000, -1.000000000000000000 ) ) ;
#1753 = EDGE_LOOP ( 'NONE', ( #5741, #4814, #1686, #1433 ) ) ;
#1754 = CARTESIAN_POINT ( 'NONE',  ( -3.250000000000020428, 0.000000000000000000, 35.64998447769145429 ) ) ;
#1755 = DIRECTION ( 'NONE',  ( -7.906742672516238979E-16, -0.000000000000000000, -1.000000000000000000 ) ) ;
#1756 = CARTESIAN_POINT ( 'NONE',  ( -3.250000000000051514, 0.000000000000000000, -4.999999999999997335 ) ) ;
#1757 = AXIS2_PLACEMENT_3D ( 'NONE', #6077, #1142, #3137 ) ;
#1758 = CARTESIAN_POINT ( 'NONE',  ( 4.250000000000026645, 5.082284216461529948E-16, 9.396598169499680964 ) ) ;
#1759 = ORIENTED_EDGE ( 'NONE', *, *, #766, .T. ) ;
#1760 = ORIENTED_EDGE ( 'NONE', *, *, #2629, .F. ) ;
#1761 = CARTESIAN_POINT ( 'NONE',  ( 0.1000000000000210582, 0.000000000000000000, 16.89999999999999147 ) ) ;
#1762 = ORIENTED_EDGE ( 'NONE', *, *, #3525, .T. ) ;
#1763 = ORIENTED_EDGE ( 'NONE', *, *, #2600, .T. ) ;
#1764 = EDGE_LOOP ( 'NONE', ( #3310, #2559, #4396, #21 ) ) ;
#1765 = EDGE_CURVE ( 'NONE', #3490, #2955, #531, .T. ) ;
#1766 = CARTESIAN_POINT ( 'NONE',  ( -3.649999999999888889, 0.000000000000000000, 11.05000000000000071 ) ) ;
#1767 = CARTESIAN_POINT ( 'NONE',  ( 0.1000000000000354078, 0.000000000000000000, 35.05000000000000426 ) ) ;
#1768 = CARTESIAN_POINT ( 'NONE',  ( 3.450000000000095213, 4.102566777143709209E-16, 33.24998447769145571 ) ) ;
#1769 = AXIS2_PLACEMENT_3D ( 'NONE', #1653, #666, #2153 ) ;
#1770 = DIRECTION ( 'NONE',  ( -7.906742672516238979E-16, -0.000000000000000000, -1.000000000000000000 ) ) ;
#1771 = LINE ( 'NONE', #4684, #1198 ) ;
#1772 = EDGE_CURVE ( 'NONE', #1468, #2237, #2936, .T. ) ;
#1773 = DIRECTION ( 'NONE',  ( -1.000000000000000000, 0.000000000000000000, 7.767418549149731569E-16 ) ) ;
#1774 = VECTOR ( 'NONE', #623, 1000.000000000000000 ) ;
#1775 = CARTESIAN_POINT ( 'NONE',  ( 0.1000000000000037248, 0.000000000000000000, -5.000000000000000000 ) ) ;
#1776 = FACE_OUTER_BOUND ( 'NONE', #465, .T. ) ;
#1777 = CIRCLE ( 'NONE', #5325, 3.349999999999992539 ) ;
#1778 = ORIENTED_EDGE ( 'NONE', *, *, #1651, .T. ) ;
#1779 = CARTESIAN_POINT ( 'NONE',  ( -3.799999999999700062, 4.776122516674338076E-16, 18.45000000000000284 ) ) ;
#1780 = ORIENTED_EDGE ( 'NONE', *, *, #2169, .F. ) ;
#1781 = ORIENTED_EDGE ( 'NONE', *, *, #5648, .T. ) ;
#1782 = ADVANCED_FACE ( 'NONE', ( #2496 ), #1547, .T. ) ;
#1783 = FACE_OUTER_BOUND ( 'NONE', #1476, .T. ) ;
#1784 = AXIS2_PLACEMENT_3D ( 'NONE', #519, #1497, #4346 ) ;
#1785 = DIRECTION ( 'NONE',  ( -1.000000000000000000, 0.000000000000000000, 6.847592668329431054E-16 ) ) ;
#1786 = CIRCLE ( 'NONE', #1698, 3.349999999999944134 ) ;
#1787 = FACE_OUTER_BOUND ( 'NONE', #5880, .T. ) ;
#1788 = EDGE_CURVE ( 'NONE', #4718, #454, #2966, .T. ) ;
#1789 = VERTEX_POINT ( 'NONE', #5853 ) ;
#1790 = DIRECTION ( 'NONE',  ( -7.906742672516238979E-16, -0.000000000000000000, -1.000000000000000000 ) ) ;
#1791 = EDGE_LOOP ( 'NONE', ( #6100, #3662, #568, #2324 ) ) ;
#1792 = LINE ( 'NONE', #3287, #1011 ) ;
#1793 = ORIENTED_EDGE ( 'NONE', *, *, #3436, .F. ) ;
#1794 = ORIENTED_EDGE ( 'NONE', *, *, #2644, .T. ) ;
#1795 = CYLINDRICAL_SURFACE ( 'NONE', #4423, 3.900000000000019451 ) ;
#1796 = CARTESIAN_POINT ( 'NONE',  ( 0.1000000000000415140, 0.000000000000000000, 42.79202761985990122 ) ) ;
#1797 = EDGE_CURVE ( 'NONE', #1886, #3031, #5685, .T. ) ;
#1798 = AXIS2_PLACEMENT_3D ( 'NONE', #1437, #838, #3807 ) ;
#1799 = EDGE_CURVE ( 'NONE', #2296, #219, #4570, .T. ) ;
#1800 = DIRECTION ( 'NONE',  ( 7.906742672516238979E-16, 0.000000000000000000, 1.000000000000000000 ) ) ;
#1801 = CARTESIAN_POINT ( 'NONE',  ( -3.250000000000015099, 0.000000000000000000, 12.49094427251859152 ) ) ;
#1802 = AXIS2_PLACEMENT_3D ( 'NONE', #2055, #5322, #3455 ) ;
#1803 = CARTESIAN_POINT ( 'NONE',  ( 0.1000000000000208916, 0.000000000000000000, 16.69999999999999574 ) ) ;
#1804 = AXIS2_PLACEMENT_3D ( 'NONE', #4558, #5030, #4392 ) ;
#1805 = DIRECTION ( 'NONE',  ( 0.6387678175155998561, 7.822649631188206391E-17, -0.7693995550468931688 ) ) ;
#1806 = CYLINDRICAL_SURFACE ( 'NONE', #3067, 4.150000000000007461 ) ;
#1807 = AXIS2_PLACEMENT_3D ( 'NONE', #5154, #2273, #2718 ) ;
#1808 = EDGE_LOOP ( 'NONE', ( #140, #6144, #1400, #2543 ) ) ;
#1809 = CONICAL_SURFACE ( 'NONE', #2624, 3.899999999999704148, 0.6597344572538571539 ) ;
#1810 = ORIENTED_EDGE ( 'NONE', *, *, #433, .T. ) ;
#1811 = ORIENTED_EDGE ( 'NONE', *, *, #1228, .T. ) ;
#1812 = DIRECTION ( 'NONE',  ( -1.000000000000000000, 0.000000000000000000, 1.035655806553297411E-15 ) ) ;
#1813 = AXIS2_PLACEMENT_3D ( 'NONE', #6222, #1000, #4795 ) ;
#1814 = LINE ( 'NONE', #363, #5181 ) ;
#1815 = CONICAL_SURFACE ( 'NONE', #3030, 3.799999999999951861, 0.7853809166853968904 ) ;
#1816 = DIRECTION ( 'NONE',  ( -0.6501113803420611736, 7.961568210251734677E-17, 0.7598389257926576601 ) ) ;
#1817 = ORIENTED_EDGE ( 'NONE', *, *, #1839, .T. ) ;
#1818 = ORIENTED_EDGE ( 'NONE', *, *, #4978, .F. ) ;
#1819 = LINE ( 'NONE', #5820, #6040 ) ;
#1820 = DIRECTION ( 'NONE',  ( -1.000000000000000000, 0.000000000000000000, 0.000000000000000000 ) ) ;
#1821 = AXIS2_PLACEMENT_3D ( 'NONE', #2078, #5941, #1224 ) ;
#1822 = ADVANCED_FACE ( 'NONE', ( #3570 ), #2019, .T. ) ;
#1823 = CARTESIAN_POINT ( 'NONE',  ( -3.700000000000025047, 4.653657836760013727E-16, 32.50000000000000000 ) ) ;
#1824 = EDGE_LOOP ( 'NONE', ( #5586, #5456, #2998, #4566 ) ) ;
#1825 = CARTESIAN_POINT ( 'NONE',  ( 3.450000000000065903, 4.378112306951808959E-16, 45.19202761985993533 ) ) ;
#1826 = EDGE_LOOP ( 'NONE', ( #6028, #4753, #3270, #1935 ) ) ;
#1827 = AXIS2_PLACEMENT_3D ( 'NONE', #2164, #5424, #3563 ) ;
#1828 = ORIENTED_EDGE ( 'NONE', *, *, #954, .F. ) ;
#1829 = FACE_OUTER_BOUND ( 'NONE', #3176, .T. ) ;
#1830 = LINE ( 'NONE', #4615, #5647 ) ;
#1831 = VECTOR ( 'NONE', #3529, 1000.000000000000114 ) ;
#1832 = ORIENTED_EDGE ( 'NONE', *, *, #258, .T. ) ;
#1833 = DIRECTION ( 'NONE',  ( -7.906742672516238979E-16, -0.000000000000000000, -1.000000000000000000 ) ) ;
#1834 = CYLINDRICAL_SURFACE ( 'NONE', #1297, 3.800000000000033129 ) ;
#1835 = DIRECTION ( 'NONE',  ( -7.906742672516238979E-16, -0.000000000000000000, -1.000000000000000000 ) ) ;
#1836 = ADVANCED_FACE ( 'NONE', ( #2585 ), #2654, .T. ) ;
#1837 = EDGE_CURVE ( 'NONE', #2237, #785, #1333, .T. ) ;
#1838 = DIRECTION ( 'NONE',  ( 1.000000000000000000, 0.000000000000000000, 0.000000000000000000 ) ) ;
#1839 = EDGE_CURVE ( 'NONE', #1345, #1419, #3922, .T. ) ;
#1840 = LINE ( 'NONE', #6178, #848 ) ;
#1841 = ORIENTED_EDGE ( 'NONE', *, *, #2064, .F. ) ;
#1842 = ORIENTED_EDGE ( 'NONE', *, *, #1309, .T. ) ;
#1843 = ORIENTED_EDGE ( 'NONE', *, *, #2074, .T. ) ;
#1844 = CIRCLE ( 'NONE', #1461, 3.349999999999990319 ) ;
#1845 = ADVANCED_FACE ( 'NONE', ( #5378 ), #3476, .T. ) ;
#1846 = VECTOR ( 'NONE', #5649, 1000.000000000000114 ) ;
#1847 = DIRECTION ( 'NONE',  ( -1.000000000000000000, 0.000000000000000000, 6.847592668329426124E-16 ) ) ;
#1848 = DIRECTION ( 'NONE',  ( -1.000000000000000000, 0.000000000000000000, 0.000000000000000000 ) ) ;
#1849 = CIRCLE ( 'NONE', #3170, 3.800000000000033129 ) ;
#1850 = DIRECTION ( 'NONE',  ( -1.000000000000000000, 0.000000000000000000, 8.896017825522708841E-16 ) ) ;
#1851 = ORIENTED_EDGE ( 'NONE', *, *, #1067, .T. ) ;
#1852 = ORIENTED_EDGE ( 'NONE', *, *, #5401, .F. ) ;
#1853 = CARTESIAN_POINT ( 'NONE',  ( 3.900000000000081180, 4.653657836759994006E-16, 38.65000000000000568 ) ) ;
#1854 = AXIS2_PLACEMENT_3D ( 'NONE', #3006, #4470, #2447 ) ;
#1855 = LINE ( 'NONE', #905, #3843 ) ;
#1856 = DIRECTION ( 'NONE',  ( -0.6129070536529751534, 7.505946614309518813E-17, 0.7901550123756914124 ) ) ;
#1857 = ORIENTED_EDGE ( 'NONE', *, *, #1999, .T. ) ;
#1858 = DIRECTION ( 'NONE',  ( -1.000000000000000000, 0.000000000000000000, 8.896017825522758145E-16 ) ) ;
#1859 = ORIENTED_EDGE ( 'NONE', *, *, #2898, .F. ) ;
#1860 = VERTEX_POINT ( 'NONE', #1158 ) ;
#1861 = ADVANCED_FACE ( 'NONE', ( #3956 ), #229, .T. ) ;
#1862 = FACE_OUTER_BOUND ( 'NONE', #4388, .T. ) ;
#1863 = CARTESIAN_POINT ( 'NONE',  ( 3.450000000000091660, 4.378112306951855305E-16, 35.59202761985994101 ) ) ;
#1864 = FACE_OUTER_BOUND ( 'NONE', #5006, .T. ) ;
#1865 = DIRECTION ( 'NONE',  ( -1.000000000000000000, 0.000000000000000000, 8.896017825522797588E-16 ) ) ;
#1866 = FACE_OUTER_BOUND ( 'NONE', #709, .T. ) ;
#1867 = CIRCLE ( 'NONE', #3493, 3.350000000000026290 ) ;
#1868 = CARTESIAN_POINT ( 'NONE',  ( -3.700000000000057465, 0.000000000000000000, -4.999999999999997335 ) ) ;
#1869 = DIRECTION ( 'NONE',  ( -7.906742672516238979E-16, -0.000000000000000000, -1.000000000000000000 ) ) ;
#1870 = ORIENTED_EDGE ( 'NONE', *, *, #4133, .T. ) ;
#1871 = AXIS2_PLACEMENT_3D ( 'NONE', #1730, #5582, #272 ) ;
#1872 = ORIENTED_EDGE ( 'NONE', *, *, #3664, .F. ) ;
#1873 = ORIENTED_EDGE ( 'NONE', *, *, #2661, .T. ) ;
#1874 = DIRECTION ( 'NONE',  ( -1.000000000000000000, 0.000000000000000000, 0.000000000000000000 ) ) ;
#1875 = CONICAL_SURFACE ( 'NONE', #1071, 3.800000000000048672, 0.6928957130417434662 ) ;
#1876 = EDGE_CURVE ( 'NONE', #4434, #2035, #2249, .T. ) ;
#1877 = EDGE_CURVE ( 'NONE', #3162, #5844, #3465, .T. ) ;
#1878 = ORIENTED_EDGE ( 'NONE', *, *, #4082, .T. ) ;
#1879 = DIRECTION ( 'NONE',  ( -7.906742672516238979E-16, -0.000000000000000000, -1.000000000000000000 ) ) ;
#1880 = ORIENTED_EDGE ( 'NONE', *, *, #3216, .T. ) ;
#1881 = EDGE_LOOP ( 'NONE', ( #3409, #3025, #2333, #932 ) ) ;
#1882 = DIRECTION ( 'NONE',  ( -7.906742672516238979E-16, -0.000000000000000000, -1.000000000000000000 ) ) ;
#1883 = CARTESIAN_POINT ( 'NONE',  ( 3.449999999999972200, 4.102566777143594331E-16, -5.000000000000002665 ) ) ;
#1884 = LINE ( 'NONE', #431, #2685 ) ;
#1885 = DIRECTION ( 'NONE',  ( -1.000000000000000000, 0.000000000000000000, 0.000000000000000000 ) ) ;
#1886 = VERTEX_POINT ( 'NONE', #1639 ) ;
#1887 = DIRECTION ( 'NONE',  ( -1.000000000000000000, 0.000000000000000000, 8.896017825522032393E-16 ) ) ;
#1888 = EDGE_LOOP ( 'NONE', ( #5355, #3288, #344, #2350 ) ) ;
#1889 = ORIENTED_EDGE ( 'NONE', *, *, #2469, .T. ) ;
#1890 = DIRECTION ( 'NONE',  ( -7.906742672516238979E-16, -0.000000000000000000, -1.000000000000000000 ) ) ;
#1891 = VERTEX_POINT ( 'NONE', #566 ) ;
#1892 = FACE_OUTER_BOUND ( 'NONE', #4242, .T. ) ;
#1893 = EDGE_CURVE ( 'NONE', #23, #6209, #1128, .T. ) ;
#1894 = DIRECTION ( 'NONE',  ( -1.000000000000000000, 0.000000000000000000, 8.360113137237602287E-16 ) ) ;
#1895 = CARTESIAN_POINT ( 'NONE',  ( -3.700000000000000178, 0.000000000000000000, 39.85000000000000142 ) ) ;
#1896 = CARTESIAN_POINT ( 'NONE',  ( -3.700000000000051248, 0.000000000000000000, -4.999999999999997335 ) ) ;
#1897 = DIRECTION ( 'NONE',  ( -7.906742672516238979E-16, -0.000000000000000000, -1.000000000000000000 ) ) ;
#1898 = DIRECTION ( 'NONE',  ( -7.906742672516238979E-16, -0.000000000000000000, -1.000000000000000000 ) ) ;
#1899 = EDGE_CURVE ( 'NONE', #3462, #620, #1062, .T. ) ;
#1900 = VERTEX_POINT ( 'NONE', #125 ) ;
#1901 = AXIS2_PLACEMENT_3D ( 'NONE', #4746, #2877, #918 ) ;
#1902 = ORIENTED_EDGE ( 'NONE', *, *, #1336, .T. ) ;
#1903 = ORIENTED_EDGE ( 'NONE', *, *, #1837, .T. ) ;
#1904 = CARTESIAN_POINT ( 'NONE',  ( 3.450000000000044142, 4.102566777143664835E-16, 14.24094427251858619 ) ) ;
#1905 = CIRCLE ( 'NONE', #2016, 3.855270839527026094 ) ;
#1906 = LINE ( 'NONE', #5779, #6193 ) ;
#1907 = EDGE_CURVE ( 'NONE', #3589, #4371, #2046, .T. ) ;
#1908 = DIRECTION ( 'NONE',  ( -1.000000000000000000, 0.000000000000000000, 6.847592668329524732E-16 ) ) ;
#1909 = ORIENTED_EDGE ( 'NONE', *, *, #3512, .F. ) ;
#1910 = VERTEX_POINT ( 'NONE', #4016 ) ;
#1911 = CIRCLE ( 'NONE', #707, 3.350000000000045386 ) ;
#1912 = CIRCLE ( 'NONE', #3722, 3.349999999999970335 ) ;
#1913 = DIRECTION ( 'NONE',  ( -1.000000000000000000, 0.000000000000000000, 9.130123557772514260E-16 ) ) ;
#1914 = ADVANCED_FACE ( 'NONE', ( #624 ), #5791, .T. ) ;
#1915 = EDGE_CURVE ( 'NONE', #902, #4362, #1239, .T. ) ;
#1916 = DIRECTION ( 'NONE',  ( -1.000000000000000000, 0.000000000000000000, 8.896017825522698980E-16 ) ) ;
#1917 = FACE_OUTER_BOUND ( 'NONE', #2143, .T. ) ;
#1918 = CYLINDRICAL_SURFACE ( 'NONE', #4873, 3.350000000000046274 ) ;
#1919 = ADVANCED_FACE ( 'NONE', ( #2648 ), #6122, .T. ) ;
#1920 = CIRCLE ( 'NONE', #5367, 3.350000000000055600 ) ;
#1921 = VERTEX_POINT ( 'NONE', #5142 ) ;
#1922 = CARTESIAN_POINT ( 'NONE',  ( -3.700000000000016609, 0.000000000000000000, 35.05000000000000426 ) ) ;
#1923 = EDGE_LOOP ( 'NONE', ( #4822, #6065, #2823, #5485 ) ) ;
#1924 = ORIENTED_EDGE ( 'NONE', *, *, #5409, .F. ) ;
#1925 = AXIS2_PLACEMENT_3D ( 'NONE', #5396, #5269, #3377 ) ;
#1926 = DIRECTION ( 'NONE',  ( -1.000000000000000000, 0.000000000000000000, 0.000000000000000000 ) ) ;
#1927 = ORIENTED_EDGE ( 'NONE', *, *, #5589, .T. ) ;
#1928 = CARTESIAN_POINT ( 'NONE',  ( 0.1000000000000203365, 0.000000000000000000, 15.99094427251858797 ) ) ;
#1929 = CARTESIAN_POINT ( 'NONE',  ( 3.955270839527052384, 0.000000000000000000, 23.69999999999999574 ) ) ;
#1930 = CARTESIAN_POINT ( 'NONE',  ( 3.900000000000031886, 0.000000000000000000, 46.89999999999999858 ) ) ;
#1931 = EDGE_CURVE ( 'NONE', #2398, #2468, #4974, .T. ) ;
#1932 = CIRCLE ( 'NONE', #1326, 3.350000000000045386 ) ;
#1933 = CARTESIAN_POINT ( 'NONE',  ( -3.250000000000009770, 0.000000000000000000, 40.39202761985993106 ) ) ;
#1934 = CARTESIAN_POINT ( 'NONE',  ( 0.1000000000000250411, 0.000000000000000000, 21.94999999999999574 ) ) ;
#1935 = ORIENTED_EDGE ( 'NONE', *, *, #1939, .F. ) ;
#1936 = CIRCLE ( 'NONE', #2243, 3.899999999999725464 ) ;
#1937 = ORIENTED_EDGE ( 'NONE', *, *, #662, .F. ) ;
#1938 = EDGE_LOOP ( 'NONE', ( #4762, #1811, #2367, #5742 ) ) ;
#1939 = EDGE_CURVE ( 'NONE', #445, #2396, #4634, .T. ) ;
#1940 = CARTESIAN_POINT ( 'NONE',  ( 0.1000000000000217104, 0.000000000000000000, 17.74094427251858264 ) ) ;
#1941 = AXIS2_PLACEMENT_3D ( 'NONE', #2233, #1280, #1785 ) ;
#1942 = CARTESIAN_POINT ( 'NONE',  ( 3.449999999999947775, 4.102566777143565242E-16, -5.000000000000002665 ) ) ;
#1943 = ORIENTED_EDGE ( 'NONE', *, *, #4912, .F. ) ;
#1944 = DIRECTION ( 'NONE',  ( 1.000000000000000000, 0.000000000000000000, -7.906742672516238979E-16 ) ) ;
#1945 = VERTEX_POINT ( 'NONE', #2201 ) ;
#1946 = AXIS2_PLACEMENT_3D ( 'NONE', #4122, #4066, #3673 ) ;
#1947 = ORIENTED_EDGE ( 'NONE', *, *, #4760, .T. ) ;
#1948 = ADVANCED_FACE ( 'NONE', ( #6091 ), #1670, .T. ) ;
#1949 = CARTESIAN_POINT ( 'NONE',  ( -3.800000000000026912, 0.000000000000000000, -4.999999999999996447 ) ) ;
#1950 = FACE_OUTER_BOUND ( 'NONE', #4223, .T. ) ;
#1951 = DIRECTION ( 'NONE',  ( -7.906742672516238979E-16, -0.000000000000000000, -1.000000000000000000 ) ) ;
#1952 = VECTOR ( 'NONE', #3593, 1000.000000000000000 ) ;
#1953 = CARTESIAN_POINT ( 'NONE',  ( -3.599999999999986766, 0.000000000000000000, 28.25000000000000355 ) ) ;
#1954 = AXIS2_PLACEMENT_3D ( 'NONE', #4128, #2606, #1180 ) ;
#1955 = ORIENTED_EDGE ( 'NONE', *, *, #3278, .F. ) ;
#1956 = CARTESIAN_POINT ( 'NONE',  ( 0.1000000000000037248, 0.000000000000000000, -5.000000000000000000 ) ) ;
#1957 = EDGE_LOOP ( 'NONE', ( #1751, #4539, #5218, #1245 ) ) ;
#1958 = EDGE_CURVE ( 'NONE', #2955, #902, #5020, .T. ) ;
#1959 = ORIENTED_EDGE ( 'NONE', *, *, #5894, .T. ) ;
#1960 = CIRCLE ( 'NONE', #5294, 3.100000000000000977 ) ;
#1961 = CARTESIAN_POINT ( 'NONE',  ( 3.850000000000038280, 0.000000000000000000, 24.09843413574444781 ) ) ;
#1962 = DIRECTION ( 'NONE',  ( -1.000000000000000000, 0.000000000000000000, 0.000000000000000000 ) ) ;
#1963 = ORIENTED_EDGE ( 'NONE', *, *, #3718, .T. ) ;
#1964 = VECTOR ( 'NONE', #2313, 1000.000000000000114 ) ;
#1965 = CARTESIAN_POINT ( 'NONE',  ( -3.249999999999919620, 0.000000000000000000, 50.04998447769145287 ) ) ;
#1966 = EDGE_CURVE ( 'NONE', #753, #4882, #3661, .T. ) ;
#1967 = EDGE_CURVE ( 'NONE', #1707, #3574, #4111, .T. ) ;
#1968 = CARTESIAN_POINT ( 'NONE',  ( 3.899999999999967493, 4.653657836759898356E-16, -5.000000000000002665 ) ) ;
#1969 = LINE ( 'NONE', #1017, #1491 ) ;
#1970 = FACE_OUTER_BOUND ( 'NONE', #1346, .T. ) ;
#1971 = DIRECTION ( 'NONE',  ( -0.6387678175155946381, 0.000000000000000000, -0.7693995550468977207 ) ) ;
#1972 = ORIENTED_EDGE ( 'NONE', *, *, #2658, .T. ) ;
#1973 = ADVANCED_FACE ( 'NONE', ( #4574 ), #1250, .T. ) ;
#1974 = VERTEX_POINT ( 'NONE', #2710 ) ;
#1975 = ORIENTED_EDGE ( 'NONE', *, *, #4182, .T. ) ;
#1976 = AXIS2_PLACEMENT_3D ( 'NONE', #4150, #2123, #287 ) ;
#1977 = CIRCLE ( 'NONE', #5720, 3.350000000000063149 ) ;
#1978 = ADVANCED_FACE ( 'NONE', ( #2741 ), #1340, .T. ) ;
#1979 = CARTESIAN_POINT ( 'NONE',  ( 0.1000000000000333816, 0.000000000000000000, 32.50000000000000000 ) ) ;
#1980 = ORIENTED_EDGE ( 'NONE', *, *, #3811, .F. ) ;
#1981 = ORIENTED_EDGE ( 'NONE', *, *, #3980, .F. ) ;
#1982 = DIRECTION ( 'NONE',  ( -7.906742672516238979E-16, -0.000000000000000000, -1.000000000000000000 ) ) ;
#1983 = CIRCLE ( 'NONE', #5115, 3.349999999999966782 ) ;
#1984 = DIRECTION ( 'NONE',  ( -1.000000000000000000, 0.000000000000000000, 6.847592668329629256E-16 ) ) ;
#1985 = CARTESIAN_POINT ( 'NONE',  ( 0.1000000000000329792, 0.000000000000000000, 31.99202761985993249 ) ) ;
#1986 = DIRECTION ( 'NONE',  ( -7.906742672516238979E-16, -0.000000000000000000, -1.000000000000000000 ) ) ;
#1987 = ORIENTED_EDGE ( 'NONE', *, *, #3501, .T. ) ;
#1988 = ADVANCED_FACE ( 'NONE', ( #684 ), #4979, .T. ) ;
#1989 = CIRCLE ( 'NONE', #5117, 3.800000000000035794 ) ;
#1990 = CYLINDRICAL_SURFACE ( 'NONE', #3950, 3.350000000000026290 ) ;
#1991 = ORIENTED_EDGE ( 'NONE', *, *, #1522, .F. ) ;
#1992 = ORIENTED_EDGE ( 'NONE', *, *, #2338, .T. ) ;
#1993 = CYLINDRICAL_SURFACE ( 'NONE', #5546, 3.800000000000021139 ) ;
#1994 = CIRCLE ( 'NONE', #5735, 3.349999999999990319 ) ;
#1995 = EDGE_LOOP ( 'NONE', ( #1566, #4925, #742, #4763 ) ) ;
#1996 = DIRECTION ( 'NONE',  ( -7.906742672516238979E-16, -0.000000000000000000, -1.000000000000000000 ) ) ;
#1997 = CYLINDRICAL_SURFACE ( 'NONE', #1329, 3.900000000000019451 ) ;
#1998 = CARTESIAN_POINT ( 'NONE',  ( 0.1000000000000372952, 0.000000000000000000, 37.45000000000000284 ) ) ;
#1999 = EDGE_CURVE ( 'NONE', #902, #1891, #5553, .T. ) ;
#2000 = EDGE_CURVE ( 'NONE', #2176, #687, #5391, .T. ) ;
#2001 = DIRECTION ( 'NONE',  ( -7.906742672516238979E-16, -0.000000000000000000, -1.000000000000000000 ) ) ;
#2002 = VECTOR ( 'NONE', #4267, 1000.000000000000000 ) ;
#2003 = CYLINDRICAL_SURFACE ( 'NONE', #1350, 3.899999999999737010 ) ;
#2004 = ADVANCED_FACE ( 'NONE', ( #5110 ), #308, .T. ) ;
#2005 = ORIENTED_EDGE ( 'NONE', *, *, #5838, .T. ) ;
#2006 = ORIENTED_EDGE ( 'NONE', *, *, #6041, .T. ) ;
#2007 = VECTOR ( 'NONE', #5343, 1000.000000000000227 ) ;
#2008 = CARTESIAN_POINT ( 'NONE',  ( 3.450000000000041922, 4.102566777143680120E-16, -5.000000000000002665 ) ) ;
#2009 = AXIS2_PLACEMENT_3D ( 'NONE', #6205, #2784, #5703 ) ;
#2010 = AXIS2_PLACEMENT_3D ( 'NONE', #194, #2923, #3519 ) ;
#2011 = CARTESIAN_POINT ( 'NONE',  ( 3.999999999999756195, 4.776122516674355825E-16, 13.39999999999999147 ) ) ;
#2012 = EDGE_LOOP ( 'NONE', ( #301, #1226, #5833, #490 ) ) ;
#2013 = ORIENTED_EDGE ( 'NONE', *, *, #797, .F. ) ;
#2014 = AXIS2_PLACEMENT_3D ( 'NONE', #5922, #3426, #574 ) ;
#2015 = CARTESIAN_POINT ( 'NONE',  ( -3.250000000000022649, 0.000000000000000000, -4.999999999999997335 ) ) ;
#2016 = AXIS2_PLACEMENT_3D ( 'NONE', #1424, #5763, #4804 ) ;
#2017 = CARTESIAN_POINT ( 'NONE',  ( 3.900000000000084732, 0.000000000000000000, 36.10000000000000142 ) ) ;
#2018 = CARTESIAN_POINT ( 'NONE',  ( -3.249999999999985345, 0.000000000000000000, 43.99202761985993249 ) ) ;
#2019 = CYLINDRICAL_SURFACE ( 'NONE', #5387, 3.349999999999968558 ) ;
#2020 = CARTESIAN_POINT ( 'NONE',  ( 0.1000000000000238198, 0.000000000000000000, 20.39999999999999858 ) ) ;
#2021 = ORIENTED_EDGE ( 'NONE', *, *, #2347, .T. ) ;
#2022 = CONICAL_SURFACE ( 'NONE', #106, 3.800000000000061107, 0.6928957130417444654 ) ;
#2023 = EDGE_LOOP ( 'NONE', ( #1852, #3874, #4598, #2483 ) ) ;
#2024 = FACE_OUTER_BOUND ( 'NONE', #3104, .T. ) ;
#2025 = EDGE_CURVE ( 'NONE', #373, #7, #738, .T. ) ;
#2026 = FACE_OUTER_BOUND ( 'NONE', #911, .T. ) ;
#2027 = VECTOR ( 'NONE', #1671, 1000.000000000000000 ) ;
#2028 = EDGE_CURVE ( 'NONE', #5231, #3628, #546, .T. ) ;
#2029 = DIRECTION ( 'NONE',  ( -1.000000000000000000, 0.000000000000000000, 6.847592668329396542E-16 ) ) ;
#2030 = AXIS2_PLACEMENT_3D ( 'NONE', #5304, #3813, #963 ) ;
#2031 = DIRECTION ( 'NONE',  ( -1.000000000000000000, 0.000000000000000000, 8.896017825522706869E-16 ) ) ;
#2032 = FACE_OUTER_BOUND ( 'NONE', #2287, .T. ) ;
#2033 = CARTESIAN_POINT ( 'NONE',  ( 0.1000000000000316053, 0.000000000000000000, 30.25000000000000355 ) ) ;
#2034 = DIRECTION ( 'NONE',  ( -1.000000000000000000, 0.000000000000000000, 7.644095549561999890E-16 ) ) ;
#2035 = VERTEX_POINT ( 'NONE', #4168 ) ;
#2036 = ORIENTED_EDGE ( 'NONE', *, *, #2235, .T. ) ;
#2037 = EDGE_CURVE ( 'NONE', #1176, #4815, #5617, .T. ) ;
#2038 = ADVANCED_FACE ( 'NONE', ( #2858 ), #4694, .T. ) ;
#2039 = AXIS2_PLACEMENT_3D ( 'NONE', #2195, #3393, #5103 ) ;
#2040 = CARTESIAN_POINT ( 'NONE',  ( 3.450000000000008615, 4.378112306951735990E-16, 51.19202761985992822 ) ) ;
#2041 = DIRECTION ( 'NONE',  ( -1.000000000000000000, 0.000000000000000000, 0.000000000000000000 ) ) ;
#2042 = ORIENTED_EDGE ( 'NONE', *, *, #2658, .F. ) ;
#2043 = CARTESIAN_POINT ( 'NONE',  ( 0.1000000000000037248, 0.000000000000000000, -5.000000000000000000 ) ) ;
#2044 = CARTESIAN_POINT ( 'NONE',  ( 3.999999999999735323, 4.776122516674349909E-16, -5.000000000000003553 ) ) ;
#2045 = CYLINDRICAL_SURFACE ( 'NONE', #4506, 3.350000000000021405 ) ;
#2046 = LINE ( 'NONE', #3985, #1135 ) ;
#2047 = VECTOR ( 'NONE', #4080, 1000.000000000000000 ) ;
#2048 = CARTESIAN_POINT ( 'NONE',  ( 0.1000000000000438177, 0.000000000000000000, 45.69999999999999574 ) ) ;
#2049 = ORIENTED_EDGE ( 'NONE', *, *, #5192, .T. ) ;
#2050 = EDGE_LOOP ( 'NONE', ( #4052, #4728, #251, #2352 ) ) ;
#2051 = DIRECTION ( 'NONE',  ( -1.000000000000000000, 0.000000000000000000, 0.000000000000000000 ) ) ;
#2052 = AXIS2_PLACEMENT_3D ( 'NONE', #3174, #294, #6082 ) ;
#2053 = CARTESIAN_POINT ( 'NONE',  ( 0.1000000000000467876, 0.000000000000000000, 49.45000000000000284 ) ) ;
#2054 = ORIENTED_EDGE ( 'NONE', *, *, #1484, .T. ) ;
#2055 = CARTESIAN_POINT ( 'NONE',  ( 0.1000000000000495076, 0.000000000000000000, 52.89999999999999858 ) ) ;
#2056 = VECTOR ( 'NONE', #2788, 1000.000000000000000 ) ;
#2057 = EDGE_CURVE ( 'NONE', #5481, #2468, #1372, .T. ) ;
#2058 = DIRECTION ( 'NONE',  ( 1.000000000000000000, 0.000000000000000000, 0.000000000000000000 ) ) ;
#2059 = DIRECTION ( 'NONE',  ( -7.906742672516238979E-16, -0.000000000000000000, -1.000000000000000000 ) ) ;
#2060 = FACE_OUTER_BOUND ( 'NONE', #54, .T. ) ;
#2061 = VECTOR ( 'NONE', #3267, 1000.000000000000000 ) ;
#2062 = CARTESIAN_POINT ( 'NONE',  ( 3.450000000000054357, 4.102566777143694911E-16, -5.000000000000002665 ) ) ;
#2063 = ORIENTED_EDGE ( 'NONE', *, *, #4742, .T. ) ;
#2064 = EDGE_CURVE ( 'NONE', #4963, #2997, #2254, .T. ) ;
#2065 = ORIENTED_EDGE ( 'NONE', *, *, #1522, .T. ) ;
#2066 = CARTESIAN_POINT ( 'NONE',  ( 0.1000000000000296901, 0.000000000000000000, 27.82044892595218499 ) ) ;
#2067 = DIRECTION ( 'NONE',  ( 7.906742672516238979E-16, 0.000000000000000000, 1.000000000000000000 ) ) ;
#2068 = CYLINDRICAL_SURFACE ( 'NONE', #3969, 3.349999999999957900 ) ;
#2069 = ORIENTED_EDGE ( 'NONE', *, *, #6060, .T. ) ;
#2070 = ORIENTED_EDGE ( 'NONE', *, *, #5552, .F. ) ;
#2071 = CARTESIAN_POINT ( 'NONE',  ( 3.900000000000078959, 4.653657836759990061E-16, 39.85000000000000142 ) ) ;
#2072 = DIRECTION ( 'NONE',  ( -7.906742672516238979E-16, -0.000000000000000000, -1.000000000000000000 ) ) ;
#2073 = VECTOR ( 'NONE', #3552, 1000.000000000000000 ) ;
#2074 = EDGE_CURVE ( 'NONE', #1945, #83, #1814, .T. ) ;
#2075 = CARTESIAN_POINT ( 'NONE',  ( -3.249999999999994227, 0.000000000000000000, -4.999999999999997335 ) ) ;
#2076 = EDGE_CURVE ( 'NONE', #1122, #4944, #5235, .T. ) ;
#2077 = DIRECTION ( 'NONE',  ( -7.906742672516238979E-16, -0.000000000000000000, -1.000000000000000000 ) ) ;
#2078 = CARTESIAN_POINT ( 'NONE',  ( 0.1000000000000354078, 0.000000000000000000, 35.05000000000000426 ) ) ;
#2079 = VERTEX_POINT ( 'NONE', #869 ) ;
#2080 = EDGE_LOOP ( 'NONE', ( #1454, #3842, #2005, #6186 ) ) ;
#2081 = CIRCLE ( 'NONE', #4206, 3.349999999999978773 ) ;
#2082 = FACE_OUTER_BOUND ( 'NONE', #771, .T. ) ;
#2083 = DIRECTION ( 'NONE',  ( 1.000000000000000000, 0.000000000000000000, -8.896017825522762089E-16 ) ) ;
#2084 = EDGE_CURVE ( 'NONE', #4085, #5843, #5712, .T. ) ;
#2085 = CONICAL_SURFACE ( 'NONE', #4313, 3.750000000000011546, 0.2905973204570552748 ) ;
#2086 = EDGE_LOOP ( 'NONE', ( #751, #5005, #3171, #1794 ) ) ;
#2087 = DIRECTION ( 'NONE',  ( -7.906742672516238979E-16, -0.000000000000000000, -1.000000000000000000 ) ) ;
#2088 = DIRECTION ( 'NONE',  ( 0.6129070536529767077, 0.000000000000000000, 0.7901550123756901911 ) ) ;
#2089 = AXIS2_PLACEMENT_3D ( 'NONE', #3968, #1649, #2120 ) ;
#2090 = CARTESIAN_POINT ( 'NONE',  ( 0.1000000000000037248, 0.000000000000000000, -5.000000000000000000 ) ) ;
#2091 = CYLINDRICAL_SURFACE ( 'NONE', #1555, 3.349999999999999201 ) ;
#2092 = DIRECTION ( 'NONE',  ( -1.000000000000000000, 0.000000000000000000, 0.000000000000000000 ) ) ;
#2093 = ORIENTED_EDGE ( 'NONE', *, *, #5695, .F. ) ;
#2094 = EDGE_LOOP ( 'NONE', ( #1738, #2021, #2412, #3269 ) ) ;
#2095 = DIRECTION ( 'NONE',  ( -1.000000000000000000, 0.000000000000000000, 8.896017825522018588E-16 ) ) ;
#2096 = EDGE_CURVE ( 'NONE', #2304, #83, #939, .T. ) ;
#2097 = DIRECTION ( 'NONE',  ( -7.906742672516238979E-16, -0.000000000000000000, -1.000000000000000000 ) ) ;
#2098 = CARTESIAN_POINT ( 'NONE',  ( 0.1000000000000037248, 0.000000000000000000, -5.000000000000000000 ) ) ;
#2099 = EDGE_LOOP ( 'NONE', ( #49, #4416, #1258, #3951 ) ) ;
#2100 = DIRECTION ( 'NONE',  ( -1.000000000000000000, 0.000000000000000000, 0.000000000000000000 ) ) ;
#2101 = LINE ( 'NONE', #2017, #1012 ) ;
#2102 = ADVANCED_FACE ( 'NONE', ( #4228 ), #4358, .T. ) ;
#2103 = DIRECTION ( 'NONE',  ( -7.906742672516238979E-16, -0.000000000000000000, -1.000000000000000000 ) ) ;
#2104 = AXIS2_PLACEMENT_3D ( 'NONE', #2890, #389, #1874 ) ;
#2105 = DIRECTION ( 'NONE',  ( -1.000000000000000000, 0.000000000000000000, 7.767418549149774956E-16 ) ) ;
#2106 = CARTESIAN_POINT ( 'NONE',  ( -3.699999999999948219, 0.000000000000000000, -4.999999999999997335 ) ) ;
#2107 = ORIENTED_EDGE ( 'NONE', *, *, #451, .T. ) ;
#2108 = AXIS2_PLACEMENT_3D ( 'NONE', #411, #6173, #3228 ) ;
#2109 = ORIENTED_EDGE ( 'NONE', *, *, #3339, .F. ) ;
#2110 = EDGE_CURVE ( 'NONE', #2325, #4141, #5797, .T. ) ;
#2111 = CONICAL_SURFACE ( 'NONE', #4136, 3.800000000000045564, 0.6928957130417366939 ) ;
#2112 = EDGE_CURVE ( 'NONE', #7, #373, #3056, .T. ) ;
#2113 = CARTESIAN_POINT ( 'NONE',  ( -3.700000000000045031, 0.000000000000000000, -4.999999999999997335 ) ) ;
#2114 = CARTESIAN_POINT ( 'NONE',  ( 0.1000000000000330347, 0.000000000000000000, 32.04998447769145287 ) ) ;
#2115 = CONICAL_SURFACE ( 'NONE', #695, 3.800000000000035794, 0.7853809166853983337 ) ;
#2116 = AXIS2_PLACEMENT_3D ( 'NONE', #2910, #4835, #1962 ) ;
#2117 = ORIENTED_EDGE ( 'NONE', *, *, #223, .T. ) ;
#2118 = CARTESIAN_POINT ( 'NONE',  ( 0.1000000000000486888, 0.000000000000000000, 51.85000000000000142 ) ) ;
#2119 = VECTOR ( 'NONE', #3822, 1000.000000000000000 ) ;
#2120 = DIRECTION ( 'NONE',  ( -1.000000000000000000, 0.000000000000000000, 0.000000000000000000 ) ) ;
#2121 = AXIS2_PLACEMENT_3D ( 'NONE', #5754, #2335, #3347 ) ;
#2122 = FACE_OUTER_BOUND ( 'NONE', #4205, .T. ) ;
#2123 = DIRECTION ( 'NONE',  ( -7.906742672516238979E-16, -0.000000000000000000, -1.000000000000000000 ) ) ;
#2124 = DIRECTION ( 'NONE',  ( -1.000000000000000000, 0.000000000000000000, 7.032662740446467143E-16 ) ) ;
#2125 = ORIENTED_EDGE ( 'NONE', *, *, #5975, .F. ) ;
#2126 = ORIENTED_EDGE ( 'NONE', *, *, #356, .T. ) ;
#2127 = ADVANCED_FACE ( 'NONE', ( #4292 ), #4674, .T. ) ;
#2128 = CYLINDRICAL_SURFACE ( 'NONE', #2278, 3.800000000000021139 ) ;
#2129 = CIRCLE ( 'NONE', #3849, 3.350000000000024514 ) ;
#2130 = CARTESIAN_POINT ( 'NONE',  ( 4.250000000000026645, 5.082284216461533892E-16, 9.396598169499680964 ) ) ;
#2131 = DIRECTION ( 'NONE',  ( -1.000000000000000000, 0.000000000000000000, 7.767418549149926812E-16 ) ) ;
#2132 = ORIENTED_EDGE ( 'NONE', *, *, #3247, .T. ) ;
#2133 = DIRECTION ( 'NONE',  ( -1.000000000000000000, 0.000000000000000000, 7.767418549149980060E-16 ) ) ;
#2134 = ORIENTED_EDGE ( 'NONE', *, *, #1799, .T. ) ;
#2135 = ADVANCED_FACE ( 'NONE', ( #2795 ), #4724, .T. ) ;
#2136 = EDGE_CURVE ( 'NONE', #5425, #4944, #2960, .T. ) ;
#2137 = CARTESIAN_POINT ( 'NONE',  ( 0.1000000000000229178, 0.000000000000000000, 19.26622293755000470 ) ) ;
#2138 = CARTESIAN_POINT ( 'NONE',  ( 0.1000000000000314804, 0.000000000000000000, 30.09999999999999787 ) ) ;
#2139 = VECTOR ( 'NONE', #804, 1000.000000000000114 ) ;
#2140 = CARTESIAN_POINT ( 'NONE',  ( 3.900000000000084288, 0.000000000000000000, 34.89999999999999858 ) ) ;
#2141 = DIRECTION ( 'NONE',  ( -7.906742672516238979E-16, -0.000000000000000000, -1.000000000000000000 ) ) ;
#2142 = CARTESIAN_POINT ( 'NONE',  ( 3.450000000000004174, 4.102566777143581019E-16, 51.24998447769145571 ) ) ;
#2143 = EDGE_LOOP ( 'NONE', ( #1781, #4089, #5794, #3370 ) ) ;
#2144 = AXIS2_PLACEMENT_3D ( 'NONE', #5311, #5824, #5347 ) ;
#2145 = VERTEX_POINT ( 'NONE', #6216 ) ;
#2146 = CARTESIAN_POINT ( 'NONE',  ( 0.1000000000000444145, 0.000000000000000000, 46.44998447769145855 ) ) ;
#2147 = ORIENTED_EDGE ( 'NONE', *, *, #5633, .T. ) ;
#2148 = EDGE_CURVE ( 'NONE', #169, #5201, #3261, .T. ) ;
#2149 = CONICAL_SURFACE ( 'NONE', #1946, 3.799999999999963407, 0.6928957130417391364 ) ;
#2150 = VECTOR ( 'NONE', #3848, 1000.000000000000000 ) ;
#2151 = CARTESIAN_POINT ( 'NONE',  ( -3.799999999999994049, 4.776122516674704896E-16, 27.04999999999999716 ) ) ;
#2152 = CARTESIAN_POINT ( 'NONE',  ( 3.900000000000076295, 4.653657836759986117E-16, 41.05000000000000426 ) ) ;
#2153 = DIRECTION ( 'NONE',  ( -1.000000000000000000, 0.000000000000000000, 6.847592668329414291E-16 ) ) ;
#2154 = EDGE_CURVE ( 'NONE', #5177, #4798, #4880, .T. ) ;
#2155 = DIRECTION ( 'NONE',  ( -7.906742672516238979E-16, -0.000000000000000000, -1.000000000000000000 ) ) ;
#2156 = AXIS2_PLACEMENT_3D ( 'NONE', #5995, #3145, #1691 ) ;
#2157 = CARTESIAN_POINT ( 'NONE',  ( 0.1000000000000400291, 0.000000000000000000, 40.89999999999999858 ) ) ;
#2158 = DIRECTION ( 'NONE',  ( 1.000000000000000000, 0.000000000000000000, -9.251858538542942245E-16 ) ) ;
#2159 = CIRCLE ( 'NONE', #4393, 2.118580752490216934 ) ;
#2160 = DIRECTION ( 'NONE',  ( -7.906742672516238979E-16, -0.000000000000000000, -1.000000000000000000 ) ) ;
#2161 = FACE_OUTER_BOUND ( 'NONE', #1290, .T. ) ;
#2162 = VERTEX_POINT ( 'NONE', #3341 ) ;
#2163 = CIRCLE ( 'NONE', #557, 3.350000000000054268 ) ;
#2164 = CARTESIAN_POINT ( 'NONE',  ( 0.1000000000000485639, 0.000000000000000000, 51.69999999999999574 ) ) ;
#2165 = ORIENTED_EDGE ( 'NONE', *, *, #2522, .T. ) ;
#2166 = ORIENTED_EDGE ( 'NONE', *, *, #1837, .F. ) ;
#2167 = CARTESIAN_POINT ( 'NONE',  ( 3.999999999999756195, 4.776122516674355825E-16, 13.39999999999999147 ) ) ;
#2168 = CARTESIAN_POINT ( 'NONE',  ( 3.999999999999754419, 0.000000000000000000, 13.19999999999998863 ) ) ;
#2169 = EDGE_CURVE ( 'NONE', #184, #629, #5268, .T. ) ;
#2170 = DIRECTION ( 'NONE',  ( -7.906742672516238979E-16, -0.000000000000000000, -1.000000000000000000 ) ) ;
#2171 = DIRECTION ( 'NONE',  ( 0.6129070536529759305, 0.000000000000000000, 0.7901550123756907462 ) ) ;
#2172 = ORIENTED_EDGE ( 'NONE', *, *, #2234, .T. ) ;
#2173 = ORIENTED_EDGE ( 'NONE', *, *, #3718, .F. ) ;
#2174 = DIRECTION ( 'NONE',  ( -7.906742672516238979E-16, -0.000000000000000000, -1.000000000000000000 ) ) ;
#2175 = EDGE_CURVE ( 'NONE', #1945, #1416, #1906, .T. ) ;
#2176 = VERTEX_POINT ( 'NONE', #1083 ) ;
#2177 = AXIS2_PLACEMENT_3D ( 'NONE', #682, #4544, #4426 ) ;
#2178 = SURFACE_STYLE_USAGE ( .BOTH. , #727 ) ;
#2179 = CARTESIAN_POINT ( 'NONE',  ( 0.1000000000000264150, 0.000000000000000000, 23.69999999999999929 ) ) ;
#2180 = CYLINDRICAL_SURFACE ( 'NONE', #803, 3.799999999999998490 ) ;
#2181 = CIRCLE ( 'NONE', #2891, 3.349999999999980105 ) ;
#2182 = DIRECTION ( 'NONE',  ( -7.906742672516238979E-16, -0.000000000000000000, -1.000000000000000000 ) ) ;
#2183 = ADVANCED_FACE ( 'NONE', ( #3013 ), #5593, .T. ) ;
#2184 = CARTESIAN_POINT ( 'NONE',  ( 0.1000000000000181299, 0.000000000000000000, 13.19999999999999218 ) ) ;
#2185 = ORIENTED_EDGE ( 'NONE', *, *, #3809, .F. ) ;
#2186 = AXIS2_PLACEMENT_3D ( 'NONE', #3133, #5060, #321 ) ;
#2187 = FACE_OUTER_BOUND ( 'NONE', #57, .T. ) ;
#2188 = EDGE_CURVE ( 'NONE', #1261, #1591, #4483, .T. ) ;
#2189 = EDGE_CURVE ( 'NONE', #2079, #4387, #2985, .T. ) ;
#2190 = DIRECTION ( 'NONE',  ( -7.906742672516238979E-16, -0.000000000000000000, -1.000000000000000000 ) ) ;
#2191 = EDGE_CURVE ( 'NONE', #1072, #1549, #1045, .T. ) ;
#2192 = AXIS2_PLACEMENT_3D ( 'NONE', #3358, #2399, #5795 ) ;
#2193 = CARTESIAN_POINT ( 'NONE',  ( -3.799999999999680078, 4.776122516674314410E-16, 20.20000000000000284 ) ) ;
#2194 = ORIENTED_EDGE ( 'NONE', *, *, #3912, .T. ) ;
#2195 = CARTESIAN_POINT ( 'NONE',  ( 0.1000000000000037248, 0.000000000000000000, -5.000000000000000000 ) ) ;
#2196 = ORIENTED_EDGE ( 'NONE', *, *, #4683, .T. ) ;
#2197 = VERTEX_POINT ( 'NONE', #3466 ) ;
#2198 = CIRCLE ( 'NONE', #5940, 3.350000000000002309 ) ;
#2199 = DIRECTION ( 'NONE',  ( -1.000000000000000000, 0.000000000000000000, 0.000000000000000000 ) ) ;
#2200 = DIRECTION ( 'NONE',  ( -7.906742672516238979E-16, -0.000000000000000000, -1.000000000000000000 ) ) ;
#2201 = CARTESIAN_POINT ( 'NONE',  ( 3.450000000000019718, 4.102566777143629830E-16, 19.49094427251858619 ) ) ;
#2202 = DIRECTION ( 'NONE',  ( -7.906742672516238979E-16, -0.000000000000000000, -1.000000000000000000 ) ) ;
#2203 = EDGE_LOOP ( 'NONE', ( #1229, #2688, #340, #4786 ) ) ;
#2204 = ORIENTED_EDGE ( 'NONE', *, *, #4502, .T. ) ;
#2205 = LINE ( 'NONE', #752, #4432 ) ;
#2206 = VECTOR ( 'NONE', #679, 1000.000000000000000 ) ;
#2207 = ORIENTED_EDGE ( 'NONE', *, *, #6131, .F. ) ;
#2208 = AXIS2_PLACEMENT_3D ( 'NONE', #352, #884, #858 ) ;
#2209 = CARTESIAN_POINT ( 'NONE',  ( -3.249999999999984457, 0.000000000000000000, 17.74094427251858619 ) ) ;
#2210 = ORIENTED_EDGE ( 'NONE', *, *, #120, .F. ) ;
#2211 = CONICAL_SURFACE ( 'NONE', #2720, 3.800000000000052225, 0.6928957130417419119 ) ;
#2212 = EDGE_CURVE ( 'NONE', #4395, #626, #5186, .T. ) ;
#2213 = EDGE_CURVE ( 'NONE', #4538, #1945, #4883, .T. ) ;
#2214 = CARTESIAN_POINT ( 'NONE',  ( 0.1000000000000333816, 0.000000000000000000, 32.50000000000000000 ) ) ;
#2215 = CARTESIAN_POINT ( 'NONE',  ( 0.1000000000000168393, 0.000000000000000000, 11.57874079730329697 ) ) ;
#2216 = AXIS2_PLACEMENT_3D ( 'NONE', #5731, #1389, #3325 ) ;
#2217 = CARTESIAN_POINT ( 'NONE',  ( 0.1000000000000037248, 0.000000000000000000, -5.000000000000000000 ) ) ;
#2218 = CARTESIAN_POINT ( 'NONE',  ( -3.249999999999947597, 0.000000000000000000, 47.59202761985992680 ) ) ;
#2219 = FACE_OUTER_BOUND ( 'NONE', #3681, .T. ) ;
#2220 = CIRCLE ( 'NONE', #1092, 3.350000000000006306 ) ;
#2221 = DIRECTION ( 'NONE',  ( 7.906742672516238979E-16, 0.000000000000000000, 1.000000000000000000 ) ) ;
#2222 = LINE ( 'NONE', #737, #4995 ) ;
#2223 = AXIS2_PLACEMENT_3D ( 'NONE', #2612, #4543, #1515 ) ;
#2224 = DIRECTION ( 'NONE',  ( -7.906742672516238979E-16, -0.000000000000000000, -1.000000000000000000 ) ) ;
#2225 = ORIENTED_EDGE ( 'NONE', *, *, #5472, .F. ) ;
#2226 = EDGE_CURVE ( 'NONE', #1468, #2681, #3046, .T. ) ;
#2227 = CARTESIAN_POINT ( 'NONE',  ( 0.1000000000000495076, 0.000000000000000000, 52.89999999999999858 ) ) ;
#2228 = ORIENTED_EDGE ( 'NONE', *, *, #311, .F. ) ;
#2229 = ORIENTED_EDGE ( 'NONE', *, *, #1213, .F. ) ;
#2230 = DIRECTION ( 'NONE',  ( -7.906742672516238979E-16, -0.000000000000000000, -1.000000000000000000 ) ) ;
#2231 = CARTESIAN_POINT ( 'NONE',  ( 0.000000000000000000, 0.000000000000000000, 0.000000000000000000 ) ) ;
#2232 = DIRECTION ( 'NONE',  ( -1.000000000000000000, 0.000000000000000000, 9.130123557772514260E-16 ) ) ;
#2233 = CARTESIAN_POINT ( 'NONE',  ( 0.1000000000000037248, 0.000000000000000000, -5.000000000000000000 ) ) ;
#2234 = EDGE_CURVE ( 'NONE', #2651, #3628, #172, .T. ) ;
#2235 = EDGE_CURVE ( 'NONE', #2398, #1886, #1473, .T. ) ;
#2236 = DIRECTION ( 'NONE',  ( -7.906742672516238979E-16, -0.000000000000000000, -1.000000000000000000 ) ) ;
#2237 = VERTEX_POINT ( 'NONE', #642 ) ;
#2238 = ORIENTED_EDGE ( 'NONE', *, *, #2270, .F. ) ;
#2239 = LINE ( 'NONE', #5656, #4820 ) ;
#2240 = DIRECTION ( 'NONE',  ( -7.906742672516238979E-16, -0.000000000000000000, -1.000000000000000000 ) ) ;
#2241 = VERTEX_POINT ( 'NONE', #3406 ) ;
#2242 = ADVANCED_FACE ( 'NONE', ( #5337 ), #1507, .T. ) ;
#2243 = AXIS2_PLACEMENT_3D ( 'NONE', #4828, #2336, #971 ) ;
#2244 = DIRECTION ( 'NONE',  ( -7.906742672516238979E-16, -0.000000000000000000, -1.000000000000000000 ) ) ;
#2245 = ORIENTED_EDGE ( 'NONE', *, *, #1168, .T. ) ;
#2246 = ORIENTED_EDGE ( 'NONE', *, *, #4045, .T. ) ;
#2247 = CYLINDRICAL_SURFACE ( 'NONE', #5224, 3.800000000000054889 ) ;
#2248 = FACE_OUTER_BOUND ( 'NONE', #1503, .T. ) ;
#2249 = CIRCLE ( 'NONE', #1438, 3.899999999999727684 ) ;
#2250 = DIRECTION ( 'NONE',  ( -1.000000000000000000, 0.000000000000000000, 9.130123557772514260E-16 ) ) ;
#2251 = DIRECTION ( 'NONE',  ( -7.906742672516238979E-16, -0.000000000000000000, -1.000000000000000000 ) ) ;
#2252 = EDGE_CURVE ( 'NONE', #1345, #877, #337, .T. ) ;
#2253 = CARTESIAN_POINT ( 'NONE',  ( 3.999999999999711342, 0.000000000000000000, 21.94999999999999218 ) ) ;
#2254 = CIRCLE ( 'NONE', #435, 3.749999999999899192 ) ;
#2255 = CARTESIAN_POINT ( 'NONE',  ( -3.250000000000016875, 0.000000000000000000, 37.99202761985993959 ) ) ;
#2256 = CONICAL_SURFACE ( 'NONE', #5079, 3.800000000000035794, 0.6928957130417406907 ) ;
#2257 = LINE ( 'NONE', #4534, #2855 ) ;
#2258 = DIRECTION ( 'NONE',  ( -1.000000000000000000, 0.000000000000000000, 7.767418549149754249E-16 ) ) ;
#2259 = ORIENTED_EDGE ( 'NONE', *, *, #842, .F. ) ;
#2260 = LINE ( 'NONE', #6116, #5888 ) ;
#2261 = EDGE_LOOP ( 'NONE', ( #6239, #2207, #820, #2441 ) ) ;
#2262 = CIRCLE ( 'NONE', #2864, 7.942773774284805022 ) ;
#2263 = CARTESIAN_POINT ( 'NONE',  ( 0.1000000000000037248, 0.000000000000000000, -5.000000000000000000 ) ) ;
#2264 = DIRECTION ( 'NONE',  ( -7.906742672516238979E-16, -0.000000000000000000, -1.000000000000000000 ) ) ;
#2265 = AXIS2_PLACEMENT_3D ( 'NONE', #4711, #1359, #5667 ) ;
#2266 = DIRECTION ( 'NONE',  ( -1.000000000000000000, 0.000000000000000000, 0.000000000000000000 ) ) ;
#2267 = EDGE_LOOP ( 'NONE', ( #3186, #4611, #4258, #4271 ) ) ;
#2268 = ORIENTED_EDGE ( 'NONE', *, *, #5033, .T. ) ;
#2269 = CARTESIAN_POINT ( 'NONE',  ( 0.1000000000000486888, 0.000000000000000000, 51.85000000000000142 ) ) ;
#2270 = EDGE_CURVE ( 'NONE', #1285, #3095, #5696, .T. ) ;
#2271 = EDGE_CURVE ( 'NONE', #3638, #4067, #1150, .T. ) ;
#2272 = ORIENTED_EDGE ( 'NONE', *, *, #1442, .F. ) ;
#2273 = DIRECTION ( 'NONE',  ( -7.906742672516238979E-16, -0.000000000000000000, -1.000000000000000000 ) ) ;
#2274 = EDGE_LOOP ( 'NONE', ( #3345, #5718, #510, #1130 ) ) ;
#2275 = ORIENTED_EDGE ( 'NONE', *, *, #3900, .F. ) ;
#2276 = AXIS2_PLACEMENT_3D ( 'NONE', #4332, #1379, #3819 ) ;
#2277 = DIRECTION ( 'NONE',  ( -7.906742672516238979E-16, -0.000000000000000000, -1.000000000000000000 ) ) ;
#2278 = AXIS2_PLACEMENT_3D ( 'NONE', #5542, #3975, #5902 ) ;
#2279 = DIRECTION ( 'NONE',  ( -7.906742672516238979E-16, -0.000000000000000000, -1.000000000000000000 ) ) ;
#2280 = FACE_OUTER_BOUND ( 'NONE', #5101, .T. ) ;
#2281 = DIRECTION ( 'NONE',  ( -1.000000000000000000, 0.000000000000000000, 0.000000000000000000 ) ) ;
#2282 = CIRCLE ( 'NONE', #2592, 3.350000000000037392 ) ;
#2283 = CARTESIAN_POINT ( 'NONE',  ( 0.1000000000000037248, 0.000000000000000000, -5.000000000000000000 ) ) ;
#2284 = DIRECTION ( 'NONE',  ( 1.000000000000000000, 0.000000000000000000, 0.000000000000000000 ) ) ;
#2285 = AXIS2_PLACEMENT_3D ( 'NONE', #4585, #825, #1201 ) ;
#2286 = ORIENTED_EDGE ( 'NONE', *, *, #2580, .T. ) ;
#2287 = EDGE_LOOP ( 'NONE', ( #3376, #573, #2749, #5609 ) ) ;
#2288 = ORIENTED_EDGE ( 'NONE', *, *, #5312, .F. ) ;
#2289 = EDGE_CURVE ( 'NONE', #1536, #6209, #4984, .T. ) ;
#2290 = ADVANCED_FACE ( 'NONE', ( #4157 ), #1663, .T. ) ;
#2291 = DIRECTION ( 'NONE',  ( -7.906742672516238979E-16, -0.000000000000000000, -1.000000000000000000 ) ) ;
#2292 = CONICAL_SURFACE ( 'NONE', #5842, 3.799999999999951861, 0.6928957130417429111 ) ;
#2293 = DIRECTION ( 'NONE',  ( -1.000000000000000000, 0.000000000000000000, 8.896017825522762089E-16 ) ) ;
#2294 = CONICAL_SURFACE ( 'NONE', #3416, 3.799999999999998490, 0.6928957130417524590 ) ;
#2295 = DIRECTION ( 'NONE',  ( 1.000000000000000000, 0.000000000000000000, 0.000000000000000000 ) ) ;
#2296 = VERTEX_POINT ( 'NONE', #295 ) ;
#2297 = ORIENTED_EDGE ( 'NONE', *, *, #3216, .F. ) ;
#2298 = ADVANCED_FACE ( 'NONE', ( #4072 ), #5010, .T. ) ;
#2299 = FACE_OUTER_BOUND ( 'NONE', #1726, .T. ) ;
#2300 = DIRECTION ( 'NONE',  ( -7.906742672516238979E-16, -0.000000000000000000, -1.000000000000000000 ) ) ;
#2301 = ORIENTED_EDGE ( 'NONE', *, *, #3560, .F. ) ;
#2302 = CARTESIAN_POINT ( 'NONE',  ( 3.450000000000096989, 4.378112306951863687E-16, 33.19202761985993533 ) ) ;
#2303 = EDGE_CURVE ( 'NONE', #3596, #2035, #5962, .T. ) ;
#2304 = VERTEX_POINT ( 'NONE', #2193 ) ;
#2305 = ADVANCED_FACE ( 'NONE', ( #2161 ), #5070, .T. ) ;
#2306 = ORIENTED_EDGE ( 'NONE', *, *, #2908, .T. ) ;
#2307 = CIRCLE ( 'NONE', #283, 3.350000000000022293 ) ;
#2308 = ADVANCED_FACE ( 'NONE', ( #5133 ), #3266, .T. ) ;
#2309 = CARTESIAN_POINT ( 'NONE',  ( -3.699999999999894928, 4.653657836759872718E-16, 51.69999999999999574 ) ) ;
#2310 = CARTESIAN_POINT ( 'NONE',  ( 0.1000000000000222655, 0.000000000000000000, 18.44999999999999929 ) ) ;
#2311 = EDGE_LOOP ( 'NONE', ( #1760, #1335, #3988, #4981 ) ) ;
#2312 = CONICAL_SURFACE ( 'NONE', #195, 3.899999999999725464, 0.7286749627076346547 ) ;
#2313 = DIRECTION ( 'NONE',  ( 0.2554457579358151986, 3.128308298118666291E-17, -0.9668233886044528269 ) ) ;
#2314 = CARTESIAN_POINT ( 'NONE',  ( -3.799999999999996270, 0.000000000000000000, 25.25000000000000000 ) ) ;
#2315 = EDGE_CURVE ( 'NONE', #3462, #3440, #743, .T. ) ;
#2316 = CONICAL_SURFACE ( 'NONE', #5248, 3.900000000000038103, 0.4357528408129835995 ) ;
#2317 = FACE_OUTER_BOUND ( 'NONE', #1028, .T. ) ;
#2318 = VECTOR ( 'NONE', #4463, 1000.000000000000000 ) ;
#2319 = DIRECTION ( 'NONE',  ( -1.000000000000000000, -1.224646799147353207E-16, 0.000000000000000000 ) ) ;
#2320 = DIRECTION ( 'NONE',  ( -7.906742672516238979E-16, -0.000000000000000000, -1.000000000000000000 ) ) ;
#2321 = AXIS2_PLACEMENT_3D ( 'NONE', #2776, #6195, #1858 ) ;
#2322 = ORIENTED_EDGE ( 'NONE', *, *, #3157, .T. ) ;
#2323 = CIRCLE ( 'NONE', #2116, 3.800000000000010036 ) ;
#2324 = ORIENTED_EDGE ( 'NONE', *, *, #3773, .F. ) ;
#2325 = VERTEX_POINT ( 'NONE', #264 ) ;
#2326 = CARTESIAN_POINT ( 'NONE',  ( 3.999999999999745093, 0.000000000000000000, 18.44999999999999574 ) ) ;
#2327 = AXIS2_PLACEMENT_3D ( 'NONE', #2114, #1644, #3578 ) ;
#2328 = CARTESIAN_POINT ( 'NONE',  ( 0.1000000000000208916, 0.000000000000000000, 16.69999999999999574 ) ) ;
#2329 = EDGE_CURVE ( 'NONE', #88, #4355, #2733, .T. ) ;
#2330 = AXIS2_PLACEMENT_3D ( 'NONE', #1956, #3894, #5827 ) ;
#2331 = DIRECTION ( 'NONE',  ( -1.000000000000000000, 0.000000000000000000, 7.906742672516238979E-16 ) ) ;
#2332 = ORIENTED_EDGE ( 'NONE', *, *, #3818, .F. ) ;
#2333 = ORIENTED_EDGE ( 'NONE', *, *, #3930, .T. ) ;
#2334 = DIRECTION ( 'NONE',  ( 1.000000000000000000, 0.000000000000000000, 0.000000000000000000 ) ) ;
#2335 = DIRECTION ( 'NONE',  ( -7.906742672516238979E-16, -0.000000000000000000, -1.000000000000000000 ) ) ;
#2336 = DIRECTION ( 'NONE',  ( -7.906742672516238979E-16, -0.000000000000000000, -1.000000000000000000 ) ) ;
#2337 = ORIENTED_EDGE ( 'NONE', *, *, #2154, .F. ) ;
#2338 = EDGE_CURVE ( 'NONE', #1273, #403, #550, .T. ) ;
#2339 = CARTESIAN_POINT ( 'NONE',  ( 0.1000000000000447753, 0.000000000000000000, 46.89999999999999858 ) ) ;
#2340 = ORIENTED_EDGE ( 'NONE', *, *, #4816, .T. ) ;
#2341 = EDGE_LOOP ( 'NONE', ( #2491, #1576, #1352, #3885 ) ) ;
#2342 = CARTESIAN_POINT ( 'NONE',  ( 3.999999999999727773, 4.776122516674340048E-16, -5.000000000000003553 ) ) ;
#2343 = CARTESIAN_POINT ( 'NONE',  ( 0.1000000000000250411, 0.000000000000000000, 21.94999999999999574 ) ) ;
#2344 = FACE_OUTER_BOUND ( 'NONE', #3083, .T. ) ;
#2345 = VECTOR ( 'NONE', #5723, 1000.000000000000000 ) ;
#2346 = CARTESIAN_POINT ( 'NONE',  ( -3.249999999999987566, 0.000000000000000000, -4.999999999999997335 ) ) ;
#2347 = EDGE_CURVE ( 'NONE', #3942, #2162, #3652, .T. ) ;
#2348 = DIRECTION ( 'NONE',  ( -1.000000000000000000, 0.000000000000000000, 8.896017825522689120E-16 ) ) ;
#2349 = DIRECTION ( 'NONE',  ( 7.906742672516238979E-16, 0.000000000000000000, 1.000000000000000000 ) ) ;
#2350 = ORIENTED_EDGE ( 'NONE', *, *, #2844, .F. ) ;
#2351 = ORIENTED_EDGE ( 'NONE', *, *, #1338, .F. ) ;
#2352 = ORIENTED_EDGE ( 'NONE', *, *, #1958, .F. ) ;
#2353 = CYLINDRICAL_SURFACE ( 'NONE', #5354, 3.800000000000052225 ) ;
#2354 = EDGE_CURVE ( 'NONE', #5790, #4882, #5574, .T. ) ;
#2355 = DIRECTION ( 'NONE',  ( -1.000000000000000000, 0.000000000000000000, 0.000000000000000000 ) ) ;
#2356 = VECTOR ( 'NONE', #3913, 1000.000000000000000 ) ;
#2357 = CARTESIAN_POINT ( 'NONE',  ( -3.755270839526999804, 4.721345093472901946E-16, 23.70000000000000284 ) ) ;
#2358 = ORIENTED_EDGE ( 'NONE', *, *, #4978, .T. ) ;
#2359 = ORIENTED_EDGE ( 'NONE', *, *, #3886, .F. ) ;
#2360 = CARTESIAN_POINT ( 'NONE',  ( 0.1000000000000447753, 0.000000000000000000, 46.89999999999999858 ) ) ;
#2361 = CARTESIAN_POINT ( 'NONE',  ( 3.900000000000064748, 4.653657836760017671E-16, -5.000000000000002665 ) ) ;
#2362 = CONICAL_SURFACE ( 'NONE', #1251, 3.799999999999963407, 0.6928957130417391364 ) ;
#2363 = CARTESIAN_POINT ( 'NONE',  ( -3.249999999999895195, 0.000000000000000000, 53.59202761985992680 ) ) ;
#2364 = DIRECTION ( 'NONE',  ( -0.7070945858143643514, 8.659411212119855039E-17, 0.7071189763484024837 ) ) ;
#2365 = ORIENTED_EDGE ( 'NONE', *, *, #2084, .T. ) ;
#2366 = CARTESIAN_POINT ( 'NONE',  ( -3.699999999999932676, 4.653657836759915119E-16, 48.09999999999999432 ) ) ;
#2367 = ORIENTED_EDGE ( 'NONE', *, *, #4017, .F. ) ;
#2368 = ORIENTED_EDGE ( 'NONE', *, *, #335, .T. ) ;
#2369 = CARTESIAN_POINT ( 'NONE',  ( 0.1000000000000276501, 0.000000000000000000, 25.24999999999999645 ) ) ;
#2370 = CARTESIAN_POINT ( 'NONE',  ( 0.1000000000000181299, 0.000000000000000000, 13.19999999999999218 ) ) ;
#2371 = DIRECTION ( 'NONE',  ( -1.000000000000000000, 0.000000000000000000, 8.896017825522803504E-16 ) ) ;
#2372 = LINE ( 'NONE', #6232, #5541 ) ;
#2373 = LINE ( 'NONE', #3868, #6076 ) ;
#2374 = FACE_OUTER_BOUND ( 'NONE', #2792, .T. ) ;
#2375 = AXIS2_PLACEMENT_3D ( 'NONE', #5788, #27, #3856 ) ;
#2376 = DIRECTION ( 'NONE',  ( 7.906742672516238979E-16, 0.000000000000000000, 1.000000000000000000 ) ) ;
#2377 = CARTESIAN_POINT ( 'NONE',  ( -3.250000000000020428, 0.000000000000000000, 42.79202761985990122 ) ) ;
#2378 = ORIENTED_EDGE ( 'NONE', *, *, #6133, .T. ) ;
#2379 = VERTEX_POINT ( 'NONE', #5100 ) ;
#2380 = EDGE_CURVE ( 'NONE', #1673, #779, #1849, .T. ) ;
#2381 = ORIENTED_EDGE ( 'NONE', *, *, #2984, .F. ) ;
#2382 = EDGE_CURVE ( 'NONE', #6145, #88, #441, .T. ) ;
#2383 = ADVANCED_FACE ( 'NONE', ( #1776 ), #4222, .T. ) ;
#2384 = CARTESIAN_POINT ( 'NONE',  ( 7.069420969548636968, 8.535079082268174100E-16, -3.297297297297308472 ) ) ;
#2385 = VECTOR ( 'NONE', #4657, 1000.000000000000114 ) ;
#2386 = DIRECTION ( 'NONE',  ( -7.906742672516238979E-16, -0.000000000000000000, -1.000000000000000000 ) ) ;
#2387 = DIRECTION ( 'NONE',  ( -7.906742672516238979E-16, -0.000000000000000000, -1.000000000000000000 ) ) ;
#2388 = VERTEX_POINT ( 'NONE', #1300 ) ;
#2389 = ORIENTED_EDGE ( 'NONE', *, *, #3734, .F. ) ;
#2390 = CARTESIAN_POINT ( 'NONE',  ( 3.999999999999714007, 4.776122516674295675E-16, 22.14999999999998792 ) ) ;
#2391 = CYLINDRICAL_SURFACE ( 'NONE', #4847, 3.800000000000061107 ) ;
#2392 = CARTESIAN_POINT ( 'NONE',  ( 0.1000000000000462602, 0.000000000000000000, 48.79202761985992964 ) ) ;
#2393 = LINE ( 'NONE', #3350, #830 ) ;
#2394 = ORIENTED_EDGE ( 'NONE', *, *, #79, .T. ) ;
#2395 = CARTESIAN_POINT ( 'NONE',  ( 0.1000000000000352829, 0.000000000000000000, 34.89999999999999858 ) ) ;
#2396 = VERTEX_POINT ( 'NONE', #3237 ) ;
#2397 = EDGE_CURVE ( 'NONE', #687, #6179, #1840, .T. ) ;
#2398 = VERTEX_POINT ( 'NONE', #2883 ) ;
#2399 = DIRECTION ( 'NONE',  ( -7.906742672516238979E-16, -0.000000000000000000, -1.000000000000000000 ) ) ;
#2400 = AXIS2_PLACEMENT_3D ( 'NONE', #1314, #1737, #780 ) ;
#2401 = DIRECTION ( 'NONE',  ( -1.000000000000000000, 0.000000000000000000, 1.035655806553323838E-15 ) ) ;
#2402 = ORIENTED_EDGE ( 'NONE', *, *, #223, .F. ) ;
#2403 = CIRCLE ( 'NONE', #689, 3.350000000000025402 ) ;
#2404 = DIRECTION ( 'NONE',  ( -7.906742672516238979E-16, -0.000000000000000000, -1.000000000000000000 ) ) ;
#2405 = EDGE_CURVE ( 'NONE', #1416, #877, #5167, .T. ) ;
#2406 = ADVANCED_FACE ( 'NONE', ( #832 ), #1806, .T. ) ;
#2407 = DIRECTION ( 'NONE',  ( -1.000000000000000000, 0.000000000000000000, 0.000000000000000000 ) ) ;
#2408 = DIRECTION ( 'NONE',  ( 7.906742672516238979E-16, 0.000000000000000000, 1.000000000000000000 ) ) ;
#2409 = AXIS2_PLACEMENT_3D ( 'NONE', #5614, #4193, #3208 ) ;
#2410 = CARTESIAN_POINT ( 'NONE',  ( 3.999999999999732214, 4.776122516674344978E-16, -5.000000000000003553 ) ) ;
#2411 = LINE ( 'NONE', #1590, #3583 ) ;
#2412 = ORIENTED_EDGE ( 'NONE', *, *, #1185, .F. ) ;
#2413 = EDGE_CURVE ( 'NONE', #5843, #4067, #1660, .T. ) ;
#2414 = CONICAL_SURFACE ( 'NONE', #1802, 3.799999999999929212, 0.7853809166853968904 ) ;
#2415 = VERTEX_POINT ( 'NONE', #4784 ) ;
#2416 = ORIENTED_EDGE ( 'NONE', *, *, #4007, .F. ) ;
#2417 = CONICAL_SURFACE ( 'NONE', #3435, 3.799999999999986944, 0.6928957130417463528 ) ;
#2418 = CYLINDRICAL_SURFACE ( 'NONE', #5745, 3.800000000000042011 ) ;
#2419 = VECTOR ( 'NONE', #3667, 1000.000000000000000 ) ;
#2420 = AXIS2_PLACEMENT_3D ( 'NONE', #6043, #2277, #1742 ) ;
#2421 = DIRECTION ( 'NONE',  ( -7.906742672516238979E-16, -0.000000000000000000, -1.000000000000000000 ) ) ;
#2422 = ADVANCED_FACE ( 'NONE', ( #887 ), #1149, .T. ) ;
#2423 = VERTEX_POINT ( 'NONE', #5738 ) ;
#2424 = PLANE ( 'NONE',  #5165 ) ;
#2425 = ORIENTED_EDGE ( 'NONE', *, *, #2271, .F. ) ;
#2426 = ORIENTED_EDGE ( 'NONE', *, *, #3923, .F. ) ;
#2427 = AXIS2_PLACEMENT_3D ( 'NONE', #3189, #2240, #1287 ) ;
#2428 = CARTESIAN_POINT ( 'NONE',  ( 0.1000000000000296901, 0.000000000000000000, 27.82044892595218499 ) ) ;
#2429 = CYLINDRICAL_SURFACE ( 'NONE', #2121, 3.800000000000039346 ) ;
#2430 = CARTESIAN_POINT ( 'NONE',  ( -3.249999999999996891, 0.000000000000000000, 12.15000000000000036 ) ) ;
#2431 = ADVANCED_FACE ( 'NONE', ( #453 ), #5706, .T. ) ;
#2432 = DIRECTION ( 'NONE',  ( -7.906742672516238979E-16, -0.000000000000000000, -1.000000000000000000 ) ) ;
#2433 = CIRCLE ( 'NONE', #3546, 3.800000000000052225 ) ;
#2434 = ORIENTED_EDGE ( 'NONE', *, *, #3508, .F. ) ;
#2435 = CARTESIAN_POINT ( 'NONE',  ( 0.1000000000000476202, 0.000000000000000000, 50.49999999999999289 ) ) ;
#2436 = VERTEX_POINT ( 'NONE', #5674 ) ;
#2437 = VERTEX_POINT ( 'NONE', #383 ) ;
#2438 = CIRCLE ( 'NONE', #1629, 3.799999999999929212 ) ;
#2439 = CYLINDRICAL_SURFACE ( 'NONE', #3710, 3.800000000000035794 ) ;
#2440 = CARTESIAN_POINT ( 'NONE',  ( -3.649999999999882672, 0.000000000000000000, 11.57874079730330052 ) ) ;
#2441 = ORIENTED_EDGE ( 'NONE', *, *, #1183, .T. ) ;
#2442 = LINE ( 'NONE', #2976, #2518 ) ;
#2443 = CARTESIAN_POINT ( 'NONE',  ( -3.700000000000033040, 0.000000000000000000, 30.25000000000000711 ) ) ;
#2444 = LINE ( 'NONE', #3458, #5215 ) ;
#2445 = AXIS2_PLACEMENT_3D ( 'NONE', #4161, #5642, #3177 ) ;
#2446 = ADVANCED_FACE ( 'NONE', ( #357 ), #46, .T. ) ;
#2447 = DIRECTION ( 'NONE',  ( -1.000000000000000000, 0.000000000000000000, 0.000000000000000000 ) ) ;
#2448 = FACE_OUTER_BOUND ( 'NONE', #3251, .T. ) ;
#2449 = VERTEX_POINT ( 'NONE', #2377 ) ;
#2450 = EDGE_LOOP ( 'NONE', ( #3249, #3543, #4881, #1375 ) ) ;
#2451 = ORIENTED_EDGE ( 'NONE', *, *, #3613, .T. ) ;
#2452 = DIRECTION ( 'NONE',  ( 0.6387678175155907523, 7.822649631188095457E-17, -0.7693995550469007183 ) ) ;
#2453 = EDGE_CURVE ( 'NONE', #5811, #4660, #1960, .T. ) ;
#2454 = AXIS2_PLACEMENT_3D ( 'NONE', #2555, #4959, #2994 ) ;
#2455 = LINE ( 'NONE', #1510, #5464 ) ;
#2456 = ORIENTED_EDGE ( 'NONE', *, *, #2188, .T. ) ;
#2457 = AXIS2_PLACEMENT_3D ( 'NONE', #1295, #1391, #3733 ) ;
#2458 = AXIS2_PLACEMENT_3D ( 'NONE', #2892, #5302, #19 ) ;
#2459 = EDGE_LOOP ( 'NONE', ( #1095, #6071, #5659, #2974 ) ) ;
#2460 = CARTESIAN_POINT ( 'NONE',  ( 0.1000000000000339784, 0.000000000000000000, 33.24998447769145571 ) ) ;
#2461 = CARTESIAN_POINT ( 'NONE',  ( 0.1000000000000037248, 0.000000000000000000, -5.000000000000000000 ) ) ;
#2462 = DIRECTION ( 'NONE',  ( -0.7070945858143387053, 8.659411212119540727E-17, 0.7071189763484281299 ) ) ;
#2463 = AXIS2_PLACEMENT_3D ( 'NONE', #5639, #6022, #5009 ) ;
#2464 = DIRECTION ( 'NONE',  ( -1.000000000000000000, 0.000000000000000000, 8.896017825522708841E-16 ) ) ;
#2465 = ORIENTED_EDGE ( 'NONE', *, *, #2848, .T. ) ;
#2466 = DIRECTION ( 'NONE',  ( -7.906742672516238979E-16, -0.000000000000000000, -1.000000000000000000 ) ) ;
#2467 = ORIENTED_EDGE ( 'NONE', *, *, #2504, .F. ) ;
#2468 = VERTEX_POINT ( 'NONE', #1366 ) ;
#2469 = EDGE_CURVE ( 'NONE', #2997, #4963, #2970, .T. ) ;
#2470 = AXIS2_PLACEMENT_3D ( 'NONE', #6177, #2376, #1838 ) ;
#2471 = ADVANCED_FACE ( 'NONE', ( #5229 ), #4284, .T. ) ;
#2472 = AXIS2_PLACEMENT_3D ( 'NONE', #5418, #4471, #47 ) ;
#2473 = DIRECTION ( 'NONE',  ( -7.906742672516238979E-16, -0.000000000000000000, -1.000000000000000000 ) ) ;
#2474 = CARTESIAN_POINT ( 'NONE',  ( -3.250000000000027089, 0.000000000000000000, 34.39202761985993106 ) ) ;
#2475 = EDGE_CURVE ( 'NONE', #5481, #3866, #4583, .T. ) ;
#2476 = AXIS2_PLACEMENT_3D ( 'NONE', #6137, #1800, #3227 ) ;
#2477 = CARTESIAN_POINT ( 'NONE',  ( 3.900000000000089617, 0.000000000000000000, 33.70000000000000284 ) ) ;
#2478 = DIRECTION ( 'NONE',  ( -1.000000000000000000, 0.000000000000000000, 7.906742672516238979E-16 ) ) ;
#2479 = FACE_OUTER_BOUND ( 'NONE', #5887, .T. ) ;
#2480 = DIRECTION ( 'NONE',  ( -7.906742672516238979E-16, -0.000000000000000000, -1.000000000000000000 ) ) ;
#2481 = CARTESIAN_POINT ( 'NONE',  ( 0.1000000000000362266, 0.000000000000000000, 36.10000000000000142 ) ) ;
#2482 = ORIENTED_EDGE ( 'NONE', *, *, #3277, .F. ) ;
#2483 = ORIENTED_EDGE ( 'NONE', *, *, #4165, .F. ) ;
#2484 = CIRCLE ( 'NONE', #461, 3.349999999999983213 ) ;
#2485 = CARTESIAN_POINT ( 'NONE',  ( 0.1000000000000438177, 0.000000000000000000, 45.69999999999999574 ) ) ;
#2486 = CIRCLE ( 'NONE', #1871, 3.350000000000012967 ) ;
#2487 = LINE ( 'NONE', #2011, #319 ) ;
#2488 = ORIENTED_EDGE ( 'NONE', *, *, #3235, .T. ) ;
#2489 = EDGE_CURVE ( 'NONE', #3866, #5558, #1432, .T. ) ;
#2490 = EDGE_CURVE ( 'NONE', #3589, #530, #2411, .T. ) ;
#2491 = ORIENTED_EDGE ( 'NONE', *, *, #2064, .T. ) ;
#2492 = LINE ( 'NONE', #2015, #5147 ) ;
#2493 = VECTOR ( 'NONE', #6206, 1000.000000000000000 ) ;
#2494 = DIRECTION ( 'NONE',  ( -7.906742672516238979E-16, -0.000000000000000000, -1.000000000000000000 ) ) ;
#2495 = LINE ( 'NONE', #2075, #1774 ) ;
#2496 = FACE_OUTER_BOUND ( 'NONE', #4460, .T. ) ;
#2497 = DIRECTION ( 'NONE',  ( -7.906742672516238979E-16, -0.000000000000000000, -1.000000000000000000 ) ) ;
#2498 = ORIENTED_EDGE ( 'NONE', *, *, #4169, .T. ) ;
#2499 = VERTEX_POINT ( 'NONE', #580 ) ;
#2500 = DIRECTION ( 'NONE',  ( -7.906742672516238979E-16, -0.000000000000000000, -1.000000000000000000 ) ) ;
#2501 = EDGE_CURVE ( 'NONE', #1860, #1921, #5190, .T. ) ;
#2502 = FACE_OUTER_BOUND ( 'NONE', #5562, .T. ) ;
#2503 = DIRECTION ( 'NONE',  ( -7.906742672516238979E-16, -0.000000000000000000, -1.000000000000000000 ) ) ;
#2504 = EDGE_CURVE ( 'NONE', #2499, #3942, #5808, .T. ) ;
#2505 = AXIS2_PLACEMENT_3D ( 'NONE', #5529, #4201, #4174 ) ;
#2506 = DIRECTION ( 'NONE',  ( -7.906742672516238979E-16, -0.000000000000000000, -1.000000000000000000 ) ) ;
#2507 = CARTESIAN_POINT ( 'NONE',  ( 3.900000000000087397, 0.000000000000000000, 34.89999999999999858 ) ) ;
#2508 = LINE ( 'NONE', #5390, #343 ) ;
#2509 = ORIENTED_EDGE ( 'NONE', *, *, #6060, .F. ) ;
#2510 = ORIENTED_EDGE ( 'NONE', *, *, #3952, .T. ) ;
#2511 = CONICAL_SURFACE ( 'NONE', #3012, 3.799999999999929212, 0.6928957130417350285 ) ;
#2512 = DIRECTION ( 'NONE',  ( -1.000000000000000000, 0.000000000000000000, 1.035655806553318710E-15 ) ) ;
#2513 = VECTOR ( 'NONE', #4806, 1000.000000000000000 ) ;
#2514 = AXIS2_PLACEMENT_3D ( 'NONE', #4260, #3305, #6183 ) ;
#2515 = DIRECTION ( 'NONE',  ( -7.906742672516238979E-16, -0.000000000000000000, -1.000000000000000000 ) ) ;
#2516 = ORIENTED_EDGE ( 'NONE', *, *, #1999, .F. ) ;
#2517 = ORIENTED_EDGE ( 'NONE', *, *, #1088, .T. ) ;
#2518 = VECTOR ( 'NONE', #4932, 1000.000000000000000 ) ;
#2519 = LINE ( 'NONE', #3051, #6146 ) ;
#2520 = CYLINDRICAL_SURFACE ( 'NONE', #2223, 3.800000000000054889 ) ;
#2521 = DIRECTION ( 'NONE',  ( -7.906742672516238979E-16, -0.000000000000000000, -1.000000000000000000 ) ) ;
#2522 = EDGE_CURVE ( 'NONE', #2572, #184, #2508, .T. ) ;
#2523 = DIRECTION ( 'NONE',  ( -7.906742672516238979E-16, -0.000000000000000000, -1.000000000000000000 ) ) ;
#2524 = AXIS2_PLACEMENT_3D ( 'NONE', #1289, #4646, #850 ) ;
#2525 = CARTESIAN_POINT ( 'NONE',  ( 3.900000000000031886, 4.653657836759925966E-16, 47.05000000000000426 ) ) ;
#2526 = ORIENTED_EDGE ( 'NONE', *, *, #1797, .F. ) ;
#2527 = AXIS2_PLACEMENT_3D ( 'NONE', #5851, #4485, #2553 ) ;
#2528 = ORIENTED_EDGE ( 'NONE', *, *, #2801, .T. ) ;
#2529 = CARTESIAN_POINT ( 'NONE',  ( 0.1000000000000491607, 0.000000000000000000, 52.44998447769145145 ) ) ;
#2530 = CARTESIAN_POINT ( 'NONE',  ( 3.999999999999691358, 4.776122516674294689E-16, -5.000000000000003553 ) ) ;
#2531 = CONICAL_SURFACE ( 'NONE', #4147, 3.800000000000045564, 0.6928957130417366939 ) ;
#2532 = AXIS2_PLACEMENT_3D ( 'NONE', #1554, #1073, #981 ) ;
#2533 = VECTOR ( 'NONE', #3982, 1000.000000000000000 ) ;
#2534 = EDGE_CURVE ( 'NONE', #2379, #5790, #3489, .T. ) ;
#2535 = ORIENTED_EDGE ( 'NONE', *, *, #5967, .T. ) ;
#2536 = CARTESIAN_POINT ( 'NONE',  ( 0.1000000000000400291, 0.000000000000000000, 40.89999999999999858 ) ) ;
#2537 = VECTOR ( 'NONE', #4696, 1000.000000000000114 ) ;
#2538 = LINE ( 'NONE', #5865, #4565 ) ;
#2539 = DIRECTION ( 'NONE',  ( -1.000000000000000000, 0.000000000000000000, 0.000000000000000000 ) ) ;
#2540 = DIRECTION ( 'NONE',  ( -1.000000000000000000, 0.000000000000000000, 8.896017825522700952E-16 ) ) ;
#2541 = CIRCLE ( 'NONE', #217, 3.799999999999940314 ) ;
#2542 = DIRECTION ( 'NONE',  ( -7.906742672516238979E-16, -0.000000000000000000, -1.000000000000000000 ) ) ;
#2543 = ORIENTED_EDGE ( 'NONE', *, *, #2413, .F. ) ;
#2544 = ORIENTED_EDGE ( 'NONE', *, *, #2303, .F. ) ;
#2545 = AXIS2_PLACEMENT_3D ( 'NONE', #5260, #3680, #331 ) ;
#2546 = LINE ( 'NONE', #5482, #468 ) ;
#2547 = ADVANCED_FACE ( 'NONE', ( #1052 ), #2003, .T. ) ;
#2548 = EDGE_CURVE ( 'NONE', #5382, #3146, #3908, .T. ) ;
#2549 = DIRECTION ( 'NONE',  ( -7.906742672516238979E-16, -0.000000000000000000, -1.000000000000000000 ) ) ;
#2550 = EDGE_LOOP ( 'NONE', ( #5332, #5870, #5272, #4555 ) ) ;
#2551 = ORIENTED_EDGE ( 'NONE', *, *, #3338, .F. ) ;
#2552 = CARTESIAN_POINT ( 'NONE',  ( -3.799999999999994493, 4.776122516674705882E-16, 27.04999999999999716 ) ) ;
#2553 = DIRECTION ( 'NONE',  ( -1.000000000000000000, 0.000000000000000000, 0.000000000000000000 ) ) ;
#2554 = DIRECTION ( 'NONE',  ( -1.000000000000000000, 0.000000000000000000, 0.000000000000000000 ) ) ;
#2555 = CARTESIAN_POINT ( 'NONE',  ( 0.1000000000000333816, 0.000000000000000000, 32.50000000000000000 ) ) ;
#2556 = AXIS2_PLACEMENT_3D ( 'NONE', #5175, #839, #460 ) ;
#2557 = CARTESIAN_POINT ( 'NONE',  ( 3.900000000000093614, 0.000000000000000000, 31.30000000000000071 ) ) ;
#2558 = VERTEX_POINT ( 'NONE', #489 ) ;
#2559 = ORIENTED_EDGE ( 'NONE', *, *, #1788, .T. ) ;
#2560 = ADVANCED_FACE ( 'NONE', ( #986 ), #3999, .T. ) ;
#2561 = VECTOR ( 'NONE', #2097, 1000.000000000000000 ) ;
#2562 = ORIENTED_EDGE ( 'NONE', *, *, #173, .F. ) ;
#2563 = CARTESIAN_POINT ( 'NONE',  ( -4.050000000000004263, 0.000000000000000000, -4.999999999999996447 ) ) ;
#2564 = CIRCLE ( 'NONE', #746, 3.700000000000033484 ) ;
#2565 = AXIS2_PLACEMENT_3D ( 'NONE', #6238, #1898, #5773 ) ;
#2566 = EDGE_CURVE ( 'NONE', #4660, #583, #2262, .T. ) ;
#2567 = CARTESIAN_POINT ( 'NONE',  ( 0.1000000000000409728, 0.000000000000000000, 42.10000000000000142 ) ) ;
#2568 = FACE_OUTER_BOUND ( 'NONE', #5393, .T. ) ;
#2569 = DIRECTION ( 'NONE',  ( -7.906742672516238979E-16, -0.000000000000000000, -1.000000000000000000 ) ) ;
#2570 = VECTOR ( 'NONE', #5064, 1000.000000000000114 ) ;
#2571 = DIRECTION ( 'NONE',  ( 1.000000000000000000, 0.000000000000000000, -8.896017825522689120E-16 ) ) ;
#2572 = VERTEX_POINT ( 'NONE', #5869 ) ;
#2573 = ORIENTED_EDGE ( 'NONE', *, *, #5599, .F. ) ;
#2574 = ADVANCED_FACE ( 'NONE', ( #4845 ), #5361, .T. ) ;
#2575 = DIRECTION ( 'NONE',  ( -1.000000000000000000, 0.000000000000000000, 0.000000000000000000 ) ) ;
#2576 = ADVANCED_FACE ( 'NONE', ( #4442 ), #5702, .T. ) ;
#2577 = EDGE_LOOP ( 'NONE', ( #3281, #3893, #5930, #3207 ) ) ;
#2578 = DIRECTION ( 'NONE',  ( -7.906742672516238979E-16, -0.000000000000000000, -1.000000000000000000 ) ) ;
#2579 = ORIENTED_EDGE ( 'NONE', *, *, #608, .F. ) ;
#2580 = EDGE_CURVE ( 'NONE', #109, #4698, #6204, .T. ) ;
#2581 = CARTESIAN_POINT ( 'NONE',  ( -3.799999999999680522, 4.776122516674314410E-16, 20.20000000000000284 ) ) ;
#2582 = CARTESIAN_POINT ( 'NONE',  ( -3.249999999999976907, 0.000000000000000000, 19.26622293755000825 ) ) ;
#2583 = CIRCLE ( 'NONE', #5507, 3.350000000000028066 ) ;
#2584 = DIRECTION ( 'NONE',  ( -7.906742672516238979E-16, -0.000000000000000000, -1.000000000000000000 ) ) ;
#2585 = FACE_OUTER_BOUND ( 'NONE', #1764, .T. ) ;
#2586 = CARTESIAN_POINT ( 'NONE',  ( 0.1000000000000377254, 0.000000000000000000, 37.99202761985993959 ) ) ;
#2587 = EDGE_LOOP ( 'NONE', ( #5694, #1043, #4068, #4287 ) ) ;
#2588 = EDGE_LOOP ( 'NONE', ( #2982, #2194, #965, #5849 ) ) ;
#2589 = CIRCLE ( 'NONE', #6020, 3.799999999999963407 ) ;
#2590 = DIRECTION ( 'NONE',  ( -7.906742672516238979E-16, -0.000000000000000000, -1.000000000000000000 ) ) ;
#2591 = CARTESIAN_POINT ( 'NONE',  ( -7.455183609470367401, 0.000000000000000000, -9.784290154935723072E-17 ) ) ;
#2592 = AXIS2_PLACEMENT_3D ( 'NONE', #5606, #1835, #4219 ) ;
#2593 = ORIENTED_EDGE ( 'NONE', *, *, #5199, .F. ) ;
#2594 = CARTESIAN_POINT ( 'NONE',  ( -3.700000000000019718, 4.653657836760009783E-16, 34.89999999999999858 ) ) ;
#2595 = DIRECTION ( 'NONE',  ( 1.000000000000000000, 0.000000000000000000, 0.000000000000000000 ) ) ;
#2596 = VECTOR ( 'NONE', #3836, 1000.000000000000000 ) ;
#2597 = DIRECTION ( 'NONE',  ( 1.000000000000000000, 0.000000000000000000, 0.000000000000000000 ) ) ;
#2598 = CARTESIAN_POINT ( 'NONE',  ( -3.250000000000008882, 0.000000000000000000, 14.01622293754999404 ) ) ;
#2599 = CARTESIAN_POINT ( 'NONE',  ( -3.799999999999708056, 4.776122516674343992E-16, 14.94999999999999751 ) ) ;
#2600 = EDGE_CURVE ( 'NONE', #944, #4237, #1077, .T. ) ;
#2601 = EDGE_LOOP ( 'NONE', ( #556, #5315, #456, #269 ) ) ;
#2602 = ORIENTED_EDGE ( 'NONE', *, *, #2737, .T. ) ;
#2603 = LINE ( 'NONE', #4531, #5830 ) ;
#2604 = CONICAL_SURFACE ( 'NONE', #4123, 3.799999999999940758, 0.6928957130417482402 ) ;
#2605 = DIRECTION ( 'NONE',  ( -7.906742672516238979E-16, -0.000000000000000000, -1.000000000000000000 ) ) ;
#2606 = DIRECTION ( 'NONE',  ( -7.906742672516238979E-16, -0.000000000000000000, -1.000000000000000000 ) ) ;
#2607 = ORIENTED_EDGE ( 'NONE', *, *, #5033, .F. ) ;
#2608 = CIRCLE ( 'NONE', #1195, 3.799999999999951861 ) ;
#2609 = CARTESIAN_POINT ( 'NONE',  ( 0.1000000000000037248, 0.000000000000000000, -5.000000000000000000 ) ) ;
#2610 = EDGE_LOOP ( 'NONE', ( #6228, #3689, #5793, #4703 ) ) ;
#2611 = LINE ( 'NONE', #4541, #1603 ) ;
#2612 = CARTESIAN_POINT ( 'NONE',  ( 0.1000000000000037248, 0.000000000000000000, -5.000000000000000000 ) ) ;
#2613 = CYLINDRICAL_SURFACE ( 'NONE', #3693, 3.349999999999980549 ) ;
#2614 = CARTESIAN_POINT ( 'NONE',  ( 0.1000000000000037248, 0.000000000000000000, -5.000000000000000000 ) ) ;
#2615 = ADVANCED_FACE ( 'NONE', ( #2448 ), #2362, .T. ) ;
#2616 = CARTESIAN_POINT ( 'NONE',  ( 0.1000000000000195038, 0.000000000000000000, 14.94999999999999396 ) ) ;
#2617 = ORIENTED_EDGE ( 'NONE', *, *, #5589, .F. ) ;
#2618 = VECTOR ( 'NONE', #829, 1000.000000000000114 ) ;
#2619 = ORIENTED_EDGE ( 'NONE', *, *, #5714, .F. ) ;
#2620 = CARTESIAN_POINT ( 'NONE',  ( 0.1000000000000354078, 0.000000000000000000, 35.05000000000000426 ) ) ;
#2621 = ADVANCED_FACE ( 'NONE', ( #108 ), #5091, .T. ) ;
#2622 = DIRECTION ( 'NONE',  ( 7.906742672516238979E-16, 0.000000000000000000, 1.000000000000000000 ) ) ;
#2623 = AXIS2_PLACEMENT_3D ( 'NONE', #4838, #1044, #5356 ) ;
#2624 = AXIS2_PLACEMENT_3D ( 'NONE', #1070, #2622, #2083 ) ;
#2625 = ORIENTED_EDGE ( 'NONE', *, *, #1568, .F. ) ;
#2626 = VECTOR ( 'NONE', #3757, 1000.000000000000000 ) ;
#2627 = DIRECTION ( 'NONE',  ( 1.000000000000000000, 0.000000000000000000, 0.000000000000000000 ) ) ;
#2628 = AXIS2_PLACEMENT_3D ( 'NONE', #4143, #3159, #1820 ) ;
#2629 = EDGE_CURVE ( 'NONE', #583, #5341, #4788, .T. ) ;
#2630 = CARTESIAN_POINT ( 'NONE',  ( 3.450000000000088551, 4.102566777143696390E-16, 38.04998447769145287 ) ) ;
#2631 = DIRECTION ( 'NONE',  ( -1.000000000000000000, 0.000000000000000000, 1.035655806553313385E-15 ) ) ;
#2632 = DIRECTION ( 'NONE',  ( -0.6658816660008365362, 0.000000000000000000, -0.7460573750616975586 ) ) ;
#2633 = VECTOR ( 'NONE', #3958, 999.9999999999998863 ) ;
#2634 = CYLINDRICAL_SURFACE ( 'NONE', #4341, 3.800000000000010036 ) ;
#2635 = AXIS2_PLACEMENT_3D ( 'NONE', #5882, #4921, #5429 ) ;
#2636 = DIRECTION ( 'NONE',  ( -1.000000000000000000, 0.000000000000000000, 0.000000000000000000 ) ) ;
#2637 = CIRCLE ( 'NONE', #5668, 3.349999999999983213 ) ;
#2638 = CARTESIAN_POINT ( 'NONE',  ( 0.1000000000000300232, 0.000000000000000000, 28.25000000000000000 ) ) ;
#2639 = DIRECTION ( 'NONE',  ( -1.000000000000000000, 0.000000000000000000, 0.000000000000000000 ) ) ;
#2640 = VERTEX_POINT ( 'NONE', #1559 ) ;
#2641 = VECTOR ( 'NONE', #3597, 1000.000000000000000 ) ;
#2642 = LINE ( 'NONE', #4567, #2139 ) ;
#2643 = EDGE_LOOP ( 'NONE', ( #720, #5487, #1367, #1562 ) ) ;
#2644 = EDGE_CURVE ( 'NONE', #2436, #1057, #146, .T. ) ;
#2645 = CARTESIAN_POINT ( 'NONE',  ( 3.900000000000089617, 4.653657836760009783E-16, 33.85000000000000853 ) ) ;
#2646 = AXIS2_PLACEMENT_3D ( 'NONE', #6234, #3654, #2674 ) ;
#2647 = CARTESIAN_POINT ( 'NONE',  ( 3.900000000000084732, 4.653657836760001894E-16, 36.25000000000000711 ) ) ;
#2648 = FACE_OUTER_BOUND ( 'NONE', #3726, .T. ) ;
#2649 = DIRECTION ( 'NONE',  ( -7.906742672516238979E-16, -0.000000000000000000, -1.000000000000000000 ) ) ;
#2650 = ORIENTED_EDGE ( 'NONE', *, *, #3075, .F. ) ;
#2651 = VERTEX_POINT ( 'NONE', #2218 ) ;
#2652 = DIRECTION ( 'NONE',  ( -1.000000000000000000, 0.000000000000000000, 7.767418549149793692E-16 ) ) ;
#2653 = DIRECTION ( 'NONE',  ( -1.000000000000000000, 0.000000000000000000, 0.000000000000000000 ) ) ;
#2654 = CONICAL_SURFACE ( 'NONE', #3257, 3.800000000000052225, 0.7853809166853964463 ) ;
#2655 = ORIENTED_EDGE ( 'NONE', *, *, #1899, .F. ) ;
#2656 = DIRECTION ( 'NONE',  ( -7.906742672516238979E-16, -0.000000000000000000, -1.000000000000000000 ) ) ;
#2657 = EDGE_CURVE ( 'NONE', #5728, #626, #667, .T. ) ;
#2658 = EDGE_CURVE ( 'NONE', #603, #5350, #4492, .T. ) ;
#2659 = CIRCLE ( 'NONE', #5992, 6.969420969548633771 ) ;
#2660 = AXIS2_PLACEMENT_3D ( 'NONE', #3307, #6184, #1848 ) ;
#2661 = EDGE_CURVE ( 'NONE', #1631, #3125, #4033, .T. ) ;
#2662 = FACE_OUTER_BOUND ( 'NONE', #6068, .T. ) ;
#2663 = CARTESIAN_POINT ( 'NONE',  ( 0.1000000000000037248, 0.000000000000000000, -5.000000000000000000 ) ) ;
#2664 = FACE_OUTER_BOUND ( 'NONE', #542, .T. ) ;
#2665 = AXIS2_PLACEMENT_3D ( 'NONE', #3107, #5607, #263 ) ;
#2666 = DIRECTION ( 'NONE',  ( -7.906742672516238979E-16, -0.000000000000000000, -1.000000000000000000 ) ) ;
#2667 = AXIS2_PLACEMENT_3D ( 'NONE', #4103, #6050, #1630 ) ;
#2668 = CARTESIAN_POINT ( 'NONE',  ( 3.450000000000004174, 4.102566777143633774E-16, -5.000000000000002665 ) ) ;
#2669 = CARTESIAN_POINT ( 'NONE',  ( -3.249999999999894751, 0.000000000000000000, 52.44998447769145145 ) ) ;
#2670 = AXIS2_PLACEMENT_3D ( 'NONE', #3711, #2349, #2284 ) ;
#2671 = DIRECTION ( 'NONE',  ( -1.000000000000000000, 0.000000000000000000, 7.767418549149829191E-16 ) ) ;
#2672 = CARTESIAN_POINT ( 'NONE',  ( 3.900000000000080735, 4.653657836759994006E-16, 38.65000000000000568 ) ) ;
#2673 = ORIENTED_EDGE ( 'NONE', *, *, #2692, .T. ) ;
#2674 = DIRECTION ( 'NONE',  ( -1.000000000000000000, 0.000000000000000000, 0.000000000000000000 ) ) ;
#2675 = DIRECTION ( 'NONE',  ( -1.000000000000000000, 0.000000000000000000, 7.767418549149821302E-16 ) ) ;
#2676 = DIRECTION ( 'NONE',  ( -1.000000000000000000, 0.000000000000000000, 0.000000000000000000 ) ) ;
#2677 = DIRECTION ( 'NONE',  ( -7.906742672516238979E-16, -0.000000000000000000, -1.000000000000000000 ) ) ;
#2678 = EDGE_CURVE ( 'NONE', #603, #2035, #1237, .T. ) ;
#2679 = EDGE_CURVE ( 'NONE', #1583, #83, #5479, .T. ) ;
#2680 = FACE_OUTER_BOUND ( 'NONE', #127, .T. ) ;
#2681 = VERTEX_POINT ( 'NONE', #3555 ) ;
#2682 = ADVANCED_BREP_SHAPE_REPRESENTATION ( '2 MEDIUM NUT', ( #412, #3644 ), #6064 ) ;
#2683 = ORIENTED_EDGE ( 'NONE', *, *, #622, .T. ) ;
#2684 = DIRECTION ( 'NONE',  ( -7.906742672516238979E-16, -0.000000000000000000, -1.000000000000000000 ) ) ;
#2685 = VECTOR ( 'NONE', #470, 1000.000000000000114 ) ;
#2686 = EDGE_LOOP ( 'NONE', ( #1182, #1643, #2766, #4874 ) ) ;
#2687 = EDGE_CURVE ( 'NONE', #6145, #5996, #289, .T. ) ;
#2688 = ORIENTED_EDGE ( 'NONE', *, *, #2475, .F. ) ;
#2689 = DIRECTION ( 'NONE',  ( -7.906742672516238979E-16, -0.000000000000000000, -1.000000000000000000 ) ) ;
#2690 = DIRECTION ( 'NONE',  ( -1.000000000000000000, 0.000000000000000000, 8.896017825522720674E-16 ) ) ;
#2691 = VECTOR ( 'NONE', #4312, 1000.000000000000114 ) ;
#2692 = EDGE_CURVE ( 'NONE', #4233, #3974, #2163, .T. ) ;
#2693 = DIRECTION ( 'NONE',  ( -1.000000000000000000, 0.000000000000000000, 0.000000000000000000 ) ) ;
#2694 = LINE ( 'NONE', #4618, #1039 ) ;
#2695 = DIRECTION ( 'NONE',  ( 1.000000000000000000, 0.000000000000000000, 0.000000000000000000 ) ) ;
#2696 = AXIS2_PLACEMENT_3D ( 'NONE', #1323, #5093, #787 ) ;
#2697 = CYLINDRICAL_SURFACE ( 'NONE', #1371, 3.350000000000064926 ) ;
#2698 = EDGE_CURVE ( 'NONE', #2197, #816, #4399, .T. ) ;
#2699 = ADVANCED_FACE ( 'NONE', ( #4528 ), #6017, .T. ) ;
#2700 = CARTESIAN_POINT ( 'NONE',  ( 0.1000000000000037248, 0.000000000000000000, -5.000000000000000000 ) ) ;
#2701 = CONICAL_SURFACE ( 'NONE', #4614, 3.800000000000010036, 0.6928957130417329191 ) ;
#2702 = CARTESIAN_POINT ( 'NONE',  ( -3.799999999999728040, 0.000000000000000000, -4.999999999999996447 ) ) ;
#2703 = ORIENTED_EDGE ( 'NONE', *, *, #1025, .T. ) ;
#2704 = FACE_OUTER_BOUND ( 'NONE', #1723, .T. ) ;
#2705 = ORIENTED_EDGE ( 'NONE', *, *, #413, .F. ) ;
#2706 = ORIENTED_EDGE ( 'NONE', *, *, #1255, .T. ) ;
#2707 = CARTESIAN_POINT ( 'NONE',  ( 3.450000000000095213, 4.102566777143707730E-16, 34.44998447769145145 ) ) ;
#2708 = EDGE_CURVE ( 'NONE', #6209, #7, #761, .T. ) ;
#2709 = DIRECTION ( 'NONE',  ( -1.000000000000000000, 0.000000000000000000, 7.767418549149841024E-16 ) ) ;
#2710 = CARTESIAN_POINT ( 'NONE',  ( -4.049999999999996270, 0.000000000000000000, 9.396598169499688069 ) ) ;
#2711 = CARTESIAN_POINT ( 'NONE',  ( 3.450000000000013944, 4.102566777143593345E-16, 50.04998447769145287 ) ) ;
#2712 = EDGE_LOOP ( 'NONE', ( #5419, #3960, #1696, #1645 ) ) ;
#2713 = EDGE_LOOP ( 'NONE', ( #2332, #3750, #711, #4942 ) ) ;
#2714 = CYLINDRICAL_SURFACE ( 'NONE', #781, 3.899999999999731681 ) ;
#2715 = AXIS2_PLACEMENT_3D ( 'NONE', #960, #3373, #4357 ) ;
#2716 = EDGE_CURVE ( 'NONE', #4660, #4020, #836, .T. ) ;
#2717 = ORIENTED_EDGE ( 'NONE', *, *, #4872, .F. ) ;
#2718 = DIRECTION ( 'NONE',  ( -1.000000000000000000, 0.000000000000000000, 9.376883653928601821E-16 ) ) ;
#2719 = ORIENTED_EDGE ( 'NONE', *, *, #1899, .T. ) ;
#2720 = AXIS2_PLACEMENT_3D ( 'NONE', #1767, #3194, #3291 ) ;
#2721 = ORIENTED_EDGE ( 'NONE', *, *, #2548, .T. ) ;
#2722 = LINE ( 'NONE', #6042, #6235 ) ;
#2723 = VECTOR ( 'NONE', #3792, 1000.000000000000114 ) ;
#2724 = CARTESIAN_POINT ( 'NONE',  ( 0.1000000000000172973, 0.000000000000000000, 12.14999999999999680 ) ) ;
#2725 = DIRECTION ( 'NONE',  ( -1.000000000000000000, 0.000000000000000000, 0.000000000000000000 ) ) ;
#2726 = DIRECTION ( 'NONE',  ( 1.000000000000000000, 0.000000000000000000, -8.999230135487068434E-16 ) ) ;
#2727 = CIRCLE ( 'NONE', #204, 3.800000000000042455 ) ;
#2728 = VECTOR ( 'NONE', #3556, 1000.000000000000000 ) ;
#2729 = AXIS2_PLACEMENT_3D ( 'NONE', #2461, #935, #1916 ) ;
#2730 = AXIS2_PLACEMENT_3D ( 'NONE', #2740, #5106, #5521 ) ;
#2731 = CARTESIAN_POINT ( 'NONE',  ( -3.799999999999996270, 0.000000000000000000, 25.25000000000000000 ) ) ;
#2732 = FACE_OUTER_BOUND ( 'NONE', #2023, .T. ) ;
#2733 = LINE ( 'NONE', #708, #5999 ) ;
#2734 = ORIENTED_EDGE ( 'NONE', *, *, #3977, .F. ) ;
#2735 = LINE ( 'NONE', #4597, #4266 ) ;
#2736 = EDGE_LOOP ( 'NONE', ( #4175, #890, #1425, #4888 ) ) ;
#2737 = EDGE_CURVE ( 'NONE', #5979, #524, #2694, .T. ) ;
#2738 = ORIENTED_EDGE ( 'NONE', *, *, #3172, .T. ) ;
#2739 = AXIS2_PLACEMENT_3D ( 'NONE', #931, #6218, #3467 ) ;
#2740 = CARTESIAN_POINT ( 'NONE',  ( 0.1000000000000363515, 0.000000000000000000, 36.25000000000000711 ) ) ;
#2741 = FACE_OUTER_BOUND ( 'NONE', #5818, .T. ) ;
#2742 = DIRECTION ( 'NONE',  ( -1.000000000000000000, 0.000000000000000000, 6.847592668329407388E-16 ) ) ;
#2743 = ORIENTED_EDGE ( 'NONE', *, *, #4588, .F. ) ;
#2744 = ADVANCED_FACE ( 'NONE', ( #1744 ), #1355, .T. ) ;
#2745 = ORIENTED_EDGE ( 'NONE', *, *, #3437, .F. ) ;
#2746 = FACE_OUTER_BOUND ( 'NONE', #3424, .T. ) ;
#2747 = ORIENTED_EDGE ( 'NONE', *, *, #4940, .T. ) ;
#2748 = DIRECTION ( 'NONE',  ( -7.906742672516238979E-16, -0.000000000000000000, -1.000000000000000000 ) ) ;
#2749 = ORIENTED_EDGE ( 'NONE', *, *, #2807, .F. ) ;
#2750 = ADVANCED_FACE ( 'NONE', ( #699 ), #2149, .T. ) ;
#2751 = ORIENTED_EDGE ( 'NONE', *, *, #1459, .F. ) ;
#2752 = DIRECTION ( 'NONE',  ( -1.000000000000000000, 0.000000000000000000, 7.767418549149761151E-16 ) ) ;
#2753 = DIRECTION ( 'NONE',  ( -7.906742672516238979E-16, -0.000000000000000000, -1.000000000000000000 ) ) ;
#2754 = CARTESIAN_POINT ( 'NONE',  ( -3.249999999999999556, 0.000000000000000000, 15.99094427251859152 ) ) ;
#2755 = DIRECTION ( 'NONE',  ( -7.906742672516238979E-16, -0.000000000000000000, -1.000000000000000000 ) ) ;
#2756 = AXIS2_PLACEMENT_3D ( 'NONE', #2184, #1267, #2571 ) ;
#2757 = ADVANCED_FACE ( 'NONE', ( #4972 ), #3276, .T. ) ;
#2758 = AXIS2_PLACEMENT_3D ( 'NONE', #747, #2141, #273 ) ;
#2759 = CARTESIAN_POINT ( 'NONE',  ( 0.1000000000000482170, 0.000000000000000000, 51.24998447769145571 ) ) ;
#2760 = AXIS2_PLACEMENT_3D ( 'NONE', #5513, #4564, #3143 ) ;
#2761 = DIRECTION ( 'NONE',  ( -7.906742672516238979E-16, -0.000000000000000000, -1.000000000000000000 ) ) ;
#2762 = AXIS2_PLACEMENT_3D ( 'NONE', #3204, #1722, #2131 ) ;
#2763 = CARTESIAN_POINT ( 'NONE',  ( 0.1000000000000420414, 0.000000000000000000, 43.45000000000000284 ) ) ;
#2764 = ORIENTED_EDGE ( 'NONE', *, *, #2566, .F. ) ;
#2765 = ADVANCED_FACE ( 'NONE', ( #1655 ), #4891, .T. ) ;
#2766 = ORIENTED_EDGE ( 'NONE', *, *, #5266, .F. ) ;
#2767 = CARTESIAN_POINT ( 'NONE',  ( -3.799999999999682299, 0.000000000000000000, 20.40000000000000213 ) ) ;
#2768 = EDGE_CURVE ( 'NONE', #5178, #3596, #1685, .T. ) ;
#2769 = CARTESIAN_POINT ( 'NONE',  ( 0.1000000000000037248, 0.000000000000000000, -5.000000000000000000 ) ) ;
#2770 = FACE_OUTER_BOUND ( 'NONE', #2261, .T. ) ;
#2771 = ORIENTED_EDGE ( 'NONE', *, *, #5068, .F. ) ;
#2772 = EDGE_LOOP ( 'NONE', ( #15, #5686, #1435, #2619 ) ) ;
#2773 = DIRECTION ( 'NONE',  ( -7.906742672516238979E-16, -0.000000000000000000, -1.000000000000000000 ) ) ;
#2774 = DIRECTION ( 'NONE',  ( 0.7070945858143398155, 0.000000000000000000, 0.7071189763484270197 ) ) ;
#2775 = ORIENTED_EDGE ( 'NONE', *, *, #3899, .T. ) ;
#2776 = CARTESIAN_POINT ( 'NONE',  ( 0.1000000000000238198, 0.000000000000000000, 20.39999999999999858 ) ) ;
#2777 = ORIENTED_EDGE ( 'NONE', *, *, #1185, .T. ) ;
#2778 = VERTEX_POINT ( 'NONE', #4560 ) ;
#2779 = VECTOR ( 'NONE', #3167, 1000.000000000000000 ) ;
#2780 = CYLINDRICAL_SURFACE ( 'NONE', #2186, 3.799999999999986944 ) ;
#2781 = DIRECTION ( 'NONE',  ( 1.000000000000000000, 0.000000000000000000, 0.000000000000000000 ) ) ;
#2782 = EDGE_CURVE ( 'NONE', #1707, #4663, #1138, .T. ) ;
#2783 = LINE ( 'NONE', #2813, #1647 ) ;
#2784 = DIRECTION ( 'NONE',  ( 7.906742672516238979E-16, 0.000000000000000000, 1.000000000000000000 ) ) ;
#2785 = DIRECTION ( 'NONE',  ( -1.000000000000000000, 0.000000000000000000, 9.376883653928601821E-16 ) ) ;
#2786 = AXIS2_PLACEMENT_3D ( 'NONE', #3767, #1746, #2785 ) ;
#2787 = ADVANCED_FACE ( 'NONE', ( #3258 ), #3890, .T. ) ;
#2788 = DIRECTION ( 'NONE',  ( -7.906742672516238979E-16, -0.000000000000000000, -1.000000000000000000 ) ) ;
#2789 = DIRECTION ( 'NONE',  ( 0.000000000000000000, 0.000000000000000000, -1.000000000000000000 ) ) ;
#2790 = VERTEX_POINT ( 'NONE', #2754 ) ;
#2791 = EDGE_LOOP ( 'NONE', ( #2937, #4727, #3557, #5587 ) ) ;
#2792 = EDGE_LOOP ( 'NONE', ( #2451, #1667, #2842, #1780 ) ) ;
#2793 = CARTESIAN_POINT ( 'NONE',  ( 3.899999999999988365, 0.000000000000000000, 51.69999999999999574 ) ) ;
#2794 = AXIS2_PLACEMENT_3D ( 'NONE', #3092, #4431, #156 ) ;
#2795 = FACE_OUTER_BOUND ( 'NONE', #1923, .T. ) ;
#2796 = DIRECTION ( 'NONE',  ( -1.000000000000000000, 0.000000000000000000, 0.000000000000000000 ) ) ;
#2797 = ORIENTED_EDGE ( 'NONE', *, *, #4335, .F. ) ;
#2798 = ORIENTED_EDGE ( 'NONE', *, *, #3441, .F. ) ;
#2799 = CARTESIAN_POINT ( 'NONE',  ( 3.450000000000103206, 4.378112306951847416E-16, 42.79202761985990122 ) ) ;
#2800 = CARTESIAN_POINT ( 'NONE',  ( -3.699999999999907363, 4.653657836759887509E-16, 50.49999999999999289 ) ) ;
#2801 = EDGE_CURVE ( 'NONE', #4141, #2325, #51, .T. ) ;
#2802 = DIRECTION ( 'NONE',  ( -7.906742672516238979E-16, -0.000000000000000000, -1.000000000000000000 ) ) ;
#2803 = ORIENTED_EDGE ( 'NONE', *, *, #4817, .T. ) ;
#2804 = CARTESIAN_POINT ( 'NONE',  ( 0.1000000000000458439, 0.000000000000000000, 48.25000000000000000 ) ) ;
#2805 = ORIENTED_EDGE ( 'NONE', *, *, #6213, .T. ) ;
#2806 = VERTEX_POINT ( 'NONE', #917 ) ;
#2807 = EDGE_CURVE ( 'NONE', #6165, #3058, #4686, .T. ) ;
#2808 = EDGE_CURVE ( 'NONE', #4663, #1477, #883, .T. ) ;
#2809 = DIRECTION ( 'NONE',  ( 0.5735764363510327257, 7.024285468436385858E-17, -0.8191520442890011244 ) ) ;
#2810 = FACE_OUTER_BOUND ( 'NONE', #3450, .T. ) ;
#2811 = CONICAL_SURFACE ( 'NONE', #2014, 3.899999999999686384, 0.6597344572538557106 ) ;
#2812 = CIRCLE ( 'NONE', #292, 3.350000000000032507 ) ;
#2813 = CARTESIAN_POINT ( 'NONE',  ( 3.900000000000078959, 0.000000000000000000, 39.69999999999999574 ) ) ;
#2814 = CARTESIAN_POINT ( 'NONE',  ( -3.699999999999929567, 0.000000000000000000, 48.25000000000000000 ) ) ;
#2815 = EDGE_CURVE ( 'NONE', #1072, #4815, #5189, .T. ) ;
#2816 = LINE ( 'NONE', #1930, #2691 ) ;
#2817 = AXIS2_PLACEMENT_3D ( 'NONE', #4244, #5220, #4376 ) ;
#2818 = CARTESIAN_POINT ( 'NONE',  ( -2.682150266734995459, 0.000000000000000000, -4.999999999999999112 ) ) ;
#2819 = DIRECTION ( 'NONE',  ( -1.000000000000000000, 0.000000000000000000, 7.906742672516238979E-16 ) ) ;
#2820 = ORIENTED_EDGE ( 'NONE', *, *, #4513, .T. ) ;
#2821 = CIRCLE ( 'NONE', #2628, 3.799999999999951861 ) ;
#2822 = ORIENTED_EDGE ( 'NONE', *, *, #2629, .T. ) ;
#2823 = ORIENTED_EDGE ( 'NONE', *, *, #3412, .T. ) ;
#2824 = ADVANCED_FACE ( 'NONE', ( #325 ), #5195, .T. ) ;
#2825 = DIRECTION ( 'NONE',  ( 0.6129070536529801494, 0.000000000000000000, 0.7901550123756874155 ) ) ;
#2826 = DIRECTION ( 'NONE',  ( -7.906742672516238979E-16, -0.000000000000000000, -1.000000000000000000 ) ) ;
#2827 = FACE_OUTER_BOUND ( 'NONE', #2450, .T. ) ;
#2828 = ORIENTED_EDGE ( 'NONE', *, *, #533, .T. ) ;
#2829 = EDGE_CURVE ( 'NONE', #1591, #1261, #644, .T. ) ;
#2830 = ORIENTED_EDGE ( 'NONE', *, *, #1206, .T. ) ;
#2831 = FACE_OUTER_BOUND ( 'NONE', #1502, .T. ) ;
#2832 = CARTESIAN_POINT ( 'NONE',  ( 0.1000000000000050709, 0.000000000000000000, -3.297297297297302698 ) ) ;
#2833 = AXIS2_PLACEMENT_3D ( 'NONE', #618, #3626, #5548 ) ;
#2834 = CARTESIAN_POINT ( 'NONE',  ( 0.1000000000000037248, 0.000000000000000000, -5.000000000000000000 ) ) ;
#2835 = CARTESIAN_POINT ( 'NONE',  ( -3.799999999999719602, 0.000000000000000000, 13.39999999999999858 ) ) ;
#2836 = EDGE_LOOP ( 'NONE', ( #2853, #366, #1841, #3896 ) ) ;
#2837 = CARTESIAN_POINT ( 'NONE',  ( -3.250000000000022204, 0.000000000000000000, -4.999999999999997335 ) ) ;
#2838 = ORIENTED_EDGE ( 'NONE', *, *, #258, .F. ) ;
#2839 = VECTOR ( 'NONE', #1463, 1000.000000000000114 ) ;
#2840 = EDGE_LOOP ( 'NONE', ( #3964, #4308, #948, #2981 ) ) ;
#2841 = DIRECTION ( 'NONE',  ( -1.000000000000000000, 0.000000000000000000, 0.000000000000000000 ) ) ;
#2842 = ORIENTED_EDGE ( 'NONE', *, *, #3422, .F. ) ;
#2843 = ADVANCED_FACE ( 'NONE', ( #5161 ), #5688, .T. ) ;
#2844 = EDGE_CURVE ( 'NONE', #2379, #1261, #2783, .T. ) ;
#2845 = CARTESIAN_POINT ( 'NONE',  ( 0.1000000000000428740, 0.000000000000000000, 44.50000000000000000 ) ) ;
#2846 = FACE_OUTER_BOUND ( 'NONE', #2086, .T. ) ;
#2847 = DIRECTION ( 'NONE',  ( -0.7070945858143391494, 8.659411212119545657E-17, 0.7071189763484276858 ) ) ;
#2848 = EDGE_CURVE ( 'NONE', #5341, #4020, #2659, .T. ) ;
#2849 = LINE ( 'NONE', #1896, #4809 ) ;
#2850 = CARTESIAN_POINT ( 'NONE',  ( 3.900000000000090505, 0.000000000000000000, 31.30000000000000071 ) ) ;
#2851 = DIRECTION ( 'NONE',  ( -1.000000000000000000, 0.000000000000000000, 8.360113137237609190E-16 ) ) ;
#2852 = AXIS2_PLACEMENT_3D ( 'NONE', #93, #3022, #152 ) ;
#2853 = ORIENTED_EDGE ( 'NONE', *, *, #3363, .T. ) ;
#2854 = ORIENTED_EDGE ( 'NONE', *, *, #5285, .F. ) ;
#2855 = VECTOR ( 'NONE', #4187, 1000.000000000000114 ) ;
#2856 = FACE_OUTER_BOUND ( 'NONE', #3782, .T. ) ;
#2857 = EDGE_CURVE ( 'NONE', #676, #1253, #1844, .T. ) ;
#2858 = FACE_OUTER_BOUND ( 'NONE', #5296, .T. ) ;
#2859 = DIRECTION ( 'NONE',  ( -7.906742672516238979E-16, -0.000000000000000000, -1.000000000000000000 ) ) ;
#2860 = ORIENTED_EDGE ( 'NONE', *, *, #4770, .F. ) ;
#2861 = ORIENTED_EDGE ( 'NONE', *, *, #2801, .F. ) ;
#2862 = CARTESIAN_POINT ( 'NONE',  ( 0.1000000000000238198, 0.000000000000000000, 20.39999999999999858 ) ) ;
#2863 = DIRECTION ( 'NONE',  ( -1.000000000000000000, 0.000000000000000000, 0.000000000000000000 ) ) ;
#2864 = AXIS2_PLACEMENT_3D ( 'NONE', #5928, #2918, #2034 ) ;
#2865 = CARTESIAN_POINT ( 'NONE',  ( 0.1000000000000387246, 0.000000000000000000, 39.24998447769144860 ) ) ;
#2866 = EDGE_CURVE ( 'NONE', #1057, #2436, #5483, .T. ) ;
#2867 = DIRECTION ( 'NONE',  ( -1.000000000000000000, 0.000000000000000000, 6.847592668329504024E-16 ) ) ;
#2868 = EDGE_CURVE ( 'NONE', #5775, #5439, #5180, .T. ) ;
#2869 = ORIENTED_EDGE ( 'NONE', *, *, #5657, .T. ) ;
#2870 = DIRECTION ( 'NONE',  ( -1.000000000000000000, 0.000000000000000000, 0.000000000000000000 ) ) ;
#2871 = EDGE_LOOP ( 'NONE', ( #5217, #3074, #6086, #2969 ) ) ;
#2872 = EDGE_LOOP ( 'NONE', ( #1828, #358, #791, #5153 ) ) ;
#2873 = CARTESIAN_POINT ( 'NONE',  ( 3.450000000000087663, 4.378112306951841007E-16, 41.59202761985993391 ) ) ;
#2874 = FACE_OUTER_BOUND ( 'NONE', #462, .T. ) ;
#2875 = ADVANCED_FACE ( 'NONE', ( #1892 ), #4278, .T. ) ;
#2876 = ORIENTED_EDGE ( 'NONE', *, *, #5945, .F. ) ;
#2877 = DIRECTION ( 'NONE',  ( 7.906742672516238979E-16, 0.000000000000000000, 1.000000000000000000 ) ) ;
#2878 = DIRECTION ( 'NONE',  ( -1.000000000000000000, 0.000000000000000000, 0.000000000000000000 ) ) ;
#2879 = DIRECTION ( 'NONE',  ( -1.000000000000000000, 0.000000000000000000, 6.847592668329546425E-16 ) ) ;
#2880 = EDGE_CURVE ( 'NONE', #541, #512, #544, .T. ) ;
#2881 = DIRECTION ( 'NONE',  ( -1.000000000000000000, 0.000000000000000000, 6.847592668329568119E-16 ) ) ;
#2882 = EDGE_CURVE ( 'NONE', #87, #1122, #231, .T. ) ;
#2883 = CARTESIAN_POINT ( 'NONE',  ( -3.249999999999895195, 0.000000000000000000, 52.39202761985993106 ) ) ;
#2884 = ORIENTED_EDGE ( 'NONE', *, *, #1893, .T. ) ;
#2885 = AXIS2_PLACEMENT_3D ( 'NONE', #2066, #6019, #3621 ) ;
#2886 = ORIENTED_EDGE ( 'NONE', *, *, #5666, .F. ) ;
#2887 = ORIENTED_EDGE ( 'NONE', *, *, #1068, .T. ) ;
#2888 = ADVANCED_FACE ( 'NONE', ( #1864 ), #3764, .T. ) ;
#2889 = ADVANCED_FACE ( 'NONE', ( #5733 ), #5766, .T. ) ;
#2890 = CARTESIAN_POINT ( 'NONE',  ( 0.1000000000000466627, 0.000000000000000000, 49.29999999999999716 ) ) ;
#2891 = AXIS2_PLACEMENT_3D ( 'NONE', #763, #6081, #260 ) ;
#2892 = CARTESIAN_POINT ( 'NONE',  ( 0.1000000000000037248, 0.000000000000000000, -5.000000000000000000 ) ) ;
#2893 = APPLICATION_CONTEXT ( 'automotive_design' ) ;
#2894 = FACE_OUTER_BOUND ( 'NONE', #1753, .T. ) ;
#2895 = ORIENTED_EDGE ( 'NONE', *, *, #458, .F. ) ;
#2896 = ORIENTED_EDGE ( 'NONE', *, *, #4024, .T. ) ;
#2897 = AXIS2_PLACEMENT_3D ( 'NONE', #3035, #4497, #161 ) ;
#2898 = EDGE_CURVE ( 'NONE', #2296, #6182, #2222, .T. ) ;
#2899 = CARTESIAN_POINT ( 'NONE',  ( 3.900000000000096723, 0.000000000000000000, 30.09999999999999432 ) ) ;
#2900 = DIRECTION ( 'NONE',  ( -1.000000000000000000, 0.000000000000000000, 8.089411332100594985E-16 ) ) ;
#2901 = DIRECTION ( 'NONE',  ( -7.906742672516238979E-16, -0.000000000000000000, -1.000000000000000000 ) ) ;
#2902 = CARTESIAN_POINT ( 'NONE',  ( -3.799999999999661426, 4.776122516674293702E-16, 21.94999999999999929 ) ) ;
#2903 = VECTOR ( 'NONE', #1069, 1000.000000000000000 ) ;
#2904 = ORIENTED_EDGE ( 'NONE', *, *, #302, .T. ) ;
#2905 = LINE ( 'NONE', #2525, #813 ) ;
#2906 = ORIENTED_EDGE ( 'NONE', *, *, #2315, .F. ) ;
#2907 = ORIENTED_EDGE ( 'NONE', *, *, #3993, .T. ) ;
#2908 = EDGE_CURVE ( 'NONE', #5045, #1261, #1720, .T. ) ;
#2909 = CARTESIAN_POINT ( 'NONE',  ( 3.900000000000055866, 4.653657836760005838E-16, -5.000000000000002665 ) ) ;
#2910 = CARTESIAN_POINT ( 'NONE',  ( 0.1000000000000429989, 0.000000000000000000, 44.65000000000000568 ) ) ;
#2911 = EDGE_LOOP ( 'NONE', ( #2517, #5184, #3178, #3803 ) ) ;
#2912 = DIRECTION ( 'NONE',  ( -1.000000000000000000, 0.000000000000000000, 8.896017825522000838E-16 ) ) ;
#2913 = LINE ( 'NONE', #1968, #3355 ) ;
#2914 = EDGE_CURVE ( 'NONE', #4490, #1694, #3163, .T. ) ;
#2915 = CARTESIAN_POINT ( 'NONE',  ( -3.700000000000028599, 0.000000000000000000, 31.45000000000000639 ) ) ;
#2916 = CIRCLE ( 'NONE', #191, 7.942773774284805022 ) ;
#2917 = LINE ( 'NONE', #4844, #60 ) ;
#2918 = DIRECTION ( 'NONE',  ( -7.906742672516238979E-16, -0.000000000000000000, -1.000000000000000000 ) ) ;
#2919 = VERTEX_POINT ( 'NONE', #2130 ) ;
#2920 = VECTOR ( 'NONE', #2755, 1000.000000000000000 ) ;
#2921 = ORIENTED_EDGE ( 'NONE', *, *, #5111, .F. ) ;
#2922 = ORIENTED_EDGE ( 'NONE', *, *, #3541, .F. ) ;
#2923 = DIRECTION ( 'NONE',  ( -7.906742672516238979E-16, -0.000000000000000000, -1.000000000000000000 ) ) ;
#2924 = AXIS2_PLACEMENT_3D ( 'NONE', #2804, #5627, #345 ) ;
#2925 = EDGE_CURVE ( 'NONE', #626, #4395, #841, .T. ) ;
#2926 = EDGE_CURVE ( 'NONE', #1921, #1860, #4579, .T. ) ;
#2927 = ORIENTED_EDGE ( 'NONE', *, *, #609, .F. ) ;
#2928 = DIRECTION ( 'NONE',  ( -1.000000000000000000, 0.000000000000000000, 1.035655806553309638E-15 ) ) ;
#2929 = ORIENTED_EDGE ( 'NONE', *, *, #5801, .F. ) ;
#2930 = AXIS2_PLACEMENT_3D ( 'NONE', #6163, #4736, #5216 ) ;
#2931 = ORIENTED_EDGE ( 'NONE', *, *, #3977, .T. ) ;
#2932 = CIRCLE ( 'NONE', #2427, 3.350000000000013411 ) ;
#2933 = CARTESIAN_POINT ( 'NONE',  ( 3.450000000000016165, 4.102566777143648565E-16, -5.000000000000002665 ) ) ;
#2934 = CARTESIAN_POINT ( 'NONE',  ( 0.1000000000000037248, 0.000000000000000000, -5.000000000000000000 ) ) ;
#2935 = DIRECTION ( 'NONE',  ( -1.000000000000000000, 0.000000000000000000, 0.000000000000000000 ) ) ;
#2936 = LINE ( 'NONE', #1823, #5681 ) ;
#2937 = ORIENTED_EDGE ( 'NONE', *, *, #350, .T. ) ;
#2938 = CARTESIAN_POINT ( 'NONE',  ( 0.1000000000000037248, 0.000000000000000000, -5.000000000000000000 ) ) ;
#2939 = EDGE_LOOP ( 'NONE', ( #4865, #3240, #2036, #3619 ) ) ;
#2940 = ORIENTED_EDGE ( 'NONE', *, *, #3634, .F. ) ;
#2941 = AXIS2_PLACEMENT_3D ( 'NONE', #5618, #5143, #2742 ) ;
#2942 = DIRECTION ( 'NONE',  ( -1.000000000000000000, 0.000000000000000000, 8.896017825522032393E-16 ) ) ;
#2943 = DIRECTION ( 'NONE',  ( -1.000000000000000000, 0.000000000000000000, 8.896017825522797588E-16 ) ) ;
#2944 = EDGE_CURVE ( 'NONE', #6134, #1591, #3651, .T. ) ;
#2945 = CIRCLE ( 'NONE', #1222, 3.349999999999945466 ) ;
#2946 = CARTESIAN_POINT ( 'NONE',  ( 0.1000000000000037248, 0.000000000000000000, -5.000000000000000000 ) ) ;
#2947 = DIRECTION ( 'NONE',  ( -1.000000000000000000, 0.000000000000000000, 0.000000000000000000 ) ) ;
#2948 = DIRECTION ( 'NONE',  ( -1.000000000000000000, 0.000000000000000000, 0.000000000000000000 ) ) ;
#2949 = AXIS2_PLACEMENT_3D ( 'NONE', #5964, #4537, #710 ) ;
#2950 = FACE_OUTER_BOUND ( 'NONE', #2736, .T. ) ;
#2951 = CARTESIAN_POINT ( 'NONE',  ( 0.1000000000000390715, 0.000000000000000000, 39.69999999999999574 ) ) ;
#2952 = ADVANCED_FACE ( 'NONE', ( #1178 ), #239, .T. ) ;
#2953 = ADVANCED_FACE ( 'NONE', ( #5069 ), #672, .T. ) ;
#2954 = EDGE_LOOP ( 'NONE', ( #647, #1553, #1086, #215 ) ) ;
#2955 = VERTEX_POINT ( 'NONE', #705 ) ;
#2956 = EDGE_CURVE ( 'NONE', #1313, #386, #5800, .T. ) ;
#2957 = CARTESIAN_POINT ( 'NONE',  ( 0.1000000000000037248, 0.000000000000000000, -5.000000000000000000 ) ) ;
#2958 = ORIENTED_EDGE ( 'NONE', *, *, #4810, .T. ) ;
#2959 = AXIS2_PLACEMENT_3D ( 'NONE', #4184, #6203, #2725 ) ;
#2960 = CIRCLE ( 'NONE', #837, 3.899999999999725908 ) ;
#2961 = ORIENTED_EDGE ( 'NONE', *, *, #3509, .F. ) ;
#2962 = DIRECTION ( 'NONE',  ( -7.906742672516238979E-16, -0.000000000000000000, -1.000000000000000000 ) ) ;
#2963 = ADVANCED_FACE ( 'NONE', ( #1299 ), #1448, .T. ) ;
#2964 = CARTESIAN_POINT ( 'NONE',  ( 0.1000000000000410977, 0.000000000000000000, 42.25000000000000000 ) ) ;
#2965 = CARTESIAN_POINT ( 'NONE',  ( -3.250000000000058620, 0.000000000000000000, -4.999999999999997335 ) ) ;
#2966 = LINE ( 'NONE', #4401, #4077 ) ;
#2967 = CARTESIAN_POINT ( 'NONE',  ( 0.1000000000000381278, 0.000000000000000000, 38.50000000000000000 ) ) ;
#2968 = VERTEX_POINT ( 'NONE', #5993 ) ;
#2969 = ORIENTED_EDGE ( 'NONE', *, *, #775, .F. ) ;
#2970 = CIRCLE ( 'NONE', #243, 3.749999999999899192 ) ;
#2971 = DIRECTION ( 'NONE',  ( -1.000000000000000000, 0.000000000000000000, 0.000000000000000000 ) ) ;
#2972 = EDGE_CURVE ( 'NONE', #2499, #5172, #3577, .T. ) ;
#2973 = DIRECTION ( 'NONE',  ( -7.906742672516238979E-16, -0.000000000000000000, -1.000000000000000000 ) ) ;
#2974 = ORIENTED_EDGE ( 'NONE', *, *, #466, .F. ) ;
#2975 = AXIS2_PLACEMENT_3D ( 'NONE', #227, #2155, #4097 ) ;
#2976 = CARTESIAN_POINT ( 'NONE',  ( 4.000000000000067502, 4.776122516674724618E-16, 27.82044892595218144 ) ) ;
#2977 = CARTESIAN_POINT ( 'NONE',  ( 0.1000000000000037248, 0.000000000000000000, -5.000000000000000000 ) ) ;
#2978 = LINE ( 'NONE', #5415, #1687 ) ;
#2979 = DIRECTION ( 'NONE',  ( -7.906742672516238979E-16, -0.000000000000000000, -1.000000000000000000 ) ) ;
#2980 = DIRECTION ( 'NONE',  ( -7.906742672516238979E-16, -0.000000000000000000, -1.000000000000000000 ) ) ;
#2981 = ORIENTED_EDGE ( 'NONE', *, *, #4410, .F. ) ;
#2982 = ORIENTED_EDGE ( 'NONE', *, *, #5285, .T. ) ;
#2983 = CIRCLE ( 'NONE', #658, 3.899999999999737899 ) ;
#2984 = EDGE_CURVE ( 'NONE', #2790, #4944, #1211, .T. ) ;
#2985 = LINE ( 'NONE', #2008, #2356 ) ;
#2986 = AXIS2_PLACEMENT_3D ( 'NONE', #307, #811, #2232 ) ;
#2987 = CARTESIAN_POINT ( 'NONE',  ( 0.1000000000000324379, 0.000000000000000000, 31.30000000000000071 ) ) ;
#2988 = EDGE_LOOP ( 'NONE', ( #844, #5990, #132, #5878 ) ) ;
#2989 = EDGE_LOOP ( 'NONE', ( #2797, #1924, #5717, #4911 ) ) ;
#2990 = DIRECTION ( 'NONE',  ( -7.906742672516238979E-16, -0.000000000000000000, -1.000000000000000000 ) ) ;
#2991 = CONICAL_SURFACE ( 'NONE', #362, 3.799999999999951861, 0.6928957130417429111 ) ;
#2992 = CARTESIAN_POINT ( 'NONE',  ( 0.1000000000000187683, 0.000000000000000000, 14.01622293754999049 ) ) ;
#2993 = DIRECTION ( 'NONE',  ( -1.000000000000000000, 0.000000000000000000, 7.767418549149740444E-16 ) ) ;
#2994 = DIRECTION ( 'NONE',  ( -1.000000000000000000, 0.000000000000000000, 0.000000000000000000 ) ) ;
#2995 = VECTOR ( 'NONE', #253, 1000.000000000000000 ) ;
#2996 = DIRECTION ( 'NONE',  ( -1.000000000000000000, 0.000000000000000000, 0.000000000000000000 ) ) ;
#2997 = VERTEX_POINT ( 'NONE', #3622 ) ;
#2998 = ORIENTED_EDGE ( 'NONE', *, *, #5673, .F. ) ;
#2999 = DIRECTION ( 'NONE',  ( -1.000000000000000000, 0.000000000000000000, 0.000000000000000000 ) ) ;
#3000 = DIRECTION ( 'NONE',  ( -7.906742672516238979E-16, -0.000000000000000000, -1.000000000000000000 ) ) ;
#3001 = VECTOR ( 'NONE', #2689, 1000.000000000000000 ) ;
#3002 = LINE ( 'NONE', #74, #4345 ) ;
#3003 = ADVANCED_FACE ( 'NONE', ( #1271 ), #4127, .T. ) ;
#3004 = CARTESIAN_POINT ( 'NONE',  ( -3.700000000000023714, 4.653657836760013727E-16, 33.70000000000000284 ) ) ;
#3005 = DIRECTION ( 'NONE',  ( -1.000000000000000000, 0.000000000000000000, 0.000000000000000000 ) ) ;
#3006 = CARTESIAN_POINT ( 'NONE',  ( 0.1000000000000363515, 0.000000000000000000, 36.25000000000000711 ) ) ;
#3007 = VECTOR ( 'NONE', #4297, 1000.000000000000000 ) ;
#3008 = CARTESIAN_POINT ( 'NONE',  ( 3.899999999999999467, 0.000000000000000000, 50.49999999999999289 ) ) ;
#3009 = EDGE_LOOP ( 'NONE', ( #4273, #1369 ) ) ;
#3010 = EDGE_LOOP ( 'NONE', ( #1101, #3285, #2869, #3698 ) ) ;
#3011 = DIRECTION ( 'NONE',  ( 7.906742672516238979E-16, 0.000000000000000000, 1.000000000000000000 ) ) ;
#3012 = AXIS2_PLACEMENT_3D ( 'NONE', #5549, #6056, #2199 ) ;
#3013 = FACE_OUTER_BOUND ( 'NONE', #5435, .T. ) ;
#3014 = AXIS2_PLACEMENT_3D ( 'NONE', #2460, #5428, #1513 ) ;
#3015 = ADVANCED_FACE ( 'NONE', ( #1662 ), #1748, .T. ) ;
#3016 = LINE ( 'NONE', #4952, #5563 ) ;
#3017 = CIRCLE ( 'NONE', #3225, 3.349999999999980549 ) ;
#3018 = DIRECTION ( 'NONE',  ( -1.000000000000000000, 0.000000000000000000, 9.251858538542942245E-16 ) ) ;
#3019 = VECTOR ( 'NONE', #409, 999.9999999999998863 ) ;
#3020 = DIRECTION ( 'NONE',  ( -1.000000000000000000, 0.000000000000000000, 6.938893903907408830E-16 ) ) ;
#3021 = CARTESIAN_POINT ( 'NONE',  ( -3.699999999999983302, 0.000000000000000000, -4.999999999999997335 ) ) ;
#3022 = DIRECTION ( 'NONE',  ( -7.906742672516238979E-16, -0.000000000000000000, -1.000000000000000000 ) ) ;
#3023 = ADVANCED_FACE ( 'NONE', ( #2732 ), #2256, .T. ) ;
#3024 = DIRECTION ( 'NONE',  ( -1.000000000000000000, 0.000000000000000000, 0.000000000000000000 ) ) ;
#3025 = ORIENTED_EDGE ( 'NONE', *, *, #1560, .T. ) ;
#3026 = AXIS2_PLACEMENT_3D ( 'NONE', #4268, #59, #2863 ) ;
#3027 = VECTOR ( 'NONE', #3657, 1000.000000000000000 ) ;
#3028 = ORIENTED_EDGE ( 'NONE', *, *, #1049, .T. ) ;
#3029 = LINE ( 'NONE', #4964, #3715 ) ;
#3030 = AXIS2_PLACEMENT_3D ( 'NONE', #2435, #1518, #94 ) ;
#3031 = VERTEX_POINT ( 'NONE', #328 ) ;
#3032 = EDGE_CURVE ( 'NONE', #436, #5144, #2257, .T. ) ;
#3033 = DIRECTION ( 'NONE',  ( -1.000000000000000000, 0.000000000000000000, 1.035655806553310427E-15 ) ) ;
#3034 = CONICAL_SURFACE ( 'NONE', #914, 3.799999999999940314, 0.7853809166853961132 ) ;
#3035 = CARTESIAN_POINT ( 'NONE',  ( 0.1000000000000063338, 0.000000000000000000, -1.600000000000004086 ) ) ;
#3036 = FACE_OUTER_BOUND ( 'NONE', #6132, .T. ) ;
#3037 = ADVANCED_FACE ( 'NONE', ( #6112 ), #1343, .T. ) ;
#3038 = EDGE_CURVE ( 'NONE', #1536, #373, #6207, .T. ) ;
#3039 = DIRECTION ( 'NONE',  ( 0.4578739151169501365, 5.607338245610408083E-17, -0.8890171414857398480 ) ) ;
#3040 = DIRECTION ( 'NONE',  ( -7.906742672516238979E-16, -0.000000000000000000, -1.000000000000000000 ) ) ;
#3041 = ADVANCED_FACE ( 'NONE', ( #3233 ), #955, .T. ) ;
#3042 = EDGE_LOOP ( 'NONE', ( #636, #4671, #5398, #4002 ) ) ;
#3043 = ORIENTED_EDGE ( 'NONE', *, *, #4621, .T. ) ;
#3044 = CIRCLE ( 'NONE', #5169, 3.800000000000048672 ) ;
#3045 = CARTESIAN_POINT ( 'NONE',  ( 0.1000000000000477313, 0.000000000000000000, 50.64999999999999858 ) ) ;
#3046 = LINE ( 'NONE', #991, #2561 ) ;
#3047 = ORIENTED_EDGE ( 'NONE', *, *, #5588, .F. ) ;
#3048 = FACE_OUTER_BOUND ( 'NONE', #3356, .T. ) ;
#3049 = VERTEX_POINT ( 'NONE', #1933 ) ;
#3050 = EDGE_LOOP ( 'NONE', ( #4678, #4422, #155, #2359 ) ) ;
#3051 = CARTESIAN_POINT ( 'NONE',  ( -3.700000000000025047, 0.000000000000000000, 32.65000000000000568 ) ) ;
#3052 = ADVANCED_FACE ( 'NONE', ( #1331 ), #922, .T. ) ;
#3053 = CARTESIAN_POINT ( 'NONE',  ( 0.1000000000000290795, 0.000000000000000000, 27.04999999999999361 ) ) ;
#3054 = CARTESIAN_POINT ( 'NONE',  ( 4.000000000000052403, 0.000000000000000000, 27.04999999999999005 ) ) ;
#3055 = DIRECTION ( 'NONE',  ( 7.906742672516238979E-16, 0.000000000000000000, 1.000000000000000000 ) ) ;
#3056 = CIRCLE ( 'NONE', #6088, 3.799999999999998490 ) ;
#3057 = LINE ( 'NONE', #2106, #314 ) ;
#3058 = VERTEX_POINT ( 'NONE', #5196 ) ;
#3059 = ORIENTED_EDGE ( 'NONE', *, *, #953, .F. ) ;
#3060 = DIRECTION ( 'NONE',  ( -7.906742672516238979E-16, -0.000000000000000000, -1.000000000000000000 ) ) ;
#3061 = AXIS2_PLACEMENT_3D ( 'NONE', #4071, #2160, #798 ) ;
#3062 = ADVANCED_FACE ( 'NONE', ( #3265 ), #639, .T. ) ;
#3063 = DIRECTION ( 'NONE',  ( -1.000000000000000000, 0.000000000000000000, 0.000000000000000000 ) ) ;
#3064 = EDGE_CURVE ( 'NONE', #4141, #1285, #5262, .T. ) ;
#3065 = ORIENTED_EDGE ( 'NONE', *, *, #173, .T. ) ;
#3066 = VECTOR ( 'NONE', #3039, 1000.000000000000227 ) ;
#3067 = AXIS2_PLACEMENT_3D ( 'NONE', #417, #3801, #2851 ) ;
#3068 = DIRECTION ( 'NONE',  ( -7.906742672516238979E-16, -0.000000000000000000, -1.000000000000000000 ) ) ;
#3069 = DIRECTION ( 'NONE',  ( -7.906742672516238979E-16, -0.000000000000000000, -1.000000000000000000 ) ) ;
#3070 = CYLINDRICAL_SURFACE ( 'NONE', #1769, 3.800000000000048672 ) ;
#3071 = AXIS2_PLACEMENT_3D ( 'NONE', #856, #351, #1327 ) ;
#3072 = CARTESIAN_POINT ( 'NONE',  ( -3.700000000000020606, 0.000000000000000000, 33.85000000000000853 ) ) ;
#3073 = ORIENTED_EDGE ( 'NONE', *, *, #4817, .F. ) ;
#3074 = ORIENTED_EDGE ( 'NONE', *, *, #1676, .T. ) ;
#3075 = EDGE_CURVE ( 'NONE', #1891, #3788, #3672, .T. ) ;
#3076 = FACE_OUTER_BOUND ( 'NONE', #2840, .T. ) ;
#3077 = DIRECTION ( 'NONE',  ( -0.6387678175155957483, 0.000000000000000000, -0.7693995550468967215 ) ) ;
#3078 = ORIENTED_EDGE ( 'NONE', *, *, #1733, .T. ) ;
#3079 = AXIS2_PLACEMENT_3D ( 'NONE', #45, #5360, #4414 ) ;
#3080 = DIRECTION ( 'NONE',  ( -7.906742672516238979E-16, -0.000000000000000000, -1.000000000000000000 ) ) ;
#3081 = ORIENTED_EDGE ( 'NONE', *, *, #5634, .F. ) ;
#3082 = EDGE_CURVE ( 'NONE', #5979, #4328, #382, .T. ) ;
#3083 = EDGE_LOOP ( 'NONE', ( #6248, #2805, #3246, #3156 ) ) ;
#3084 = CARTESIAN_POINT ( 'NONE',  ( 3.900000000000052314, 0.000000000000000000, 44.50000000000000000 ) ) ;
#3085 = CARTESIAN_POINT ( 'NONE',  ( 3.900000000000021227, 4.653657836759911175E-16, 48.25000000000000000 ) ) ;
#3086 = CARTESIAN_POINT ( 'NONE',  ( 0.1000000000000037248, 0.000000000000000000, -5.000000000000000000 ) ) ;
#3087 = DIRECTION ( 'NONE',  ( -1.000000000000000000, 0.000000000000000000, 0.000000000000000000 ) ) ;
#3088 = DIRECTION ( 'NONE',  ( -1.000000000000000000, 0.000000000000000000, 6.847592668329384709E-16 ) ) ;
#3089 = ORIENTED_EDGE ( 'NONE', *, *, #166, .F. ) ;
#3090 = EDGE_LOOP ( 'NONE', ( #805, #1870, #4638, #2593 ) ) ;
#3091 = CONICAL_SURFACE ( 'NONE', #4511, 3.899999999999705924, 0.7286749627076346547 ) ;
#3092 = CARTESIAN_POINT ( 'NONE',  ( 0.1000000000000076938, 0.000000000000000000, -3.469446951953614189E-15 ) ) ;
#3093 = FACE_OUTER_BOUND ( 'NONE', #4805, .T. ) ;
#3094 = AXIS2_PLACEMENT_3D ( 'NONE', #3097, #2506, #3550 ) ;
#3095 = VERTEX_POINT ( 'NONE', #2850 ) ;
#3096 = CARTESIAN_POINT ( 'NONE',  ( 3.849999999999905942, 4.592425496802454657E-16, -5.000000000000002665 ) ) ;
#3097 = CARTESIAN_POINT ( 'NONE',  ( 0.1000000000000201561, 0.000000000000000000, 15.76622293754999227 ) ) ;
#3098 = CIRCLE ( 'NONE', #369, 3.350000000000047162 ) ;
#3099 = CYLINDRICAL_SURFACE ( 'NONE', #3830, 3.899999999999705036 ) ;
#3100 = CYLINDRICAL_SURFACE ( 'NONE', #4505, 3.799999999999963407 ) ;
#3101 = CARTESIAN_POINT ( 'NONE',  ( -3.699999999999954436, 0.000000000000000000, 45.85000000000000142 ) ) ;
#3102 = VECTOR ( 'NONE', #1233, 1000.000000000000000 ) ;
#3103 = CARTESIAN_POINT ( 'NONE',  ( 0.1000000000000447753, 0.000000000000000000, 46.89999999999999858 ) ) ;
#3104 = EDGE_LOOP ( 'NONE', ( #3336, #1390, #5053, #2607 ) ) ;
#3105 = CARTESIAN_POINT ( 'NONE',  ( 0.1000000000000371841, 0.000000000000000000, 37.29999999999999716 ) ) ;
#3106 = AXIS2_PLACEMENT_3D ( 'NONE', #5917, #5024, #3962 ) ;
#3107 = CARTESIAN_POINT ( 'NONE',  ( 0.1000000000000276501, 0.000000000000000000, 25.24999999999999645 ) ) ;
#3108 = CARTESIAN_POINT ( 'NONE',  ( 0.1000000000000339784, 0.000000000000000000, 33.24998447769145571 ) ) ;
#3109 = ORIENTED_EDGE ( 'NONE', *, *, #466, .T. ) ;
#3110 = AXIS2_PLACEMENT_3D ( 'NONE', #2360, #1377, #2334 ) ;
#3111 = DIRECTION ( 'NONE',  ( 0.6658816660008283206, 8.154698508788220047E-17, -0.7460573750617047750 ) ) ;
#3112 = ORIENTED_EDGE ( 'NONE', *, *, #612, .T. ) ;
#3113 = LINE ( 'NONE', #2645, #4339 ) ;
#3114 =( NAMED_UNIT ( * ) SI_UNIT ( $, .STERADIAN. ) SOLID_ANGLE_UNIT ( ) );
#3115 = CIRCLE ( 'NONE', #5036, 3.799999999999986944 ) ;
#3116 = EDGE_CURVE ( 'NONE', #4446, #3596, #5805, .T. ) ;
#3117 = DIRECTION ( 'NONE',  ( -1.000000000000000000, 0.000000000000000000, 0.000000000000000000 ) ) ;
#3118 = AXIS2_PLACEMENT_3D ( 'NONE', #2663, #2059, #5983 ) ;
#3119 = EDGE_CURVE ( 'NONE', #5341, #5844, #142, .T. ) ;
#3120 = CARTESIAN_POINT ( 'NONE',  ( 0.1000000000000382527, 0.000000000000000000, 38.65000000000000568 ) ) ;
#3121 = EDGE_CURVE ( 'NONE', #964, #4084, #2159, .T. ) ;
#3122 = DIRECTION ( 'NONE',  ( -1.000000000000000000, 0.000000000000000000, 0.000000000000000000 ) ) ;
#3123 = VERTEX_POINT ( 'NONE', #3298 ) ;
#3124 = AXIS2_PLACEMENT_3D ( 'NONE', #2946, #4875, #2029 ) ;
#3125 = VERTEX_POINT ( 'NONE', #452 ) ;
#3126 = AXIS2_PLACEMENT_3D ( 'NONE', #5188, #854, #2781 ) ;
#3127 = DIRECTION ( 'NONE',  ( -7.906742672516238979E-16, -0.000000000000000000, -1.000000000000000000 ) ) ;
#3128 = CARTESIAN_POINT ( 'NONE',  ( 3.900000000000021227, 0.000000000000000000, 48.09999999999999432 ) ) ;
#3129 = VECTOR ( 'NONE', #2774, 1000.000000000000000 ) ;
#3130 = EDGE_LOOP ( 'NONE', ( #2210, #2322, #4360, #3241 ) ) ;
#3131 =( LENGTH_UNIT ( ) NAMED_UNIT ( * ) SI_UNIT ( .MILLI., .METRE. ) );
#3132 = AXIS2_PLACEMENT_3D ( 'NONE', #1063, #2497, #6259 ) ;
#3133 = CARTESIAN_POINT ( 'NONE',  ( 0.1000000000000037248, 0.000000000000000000, -5.000000000000000000 ) ) ;
#3134 = AXIS2_PLACEMENT_3D ( 'NONE', #6254, #3784, #5821 ) ;
#3135 = FACE_OUTER_BOUND ( 'NONE', #4734, .T. ) ;
#3136 = DIRECTION ( 'NONE',  ( -7.906742672516238979E-16, -0.000000000000000000, -1.000000000000000000 ) ) ;
#3137 = DIRECTION ( 'NONE',  ( -1.000000000000000000, 0.000000000000000000, 1.035655806553309836E-15 ) ) ;
#3138 = VECTOR ( 'NONE', #1734, 1000.000000000000000 ) ;
#3139 = CARTESIAN_POINT ( 'NONE',  ( 3.900000000000010125, 0.000000000000000000, 49.29999999999999716 ) ) ;
#3140 = DIRECTION ( 'NONE',  ( -7.906742672516238979E-16, -0.000000000000000000, -1.000000000000000000 ) ) ;
#3141 = CIRCLE ( 'NONE', #1727, 3.350000000000054268 ) ;
#3142 = ADVANCED_FACE ( 'NONE', ( #4751 ), #355, .T. ) ;
#3143 = DIRECTION ( 'NONE',  ( -1.000000000000000000, 0.000000000000000000, 0.000000000000000000 ) ) ;
#3144 = ADVANCED_FACE ( 'NONE', ( #6142 ), #1455, .T. ) ;
#3145 = DIRECTION ( 'NONE',  ( -7.906742672516238979E-16, -0.000000000000000000, -1.000000000000000000 ) ) ;
#3146 = VERTEX_POINT ( 'NONE', #4811 ) ;
#3147 = CYLINDRICAL_SURFACE ( 'NONE', #5671, 3.899999999999728129 ) ;
#3148 = ORIENTED_EDGE ( 'NONE', *, *, #4320, .T. ) ;
#3149 = DIRECTION ( 'NONE',  ( 0.6387678175155940830, 7.822649631188136133E-17, -0.7693995550468980538 ) ) ;
#3150 =( LENGTH_UNIT ( ) NAMED_UNIT ( * ) SI_UNIT ( .MILLI., .METRE. ) );
#3151 = CIRCLE ( 'NONE', #3459, 3.800000000000009592 ) ;
#3152 = CYLINDRICAL_SURFACE ( 'NONE', #4906, 3.350000000000017852 ) ;
#3153 = CARTESIAN_POINT ( 'NONE',  ( 0.1000000000000439426, 0.000000000000000000, 45.85000000000000142 ) ) ;
#3154 = FACE_OUTER_BOUND ( 'NONE', #5380, .T. ) ;
#3155 = VECTOR ( 'NONE', #2300, 1000.000000000000000 ) ;
#3156 = ORIENTED_EDGE ( 'NONE', *, *, #5715, .F. ) ;
#3157 = EDGE_CURVE ( 'NONE', #5626, #3378, #5227, .T. ) ;
#3158 = CARTESIAN_POINT ( 'NONE',  ( -7.842773774284798272, 0.000000000000000000, -2.192897763973485237 ) ) ;
#3159 = DIRECTION ( 'NONE',  ( -7.906742672516238979E-16, -0.000000000000000000, -1.000000000000000000 ) ) ;
#3160 = ORIENTED_EDGE ( 'NONE', *, *, #1255, .F. ) ;
#3161 = DIRECTION ( 'NONE',  ( -1.000000000000000000, 0.000000000000000000, 0.000000000000000000 ) ) ;
#3162 = VERTEX_POINT ( 'NONE', #2818 ) ;
#3163 = CIRCLE ( 'NONE', #5488, 3.700000000000017053 ) ;
#3164 = ADVANCED_FACE ( 'NONE', ( #3365 ), #4283, .T. ) ;
#3165 = FACE_OUTER_BOUND ( 'NONE', #3337, .T. ) ;
#3166 = DIRECTION ( 'NONE',  ( -7.906742672516238979E-16, -0.000000000000000000, -1.000000000000000000 ) ) ;
#3167 = DIRECTION ( 'NONE',  ( -7.906742672516238979E-16, -0.000000000000000000, -1.000000000000000000 ) ) ;
#3168 = AXIS2_PLACEMENT_3D ( 'NONE', #579, #5389, #1589 ) ;
#3169 = DIRECTION ( 'NONE',  ( -7.906742672516238979E-16, -0.000000000000000000, -1.000000000000000000 ) ) ;
#3170 = AXIS2_PLACEMENT_3D ( 'NONE', #767, #5197, #5263 ) ;
#3171 = ORIENTED_EDGE ( 'NONE', *, *, #72, .T. ) ;
#3172 = EDGE_CURVE ( 'NONE', #87, #5425, #487, .T. ) ;
#3173 = CARTESIAN_POINT ( 'NONE',  ( 0.1000000000000222655, 0.000000000000000000, 18.44999999999999929 ) ) ;
#3174 = CARTESIAN_POINT ( 'NONE',  ( 0.1000000000000523526, 0.000000000000000000, 56.50000000000000000 ) ) ;
#3175 = DIRECTION ( 'NONE',  ( 0.6387678175155890870, 7.822649631188075736E-17, -0.7693995550469022726 ) ) ;
#3176 = EDGE_LOOP ( 'NONE', ( #4139, #3588, #1878, #2617 ) ) ;
#3177 = DIRECTION ( 'NONE',  ( -1.000000000000000000, 0.000000000000000000, 8.896017825522797588E-16 ) ) ;
#3178 = ORIENTED_EDGE ( 'NONE', *, *, #3294, .F. ) ;
#3179 = ORIENTED_EDGE ( 'NONE', *, *, #5739, .F. ) ;
#3180 = LINE ( 'NONE', #1277, #1109 ) ;
#3181 = DIRECTION ( 'NONE',  ( -1.000000000000000000, 0.000000000000000000, 0.000000000000000000 ) ) ;
#3182 = CARTESIAN_POINT ( 'NONE',  ( 0.1000000000000458439, 0.000000000000000000, 48.25000000000000000 ) ) ;
#3183 = CARTESIAN_POINT ( 'NONE',  ( 3.900000000000096279, 4.653657836760021616E-16, 30.25000000000000000 ) ) ;
#3184 = EDGE_LOOP ( 'NONE', ( #2173, #2132, #3992, #5641 ) ) ;
#3185 = ADVANCED_FACE ( 'NONE', ( #1970 ), #6002, .T. ) ;
#3186 = ORIENTED_EDGE ( 'NONE', *, *, #5994, .F. ) ;
#3187 = CARTESIAN_POINT ( 'NONE',  ( 0.1000000000000037248, 0.000000000000000000, -5.000000000000000000 ) ) ;
#3188 = CIRCLE ( 'NONE', #564, 3.799999999999975397 ) ;
#3189 = CARTESIAN_POINT ( 'NONE',  ( 0.1000000000000434708, 0.000000000000000000, 45.24998447769145571 ) ) ;
#3190 = ORIENTED_EDGE ( 'NONE', *, *, #1788, .F. ) ;
#3191 = AXIS2_PLACEMENT_3D ( 'NONE', #671, #5037, #1688 ) ;
#3192 = FACE_OUTER_BOUND ( 'NONE', #3858, .T. ) ;
#3193 = ORIENTED_EDGE ( 'NONE', *, *, #1677, .T. ) ;
#3194 = DIRECTION ( 'NONE',  ( -7.906742672516238979E-16, -0.000000000000000000, -1.000000000000000000 ) ) ;
#3195 = VECTOR ( 'NONE', #4946, 1000.000000000000000 ) ;
#3196 = CARTESIAN_POINT ( 'NONE',  ( -3.799999999999701394, 0.000000000000000000, -4.999999999999996447 ) ) ;
#3197 = ADVANCED_FACE ( 'NONE', ( #5447 ), #4487, .T. ) ;
#3198 = EDGE_CURVE ( 'NONE', #1176, #5331, #3970, .T. ) ;
#3199 = DIRECTION ( 'NONE',  ( -1.000000000000000000, 0.000000000000000000, 8.896017825522700952E-16 ) ) ;
#3200 = ORIENTED_EDGE ( 'NONE', *, *, #4667, .T. ) ;
#3201 = DIRECTION ( 'NONE',  ( -1.000000000000000000, 0.000000000000000000, 9.376883653928643236E-16 ) ) ;
#3202 = AXIS2_PLACEMENT_3D ( 'NONE', #3544, #2500, #4996 ) ;
#3203 = EDGE_CURVE ( 'NONE', #3942, #5675, #5292, .T. ) ;
#3204 = CARTESIAN_POINT ( 'NONE',  ( 0.1000000000000037248, 0.000000000000000000, -5.000000000000000000 ) ) ;
#3205 = ORIENTED_EDGE ( 'NONE', *, *, #72, .F. ) ;
#3206 = FACE_OUTER_BOUND ( 'NONE', #5136, .T. ) ;
#3207 = ORIENTED_EDGE ( 'NONE', *, *, #1282, .F. ) ;
#3208 = DIRECTION ( 'NONE',  ( -1.000000000000000000, 0.000000000000000000, 0.000000000000000000 ) ) ;
#3209 = CARTESIAN_POINT ( 'NONE',  ( 0.1000000000000037248, 0.000000000000000000, -5.000000000000000000 ) ) ;
#3210 = CARTESIAN_POINT ( 'NONE',  ( -3.250000000000008438, 0.000000000000000000, -4.999999999999997335 ) ) ;
#3211 = AXIS2_PLACEMENT_3D ( 'NONE', #3411, #6189, #5274 ) ;
#3212 = CARTESIAN_POINT ( 'NONE',  ( -2.018580752490188868, 0.000000000000000000, 25.91073486191403674 ) ) ;
#3213 = ORIENTED_EDGE ( 'NONE', *, *, #3286, .F. ) ;
#3214 = CARTESIAN_POINT ( 'NONE',  ( -3.250000000000020428, 0.000000000000000000, 35.59202761985994101 ) ) ;
#3215 = CIRCLE ( 'NONE', #1294, 3.349999999999960565 ) ;
#3216 = EDGE_CURVE ( 'NONE', #2241, #5015, #3881, .T. ) ;
#3217 = VERTEX_POINT ( 'NONE', #5417 ) ;
#3218 = VECTOR ( 'NONE', #5097, 1000.000000000000114 ) ;
#3219 = CARTESIAN_POINT ( 'NONE',  ( 0.1000000000000276501, 0.000000000000000000, 25.24999999999999645 ) ) ;
#3220 = ORIENTED_EDGE ( 'NONE', *, *, #3119, .F. ) ;
#3221 = VECTOR ( 'NONE', #1341, 1000.000000000000000 ) ;
#3222 = ORIENTED_EDGE ( 'NONE', *, *, #4533, .F. ) ;
#3223 = CARTESIAN_POINT ( 'NONE',  ( 0.1000000000000037248, 0.000000000000000000, -5.000000000000000000 ) ) ;
#3224 = FACE_OUTER_BOUND ( 'NONE', #851, .T. ) ;
#3225 = AXIS2_PLACEMENT_3D ( 'NONE', #5950, #4523, #5981 ) ;
#3226 = AXIS2_PLACEMENT_3D ( 'NONE', #1010, #916, #2943 ) ;
#3227 = DIRECTION ( 'NONE',  ( 1.000000000000000000, 0.000000000000000000, -9.251858538542942245E-16 ) ) ;
#3228 = DIRECTION ( 'NONE',  ( -1.000000000000000000, 0.000000000000000000, 0.000000000000000000 ) ) ;
#3229 = CIRCLE ( 'NONE', #397, 2.782150266734999100 ) ;
#3230 = CARTESIAN_POINT ( 'NONE',  ( 0.1000000000000472594, 0.000000000000000000, 50.04998447769145287 ) ) ;
#3231 = ADVANCED_FACE ( 'NONE', ( #2950 ), #4091, .T. ) ;
#3232 = ADVANCED_FACE ( 'NONE', ( #2060 ), #2091, .T. ) ;
#3233 = FACE_OUTER_BOUND ( 'NONE', #637, .T. ) ;
#3234 = CIRCLE ( 'NONE', #4056, 3.800000000000042011 ) ;
#3235 = EDGE_CURVE ( 'NONE', #5331, #3478, #2564, .T. ) ;
#3236 = PRODUCT_DEFINITION_FORMATION_WITH_SPECIFIED_SOURCE ( 'ANY', '', #899, .NOT_KNOWN. ) ;
#3237 = CARTESIAN_POINT ( 'NONE',  ( -3.249999999999996891, 0.000000000000000000, 17.51622293754999404 ) ) ;
#3238 = ORIENTED_EDGE ( 'NONE', *, *, #4935, .T. ) ;
#3239 = DIRECTION ( 'NONE',  ( -1.000000000000000000, 0.000000000000000000, 7.767418549149881453E-16 ) ) ;
#3240 = ORIENTED_EDGE ( 'NONE', *, *, #1081, .T. ) ;
#3241 = ORIENTED_EDGE ( 'NONE', *, *, #2548, .F. ) ;
#3242 = CONICAL_SURFACE ( 'NONE', #1821, 3.800000000000052225, 0.6928957130417419119 ) ;
#3243 = DIRECTION ( 'NONE',  ( -7.906742672516238979E-16, -0.000000000000000000, -1.000000000000000000 ) ) ;
#3244 = DIRECTION ( 'NONE',  ( -1.000000000000000000, 0.000000000000000000, 6.847592668329414291E-16 ) ) ;
#3245 = CYLINDRICAL_SURFACE ( 'NONE', #1116, 3.350000000000017852 ) ;
#3246 = ORIENTED_EDGE ( 'NONE', *, *, #4324, .T. ) ;
#3247 = EDGE_CURVE ( 'NONE', #3123, #4319, #1465, .T. ) ;
#3248 = DIRECTION ( 'NONE',  ( -7.906742672516238979E-16, -0.000000000000000000, -1.000000000000000000 ) ) ;
#3249 = ORIENTED_EDGE ( 'NONE', *, *, #3978, .T. ) ;
#3250 = CARTESIAN_POINT ( 'NONE',  ( 0.1000000000000343392, 0.000000000000000000, 33.70000000000000284 ) ) ;
#3251 = EDGE_LOOP ( 'NONE', ( #4848, #5920, #1980, #4034 ) ) ;
#3252 = ORIENTED_EDGE ( 'NONE', *, *, #5670, .F. ) ;
#3253 = ADVANCED_FACE ( 'NONE', ( #4938 ), #5903, .T. ) ;
#3254 = EDGE_CURVE ( 'NONE', #5775, #4459, #610, .T. ) ;
#3255 = DIRECTION ( 'NONE',  ( -1.000000000000000000, 0.000000000000000000, 8.999230135487068434E-16 ) ) ;
#3256 = DIRECTION ( 'NONE',  ( -7.906742672516238979E-16, -0.000000000000000000, -1.000000000000000000 ) ) ;
#3257 = AXIS2_PLACEMENT_3D ( 'NONE', #1517, #4864, #4050 ) ;
#3258 = FACE_OUTER_BOUND ( 'NONE', #5026, .T. ) ;
#3259 = DIRECTION ( 'NONE',  ( -7.906742672516238979E-16, -0.000000000000000000, -1.000000000000000000 ) ) ;
#3260 = VECTOR ( 'NONE', #5258, 1000.000000000000000 ) ;
#3261 = CIRCLE ( 'NONE', #2660, 3.350000000000056044 ) ;
#3262 = ADVANCED_FACE ( 'NONE', ( #1498 ), #4383, .T. ) ;
#3263 = LINE ( 'NONE', #2731, #2385 ) ;
#3264 = AXIS2_PLACEMENT_3D ( 'NONE', #4592, #5572, #5039 ) ;
#3265 = FACE_OUTER_BOUND ( 'NONE', #4338, .T. ) ;
#3266 = CONICAL_SURFACE ( 'NONE', #2667, 3.899999999999722800, 0.6597344572538604845 ) ;
#3267 = DIRECTION ( 'NONE',  ( 0.6658816660008352040, 8.154698508788303863E-17, -0.7460573750616986688 ) ) ;
#3268 = ORIENTED_EDGE ( 'NONE', *, *, #655, .T. ) ;
#3269 = ORIENTED_EDGE ( 'NONE', *, *, #135, .F. ) ;
#3270 = ORIENTED_EDGE ( 'NONE', *, *, #406, .F. ) ;
#3271 = AXIS2_PLACEMENT_3D ( 'NONE', #107, #4499, #2540 ) ;
#3272 = VECTOR ( 'NONE', #3971, 1000.000000000000114 ) ;
#3273 = EDGE_CURVE ( 'NONE', #5156, #3624, #5927, .T. ) ;
#3274 = DIRECTION ( 'NONE',  ( -1.000000000000000000, 0.000000000000000000, 7.767418549149980060E-16 ) ) ;
#3275 = DIRECTION ( 'NONE',  ( -7.906742672516238979E-16, -0.000000000000000000, -1.000000000000000000 ) ) ;
#3276 = CONICAL_SURFACE ( 'NONE', #4384, 3.899999999999727684, 0.6597344572538550445 ) ;
#3277 = EDGE_CURVE ( 'NONE', #3788, #4698, #634, .T. ) ;
#3278 = EDGE_CURVE ( 'NONE', #779, #541, #2917, .T. ) ;
#3279 = CARTESIAN_POINT ( 'NONE',  ( 0.1000000000000182687, 0.000000000000000000, 13.39999999999999503 ) ) ;
#3280 = ORIENTED_EDGE ( 'NONE', *, *, #2289, .T. ) ;
#3281 = ORIENTED_EDGE ( 'NONE', *, *, #1530, .F. ) ;
#3282 = DIRECTION ( 'NONE',  ( -7.906742672516238979E-16, -0.000000000000000000, -1.000000000000000000 ) ) ;
#3283 = DIRECTION ( 'NONE',  ( -7.906742672516238979E-16, -0.000000000000000000, -1.000000000000000000 ) ) ;
#3284 = LINE ( 'NONE', #4733, #2345 ) ;
#3285 = ORIENTED_EDGE ( 'NONE', *, *, #1338, .T. ) ;
#3286 = EDGE_CURVE ( 'NONE', #5198, #4363, #5412, .T. ) ;
#3287 = CARTESIAN_POINT ( 'NONE',  ( 4.000000000000051514, 4.776122516674706868E-16, 25.24999999999999289 ) ) ;
#3288 = ORIENTED_EDGE ( 'NONE', *, *, #33, .T. ) ;
#3289 = ORIENTED_EDGE ( 'NONE', *, *, #1167, .T. ) ;
#3290 = AXIS2_PLACEMENT_3D ( 'NONE', #4587, #2182, #6044 ) ;
#3291 = DIRECTION ( 'NONE',  ( -1.000000000000000000, 0.000000000000000000, 0.000000000000000000 ) ) ;
#3292 = VECTOR ( 'NONE', #2200, 1000.000000000000000 ) ;
#3293 = CARTESIAN_POINT ( 'NONE',  ( 0.1000000000000477313, 0.000000000000000000, 50.64999999999999858 ) ) ;
#3294 = EDGE_CURVE ( 'NONE', #3638, #4085, #2583, .T. ) ;
#3295 = DIRECTION ( 'NONE',  ( -7.906742672516238979E-16, -0.000000000000000000, -1.000000000000000000 ) ) ;
#3296 = DIRECTION ( 'NONE',  ( -7.906742672516238979E-16, -0.000000000000000000, -1.000000000000000000 ) ) ;
#3297 = AXIS2_PLACEMENT_3D ( 'NONE', #4976, #230, #2636 ) ;
#3298 = CARTESIAN_POINT ( 'NONE',  ( -3.249999999999932498, 0.000000000000000000, 48.84998447769145713 ) ) ;
#3299 = DIRECTION ( 'NONE',  ( -7.906742672516238979E-16, -0.000000000000000000, -1.000000000000000000 ) ) ;
#3300 = ADVANCED_FACE ( 'NONE', ( #4441 ), #5822, .T. ) ;
#3301 = CONICAL_SURFACE ( 'NONE', #4018, 3.800000000000061107, 0.7853809166854330837 ) ;
#3302 = EDGE_LOOP ( 'NONE', ( #3636, #987, #5724, #1563 ) ) ;
#3303 = ORIENTED_EDGE ( 'NONE', *, *, #3396, .T. ) ;
#3304 = EDGE_LOOP ( 'NONE', ( #1383, #310, #2117, #2705 ) ) ;
#3305 = DIRECTION ( 'NONE',  ( -7.906742672516238979E-16, -0.000000000000000000, -1.000000000000000000 ) ) ;
#3306 = AXIS2_PLACEMENT_3D ( 'NONE', #4774, #3421, #5352 ) ;
#3307 = CARTESIAN_POINT ( 'NONE',  ( 0.1000000000000358796, 0.000000000000000000, 35.64998447769145429 ) ) ;
#3308 = CARTESIAN_POINT ( 'NONE',  ( 0.1000000000000037248, 0.000000000000000000, -5.000000000000000000 ) ) ;
#3309 = ORIENTED_EDGE ( 'NONE', *, *, #6162, .F. ) ;
#3310 = ORIENTED_EDGE ( 'NONE', *, *, #1168, .F. ) ;
#3311 = FACE_OUTER_BOUND ( 'NONE', #1013, .T. ) ;
#3312 = EDGE_CURVE ( 'NONE', #620, #370, #6016, .T. ) ;
#3313 = ADVANCED_FACE ( 'NONE', ( #5478 ), #3070, .T. ) ;
#3314 = DIRECTION ( 'NONE',  ( -1.000000000000000000, 0.000000000000000000, 6.847592668329391611E-16 ) ) ;
#3315 = AXIS2_PLACEMENT_3D ( 'NONE', #429, #4765, #4699 ) ;
#3316 = CARTESIAN_POINT ( 'NONE',  ( -3.699999999999936673, 0.000000000000000000, -4.999999999999997335 ) ) ;
#3317 = DIRECTION ( 'NONE',  ( -7.906742672516238979E-16, -0.000000000000000000, -1.000000000000000000 ) ) ;
#3318 = ADVANCED_FACE ( 'NONE', ( #5603 ), #4064, .T. ) ;
#3319 = ORIENTED_EDGE ( 'NONE', *, *, #3473, .T. ) ;
#3320 = CARTESIAN_POINT ( 'NONE',  ( 0.1000000000000391964, 0.000000000000000000, 39.85000000000000142 ) ) ;
#3321 = ORIENTED_EDGE ( 'NONE', *, *, #3738, .F. ) ;
#3322 = VERTEX_POINT ( 'NONE', #5985 ) ;
#3323 = VECTOR ( 'NONE', #2230, 1000.000000000000000 ) ;
#3324 = DIRECTION ( 'NONE',  ( -1.000000000000000000, 0.000000000000000000, 6.847592668329588826E-16 ) ) ;
#3325 = DIRECTION ( 'NONE',  ( -1.000000000000000000, 0.000000000000000000, 0.000000000000000000 ) ) ;
#3326 = AXIS2_PLACEMENT_3D ( 'NONE', #4498, #5925, #5445 ) ;
#3327 = DIRECTION ( 'NONE',  ( -7.906742672516238979E-16, -0.000000000000000000, -1.000000000000000000 ) ) ;
#3328 = DIRECTION ( 'NONE',  ( 1.000000000000000000, 0.000000000000000000, 0.000000000000000000 ) ) ;
#3329 = AXIS2_PLACEMENT_3D ( 'NONE', #4378, #3994, #3033 ) ;
#3330 = CARTESIAN_POINT ( 'NONE',  ( 3.450000000000070344, 4.378112306951819806E-16, 43.99202761985993249 ) ) ;
#3331 = DIRECTION ( 'NONE',  ( 1.000000000000000000, 0.000000000000000000, 0.000000000000000000 ) ) ;
#3332 = DIRECTION ( 'NONE',  ( -1.000000000000000000, 0.000000000000000000, 7.767418549149887369E-16 ) ) ;
#3333 = AXIS2_PLACEMENT_3D ( 'NONE', #3320, #5660, #5249 ) ;
#3334 = ORIENTED_EDGE ( 'NONE', *, *, #3082, .T. ) ;
#3335 = AXIS2_PLACEMENT_3D ( 'NONE', #1581, #1611, #5438 ) ;
#3336 = ORIENTED_EDGE ( 'NONE', *, *, #3699, .T. ) ;
#3337 = EDGE_LOOP ( 'NONE', ( #4209, #4240, #1903, #597 ) ) ;
#3338 = EDGE_CURVE ( 'NONE', #4116, #2968, #1684, .T. ) ;
#3339 = EDGE_CURVE ( 'NONE', #3682, #454, #4095, .T. ) ;
#3340 = DIRECTION ( 'NONE',  ( -7.906742672516238979E-16, -0.000000000000000000, -1.000000000000000000 ) ) ;
#3341 = CARTESIAN_POINT ( 'NONE',  ( 3.449999999999995737, 4.378112306951712817E-16, 53.59202761985992680 ) ) ;
#3342 = AXIS2_PLACEMENT_3D ( 'NONE', #3538, #2202, #3088 ) ;
#3343 = DIRECTION ( 'NONE',  ( 0.7070945858143398155, 0.000000000000000000, 0.7071189763484270197 ) ) ;
#3344 = ORIENTED_EDGE ( 'NONE', *, *, #135, .T. ) ;
#3345 = ORIENTED_EDGE ( 'NONE', *, *, #2807, .T. ) ;
#3346 = FACE_OUTER_BOUND ( 'NONE', #5114, .T. ) ;
#3347 = DIRECTION ( 'NONE',  ( -1.000000000000000000, 0.000000000000000000, 6.847592668329431054E-16 ) ) ;
#3348 = CIRCLE ( 'NONE', #2833, 7.555183609470375039 ) ;
#3349 = DIRECTION ( 'NONE',  ( -7.906742672516238979E-16, -0.000000000000000000, -1.000000000000000000 ) ) ;
#3350 = CARTESIAN_POINT ( 'NONE',  ( -3.250000000000019540, 0.000000000000000000, -4.999999999999997335 ) ) ;
#3351 = ORIENTED_EDGE ( 'NONE', *, *, #4218, .T. ) ;
#3352 = LINE ( 'NONE', #783, #3945 ) ;
#3353 = ORIENTED_EDGE ( 'NONE', *, *, #533, .F. ) ;
#3354 = EDGE_CURVE ( 'NONE', #4823, #1468, #962, .T. ) ;
#3355 = VECTOR ( 'NONE', #5923, 1000.000000000000000 ) ;
#3356 = EDGE_LOOP ( 'NONE', ( #4793, #4190, #2703, #2579 ) ) ;
#3357 = EDGE_CURVE ( 'NONE', #5382, #4233, #6015, .T. ) ;
#3358 = CARTESIAN_POINT ( 'NONE',  ( 0.1000000000000420414, 0.000000000000000000, 43.45000000000000284 ) ) ;
#3359 = DIRECTION ( 'NONE',  ( -1.000000000000000000, 0.000000000000000000, 7.767418549149738472E-16 ) ) ;
#3360 = ORIENTED_EDGE ( 'NONE', *, *, #6151, .F. ) ;
#3361 = DIRECTION ( 'NONE',  ( 7.906742672516238979E-16, 0.000000000000000000, 1.000000000000000000 ) ) ;
#3362 = EDGE_CURVE ( 'NONE', #5305, #2304, #1265, .T. ) ;
#3363 = EDGE_CURVE ( 'NONE', #3484, #6182, #5610, .T. ) ;
#3364 = CARTESIAN_POINT ( 'NONE',  ( 0.1000000000000428740, 0.000000000000000000, 44.50000000000000000 ) ) ;
#3365 = FACE_OUTER_BOUND ( 'NONE', #1791, .T. ) ;
#3366 = CARTESIAN_POINT ( 'NONE',  ( -3.699999999999879385, 4.653657836759855955E-16, 52.89999999999999858 ) ) ;
#3367 = AXIS2_PLACEMENT_3D ( 'NONE', #3182, #3633, #4603 ) ;
#3368 = EDGE_LOOP ( 'NONE', ( #769, #4692, #6143, #4041 ) ) ;
#3369 = EDGE_CURVE ( 'NONE', #1549, #1072, #5206, .T. ) ;
#3370 = ORIENTED_EDGE ( 'NONE', *, *, #4101, .F. ) ;
#3371 = VERTEX_POINT ( 'NONE', #5506 ) ;
#3372 = AXIS2_PLACEMENT_3D ( 'NONE', #234, #4659, #3595 ) ;
#3373 = DIRECTION ( 'NONE',  ( -7.906742672516238979E-16, -0.000000000000000000, -1.000000000000000000 ) ) ;
#3374 = ADVANCED_FACE ( 'NONE', ( #1204 ), #3100, .T. ) ;
#3375 = AXIS2_PLACEMENT_3D ( 'NONE', #3742, #3299, #2819 ) ;
#3376 = ORIENTED_EDGE ( 'NONE', *, *, #5266, .T. ) ;
#3377 = DIRECTION ( 'NONE',  ( -1.000000000000000000, 0.000000000000000000, 9.376883653928643236E-16 ) ) ;
#3378 = VERTEX_POINT ( 'NONE', #5031 ) ;
#3379 = ORIENTED_EDGE ( 'NONE', *, *, #1282, .T. ) ;
#3380 = CARTESIAN_POINT ( 'NONE',  ( 0.1000000000000343392, 0.000000000000000000, 33.70000000000000284 ) ) ;
#3381 = CARTESIAN_POINT ( 'NONE',  ( 0.1000000000000453165, 0.000000000000000000, 47.59202761985992680 ) ) ;
#3382 = VECTOR ( 'NONE', #2632, 999.9999999999998863 ) ;
#3383 = DIRECTION ( 'NONE',  ( -1.000000000000000000, 0.000000000000000000, 0.000000000000000000 ) ) ;
#3384 = CARTESIAN_POINT ( 'NONE',  ( 0.1000000000000037248, 0.000000000000000000, -5.000000000000000000 ) ) ;
#3385 = VERTEX_POINT ( 'NONE', #256 ) ;
#3386 = CARTESIAN_POINT ( 'NONE',  ( 3.900000000000078959, 4.653657836759990061E-16, 39.85000000000000142 ) ) ;
#3387 = ORIENTED_EDGE ( 'NONE', *, *, #33, .F. ) ;
#3388 = ORIENTED_EDGE ( 'NONE', *, *, #1146, .T. ) ;
#3389 = CYLINDRICAL_SURFACE ( 'NONE', #4322, 3.799999999999951861 ) ;
#3390 = DIRECTION ( 'NONE',  ( -7.906742672516238979E-16, -0.000000000000000000, -1.000000000000000000 ) ) ;
#3391 = VECTOR ( 'NONE', #1236, 1000.000000000000114 ) ;
#3392 = CARTESIAN_POINT ( 'NONE',  ( 0.1000000000000296901, 0.000000000000000000, 27.82044892595218499 ) ) ;
#3393 = DIRECTION ( 'NONE',  ( -7.906742672516238979E-16, -0.000000000000000000, -1.000000000000000000 ) ) ;
#3394 = LINE ( 'NONE', #4381, #2493 ) ;
#3395 = CIRCLE ( 'NONE', #5713, 3.350000000000045386 ) ;
#3396 = EDGE_CURVE ( 'NONE', #3974, #687, #698, .T. ) ;
#3397 = ADVANCED_FACE ( 'NONE', ( #2664 ), #5954, .T. ) ;
#3398 = DIRECTION ( 'NONE',  ( -1.000000000000000000, 0.000000000000000000, 0.000000000000000000 ) ) ;
#3399 = DIRECTION ( 'NONE',  ( -1.000000000000000000, 0.000000000000000000, 8.896017825522687147E-16 ) ) ;
#3400 = ORIENTED_EDGE ( 'NONE', *, *, #5490, .F. ) ;
#3401 = AXIS2_PLACEMENT_3D ( 'NONE', #2834, #2901, #3446 ) ;
#3402 = VERTEX_POINT ( 'NONE', #2598 ) ;
#3403 = ORIENTED_EDGE ( 'NONE', *, *, #3699, .F. ) ;
#3404 = FACE_OUTER_BOUND ( 'NONE', #2871, .T. ) ;
#3405 = CONICAL_SURFACE ( 'NONE', #1171, 3.900000000000038103, 0.4357528408129835995 ) ;
#3406 = CARTESIAN_POINT ( 'NONE',  ( -3.699999999999982414, 4.653657836759972312E-16, 43.29999999999999716 ) ) ;
#3407 = ORIENTED_EDGE ( 'NONE', *, *, #2698, .T. ) ;
#3408 = CARTESIAN_POINT ( 'NONE',  ( 3.500000000000101252, 4.347496136973166489E-16, 29.69998620239270437 ) ) ;
#3409 = ORIENTED_EDGE ( 'NONE', *, *, #575, .F. ) ;
#3410 = ORIENTED_EDGE ( 'NONE', *, *, #4513, .F. ) ;
#3411 = CARTESIAN_POINT ( 'NONE',  ( 0.1000000000000429989, 0.000000000000000000, 44.65000000000000568 ) ) ;
#3412 = EDGE_CURVE ( 'NONE', #3866, #2398, #4526, .T. ) ;
#3413 = LINE ( 'NONE', #4367, #1620 ) ;
#3414 = DIRECTION ( 'NONE',  ( -7.906742672516238979E-16, -0.000000000000000000, -1.000000000000000000 ) ) ;
#3415 = FACE_OUTER_BOUND ( 'NONE', #2713, .T. ) ;
#3416 = AXIS2_PLACEMENT_3D ( 'NONE', #5762, #442, #1387 ) ;
#3417 = ORIENTED_EDGE ( 'NONE', *, *, #941, .T. ) ;
#3418 = DIRECTION ( 'NONE',  ( -1.000000000000000000, 0.000000000000000000, 0.000000000000000000 ) ) ;
#3419 = EDGE_LOOP ( 'NONE', ( #5373, #2340, #4901, #5976 ) ) ;
#3420 = ORIENTED_EDGE ( 'NONE', *, *, #1877, .T. ) ;
#3421 = DIRECTION ( 'NONE',  ( 7.906742672516238979E-16, 0.000000000000000000, 1.000000000000000000 ) ) ;
#3422 = EDGE_CURVE ( 'NONE', #629, #1789, #3188, .T. ) ;
#3423 = DIRECTION ( 'NONE',  ( -1.000000000000000000, 0.000000000000000000, 6.847592668329441901E-16 ) ) ;
#3424 = EDGE_LOOP ( 'NONE', ( #4785, #3028, #515, #5729 ) ) ;
#3425 = VECTOR ( 'NONE', #649, 1000.000000000000000 ) ;
#3426 = DIRECTION ( 'NONE',  ( 7.906742672516238979E-16, 0.000000000000000000, 1.000000000000000000 ) ) ;
#3427 = CARTESIAN_POINT ( 'NONE',  ( 0.1000000000000181299, 0.000000000000000000, 13.19999999999999218 ) ) ;
#3428 = CARTESIAN_POINT ( 'NONE',  ( 0.1000000000000523526, 0.000000000000000000, 56.50000000000000000 ) ) ;
#3429 = CARTESIAN_POINT ( 'NONE',  ( -3.699999999999916689, 4.653657836759898356E-16, 49.29999999999999716 ) ) ;
#3430 = DIRECTION ( 'NONE',  ( 0.7070945858143392604, 0.000000000000000000, 0.7071189763484275748 ) ) ;
#3431 = ORIENTED_EDGE ( 'NONE', *, *, #187, .F. ) ;
#3432 = CONICAL_SURFACE ( 'NONE', #4637, 3.799999999999963407, 0.7853809166853964463 ) ;
#3433 = ORIENTED_EDGE ( 'NONE', *, *, #2815, .T. ) ;
#3434 = EDGE_CURVE ( 'NONE', #5231, #782, #1743, .T. ) ;
#3435 = AXIS2_PLACEMENT_3D ( 'NONE', #526, #5001, #633 ) ;
#3436 = EDGE_CURVE ( 'NONE', #1860, #785, #4653, .T. ) ;
#3437 = EDGE_CURVE ( 'NONE', #5957, #3478, #4183, .T. ) ;
#3438 = AXIS2_PLACEMENT_3D ( 'NONE', #99, #4025, #4553 ) ;
#3439 = CYLINDRICAL_SURFACE ( 'NONE', #2739, 3.799999999999951861 ) ;
#3440 = VERTEX_POINT ( 'NONE', #4767 ) ;
#3441 = EDGE_CURVE ( 'NONE', #3824, #3058, #1884, .T. ) ;
#3442 = AXIS2_PLACEMENT_3D ( 'NONE', #4302, #5758, #1417 ) ;
#3443 = ORIENTED_EDGE ( 'NONE', *, *, #5090, .T. ) ;
#3444 = CARTESIAN_POINT ( 'NONE',  ( 0.1000000000000037248, 0.000000000000000000, -5.000000000000000000 ) ) ;
#3445 = CARTESIAN_POINT ( 'NONE',  ( 0.1000000000000314804, 0.000000000000000000, 30.09999999999999787 ) ) ;
#3446 = DIRECTION ( 'NONE',  ( -1.000000000000000000, 0.000000000000000000, 8.896017825522799560E-16 ) ) ;
#3447 = DIRECTION ( 'NONE',  ( 1.000000000000000000, 0.000000000000000000, 0.000000000000000000 ) ) ;
#3448 = FACE_OUTER_BOUND ( 'NONE', #2099, .T. ) ;
#3449 = ORIENTED_EDGE ( 'NONE', *, *, #4661, .F. ) ;
#3450 = EDGE_LOOP ( 'NONE', ( #3190, #4389, #4983, #560 ) ) ;
#3451 = AXIS2_PLACEMENT_3D ( 'NONE', #6034, #653, #3024 ) ;
#3452 = DIRECTION ( 'NONE',  ( -7.906742672516238979E-16, -0.000000000000000000, -1.000000000000000000 ) ) ;
#3453 = DIRECTION ( 'NONE',  ( -1.000000000000000000, 0.000000000000000000, 6.847592668329463595E-16 ) ) ;
#3454 = CIRCLE ( 'NONE', #1426, 3.350000000000026290 ) ;
#3455 = DIRECTION ( 'NONE',  ( 1.000000000000000000, 0.000000000000000000, 0.000000000000000000 ) ) ;
#3456 = EDGE_CURVE ( 'NONE', #2162, #3506, #354, .T. ) ;
#3457 = CARTESIAN_POINT ( 'NONE',  ( 0.1000000000000105804, 0.000000000000000000, 3.649999999999999911 ) ) ;
#3458 = CARTESIAN_POINT ( 'NONE',  ( 3.449999999999984635, 4.102566777143609615E-16, -5.000000000000002665 ) ) ;
#3459 = AXIS2_PLACEMENT_3D ( 'NONE', #3364, #5290, #4807 ) ;
#3460 = CARTESIAN_POINT ( 'NONE',  ( -3.699999999999995737, 4.653657836759986117E-16, 40.89999999999999858 ) ) ;
#3461 = CARTESIAN_POINT ( 'NONE',  ( 3.450000000000095213, 4.102566777143688994E-16, 53.89999999999999858 ) ) ;
#3462 = VERTEX_POINT ( 'NONE', #1768 ) ;
#3463 = EDGE_CURVE ( 'NONE', #2681, #1900, #1060, .T. ) ;
#3464 = EDGE_LOOP ( 'NONE', ( #2860, #3479, #5621, #5899 ) ) ;
#3465 = CIRCLE ( 'NONE', #3869, 2.782150266734999100 ) ;
#3466 = CARTESIAN_POINT ( 'NONE',  ( 3.999999999999755307, 0.000000000000000000, 13.19999999999998863 ) ) ;
#3467 = DIRECTION ( 'NONE',  ( -1.000000000000000000, 0.000000000000000000, 6.847592668329588826E-16 ) ) ;
#3468 = ORIENTED_EDGE ( 'NONE', *, *, #953, .T. ) ;
#3469 = AXIS2_PLACEMENT_3D ( 'NONE', #3831, #4654, #3794 ) ;
#3470 = ORIENTED_EDGE ( 'NONE', *, *, #2189, .F. ) ;
#3471 = DIRECTION ( 'NONE',  ( -7.906742672516238979E-16, -0.000000000000000000, -1.000000000000000000 ) ) ;
#3472 = CARTESIAN_POINT ( 'NONE',  ( -3.700000000000000178, 0.000000000000000000, 39.85000000000000142 ) ) ;
#3473 = EDGE_CURVE ( 'NONE', #2572, #2640, #2484, .T. ) ;
#3474 = DIRECTION ( 'NONE',  ( -7.906742672516238979E-16, -0.000000000000000000, -1.000000000000000000 ) ) ;
#3475 = EDGE_CURVE ( 'NONE', #6164, #1789, #5823, .T. ) ;
#3476 = CYLINDRICAL_SURFACE ( 'NONE', #6187, 3.350000000000046274 ) ;
#3477 = DIRECTION ( 'NONE',  ( -7.906742672516238979E-16, -0.000000000000000000, -1.000000000000000000 ) ) ;
#3478 = VERTEX_POINT ( 'NONE', #3891 ) ;
#3479 = ORIENTED_EDGE ( 'NONE', *, *, #4939, .T. ) ;
#3480 = AXIS2_PLACEMENT_3D ( 'NONE', #2033, #2979, #520 ) ;
#3481 = AXIS2_PLACEMENT_3D ( 'NONE', #2481, #2980, #14 ) ;
#3482 = DIRECTION ( 'NONE',  ( -7.906742672516238979E-16, -0.000000000000000000, -1.000000000000000000 ) ) ;
#3483 = CARTESIAN_POINT ( 'NONE',  ( 2.882150266735003186, 5.971115250586073118E-16, -5.000000000000004441 ) ) ;
#3484 = VERTEX_POINT ( 'NONE', #2430 ) ;
#3485 = DIRECTION ( 'NONE',  ( -0.2351421131025836497, 0.000000000000000000, -0.9719610005785476181 ) ) ;
#3486 = CYLINDRICAL_SURFACE ( 'NONE', #20, 3.899999999999728129 ) ;
#3487 = CARTESIAN_POINT ( 'NONE',  ( -3.249999999999994227, 0.000000000000000000, 30.84998447769144647 ) ) ;
#3488 = CARTESIAN_POINT ( 'NONE',  ( 0.1000000000000502987, 0.000000000000000000, 53.89999999999999858 ) ) ;
#3489 = LINE ( 'NONE', #2062, #1456 ) ;
#3490 = VERTEX_POINT ( 'NONE', #4892 ) ;
#3491 = ORIENTED_EDGE ( 'NONE', *, *, #2329, .T. ) ;
#3492 = DIRECTION ( 'NONE',  ( -0.7070945858143401486, 8.659411212119557983E-17, 0.7071189763484266866 ) ) ;
#3493 = AXIS2_PLACEMENT_3D ( 'NONE', #61, #5755, #3920 ) ;
#3494 = ADVANCED_FACE ( 'NONE', ( #1032 ), #4902, .T. ) ;
#3495 = AXIS2_PLACEMENT_3D ( 'NONE', #3502, #1061, #6001 ) ;
#3496 = DIRECTION ( 'NONE',  ( -1.000000000000000000, 0.000000000000000000, 8.896017825522054086E-16 ) ) ;
#3497 = ORIENTED_EDGE ( 'NONE', *, *, #3357, .F. ) ;
#3498 = FACE_OUTER_BOUND ( 'NONE', #296, .T. ) ;
#3499 = AXIS2_PLACEMENT_3D ( 'NONE', #381, #2221, #1363 ) ;
#3500 = CYLINDRICAL_SURFACE ( 'NONE', #2635, 3.799999999999929212 ) ;
#3501 = EDGE_CURVE ( 'NONE', #2955, #6179, #1447, .T. ) ;
#3502 = CARTESIAN_POINT ( 'NONE',  ( 0.1000000000000230982, 0.000000000000000000, 19.49094427251858974 ) ) ;
#3503 = DIRECTION ( 'NONE',  ( -7.906742672516238979E-16, -0.000000000000000000, -1.000000000000000000 ) ) ;
#3504 = AXIS2_PLACEMENT_3D ( 'NONE', #4029, #3068, #1106 ) ;
#3505 = LINE ( 'NONE', #4489, #3957 ) ;
#3506 = VERTEX_POINT ( 'NONE', #2363 ) ;
#3507 = VERTEX_POINT ( 'NONE', #1481 ) ;
#3508 = EDGE_CURVE ( 'NONE', #2379, #677, #3395, .T. ) ;
#3509 = EDGE_CURVE ( 'NONE', #5118, #1672, #2983, .T. ) ;
#3510 = DIRECTION ( 'NONE',  ( 7.906742672516238979E-16, 0.000000000000000000, 1.000000000000000000 ) ) ;
#3511 = CARTESIAN_POINT ( 'NONE',  ( 3.900000000000092282, 4.653657836760013727E-16, 32.65000000000000568 ) ) ;
#3512 = EDGE_CURVE ( 'NONE', #5578, #2079, #4596, .T. ) ;
#3513 = AXIS2_PLACEMENT_3D ( 'NONE', #2214, #4148, #375 ) ;
#3514 = ORIENTED_EDGE ( 'NONE', *, *, #3777, .F. ) ;
#3515 = CARTESIAN_POINT ( 'NONE',  ( -3.699999999999954436, 4.653657836759940757E-16, 45.69999999999999574 ) ) ;
#3516 = FACE_OUTER_BOUND ( 'NONE', #740, .T. ) ;
#3517 = AXIS2_PLACEMENT_3D ( 'NONE', #6066, #3127, #5055 ) ;
#3518 = FACE_OUTER_BOUND ( 'NONE', #1664, .T. ) ;
#3519 = DIRECTION ( 'NONE',  ( -1.000000000000000000, 0.000000000000000000, 1.020425574103983094E-15 ) ) ;
#3520 = DIRECTION ( 'NONE',  ( -0.7070945858143397045, 8.659411212119554285E-17, 0.7071189763484271307 ) ) ;
#3521 = CIRCLE ( 'NONE', #4527, 3.100000000000000977 ) ;
#3522 = DIRECTION ( 'NONE',  ( -7.906742672516238979E-16, -0.000000000000000000, -1.000000000000000000 ) ) ;
#3523 = ORIENTED_EDGE ( 'NONE', *, *, #1538, .F. ) ;
#3524 = ORIENTED_EDGE ( 'NONE', *, *, #5944, .F. ) ;
#3525 = EDGE_CURVE ( 'NONE', #5201, #4755, #536, .T. ) ;
#3526 = DIRECTION ( 'NONE',  ( -1.000000000000000000, 0.000000000000000000, 0.000000000000000000 ) ) ;
#3527 = CARTESIAN_POINT ( 'NONE',  ( 0.1000000000000230982, 0.000000000000000000, 19.49094427251858974 ) ) ;
#3528 = EDGE_LOOP ( 'NONE', ( #4303, #333, #476, #2065 ) ) ;
#3529 = DIRECTION ( 'NONE',  ( 0.6387678175155847571, 7.822649631188021501E-17, -0.7693995550469057143 ) ) ;
#3530 = VERTEX_POINT ( 'NONE', #4299 ) ;
#3531 = ORIENTED_EDGE ( 'NONE', *, *, #2148, .F. ) ;
#3532 = EDGE_CURVE ( 'NONE', #4116, #4224, #1867, .T. ) ;
#3533 = AXIS2_PLACEMENT_3D ( 'NONE', #3219, #6226, #1887 ) ;
#3534 = DIRECTION ( 'NONE',  ( -0.6129070536529763746, 7.505946614309532372E-17, 0.7901550123756905242 ) ) ;
#3535 = CARTESIAN_POINT ( 'NONE',  ( -3.699999999999957545, 4.653657836759944702E-16, 45.69999999999999574 ) ) ;
#3536 = CARTESIAN_POINT ( 'NONE',  ( 0.1000000000000396128, 0.000000000000000000, 40.39202761985993106 ) ) ;
#3537 = DIRECTION ( 'NONE',  ( -7.906742672516238979E-16, -0.000000000000000000, -1.000000000000000000 ) ) ;
#3538 = CARTESIAN_POINT ( 'NONE',  ( 0.1000000000000037248, 0.000000000000000000, -5.000000000000000000 ) ) ;
#3539 = ORIENTED_EDGE ( 'NONE', *, *, #5695, .T. ) ;
#3540 = CIRCLE ( 'NONE', #402, 3.799999999999940314 ) ;
#3541 = EDGE_CURVE ( 'NONE', #1886, #4371, #6255, .T. ) ;
#3542 = CIRCLE ( 'NONE', #6045, 3.350000000000019629 ) ;
#3543 = ORIENTED_EDGE ( 'NONE', *, *, #706, .T. ) ;
#3544 = CARTESIAN_POINT ( 'NONE',  ( 0.1000000000000271366, 0.000000000000000000, 24.59999999999999787 ) ) ;
#3545 = LINE ( 'NONE', #3511, #5760 ) ;
#3546 = AXIS2_PLACEMENT_3D ( 'NONE', #2395, #595, #2996 ) ;
#3547 = EDGE_LOOP ( 'NONE', ( #863, #3852, #3823, #5740 ) ) ;
#3548 = CARTESIAN_POINT ( 'NONE',  ( 0.1000000000000386691, 0.000000000000000000, 39.19202761985992822 ) ) ;
#3549 = AXIS2_PLACEMENT_3D ( 'NONE', #4361, #2859, #3851 ) ;
#3550 = DIRECTION ( 'NONE',  ( -1.000000000000000000, 0.000000000000000000, 1.035655806553310427E-15 ) ) ;
#3551 = CARTESIAN_POINT ( 'NONE',  ( 3.449999999999993516, 4.102566777143565242E-16, 52.44998447769145145 ) ) ;
#3552 = DIRECTION ( 'NONE',  ( -7.906742672516238979E-16, -0.000000000000000000, -1.000000000000000000 ) ) ;
#3553 = ADVANCED_FACE ( 'NONE', ( #1917 ), #4796, .T. ) ;
#3554 = ADVANCED_FACE ( 'NONE', ( #1516 ), #906, .T. ) ;
#3555 = CARTESIAN_POINT ( 'NONE',  ( -3.250000000000035971, 0.000000000000000000, 31.99202761985993249 ) ) ;
#3556 = DIRECTION ( 'NONE',  ( -0.7070945858143404816, 8.659411212119561681E-17, 0.7071189763484263535 ) ) ;
#3557 = ORIENTED_EDGE ( 'NONE', *, *, #6053, .F. ) ;
#3558 = VECTOR ( 'NONE', #5443, 1000.000000000000000 ) ;
#3559 = DIRECTION ( 'NONE',  ( -1.000000000000000000, 0.000000000000000000, 0.000000000000000000 ) ) ;
#3560 = EDGE_CURVE ( 'NONE', #3440, #370, #5377, .T. ) ;
#3561 = VECTOR ( 'NONE', #505, 1000.000000000000000 ) ;
#3562 = ORIENTED_EDGE ( 'NONE', *, *, #4958, .T. ) ;
#3563 = DIRECTION ( 'NONE',  ( 1.000000000000000000, 0.000000000000000000, 0.000000000000000000 ) ) ;
#3564 = ORIENTED_EDGE ( 'NONE', *, *, #2000, .F. ) ;
#3565 = AXIS2_PLACEMENT_3D ( 'NONE', #4893, #4515, #2105 ) ;
#3566 = CARTESIAN_POINT ( 'NONE',  ( -3.699999999999991740, 4.653657836759983159E-16, 42.10000000000000142 ) ) ;
#3567 = DIRECTION ( 'NONE',  ( -1.000000000000000000, 0.000000000000000000, 0.000000000000000000 ) ) ;
#3568 = CARTESIAN_POINT ( 'NONE',  ( -3.799999999999716938, 0.000000000000000000, 15.15000000000000036 ) ) ;
#3569 = ADVANCED_FACE ( 'NONE', ( #1157 ), #2613, .T. ) ;
#3570 = FACE_OUTER_BOUND ( 'NONE', #1678, .T. ) ;
#3571 = AXIS2_PLACEMENT_3D ( 'NONE', #5096, #197, #2124 ) ;
#3572 = VECTOR ( 'NONE', #1342, 1000.000000000000000 ) ;
#3573 = CARTESIAN_POINT ( 'NONE',  ( -3.700000000000061018, 0.000000000000000000, -4.999999999999997335 ) ) ;
#3574 = VERTEX_POINT ( 'NONE', #1126 ) ;
#3575 = ORIENTED_EDGE ( 'NONE', *, *, #4740, .F. ) ;
#3576 = DIRECTION ( 'NONE',  ( 0.6387678175155951932, 7.822649631188149691E-17, -0.7693995550468970546 ) ) ;
#3577 = CIRCLE ( 'NONE', #2052, 1.775384029819791154 ) ;
#3578 = DIRECTION ( 'NONE',  ( -1.000000000000000000, 0.000000000000000000, 0.000000000000000000 ) ) ;
#3579 = ADVANCED_FACE ( 'NONE', ( #1546 ), #5211, .T. ) ;
#3580 = ORIENTED_EDGE ( 'NONE', *, *, #5600, .F. ) ;
#3581 = CARTESIAN_POINT ( 'NONE',  ( 0.1000000000000466627, 0.000000000000000000, 49.29999999999999716 ) ) ;
#3582 = AXIS2_PLACEMENT_3D ( 'NONE', #3800, #3871, #4314 ) ;
#3583 = VECTOR ( 'NONE', #1534, 1000.000000000000000 ) ;
#3584 = FACE_OUTER_BOUND ( 'NONE', #5239, .T. ) ;
#3585 = CARTESIAN_POINT ( 'NONE',  ( 0.1000000000000476202, 0.000000000000000000, 50.49999999999999289 ) ) ;
#3586 = DIRECTION ( 'NONE',  ( -7.906742672516238979E-16, -0.000000000000000000, -1.000000000000000000 ) ) ;
#3587 = CARTESIAN_POINT ( 'NONE',  ( 0.1000000000000084988, 0.000000000000000000, 0.9999999999999983347 ) ) ;
#3588 = ORIENTED_EDGE ( 'NONE', *, *, #2212, .T. ) ;
#3589 = VERTEX_POINT ( 'NONE', #1188 ) ;
#3590 = CARTESIAN_POINT ( 'NONE',  ( 3.449999999999984190, 4.102566777143609122E-16, -5.000000000000002665 ) ) ;
#3591 = ADVANCED_FACE ( 'NONE', ( #651 ), #261, .T. ) ;
#3592 = EDGE_CURVE ( 'NONE', #4084, #5042, #4988, .T. ) ;
#3593 = DIRECTION ( 'NONE',  ( -7.906742672516238979E-16, -0.000000000000000000, -1.000000000000000000 ) ) ;
#3594 = EDGE_CURVE ( 'NONE', #1945, #4538, #163, .T. ) ;
#3595 = DIRECTION ( 'NONE',  ( -1.000000000000000000, 0.000000000000000000, 8.896017825522714758E-16 ) ) ;
#3596 = VERTEX_POINT ( 'NONE', #3568 ) ;
#3597 = DIRECTION ( 'NONE',  ( -7.906742672516238979E-16, -0.000000000000000000, -1.000000000000000000 ) ) ;
#3598 = ORIENTED_EDGE ( 'NONE', *, *, #5310, .F. ) ;
#3599 = CYLINDRICAL_SURFACE ( 'NONE', #306, 3.350000000000026290 ) ;
#3600 = AXIS2_PLACEMENT_3D ( 'NONE', #591, #179, #2993 ) ;
#3601 = CARTESIAN_POINT ( 'NONE',  ( -3.699999999999942002, 0.000000000000000000, 47.05000000000000426 ) ) ;
#3602 = DIRECTION ( 'NONE',  ( -7.906742672516238979E-16, -0.000000000000000000, -1.000000000000000000 ) ) ;
#3603 = LINE ( 'NONE', #685, #5554 ) ;
#3604 = ORIENTED_EDGE ( 'NONE', *, *, #5090, .F. ) ;
#3605 = ORIENTED_EDGE ( 'NONE', *, *, #3592, .F. ) ;
#3606 = AXIS2_PLACEMENT_3D ( 'NONE', #1803, #3737, #1719 ) ;
#3607 = CARTESIAN_POINT ( 'NONE',  ( 0.1000000000000037248, 0.000000000000000000, -5.000000000000000000 ) ) ;
#3608 = CARTESIAN_POINT ( 'NONE',  ( 3.900000000000062972, 4.653657836759968368E-16, 43.45000000000000284 ) ) ;
#3609 = CIRCLE ( 'NONE', #5329, 3.800000000000045564 ) ;
#3610 = ORIENTED_EDGE ( 'NONE', *, *, #4182, .F. ) ;
#3611 = CARTESIAN_POINT ( 'NONE',  ( 0.1000000000000215439, 0.000000000000000000, 17.51622293754999049 ) ) ;
#3612 = EDGE_CURVE ( 'NONE', #3049, #2437, #68, .T. ) ;
#3613 = EDGE_CURVE ( 'NONE', #184, #6164, #3906, .T. ) ;
#3614 = LINE ( 'NONE', #4905, #480 ) ;
#3615 = AXIS2_PLACEMENT_3D ( 'NONE', #1523, #3452, #2999 ) ;
#3616 = CARTESIAN_POINT ( 'NONE',  ( 3.450000000000082334, 4.102566777143687515E-16, 40.44998447769145145 ) ) ;
#3617 = DIRECTION ( 'NONE',  ( -7.906742672516238979E-16, -0.000000000000000000, -1.000000000000000000 ) ) ;
#3618 = DIRECTION ( 'NONE',  ( -1.000000000000000000, 0.000000000000000000, 8.896017825522689120E-16 ) ) ;
#3619 = ORIENTED_EDGE ( 'NONE', *, *, #433, .F. ) ;
#3620 = EDGE_CURVE ( 'NONE', #4538, #6181, #2495, .T. ) ;
#3621 = DIRECTION ( 'NONE',  ( -1.000000000000000000, 0.000000000000000000, 8.896017825522000838E-16 ) ) ;
#3622 = CARTESIAN_POINT ( 'NONE',  ( 3.849999999999916156, 4.592425496802452685E-16, 11.57874079730329342 ) ) ;
#3623 = DIRECTION ( 'NONE',  ( -7.906742672516238979E-16, -0.000000000000000000, -1.000000000000000000 ) ) ;
#3624 = VERTEX_POINT ( 'NONE', #2140 ) ;
#3625 = ADVANCED_FACE ( 'NONE', ( #1669 ), #5926, .T. ) ;
#3626 = DIRECTION ( 'NONE',  ( -7.906742672516238979E-16, -0.000000000000000000, -1.000000000000000000 ) ) ;
#3627 = EDGE_LOOP ( 'NONE', ( #6118, #1992, #6155, #4636 ) ) ;
#3628 = VERTEX_POINT ( 'NONE', #3601 ) ;
#3629 = CARTESIAN_POINT ( 'NONE',  ( -1.675384029819738885, 0.000000000000000000, 56.50000000000000000 ) ) ;
#3630 = AXIS2_PLACEMENT_3D ( 'NONE', #4279, #3361, #3328 ) ;
#3631 = DIRECTION ( 'NONE',  ( 0.6129070536529770408, 0.000000000000000000, 0.7901550123756899691 ) ) ;
#3632 = VECTOR ( 'NONE', #1235, 1000.000000000000114 ) ;
#3633 = DIRECTION ( 'NONE',  ( -7.906742672516238979E-16, -0.000000000000000000, -1.000000000000000000 ) ) ;
#3634 = EDGE_CURVE ( 'NONE', #3530, #5015, #4514, .T. ) ;
#3635 = LINE ( 'NONE', #4138, #6067 ) ;
#3636 = ORIENTED_EDGE ( 'NONE', *, *, #55, .F. ) ;
#3637 = CIRCLE ( 'NONE', #896, 3.350000000000055600 ) ;
#3638 = VERTEX_POINT ( 'NONE', #2018 ) ;
#3639 = CIRCLE ( 'NONE', #5359, 3.350000000000062261 ) ;
#3640 = DIRECTION ( 'NONE',  ( -7.906742672516238979E-16, -0.000000000000000000, -1.000000000000000000 ) ) ;
#3641 = ORIENTED_EDGE ( 'NONE', *, *, #6233, .F. ) ;
#3642 = FACE_OUTER_BOUND ( 'NONE', #4772, .T. ) ;
#3643 = DIRECTION ( 'NONE',  ( 0.000000000000000000, -1.000000000000000000, 0.000000000000000000 ) ) ;
#3644 = AXIS2_PLACEMENT_3D ( 'NONE', #2231, #4572, #5581 ) ;
#3645 = LINE ( 'NONE', #788, #5048 ) ;
#3646 = DIRECTION ( 'NONE',  ( -7.906742672516238979E-16, -0.000000000000000000, -1.000000000000000000 ) ) ;
#3647 = CARTESIAN_POINT ( 'NONE',  ( 4.000000000000022204, 4.776122516674700952E-16, -5.000000000000003553 ) ) ;
#3648 = ADVANCED_FACE ( 'NONE', ( #3955 ), #5884, .T. ) ;
#3649 = LINE ( 'NONE', #3139, #3218 ) ;
#3650 = DIRECTION ( 'NONE',  ( -1.000000000000000000, 0.000000000000000000, 0.000000000000000000 ) ) ;
#3651 = LINE ( 'NONE', #3709, #4481 ) ;
#3652 = LINE ( 'NONE', #1212, #3769 ) ;
#3653 = EDGE_LOOP ( 'NONE', ( #1460, #1778, #2861, #2416 ) ) ;
#3654 = DIRECTION ( 'NONE',  ( -7.906742672516238979E-16, -0.000000000000000000, -1.000000000000000000 ) ) ;
#3655 = EDGE_LOOP ( 'NONE', ( #2777, #993, #3059, #2717 ) ) ;
#3656 = ORIENTED_EDGE ( 'NONE', *, *, #2329, .F. ) ;
#3657 = DIRECTION ( 'NONE',  ( -7.906742672516238979E-16, -0.000000000000000000, -1.000000000000000000 ) ) ;
#3658 = CARTESIAN_POINT ( 'NONE',  ( 0.1000000000000037248, 0.000000000000000000, -5.000000000000000000 ) ) ;
#3659 = DIRECTION ( 'NONE',  ( -7.906742672516238979E-16, -0.000000000000000000, -1.000000000000000000 ) ) ;
#3660 = LINE ( 'NONE', #6093, #2537 ) ;
#3661 = CIRCLE ( 'NONE', #928, 3.800000000000042455 ) ;
#3662 = ORIENTED_EDGE ( 'NONE', *, *, #5872, .T. ) ;
#3663 = DIRECTION ( 'NONE',  ( -1.000000000000000000, 0.000000000000000000, 8.360113137237602287E-16 ) ) ;
#3664 = EDGE_CURVE ( 'NONE', #925, #4459, #5938, .T. ) ;
#3665 = ADVANCED_FACE ( 'NONE', ( #124 ), #2045, .T. ) ;
#3666 = EDGE_LOOP ( 'NONE', ( #1467, #5963, #235, #924 ) ) ;
#3667 = DIRECTION ( 'NONE',  ( -7.906742672516238979E-16, -0.000000000000000000, -1.000000000000000000 ) ) ;
#3668 = ORIENTED_EDGE ( 'NONE', *, *, #3620, .F. ) ;
#3669 = FACE_OUTER_BOUND ( 'NONE', #3861, .T. ) ;
#3670 = DIRECTION ( 'NONE',  ( -7.906742672516238979E-16, -0.000000000000000000, -1.000000000000000000 ) ) ;
#3671 = CARTESIAN_POINT ( 'NONE',  ( 3.899999999999990585, 4.653657836759925966E-16, -5.000000000000002665 ) ) ;
#3672 = CIRCLE ( 'NONE', #3582, 3.800000000000048672 ) ;
#3673 = DIRECTION ( 'NONE',  ( -1.000000000000000000, 0.000000000000000000, 0.000000000000000000 ) ) ;
#3674 = VECTOR ( 'NONE', #3623, 1000.000000000000000 ) ;
#3675 = FACE_OUTER_BOUND ( 'NONE', #2872, .T. ) ;
#3676 = CARTESIAN_POINT ( 'NONE',  ( 0.1000000000000037248, 0.000000000000000000, -5.000000000000000000 ) ) ;
#3677 = AXIS2_PLACEMENT_3D ( 'NONE', #1934, #2542, #138 ) ;
#3678 = DIRECTION ( 'NONE',  ( -7.906742672516238979E-16, -0.000000000000000000, -1.000000000000000000 ) ) ;
#3679 = ORIENTED_EDGE ( 'NONE', *, *, #2136, .F. ) ;
#3680 = DIRECTION ( 'NONE',  ( -7.906742672516238979E-16, -0.000000000000000000, -1.000000000000000000 ) ) ;
#3681 = EDGE_LOOP ( 'NONE', ( #4501, #2625, #4113, #2204 ) ) ;
#3682 = VERTEX_POINT ( 'NONE', #5430 ) ;
#3683 = EDGE_CURVE ( 'NONE', #1673, #512, #1602, .T. ) ;
#3684 = CARTESIAN_POINT ( 'NONE',  ( 3.899999999999944400, 4.653657836759868774E-16, -5.000000000000002665 ) ) ;
#3685 = LINE ( 'NONE', #4601, #3292 ) ;
#3686 = DIRECTION ( 'NONE',  ( -1.000000000000000000, 0.000000000000000000, 0.000000000000000000 ) ) ;
#3687 = CYLINDRICAL_SURFACE ( 'NONE', #2941, 3.800000000000052225 ) ;
#3688 = ORIENTED_EDGE ( 'NONE', *, *, #5987, .F. ) ;
#3689 = ORIENTED_EDGE ( 'NONE', *, *, #2914, .T. ) ;
#3690 = FACE_OUTER_BOUND ( 'NONE', #5209, .T. ) ;
#3691 = AXIS2_PLACEMENT_3D ( 'NONE', #4616, #1172, #1623 ) ;
#3692 = EDGE_LOOP ( 'NONE', ( #712, #2126, #5708, #888 ) ) ;
#3693 = AXIS2_PLACEMENT_3D ( 'NONE', #5049, #4455, #4486 ) ;
#3694 = FACE_OUTER_BOUND ( 'NONE', #4317, .T. ) ;
#3695 = EDGE_CURVE ( 'NONE', #3628, #4429, #1091, .T. ) ;
#3696 = ORIENTED_EDGE ( 'NONE', *, *, #1747, .F. ) ;
#3697 = ADVANCED_FACE ( 'NONE', ( #5492 ), #5019, .T. ) ;
#3698 = ORIENTED_EDGE ( 'NONE', *, *, #2469, .F. ) ;
#3699 = EDGE_CURVE ( 'NONE', #370, #620, #1977, .T. ) ;
#3700 = CARTESIAN_POINT ( 'NONE',  ( 0.1000000000000429989, 0.000000000000000000, 44.65000000000000568 ) ) ;
#3701 = FACE_OUTER_BOUND ( 'NONE', #2311, .T. ) ;
#3702 = AXIS2_PLACEMENT_3D ( 'NONE', #859, #5570, #353 ) ;
#3703 = CARTESIAN_POINT ( 'NONE',  ( 0.1000000000000236533, 0.000000000000000000, 20.19999999999999929 ) ) ;
#3704 = ORIENTED_EDGE ( 'NONE', *, *, #954, .T. ) ;
#3705 = DIRECTION ( 'NONE',  ( -7.906742672516238979E-16, -0.000000000000000000, -1.000000000000000000 ) ) ;
#3706 = CARTESIAN_POINT ( 'NONE',  ( 3.450000000000059686, 4.102566777143701813E-16, -5.000000000000002665 ) ) ;
#3707 = VECTOR ( 'NONE', #4280, 1000.000000000000000 ) ;
#3708 = FACE_OUTER_BOUND ( 'NONE', #4295, .T. ) ;
#3709 = CARTESIAN_POINT ( 'NONE',  ( -3.700000000000035705, 0.000000000000000000, -4.999999999999997335 ) ) ;
#3710 = AXIS2_PLACEMENT_3D ( 'NONE', #4375, #1423, #408 ) ;
#3711 = CARTESIAN_POINT ( 'NONE',  ( 0.1000000000000466627, 0.000000000000000000, 49.29999999999999716 ) ) ;
#3712 = ORIENTED_EDGE ( 'NONE', *, *, #1281, .F. ) ;
#3713 = DIRECTION ( 'NONE',  ( -7.906742672516238979E-16, -0.000000000000000000, -1.000000000000000000 ) ) ;
#3714 = ORIENTED_EDGE ( 'NONE', *, *, #1772, .F. ) ;
#3715 = VECTOR ( 'NONE', #628, 1000.000000000000227 ) ;
#3716 = CARTESIAN_POINT ( 'NONE',  ( -3.250000000000002665, 0.000000000000000000, 15.76622293754999582 ) ) ;
#3717 = DIRECTION ( 'NONE',  ( -1.000000000000000000, 0.000000000000000000, 7.767418549149902160E-16 ) ) ;
#3718 = EDGE_CURVE ( 'NONE', #3123, #2778, #2081, .T. ) ;
#3719 = DIRECTION ( 'NONE',  ( 7.906742672516238979E-16, 0.000000000000000000, 1.000000000000000000 ) ) ;
#3720 = EDGE_LOOP ( 'NONE', ( #3200, #2602, #4669, #2771 ) ) ;
#3721 = FACE_OUTER_BOUND ( 'NONE', #4405, .T. ) ;
#3722 = AXIS2_PLACEMENT_3D ( 'NONE', #5936, #1600, #5460 ) ;
#3723 = ORIENTED_EDGE ( 'NONE', *, *, #5910, .T. ) ;
#3724 = VECTOR ( 'NONE', #3295, 1000.000000000000000 ) ;
#3725 = CARTESIAN_POINT ( 'NONE',  ( 8.042773774284810884, 9.727092479029429722E-16, -2.192897763973497671 ) ) ;
#3726 = EDGE_LOOP ( 'NONE', ( #2775, #2306, #3727, #5252 ) ) ;
#3727 = ORIENTED_EDGE ( 'NONE', *, *, #2829, .F. ) ;
#3728 = DIRECTION ( 'NONE',  ( -1.000000000000000000, 0.000000000000000000, 8.896017825522044226E-16 ) ) ;
#3729 = DIRECTION ( 'NONE',  ( -1.000000000000000000, 0.000000000000000000, 7.767418549149752277E-16 ) ) ;
#3730 = CIRCLE ( 'NONE', #5544, 3.350000000000019629 ) ;
#3731 = CIRCLE ( 'NONE', #702, 3.799999999999963407 ) ;
#3732 = ORIENTED_EDGE ( 'NONE', *, *, #3967, .T. ) ;
#3733 = DIRECTION ( 'NONE',  ( -1.000000000000000000, 0.000000000000000000, 0.000000000000000000 ) ) ;
#3734 = EDGE_CURVE ( 'NONE', #346, #2423, #2486, .T. ) ;
#3735 = CARTESIAN_POINT ( 'NONE',  ( 0.1000000000000251937, 0.000000000000000000, 22.14999999999999147 ) ) ;
#3736 = CIRCLE ( 'NONE', #5152, 3.800000000000033129 ) ;
#3737 = DIRECTION ( 'NONE',  ( 7.906742672516238979E-16, 0.000000000000000000, 1.000000000000000000 ) ) ;
#3738 = EDGE_CURVE ( 'NONE', #2296, #2197, #6031, .T. ) ;
#3739 = ADVANCED_FACE ( 'NONE', ( #5551 ), #6090, .T. ) ;
#3740 = DIRECTION ( 'NONE',  ( -7.906742672516238979E-16, -0.000000000000000000, -1.000000000000000000 ) ) ;
#3741 = AXIS2_PLACEMENT_3D ( 'NONE', #1035, #4336, #4894 ) ;
#3742 = CARTESIAN_POINT ( 'NONE',  ( 0.1000000000000063338, 0.000000000000000000, -1.600000000000004086 ) ) ;
#3743 = EDGE_LOOP ( 'NONE', ( #2378, #4162, #5120, #1955 ) ) ;
#3744 = EDGE_LOOP ( 'NONE', ( #5397, #6007, #1575, #5528 ) ) ;
#3745 = CIRCLE ( 'NONE', #2030, 4.150000000000011013 ) ;
#3746 = DIRECTION ( 'NONE',  ( -7.906742672516238979E-16, -0.000000000000000000, -1.000000000000000000 ) ) ;
#3747 = EDGE_CURVE ( 'NONE', #2968, #1072, #5077, .T. ) ;
#3748 = DIRECTION ( 'NONE',  ( -1.000000000000000000, 0.000000000000000000, 9.251858538543220319E-16 ) ) ;
#3749 = CARTESIAN_POINT ( 'NONE',  ( 3.450000000000065015, 4.102566777143708223E-16, -5.000000000000002665 ) ) ;
#3750 = ORIENTED_EDGE ( 'NONE', *, *, #2025, .T. ) ;
#3751 = ORIENTED_EDGE ( 'NONE', *, *, #5092, .F. ) ;
#3752 = AXIS2_PLACEMENT_3D ( 'NONE', #951, #5803, #2878 ) ;
#3753 = CYLINDRICAL_SURFACE ( 'NONE', #5345, 3.800000000000061107 ) ;
#3754 = FACE_OUTER_BOUND ( 'NONE', #82, .T. ) ;
#3755 = LINE ( 'NONE', #4300, #5891 ) ;
#3756 = ORIENTED_EDGE ( 'NONE', *, *, #632, .T. ) ;
#3757 = DIRECTION ( 'NONE',  ( -7.906742672516238979E-16, -0.000000000000000000, -1.000000000000000000 ) ) ;
#3758 = EDGE_LOOP ( 'NONE', ( #2528, #4480, #2238, #4619 ) ) ;
#3759 = ORIENTED_EDGE ( 'NONE', *, *, #4250, .F. ) ;
#3760 = CARTESIAN_POINT ( 'NONE',  ( 0.1000000000000405703, 0.000000000000000000, 41.59202761985993391 ) ) ;
#3761 = EDGE_CURVE ( 'NONE', #4319, #418, #2589, .T. ) ;
#3762 = DIRECTION ( 'NONE',  ( -1.000000000000000000, 0.000000000000000000, 6.847592668329504024E-16 ) ) ;
#3763 = EDGE_LOOP ( 'NONE', ( #16, #2488, #823, #5459 ) ) ;
#3764 = CYLINDRICAL_SURFACE ( 'NONE', #3469, 3.799999999999940758 ) ;
#3765 = LINE ( 'NONE', #4310, #2920 ) ;
#3766 = AXIS2_PLACEMENT_3D ( 'NONE', #6171, #1833, #3199 ) ;
#3767 = CARTESIAN_POINT ( 'NONE',  ( 0.1000000000000307032, 0.000000000000000000, 29.11750020867199851 ) ) ;
#3768 = DIRECTION ( 'NONE',  ( -7.906742672516238979E-16, -0.000000000000000000, -1.000000000000000000 ) ) ;
#3769 = VECTOR ( 'NONE', #739, 1000.000000000000000 ) ;
#3770 = DIRECTION ( 'NONE',  ( -7.906742672516238979E-16, -0.000000000000000000, -1.000000000000000000 ) ) ;
#3771 = ORIENTED_EDGE ( 'NONE', *, *, #2687, .F. ) ;
#3772 = ORIENTED_EDGE ( 'NONE', *, *, #6214, .T. ) ;
#3773 = EDGE_CURVE ( 'NONE', #5177, #1057, #3685, .T. ) ;
#3774 = ORIENTED_EDGE ( 'NONE', *, *, #4916, .T. ) ;
#3775 = ADVANCED_FACE ( 'NONE', ( #716 ), #3152, .T. ) ;
#3776 = AXIS2_PLACEMENT_3D ( 'NONE', #956, #1869, #3332 ) ;
#3777 = EDGE_CURVE ( 'NONE', #2145, #4815, #1577, .T. ) ;
#3778 = FACE_OUTER_BOUND ( 'NONE', #2686, .T. ) ;
#3779 = DIRECTION ( 'NONE',  ( 7.906742672516238979E-16, 0.000000000000000000, 1.000000000000000000 ) ) ;
#3780 = CARTESIAN_POINT ( 'NONE',  ( 0.1000000000000491052, 0.000000000000000000, 52.39202761985993106 ) ) ;
#3781 = ORIENTED_EDGE ( 'NONE', *, *, #5111, .T. ) ;
#3782 = EDGE_LOOP ( 'NONE', ( #4318, #5466, #5661, #4035 ) ) ;
#3783 = CARTESIAN_POINT ( 'NONE',  ( 3.450000000000068567, 4.102566777143712167E-16, -5.000000000000002665 ) ) ;
#3784 = DIRECTION ( 'NONE',  ( -7.906742672516238979E-16, -0.000000000000000000, -1.000000000000000000 ) ) ;
#3785 = DIRECTION ( 'NONE',  ( 0.6387678175155937499, 7.822649631188132435E-17, -0.7693995550468983868 ) ) ;
#3786 = ORIENTED_EDGE ( 'NONE', *, *, #2076, .T. ) ;
#3787 = DIRECTION ( 'NONE',  ( -7.906742672516238979E-16, -0.000000000000000000, -1.000000000000000000 ) ) ;
#3788 = VERTEX_POINT ( 'NONE', #2647 ) ;
#3789 = ORIENTED_EDGE ( 'NONE', *, *, #2716, .F. ) ;
#3790 = VECTOR ( 'NONE', #3586, 1000.000000000000000 ) ;
#3791 = LINE ( 'NONE', #1961, #1690 ) ;
#3792 = DIRECTION ( 'NONE',  ( -0.5735764363510340580, 0.000000000000000000, -0.8191520442890002363 ) ) ;
#3793 = CIRCLE ( 'NONE', #3191, 3.350000000000056044 ) ;
#3794 = DIRECTION ( 'NONE',  ( -1.000000000000000000, 0.000000000000000000, 6.847592668329608548E-16 ) ) ;
#3795 = CARTESIAN_POINT ( 'NONE',  ( 0.1000000000000151185, 0.000000000000000000, 9.396598169499684516 ) ) ;
#3796 = ADVANCED_FACE ( 'NONE', ( #4573 ), #241, .T. ) ;
#3797 = EDGE_CURVE ( 'NONE', #2423, #654, #5931, .T. ) ;
#3798 = CARTESIAN_POINT ( 'NONE',  ( -3.699999999999979305, 0.000000000000000000, 43.45000000000000284 ) ) ;
#3799 = CONICAL_SURFACE ( 'NONE', #3606, 3.899999999999725908, 0.6597344572538560437 ) ;
#3800 = CARTESIAN_POINT ( 'NONE',  ( 0.1000000000000363515, 0.000000000000000000, 36.25000000000000711 ) ) ;
#3801 = DIRECTION ( 'NONE',  ( -7.906742672516238979E-16, -0.000000000000000000, -1.000000000000000000 ) ) ;
#3802 = TOROIDAL_SURFACE ( 'NONE', #2897, 4.900000000000022560, 3.100000000000000977 ) ;
#3803 = ORIENTED_EDGE ( 'NONE', *, *, #622, .F. ) ;
#3804 = EDGE_CURVE ( 'NONE', #5201, #169, #3793, .T. ) ;
#3805 = ORIENTED_EDGE ( 'NONE', *, *, #395, .T. ) ;
#3806 = ORIENTED_EDGE ( 'NONE', *, *, #1966, .F. ) ;
#3807 = DIRECTION ( 'NONE',  ( -1.000000000000000000, 0.000000000000000000, 1.035655806553323641E-15 ) ) ;
#3808 = AXIS2_PLACEMENT_3D ( 'NONE', #3928, #3482, #5408 ) ;
#3809 = EDGE_CURVE ( 'NONE', #1192, #1549, #2603, .T. ) ;
#3810 = CARTESIAN_POINT ( 'NONE',  ( 0.1000000000000439426, 0.000000000000000000, 45.85000000000000142 ) ) ;
#3811 = EDGE_CURVE ( 'NONE', #5144, #5798, #5512, .T. ) ;
#3812 = ORIENTED_EDGE ( 'NONE', *, *, #5284, .F. ) ;
#3813 = DIRECTION ( 'NONE',  ( -7.906742672516238979E-16, -0.000000000000000000, -1.000000000000000000 ) ) ;
#3814 = ORIENTED_EDGE ( 'NONE', *, *, #3923, .T. ) ;
#3815 = ORIENTED_EDGE ( 'NONE', *, *, #1733, .F. ) ;
#3816 = CARTESIAN_POINT ( 'NONE',  ( 3.900000000000010125, 4.653657836759898356E-16, 49.45000000000000284 ) ) ;
#3817 = LINE ( 'NONE', #469, #5550 ) ;
#3818 = EDGE_CURVE ( 'NONE', #373, #4328, #2546, .T. ) ;
#3819 = DIRECTION ( 'NONE',  ( -1.000000000000000000, 0.000000000000000000, 0.000000000000000000 ) ) ;
#3820 = CARTESIAN_POINT ( 'NONE',  ( 3.900000000000039879, 4.653657836759986117E-16, -5.000000000000002665 ) ) ;
#3821 = EDGE_LOOP ( 'NONE', ( #4965, #2365, #5012, #2425 ) ) ;
#3822 = DIRECTION ( 'NONE',  ( 0.7070945858143443674, 0.000000000000000000, 0.7071189763484224677 ) ) ;
#3823 = ORIENTED_EDGE ( 'NONE', *, *, #4872, .T. ) ;
#3824 = VERTEX_POINT ( 'NONE', #2040 ) ;
#3825 = CIRCLE ( 'NONE', #4629, 4.150000000000004796 ) ;
#3826 = FACE_OUTER_BOUND ( 'NONE', #5652, .T. ) ;
#3827 = CARTESIAN_POINT ( 'NONE',  ( 0.1000000000000037248, 0.000000000000000000, -5.000000000000000000 ) ) ;
#3828 = EDGE_CURVE ( 'NONE', #2415, #4402, #5615, .T. ) ;
#3829 = CIRCLE ( 'NONE', #2108, 3.350000000000050715 ) ;
#3830 = AXIS2_PLACEMENT_3D ( 'NONE', #5062, #730, #3879 ) ;
#3831 = CARTESIAN_POINT ( 'NONE',  ( 0.1000000000000037248, 0.000000000000000000, -5.000000000000000000 ) ) ;
#3832 = DIRECTION ( 'NONE',  ( -0.7070945858143384832, 8.659411212119537029E-17, 0.7071189763484283519 ) ) ;
#3833 = CARTESIAN_POINT ( 'NONE',  ( 0.1000000000000362266, 0.000000000000000000, 36.10000000000000142 ) ) ;
#3834 = UNCERTAINTY_MEASURE_WITH_UNIT (LENGTH_MEASURE( 1.000000000000000082E-05 ), #3131, 'distance_accuracy_value', 'NONE');
#3835 = VECTOR ( 'NONE', #1527, 1000.000000000000114 ) ;
#3836 = DIRECTION ( 'NONE',  ( -7.906742672516238979E-16, -0.000000000000000000, -1.000000000000000000 ) ) ;
#3837 = CONICAL_SURFACE ( 'NONE', #5148, 3.900000000000023448, 1.001818990644745444 ) ;
#3838 = ADVANCED_FACE ( 'NONE', ( #1115 ), #2128, .T. ) ;
#3839 = CARTESIAN_POINT ( 'NONE',  ( 0.1000000000000037248, 0.000000000000000000, -5.000000000000000000 ) ) ;
#3840 = DIRECTION ( 'NONE',  ( 0.000000000000000000, -1.000000000000000000, 0.000000000000000000 ) ) ;
#3841 = AXIS2_PLACEMENT_3D ( 'NONE', #3250, #909, #1353 ) ;
#3842 = ORIENTED_EDGE ( 'NONE', *, *, #5739, .T. ) ;
#3843 = VECTOR ( 'NONE', #5243, 1000.000000000000000 ) ;
#3844 = ORIENTED_EDGE ( 'NONE', *, *, #570, .T. ) ;
#3845 = ORIENTED_EDGE ( 'NONE', *, *, #5013, .T. ) ;
#3846 = CARTESIAN_POINT ( 'NONE',  ( 0.1000000000000037248, 0.000000000000000000, -5.000000000000000000 ) ) ;
#3847 = EDGE_CURVE ( 'NONE', #5015, #2241, #1165, .T. ) ;
#3848 = DIRECTION ( 'NONE',  ( -7.906742672516238979E-16, -0.000000000000000000, -1.000000000000000000 ) ) ;
#3849 = AXIS2_PLACEMENT_3D ( 'NONE', #4668, #338, #2266 ) ;
#3850 = ORIENTED_EDGE ( 'NONE', *, *, #1966, .T. ) ;
#3851 = DIRECTION ( 'NONE',  ( -1.000000000000000000, 0.000000000000000000, 0.000000000000000000 ) ) ;
#3852 = ORIENTED_EDGE ( 'NONE', *, *, #3456, .T. ) ;
#3853 = ORIENTED_EDGE ( 'NONE', *, *, #2235, .F. ) ;
#3854 = DIRECTION ( 'NONE',  ( -1.000000000000000000, 0.000000000000000000, 8.896017825522758145E-16 ) ) ;
#3855 = DIRECTION ( 'NONE',  ( -7.906742672516238979E-16, -0.000000000000000000, -1.000000000000000000 ) ) ;
#3856 = DIRECTION ( 'NONE',  ( -1.000000000000000000, 0.000000000000000000, 6.847592668329483316E-16 ) ) ;
#3857 = CARTESIAN_POINT ( 'NONE',  ( 0.1000000000000037248, 0.000000000000000000, -5.000000000000000000 ) ) ;
#3858 = EDGE_LOOP ( 'NONE', ( #1337, #1810, #1398, #5569 ) ) ;
#3859 = CARTESIAN_POINT ( 'NONE',  ( 0.1000000000000409728, 0.000000000000000000, 42.10000000000000142 ) ) ;
#3860 = ORIENTED_EDGE ( 'NONE', *, *, #5751, .F. ) ;
#3861 = EDGE_LOOP ( 'NONE', ( #3732, #3926, #128, #569 ) ) ;
#3862 = ADVANCED_FACE ( 'NONE', ( #4100 ), #3405, .T. ) ;
#3863 = ADVANCED_FACE ( 'NONE', ( #703 ), #1875, .T. ) ;
#3864 = CARTESIAN_POINT ( 'NONE',  ( 3.849999999999916156, 4.592425496802450713E-16, 11.57874079730329342 ) ) ;
#3865 = FACE_OUTER_BOUND ( 'NONE', #4259, .T. ) ;
#3866 = VERTEX_POINT ( 'NONE', #2669 ) ;
#3867 = DIRECTION ( 'NONE',  ( -1.000000000000000000, 0.000000000000000000, 1.035655806553311611E-15 ) ) ;
#3868 = CARTESIAN_POINT ( 'NONE',  ( -3.700000000000012168, 4.653657836760001894E-16, 36.10000000000000142 ) ) ;
#3869 = AXIS2_PLACEMENT_3D ( 'NONE', #4456, #1986, #1034 ) ;
#3870 = CARTESIAN_POINT ( 'NONE',  ( 0.1000000000000410977, 0.000000000000000000, 42.25000000000000000 ) ) ;
#3871 = DIRECTION ( 'NONE',  ( -7.906742672516238979E-16, -0.000000000000000000, -1.000000000000000000 ) ) ;
#3872 = AXIS2_PLACEMENT_3D ( 'NONE', #1716, #257, #3618 ) ;
#3873 = DIRECTION ( 'NONE',  ( -1.000000000000000000, 0.000000000000000000, 0.000000000000000000 ) ) ;
#3874 = ORIENTED_EDGE ( 'NONE', *, *, #4435, .T. ) ;
#3875 = EDGE_LOOP ( 'NONE', ( #3641, #4867, #4675, #1320 ) ) ;
#3876 = ADVANCED_FACE ( 'NONE', ( #111 ), #2991, .T. ) ;
#3877 = AXIS2_PLACEMENT_3D ( 'NONE', #2700, #765, #6049 ) ;
#3878 = AXIS2_PLACEMENT_3D ( 'NONE', #3108, #4594, #800 ) ;
#3879 = DIRECTION ( 'NONE',  ( -1.000000000000000000, 0.000000000000000000, 8.896017825522760117E-16 ) ) ;
#3880 = DIRECTION ( 'NONE',  ( -7.906742672516238979E-16, -0.000000000000000000, -1.000000000000000000 ) ) ;
#3881 = CIRCLE ( 'NONE', #4288, 3.800000000000021139 ) ;
#3882 = AXIS2_PLACEMENT_3D ( 'NONE', #4256, #2320, #2258 ) ;
#3883 = VERTEX_POINT ( 'NONE', #4563 ) ;
#3884 = CARTESIAN_POINT ( 'NONE',  ( 0.1000000000000415140, 0.000000000000000000, 42.79202761985990122 ) ) ;
#3885 = ORIENTED_EDGE ( 'NONE', *, *, #451, .F. ) ;
#3886 = EDGE_CURVE ( 'NONE', #4479, #5728, #3910, .T. ) ;
#3887 = ORIENTED_EDGE ( 'NONE', *, *, #202, .F. ) ;
#3888 = LINE ( 'NONE', #998, #6243 ) ;
#3889 = CARTESIAN_POINT ( 'NONE',  ( -3.249999999999996003, 0.000000000000000000, 42.84998447769145713 ) ) ;
#3890 = CONICAL_SURFACE ( 'NONE', #2265, 3.800000000000058442, 0.6928957130417477961 ) ;
#3891 = CARTESIAN_POINT ( 'NONE',  ( -3.600000000000002753, 0.000000000000000000, 29.11750020867200206 ) ) ;
#3892 = CYLINDRICAL_SURFACE ( 'NONE', #4665, 3.350000000000026734 ) ;
#3893 = ORIENTED_EDGE ( 'NONE', *, *, #1568, .T. ) ;
#3894 = DIRECTION ( 'NONE',  ( -7.906742672516238979E-16, -0.000000000000000000, -1.000000000000000000 ) ) ;
#3895 = ORIENTED_EDGE ( 'NONE', *, *, #1747, .T. ) ;
#3896 = ORIENTED_EDGE ( 'NONE', *, *, #5657, .F. ) ;
#3897 = LINE ( 'NONE', #2909, #1078 ) ;
#3898 = CARTESIAN_POINT ( 'NONE',  ( 0.1000000000000164230, 0.000000000000000000, 11.04999999999999716 ) ) ;
#3899 = EDGE_CURVE ( 'NONE', #6134, #5045, #4704, .T. ) ;
#3900 = EDGE_CURVE ( 'NONE', #3440, #1596, #5991, .T. ) ;
#3901 = VECTOR ( 'NONE', #4400, 1000.000000000000000 ) ;
#3902 = CARTESIAN_POINT ( 'NONE',  ( -3.249999999999987121, 0.000000000000000000, 23.10944819064918931 ) ) ;
#3903 = DIRECTION ( 'NONE',  ( -7.906742672516238979E-16, -0.000000000000000000, -1.000000000000000000 ) ) ;
#3904 = ADVANCED_FACE ( 'NONE', ( #3076 ), #2085, .T. ) ;
#3905 = DIRECTION ( 'NONE',  ( -7.906742672516238979E-16, -0.000000000000000000, -1.000000000000000000 ) ) ;
#3906 = CIRCLE ( 'NONE', #764, 3.799999999999975397 ) ;
#3907 = DIRECTION ( 'NONE',  ( -7.906742672516238979E-16, -0.000000000000000000, -1.000000000000000000 ) ) ;
#3908 = LINE ( 'NONE', #80, #4990 ) ;
#3909 = EDGE_LOOP ( 'NONE', ( #976, #1027, #2286, #3360 ) ) ;
#3910 = CIRCLE ( 'NONE', #3297, 3.350000000000062261 ) ;
#3911 = ORIENTED_EDGE ( 'NONE', *, *, #2708, .F. ) ;
#3912 = EDGE_CURVE ( 'NONE', #3217, #6038, #1145, .T. ) ;
#3913 = DIRECTION ( 'NONE',  ( -7.906742672516238979E-16, -0.000000000000000000, -1.000000000000000000 ) ) ;
#3914 = DIRECTION ( 'NONE',  ( -1.000000000000000000, 0.000000000000000000, 0.000000000000000000 ) ) ;
#3915 = EDGE_LOOP ( 'NONE', ( #4106, #3524, #3334, #3388 ) ) ;
#3916 = ORIENTED_EDGE ( 'NONE', *, *, #2096, .F. ) ;
#3917 = CONICAL_SURFACE ( 'NONE', #3306, 3.800000000000048672, 0.7853809166853974455 ) ;
#3918 = DIRECTION ( 'NONE',  ( -7.906742672516238979E-16, -0.000000000000000000, -1.000000000000000000 ) ) ;
#3919 = DIRECTION ( 'NONE',  ( -7.906742672516238979E-16, -0.000000000000000000, -1.000000000000000000 ) ) ;
#3920 = DIRECTION ( 'NONE',  ( -1.000000000000000000, 0.000000000000000000, 1.035655806553309638E-15 ) ) ;
#3921 = EDGE_CURVE ( 'NONE', #5118, #2197, #615, .T. ) ;
#3922 = LINE ( 'NONE', #1572, #4670 ) ;
#3923 = EDGE_CURVE ( 'NONE', #6179, #4679, #5011, .T. ) ;
#3924 = ORIENTED_EDGE ( 'NONE', *, *, #5666, .T. ) ;
#3925 = CARTESIAN_POINT ( 'NONE',  ( 0.1000000000000367678, 0.000000000000000000, 36.79202761985992964 ) ) ;
#3926 = ORIENTED_EDGE ( 'NONE', *, *, #3434, .T. ) ;
#3927 = ORIENTED_EDGE ( 'NONE', *, *, #4781, .T. ) ;
#3928 = CARTESIAN_POINT ( 'NONE',  ( 0.1000000000000400291, 0.000000000000000000, 40.89999999999999858 ) ) ;
#3929 = DIRECTION ( 'NONE',  ( -7.906742672516238979E-16, -0.000000000000000000, -1.000000000000000000 ) ) ;
#3930 = EDGE_CURVE ( 'NONE', #964, #88, #3263, .T. ) ;
#3931 = ORIENTED_EDGE ( 'NONE', *, *, #245, .T. ) ;
#3932 = AXIS2_PLACEMENT_3D ( 'NONE', #2428, #1882, #5241 ) ;
#3933 = LINE ( 'NONE', #2477, #5857 ) ;
#3934 = DIRECTION ( 'NONE',  ( -1.000000000000000000, 0.000000000000000000, 8.896017825522760117E-16 ) ) ;
#3935 = LINE ( 'NONE', #6236, #5420 ) ;
#3936 = VECTOR ( 'NONE', #700, 1000.000000000000114 ) ;
#3937 = DIRECTION ( 'NONE',  ( -1.000000000000000000, 0.000000000000000000, 0.000000000000000000 ) ) ;
#3938 = EDGE_CURVE ( 'NONE', #3125, #6038, #2181, .T. ) ;
#3939 = CARTESIAN_POINT ( 'NONE',  ( 0.2999999999999451994, 2.449293598293906275E-17, 3.649999999999999911 ) ) ;
#3940 = ORIENTED_EDGE ( 'NONE', *, *, #795, .T. ) ;
#3941 = PRESENTATION_LAYER_ASSIGNMENT (  '', '', ( #701 ) ) ;
#3942 = VERTEX_POINT ( 'NONE', #6174 ) ;
#3943 = AXIS2_PLACEMENT_3D ( 'NONE', #2370, #1458, #37 ) ;
#3944 = ADVANCED_FACE ( 'NONE', ( #2317 ), #2697, .T. ) ;
#3945 = VECTOR ( 'NONE', #2244, 1000.000000000000000 ) ;
#3946 = AXIS2_PLACEMENT_3D ( 'NONE', #58, #3918, #562 ) ;
#3947 = AXIS2_PLACEMENT_3D ( 'NONE', #2832, #5787, #2900 ) ;
#3948 = CARTESIAN_POINT ( 'NONE',  ( 0.1000000000000316053, 0.000000000000000000, 30.25000000000000355 ) ) ;
#3949 = CARTESIAN_POINT ( 'NONE',  ( -3.800000000000008260, 0.000000000000000000, 27.82044892595218855 ) ) ;
#3950 = AXIS2_PLACEMENT_3D ( 'NONE', #2938, #4458, #4799 ) ;
#3951 = ORIENTED_EDGE ( 'NONE', *, *, #285, .F. ) ;
#3952 = EDGE_CURVE ( 'NONE', #530, #6165, #6140, .T. ) ;
#3953 = DIRECTION ( 'NONE',  ( -1.000000000000000000, 0.000000000000000000, 6.847592668329384709E-16 ) ) ;
#3954 = DIRECTION ( 'NONE',  ( 1.000000000000000000, 0.000000000000000000, 0.000000000000000000 ) ) ;
#3955 = FACE_OUTER_BOUND ( 'NONE', #4550, .T. ) ;
#3956 = FACE_OUTER_BOUND ( 'NONE', #1485, .T. ) ;
#3957 = VECTOR ( 'NONE', #1129, 1000.000000000000000 ) ;
#3958 = DIRECTION ( 'NONE',  ( -0.6387678175155929727, 0.000000000000000000, -0.7693995550468990530 ) ) ;
#3959 = ORIENTED_EDGE ( 'NONE', *, *, #3773, .T. ) ;
#3960 = ORIENTED_EDGE ( 'NONE', *, *, #2380, .T. ) ;
#3961 = ADVANCED_FACE ( 'NONE', ( #3708 ), #3091, .T. ) ;
#3962 = DIRECTION ( 'NONE',  ( -1.000000000000000000, 0.000000000000000000, 0.000000000000000000 ) ) ;
#3963 = DIRECTION ( 'NONE',  ( 0.6387678175155963034, 7.822649631188163250E-17, -0.7693995550468962774 ) ) ;
#3964 = ORIENTED_EDGE ( 'NONE', *, *, #2782, .F. ) ;
#3965 = CARTESIAN_POINT ( 'NONE',  ( -3.250000000000028866, 0.000000000000000000, 33.19202761985993533 ) ) ;
#3966 = FACE_OUTER_BOUND ( 'NONE', #4430, .T. ) ;
#3967 = EDGE_CURVE ( 'NONE', #3628, #5231, #473, .T. ) ;
#3968 = CARTESIAN_POINT ( 'NONE',  ( 0.1000000000000476202, 0.000000000000000000, 50.49999999999999289 ) ) ;
#3969 = AXIS2_PLACEMENT_3D ( 'NONE', #5458, #5486, #2133 ) ;
#3970 = LINE ( 'NONE', #4907, #3066 ) ;
#3971 = DIRECTION ( 'NONE',  ( 0.5180270093731322856, 6.344001189006832723E-17, -0.8553642601605052631 ) ) ;
#3972 = ORIENTED_EDGE ( 'NONE', *, *, #2226, .F. ) ;
#3973 = VECTOR ( 'NONE', #3785, 1000.000000000000000 ) ;
#3974 = VERTEX_POINT ( 'NONE', #2255 ) ;
#3975 = DIRECTION ( 'NONE',  ( -7.906742672516238979E-16, -0.000000000000000000, -1.000000000000000000 ) ) ;
#3976 = VECTOR ( 'NONE', #2677, 1000.000000000000000 ) ;
#3977 = EDGE_CURVE ( 'NONE', #365, #944, #1983, .T. ) ;
#3978 = EDGE_CURVE ( 'NONE', #2651, #3385, #1777, .T. ) ;
#3979 = LINE ( 'NONE', #1120, #1831 ) ;
#3980 = EDGE_CURVE ( 'NONE', #3589, #879, #6025, .T. ) ;
#3981 = DIRECTION ( 'NONE',  ( -1.000000000000000000, 0.000000000000000000, 6.847592668329396542E-16 ) ) ;
#3982 = DIRECTION ( 'NONE',  ( -7.906742672516238979E-16, -0.000000000000000000, -1.000000000000000000 ) ) ;
#3983 = DIRECTION ( 'NONE',  ( -7.906742672516238979E-16, -0.000000000000000000, -1.000000000000000000 ) ) ;
#3984 = AXIS2_PLACEMENT_3D ( 'NONE', #12, #860, #3331 ) ;
#3985 = CARTESIAN_POINT ( 'NONE',  ( -3.699999999999891820, 4.653657836759868774E-16, 51.69999999999999574 ) ) ;
#3986 = AXIS2_PLACEMENT_3D ( 'NONE', #923, #6208, #4812 ) ;
#3987 = DIRECTION ( 'NONE',  ( -7.906742672516238979E-16, -0.000000000000000000, -1.000000000000000000 ) ) ;
#3988 = ORIENTED_EDGE ( 'NONE', *, *, #2716, .T. ) ;
#3989 = ORIENTED_EDGE ( 'NONE', *, *, #1939, .T. ) ;
#3990 = FACE_OUTER_BOUND ( 'NONE', #3528, .T. ) ;
#3991 = CARTESIAN_POINT ( 'NONE',  ( 0.1000000000000037248, 0.000000000000000000, -5.000000000000000000 ) ) ;
#3992 = ORIENTED_EDGE ( 'NONE', *, *, #3761, .T. ) ;
#3993 = EDGE_CURVE ( 'NONE', #6102, #3530, #2282, .T. ) ;
#3994 = DIRECTION ( 'NONE',  ( -7.906742672516238979E-16, -0.000000000000000000, -1.000000000000000000 ) ) ;
#3995 = DIRECTION ( 'NONE',  ( 7.906742672516238979E-16, 0.000000000000000000, 1.000000000000000000 ) ) ;
#3996 = CARTESIAN_POINT ( 'NONE',  ( 0.1000000000000344502, 0.000000000000000000, 33.85000000000000853 ) ) ;
#3997 = DIRECTION ( 'NONE',  ( -1.000000000000000000, 0.000000000000000000, 9.251858538543220319E-16 ) ) ;
#3998 = CARTESIAN_POINT ( 'NONE',  ( 0.1000000000000037248, 0.000000000000000000, -5.000000000000000000 ) ) ;
#3999 = CYLINDRICAL_SURFACE ( 'NONE', #4885, 3.899999999999737010 ) ;
#4000 = ADVANCED_FACE ( 'NONE', ( #4620 ), #3799, .T. ) ;
#4001 = ADVANCED_FACE ( 'NONE', ( #2187 ), #4012, .T. ) ;
#4002 = ORIENTED_EDGE ( 'NONE', *, *, #66, .F. ) ;
#4003 = ORIENTED_EDGE ( 'NONE', *, *, #6021, .T. ) ;
#4004 = CARTESIAN_POINT ( 'NONE',  ( 0.1000000000000419165, 0.000000000000000000, 43.29999999999999716 ) ) ;
#4005 = AXIS2_PLACEMENT_3D ( 'NONE', #5063, #3646, #4121 ) ;
#4006 = CARTESIAN_POINT ( 'NONE',  ( 0.1000000000000390715, 0.000000000000000000, 39.69999999999999574 ) ) ;
#4007 = EDGE_CURVE ( 'NONE', #2681, #4141, #5098, .T. ) ;
#4008 = AXIS2_PLACEMENT_3D ( 'NONE', #3209, #1755, #1220 ) ;
#4009 = CYLINDRICAL_SURFACE ( 'NONE', #4155, 3.700000000000025491 ) ;
#4010 = ORIENTED_EDGE ( 'NONE', *, *, #1580, .T. ) ;
#4011 = LINE ( 'NONE', #2552, #6247 ) ;
#4012 = CONICAL_SURFACE ( 'NONE', #2786, 3.700000000000033484, 0.4756022211684481915 ) ;
#4013 = ADVANCED_FACE ( 'NONE', ( #4714 ), #1486, .T. ) ;
#4014 = LINE ( 'NONE', #2044, #2533 ) ;
#4015 = CARTESIAN_POINT ( 'NONE',  ( 3.900000000000062972, 0.000000000000000000, 43.29999999999999716 ) ) ;
#4016 = CARTESIAN_POINT ( 'NONE',  ( -3.250000000000006217, 0.000000000000000000, 41.59202761985993391 ) ) ;
#4017 = EDGE_CURVE ( 'NONE', #1672, #5118, #868, .T. ) ;
#4018 = AXIS2_PLACEMENT_3D ( 'NONE', #1619, #5982, #2627 ) ;
#4019 = CARTESIAN_POINT ( 'NONE',  ( 3.999999999999747757, 4.776122516674341034E-16, 18.64999999999999147 ) ) ;
#4020 = VERTEX_POINT ( 'NONE', #4125 ) ;
#4021 = ORIENTED_EDGE ( 'NONE', *, *, #3456, .F. ) ;
#4022 = DIRECTION ( 'NONE',  ( -1.000000000000000000, 0.000000000000000000, 0.000000000000000000 ) ) ;
#4023 = ADVANCED_FACE ( 'NONE', ( #6048 ), #71, .T. ) ;
#4024 = EDGE_CURVE ( 'NONE', #2778, #2640, #2444, .T. ) ;
#4025 = DIRECTION ( 'NONE',  ( -7.906742672516238979E-16, -0.000000000000000000, -1.000000000000000000 ) ) ;
#4026 = CIRCLE ( 'NONE', #6033, 3.350000000000056044 ) ;
#4027 = ORIENTED_EDGE ( 'NONE', *, *, #2737, .F. ) ;
#4028 = DIRECTION ( 'NONE',  ( -1.000000000000000000, 0.000000000000000000, 8.896017825522689120E-16 ) ) ;
#4029 = CARTESIAN_POINT ( 'NONE',  ( 0.1000000000000329792, 0.000000000000000000, 31.99202761985993249 ) ) ;
#4030 = ADVANCED_FACE ( 'NONE', ( #2479 ), #5017, .T. ) ;
#4031 = DIRECTION ( 'NONE',  ( -7.906742672516238979E-16, -0.000000000000000000, -1.000000000000000000 ) ) ;
#4032 = AXIS2_PLACEMENT_3D ( 'NONE', #3187, #4142, #313 ) ;
#4033 = LINE ( 'NONE', #5004, #5299 ) ;
#4034 = ORIENTED_EDGE ( 'NONE', *, *, #3032, .F. ) ;
#4035 = ORIENTED_EDGE ( 'NONE', *, *, #1068, .F. ) ;
#4036 = DIRECTION ( 'NONE',  ( -0.6387678175155951932, 0.000000000000000000, -0.7693995550468970546 ) ) ;
#4037 = EDGE_CURVE ( 'NONE', #6181, #1345, #3394, .T. ) ;
#4038 = DIRECTION ( 'NONE',  ( -7.906742672516238979E-16, -0.000000000000000000, -1.000000000000000000 ) ) ;
#4039 = CONICAL_SURFACE ( 'NONE', #4937, 3.899999999999688605, 0.7286749627076254399 ) ;
#4040 = AXIS2_PLACEMENT_3D ( 'NONE', #4889, #4920, #589 ) ;
#4041 = ORIENTED_EDGE ( 'NONE', *, *, #4502, .F. ) ;
#4042 = CONICAL_SURFACE ( 'NONE', #5038, 3.799999999999951861, 0.7853809166853968904 ) ;
#4043 = FACE_OUTER_BOUND ( 'NONE', #5998, .T. ) ;
#4044 = EDGE_LOOP ( 'NONE', ( #1399, #5915, #1843, #3781 ) ) ;
#4045 = EDGE_CURVE ( 'NONE', #5172, #2499, #5832, .T. ) ;
#4046 = CARTESIAN_POINT ( 'NONE',  ( 0.1000000000000267480, 0.000000000000000000, 24.09843413574445137 ) ) ;
#4047 = CIRCLE ( 'NONE', #5863, 3.350000000000061817 ) ;
#4048 = DIRECTION ( 'NONE',  ( 7.906742672516238979E-16, 0.000000000000000000, 1.000000000000000000 ) ) ;
#4049 = CARTESIAN_POINT ( 'NONE',  ( 0.1000000000000401540, 0.000000000000000000, 41.05000000000000426 ) ) ;
#4050 = DIRECTION ( 'NONE',  ( 1.000000000000000000, 0.000000000000000000, 0.000000000000000000 ) ) ;
#4051 = DIRECTION ( 'NONE',  ( -7.906742672516238979E-16, -0.000000000000000000, -1.000000000000000000 ) ) ;
#4052 = ORIENTED_EDGE ( 'NONE', *, *, #1459, .T. ) ;
#4053 = CIRCLE ( 'NONE', #3335, 3.349999999999985434 ) ;
#4054 = EDGE_LOOP ( 'NONE', ( #5943, #3531, #4519, #2054 ) ) ;
#4055 = LINE ( 'NONE', #5978, #1283 ) ;
#4056 = AXIS2_PLACEMENT_3D ( 'NONE', #2967, #2466, #4866 ) ;
#4057 = ORIENTED_EDGE ( 'NONE', *, *, #4950, .F. ) ;
#4058 = CYLINDRICAL_SURFACE ( 'NONE', #601, 3.799999999999940758 ) ;
#4059 = EDGE_CURVE ( 'NONE', #4402, #5042, #3935, .T. ) ;
#4060 = EDGE_CURVE ( 'NONE', #3883, #782, #2816, .T. ) ;
#4061 = VECTOR ( 'NONE', #4170, 999.9999999999998863 ) ;
#4062 = DIRECTION ( 'NONE',  ( -7.906742672516238979E-16, -0.000000000000000000, -1.000000000000000000 ) ) ;
#4063 = CARTESIAN_POINT ( 'NONE',  ( 3.900000000000076295, 4.653657836759986117E-16, 41.05000000000000426 ) ) ;
#4064 = CYLINDRICAL_SURFACE ( 'NONE', #3691, 3.899999999999724132 ) ;
#4065 = CONICAL_SURFACE ( 'NONE', #1827, 3.799999999999940314, 0.7853809166853961132 ) ;
#4066 = DIRECTION ( 'NONE',  ( -7.906742672516238979E-16, -0.000000000000000000, -1.000000000000000000 ) ) ;
#4067 = VERTEX_POINT ( 'NONE', #3798 ) ;
#4068 = ORIENTED_EDGE ( 'NONE', *, *, #2226, .T. ) ;
#4069 = CIRCLE ( 'NONE', #4764, 3.799999999999929212 ) ;
#4070 = CARTESIAN_POINT ( 'NONE',  ( 0.1000000000000363515, 0.000000000000000000, 36.25000000000000711 ) ) ;
#4071 = CARTESIAN_POINT ( 'NONE',  ( 0.1000000000000335065, 0.000000000000000000, 32.65000000000000568 ) ) ;
#4072 = FACE_OUTER_BOUND ( 'NONE', #1450, .T. ) ;
#4073 = CONICAL_SURFACE ( 'NONE', #4970, 3.800000000000021139, 0.6928957130417454646 ) ;
#4074 = ORIENTED_EDGE ( 'NONE', *, *, #2037, .T. ) ;
#4075 = DIRECTION ( 'NONE',  ( -7.906742672516238979E-16, -0.000000000000000000, -1.000000000000000000 ) ) ;
#4076 = EDGE_LOOP ( 'NONE', ( #627, #5363, #5071, #6079 ) ) ;
#4077 = VECTOR ( 'NONE', #5913, 1000.000000000000114 ) ;
#4078 = DIRECTION ( 'NONE',  ( -1.000000000000000000, 0.000000000000000000, 1.035655806553317724E-15 ) ) ;
#4079 = DIRECTION ( 'NONE',  ( -1.000000000000000000, 0.000000000000000000, 9.376883653928601821E-16 ) ) ;
#4080 = DIRECTION ( 'NONE',  ( -7.906742672516238979E-16, -0.000000000000000000, -1.000000000000000000 ) ) ;
#4081 = AXIS2_PLACEMENT_3D ( 'NONE', #828, #4216, #4248 ) ;
#4082 = EDGE_CURVE ( 'NONE', #626, #1596, #2849, .T. ) ;
#4083 = CARTESIAN_POINT ( 'NONE',  ( 3.900000000000088285, 0.000000000000000000, 32.50000000000000000 ) ) ;
#4084 = VERTEX_POINT ( 'NONE', #5291 ) ;
#4085 = VERTEX_POINT ( 'NONE', #3330 ) ;
#4086 = DIRECTION ( 'NONE',  ( -7.906742672516238979E-16, -0.000000000000000000, -1.000000000000000000 ) ) ;
#4087 = DIRECTION ( 'NONE',  ( -1.000000000000000000, 0.000000000000000000, 0.000000000000000000 ) ) ;
#4088 = AXIS2_PLACEMENT_3D ( 'NONE', #3527, #1118, #2512 ) ;
#4089 = ORIENTED_EDGE ( 'NONE', *, *, #4588, .T. ) ;
#4090 = FILL_AREA_STYLE_COLOUR ( '', #1004 ) ;
#4091 = CONICAL_SURFACE ( 'NONE', #3480, 3.800000000000064659, 0.6928957130417447985 ) ;
#4092 = DIRECTION ( 'NONE',  ( -1.000000000000000000, 0.000000000000000000, 7.767418549149766082E-16 ) ) ;
#4093 = FACE_OUTER_BOUND ( 'NONE', #4076, .T. ) ;
#4094 = EDGE_CURVE ( 'NONE', #687, #2176, #3609, .T. ) ;
#4095 = LINE ( 'NONE', #731, #2073 ) ;
#4096 = AXIS2_PLACEMENT_3D ( 'NONE', #4151, #635, #4500 ) ;
#4097 = DIRECTION ( 'NONE',  ( -1.000000000000000000, 0.000000000000000000, 9.251858538542942245E-16 ) ) ;
#4098 = ADVANCED_FACE ( 'NONE', ( #43 ), #773, .T. ) ;
#4099 = ORIENTED_EDGE ( 'NONE', *, *, #1931, .F. ) ;
#4100 = FACE_OUTER_BOUND ( 'NONE', #3692, .T. ) ;
#4101 = EDGE_CURVE ( 'NONE', #3507, #1313, #414, .T. ) ;
#4102 = CARTESIAN_POINT ( 'NONE',  ( 0.1000000000000428740, 0.000000000000000000, 44.50000000000000000 ) ) ;
#4103 = CARTESIAN_POINT ( 'NONE',  ( 0.1000000000000222655, 0.000000000000000000, 18.44999999999999929 ) ) ;
#4104 = ORIENTED_EDGE ( 'NONE', *, *, #697, .T. ) ;
#4105 = DIRECTION ( 'NONE',  ( -1.000000000000000000, 0.000000000000000000, 8.896017825522706869E-16 ) ) ;
#4106 = ORIENTED_EDGE ( 'NONE', *, *, #335, .F. ) ;
#4107 = CARTESIAN_POINT ( 'NONE',  ( 3.849999999999921485, 4.837354856631993781E-16, 11.04999999999999361 ) ) ;
#4108 = ADVANCED_FACE ( 'NONE', ( #2374 ), #1429, .T. ) ;
#4109 = VECTOR ( 'NONE', #3631, 1000.000000000000000 ) ;
#4110 = DIRECTION ( 'NONE',  ( -7.906742672516238979E-16, -0.000000000000000000, -1.000000000000000000 ) ) ;
#4111 = LINE ( 'NONE', #212, #4776 ) ;
#4112 = CARTESIAN_POINT ( 'NONE',  ( 0.1000000000000372952, 0.000000000000000000, 37.45000000000000284 ) ) ;
#4113 = ORIENTED_EDGE ( 'NONE', *, *, #1599, .T. ) ;
#4114 = ORIENTED_EDGE ( 'NONE', *, *, #4435, .F. ) ;
#4115 = CARTESIAN_POINT ( 'NONE',  ( 3.450000000000027711, 4.102566777143644621E-16, 17.74094427251857908 ) ) ;
#4116 = VERTEX_POINT ( 'NONE', #4808 ) ;
#4117 = CARTESIAN_POINT ( 'NONE',  ( 3.900000000000007017, 0.000000000000000000, 49.29999999999999716 ) ) ;
#4118 = DIRECTION ( 'NONE',  ( -1.000000000000000000, 0.000000000000000000, 6.847592668329402458E-16 ) ) ;
#4119 = AXIS2_PLACEMENT_3D ( 'NONE', #2620, #98, #4022 ) ;
#4120 = CARTESIAN_POINT ( 'NONE',  ( 0.1000000000000343392, 0.000000000000000000, 33.70000000000000284 ) ) ;
#4121 = DIRECTION ( 'NONE',  ( -1.000000000000000000, 0.000000000000000000, 0.000000000000000000 ) ) ;
#4122 = CARTESIAN_POINT ( 'NONE',  ( 0.1000000000000467876, 0.000000000000000000, 49.45000000000000284 ) ) ;
#4123 = AXIS2_PLACEMENT_3D ( 'NONE', #2269, #2773, #817 ) ;
#4124 = CARTESIAN_POINT ( 'NONE',  ( 0.1000000000000444145, 0.000000000000000000, 46.44998447769145855 ) ) ;
#4125 = CARTESIAN_POINT ( 'NONE',  ( -6.869420969548625244, 0.000000000000000000, -3.297297297297296925 ) ) ;
#4126 = CIRCLE ( 'NONE', #3315, 3.800000000000052225 ) ;
#4127 = CYLINDRICAL_SURFACE ( 'NONE', #3877, 3.800000000000045564 ) ;
#4128 = CARTESIAN_POINT ( 'NONE',  ( 0.1000000000000324379, 0.000000000000000000, 31.30000000000000071 ) ) ;
#4129 = ORIENTED_EDGE ( 'NONE', *, *, #5320, .T. ) ;
#4130 = DIRECTION ( 'NONE',  ( -7.906742672516238979E-16, -0.000000000000000000, -1.000000000000000000 ) ) ;
#4131 = ADVANCED_FACE ( 'NONE', ( #552 ), #920, .T. ) ;
#4132 = ORIENTED_EDGE ( 'NONE', *, *, #3473, .F. ) ;
#4133 = EDGE_CURVE ( 'NONE', #4846, #1313, #1969, .T. ) ;
#4134 = CARTESIAN_POINT ( 'NONE',  ( 0.1000000000000187683, 0.000000000000000000, 14.01622293754999049 ) ) ;
#4135 = CARTESIAN_POINT ( 'NONE',  ( 0.1000000000000466627, 0.000000000000000000, 49.29999999999999716 ) ) ;
#4136 = AXIS2_PLACEMENT_3D ( 'NONE', #1108, #5814, #225 ) ;
#4137 = DIRECTION ( 'NONE',  ( -1.000000000000000000, 0.000000000000000000, 0.000000000000000000 ) ) ;
#4138 = CARTESIAN_POINT ( 'NONE',  ( 3.899999999999979039, 0.000000000000000000, 52.89999999999999858 ) ) ;
#4139 = ORIENTED_EDGE ( 'NONE', *, *, #1223, .F. ) ;
#4140 = VECTOR ( 'NONE', #5596, 1000.000000000000000 ) ;
#4141 = VERTEX_POINT ( 'NONE', #2915 ) ;
#4142 = DIRECTION ( 'NONE',  ( -7.906742672516238979E-16, -0.000000000000000000, -1.000000000000000000 ) ) ;
#4143 = CARTESIAN_POINT ( 'NONE',  ( 0.1000000000000477313, 0.000000000000000000, 50.64999999999999858 ) ) ;
#4144 = VECTOR ( 'NONE', #6127, 1000.000000000000227 ) ;
#4145 = EDGE_LOOP ( 'NONE', ( #2751, #1987, #3814, #5321 ) ) ;
#4146 = EDGE_LOOP ( 'NONE', ( #174, #3723, #4304, #4792 ) ) ;
#4147 = AXIS2_PLACEMENT_3D ( 'NONE', #4112, #4991, #1094 ) ;
#4148 = DIRECTION ( 'NONE',  ( 7.906742672516238979E-16, 0.000000000000000000, 1.000000000000000000 ) ) ;
#4149 = FACE_OUTER_BOUND ( 'NONE', #2836, .T. ) ;
#4150 = CARTESIAN_POINT ( 'NONE',  ( 0.1000000000000339229, 0.000000000000000000, 33.19202761985993533 ) ) ;
#4151 = CARTESIAN_POINT ( 'NONE',  ( -0.09999999999992408017, 0.000000000000000000, 3.649999999999999911 ) ) ;
#4152 = AXIS2_PLACEMENT_3D ( 'NONE', #814, #393, #2331 ) ;
#4153 = CARTESIAN_POINT ( 'NONE',  ( 3.999999999999752198, 4.776122516674347937E-16, 16.89999999999998792 ) ) ;
#4154 = EDGE_CURVE ( 'NONE', #676, #2651, #4843, .T. ) ;
#4155 = AXIS2_PLACEMENT_3D ( 'NONE', #2098, #1598, #4508 ) ;
#4156 = DIRECTION ( 'NONE',  ( -7.906742672516238979E-16, -0.000000000000000000, -1.000000000000000000 ) ) ;
#4157 = FACE_OUTER_BOUND ( 'NONE', #3368, .T. ) ;
#4158 = EDGE_LOOP ( 'NONE', ( #3081, #4568, #1817, #4374 ) ) ;
#4159 = AXIS2_PLACEMENT_3D ( 'NONE', #1585, #1046, #5895 ) ;
#4160 = ADVANCED_FACE ( 'NONE', ( #1866 ), #5625, .T. ) ;
#4161 = CARTESIAN_POINT ( 'NONE',  ( 0.1000000000000251937, 0.000000000000000000, 22.14999999999999147 ) ) ;
#4162 = ORIENTED_EDGE ( 'NONE', *, *, #3683, .T. ) ;
#4163 = VERTEX_POINT ( 'NONE', #450 ) ;
#4164 = CARTESIAN_POINT ( 'NONE',  ( 0.1000000000000203365, 0.000000000000000000, 15.99094427251858797 ) ) ;
#4165 = EDGE_CURVE ( 'NONE', #5470, #925, #1989, .T. ) ;
#4166 = CARTESIAN_POINT ( 'NONE',  ( 0.1000000000000339229, 0.000000000000000000, 33.19202761985993533 ) ) ;
#4167 = ADVANCED_FACE ( 'NONE', ( #6013 ), #3301, .T. ) ;
#4168 = CARTESIAN_POINT ( 'NONE',  ( -3.799999999999707612, 4.776122516674343992E-16, 14.94999999999999751 ) ) ;
#4169 = EDGE_CURVE ( 'NONE', #2778, #3123, #6128, .T. ) ;
#4170 = DIRECTION ( 'NONE',  ( 0.2351421131025821509, 2.879660361558230706E-17, -0.9719610005785482842 ) ) ;
#4171 = ORIENTED_EDGE ( 'NONE', *, *, #669, .F. ) ;
#4172 = VECTOR ( 'NONE', #5885, 1000.000000000000000 ) ;
#4173 = EDGE_LOOP ( 'NONE', ( #1735, #4993, #1065, #3407 ) ) ;
#4174 = DIRECTION ( 'NONE',  ( -1.000000000000000000, 0.000000000000000000, 0.000000000000000000 ) ) ;
#4175 = ORIENTED_EDGE ( 'NONE', *, *, #3747, .F. ) ;
#4176 = CARTESIAN_POINT ( 'NONE',  ( -3.249999999999912514, 0.000000000000000000, 51.19202761985992822 ) ) ;
#4177 = ORIENTED_EDGE ( 'NONE', *, *, #1315, .T. ) ;
#4178 = ORIENTED_EDGE ( 'NONE', *, *, #4554, .T. ) ;
#4179 = AXIS2_PLACEMENT_3D ( 'NONE', #329, #4625, #5514 ) ;
#4180 = CARTESIAN_POINT ( 'NONE',  ( 0.1000000000000037248, 0.000000000000000000, -5.000000000000000000 ) ) ;
#4181 = DIRECTION ( 'NONE',  ( -1.000000000000000000, 0.000000000000000000, 9.251858538543220319E-16 ) ) ;
#4182 = EDGE_CURVE ( 'NONE', #1634, #5425, #2978, .T. ) ;
#4183 = LINE ( 'NONE', #6107, #4196 ) ;
#4184 = CARTESIAN_POINT ( 'NONE',  ( 0.1000000000000409728, 0.000000000000000000, 42.10000000000000142 ) ) ;
#4185 = ORIENTED_EDGE ( 'NONE', *, *, #5594, .F. ) ;
#4186 = ADVANCED_FACE ( 'NONE', ( #2032 ), #2292, .T. ) ;
#4187 = DIRECTION ( 'NONE',  ( -0.6387678175155907523, 0.000000000000000000, -0.7693995550469008293 ) ) ;
#4188 = ADVANCED_FACE ( 'NONE', ( #105 ), #1139, .T. ) ;
#4189 = DIRECTION ( 'NONE',  ( -7.906742672516238979E-16, -0.000000000000000000, -1.000000000000000000 ) ) ;
#4190 = ORIENTED_EDGE ( 'NONE', *, *, #413, .T. ) ;
#4191 = CARTESIAN_POINT ( 'NONE',  ( 0.1000000000000502987, 0.000000000000000000, 53.89999999999999858 ) ) ;
#4192 = ORIENTED_EDGE ( 'NONE', *, *, #759, .T. ) ;
#4193 = DIRECTION ( 'NONE',  ( -7.906742672516238979E-16, -0.000000000000000000, -1.000000000000000000 ) ) ;
#4194 = EDGE_CURVE ( 'NONE', #3402, #1672, #3614, .T. ) ;
#4195 = CARTESIAN_POINT ( 'NONE',  ( 0.1000000000000367678, 0.000000000000000000, 36.79202761985992964 ) ) ;
#4196 = VECTOR ( 'NONE', #6223, 1000.000000000000227 ) ;
#4197 = CARTESIAN_POINT ( 'NONE',  ( 0.1000000000000496325, 0.000000000000000000, 53.04999999999999716 ) ) ;
#4198 = ORIENTED_EDGE ( 'NONE', *, *, #766, .F. ) ;
#4199 = EDGE_LOOP ( 'NONE', ( #1943, #1851, #455, #3812 ) ) ;
#4200 = EDGE_CURVE ( 'NONE', #2388, #5178, #1278, .T. ) ;
#4201 = DIRECTION ( 'NONE',  ( -7.906742672516238979E-16, -0.000000000000000000, -1.000000000000000000 ) ) ;
#4202 = VECTOR ( 'NONE', #5007, 1000.000000000000000 ) ;
#4203 = DIRECTION ( 'NONE',  ( -7.906742672516238979E-16, -0.000000000000000000, -1.000000000000000000 ) ) ;
#4204 = ADVANCED_FACE ( 'NONE', ( #5896 ), #4813, .T. ) ;
#4205 = EDGE_LOOP ( 'NONE', ( #3220, #2465, #5576, #1006 ) ) ;
#4206 = AXIS2_PLACEMENT_3D ( 'NONE', #4632, #4110, #6058 ) ;
#4207 = CARTESIAN_POINT ( 'NONE',  ( 0.1000000000000400291, 0.000000000000000000, 40.89999999999999858 ) ) ;
#4208 = ORIENTED_EDGE ( 'NONE', *, *, #3899, .F. ) ;
#4209 = ORIENTED_EDGE ( 'NONE', *, *, #5900, .F. ) ;
#4210 = EDGE_CURVE ( 'NONE', #1900, #2681, #5221, .T. ) ;
#4211 = ADVANCED_FACE ( 'NONE', ( #4438 ), #4710, .T. ) ;
#4212 = CARTESIAN_POINT ( 'NONE',  ( -3.799999999999987832, 4.776122516674695035E-16, 24.60000000000000142 ) ) ;
#4213 = FACE_OUTER_BOUND ( 'NONE', #1957, .T. ) ;
#4214 = VECTOR ( 'NONE', #3492, 1000.000000000000000 ) ;
#4215 = EDGE_LOOP ( 'NONE', ( #3771, #6241, #3491, #1119 ) ) ;
#4216 = DIRECTION ( 'NONE',  ( -7.906742672516238979E-16, -0.000000000000000000, -1.000000000000000000 ) ) ;
#4217 = PLANE ( 'NONE',  #2009 ) ;
#4218 = EDGE_CURVE ( 'NONE', #4237, #6035, #1376, .T. ) ;
#4219 = DIRECTION ( 'NONE',  ( -1.000000000000000000, 0.000000000000000000, 0.000000000000000000 ) ) ;
#4220 = DIRECTION ( 'NONE',  ( -1.000000000000000000, 0.000000000000000000, 7.767418549149854829E-16 ) ) ;
#4221 = CONICAL_SURFACE ( 'NONE', #3513, 3.800000000000057998, 0.7853809166854033297 ) ;
#4222 = CYLINDRICAL_SURFACE ( 'NONE', #3882, 3.350000000000055156 ) ;
#4223 = EDGE_LOOP ( 'NONE', ( #237, #96, #139, #943 ) ) ;
#4224 = VERTEX_POINT ( 'NONE', #3487 ) ;
#4225 = ORIENTED_EDGE ( 'NONE', *, *, #2972, .T. ) ;
#4226 = ADVANCED_FACE ( 'NONE', ( #5444 ), #979, .T. ) ;
#4227 = CARTESIAN_POINT ( 'NONE',  ( 0.1000000000000320355, 0.000000000000000000, 30.79202761985993675 ) ) ;
#4228 = FACE_OUTER_BOUND ( 'NONE', #1519, .T. ) ;
#4229 = CIRCLE ( 'NONE', #5537, 3.349999999999970335 ) ;
#4230 = LINE ( 'NONE', #3749, #3138 ) ;
#4231 = ORIENTED_EDGE ( 'NONE', *, *, #1967, .F. ) ;
#4232 = ADVANCED_FACE ( 'NONE', ( #4936 ), #77, .T. ) ;
#4233 = VERTEX_POINT ( 'NONE', #4524 ) ;
#4234 = DIRECTION ( 'NONE',  ( -7.906742672516238979E-16, -0.000000000000000000, -1.000000000000000000 ) ) ;
#4235 = AXIS2_PLACEMENT_3D ( 'NONE', #2137, #4571, #4078 ) ;
#4236 = CARTESIAN_POINT ( 'NONE',  ( 0.1000000000000037248, 0.000000000000000000, -5.000000000000000000 ) ) ;
#4237 = VERTEX_POINT ( 'NONE', #1586 ) ;
#4238 = AXIS2_PLACEMENT_3D ( 'NONE', #2536, #1102, #4408 ) ;
#4239 = DIRECTION ( 'NONE',  ( -7.906742672516238979E-16, -0.000000000000000000, -1.000000000000000000 ) ) ;
#4240 = ORIENTED_EDGE ( 'NONE', *, *, #1772, .T. ) ;
#4241 = AXIS2_PLACEMENT_3D ( 'NONE', #4227, #6147, #1812 ) ;
#4242 = EDGE_LOOP ( 'NONE', ( #5517, #5929, #1164, #5519 ) ) ;
#4243 = DIRECTION ( 'NONE',  ( -1.000000000000000000, 0.000000000000000000, 0.000000000000000000 ) ) ;
#4244 = CARTESIAN_POINT ( 'NONE',  ( 0.1000000000000409728, 0.000000000000000000, 42.10000000000000142 ) ) ;
#4245 = CONICAL_SURFACE ( 'NONE', #200, 3.799999999999975397, 0.6928957130417440213 ) ;
#4246 = ADVANCED_FACE ( 'NONE', ( #3584 ), #3802, .T. ) ;
#4247 = ADVANCED_FACE ( 'NONE', ( #3518 ), #192, .T. ) ;
#4248 = DIRECTION ( 'NONE',  ( -1.000000000000000000, 0.000000000000000000, 7.767418549149884411E-16 ) ) ;
#4249 = DIRECTION ( 'NONE',  ( -7.906742672516238979E-16, -0.000000000000000000, -1.000000000000000000 ) ) ;
#4250 = EDGE_CURVE ( 'NONE', #365, #6035, #693, .T. ) ;
#4251 = CIRCLE ( 'NONE', #2527, 3.350000000000050715 ) ;
#4252 = DIRECTION ( 'NONE',  ( -1.000000000000000000, 0.000000000000000000, 8.896017825522758145E-16 ) ) ;
#4253 = CARTESIAN_POINT ( 'NONE',  ( 0.1000000000000390715, 0.000000000000000000, 39.69999999999999574 ) ) ;
#4254 = CONICAL_SURFACE ( 'NONE', #517, 3.800000000000033129, 0.7853809166854094359 ) ;
#4255 = CIRCLE ( 'NONE', #5664, 3.349999999999985434 ) ;
#4256 = CARTESIAN_POINT ( 'NONE',  ( 0.1000000000000037248, 0.000000000000000000, -5.000000000000000000 ) ) ;
#4257 = ORIENTED_EDGE ( 'NONE', *, *, #2110, .F. ) ;
#4258 = ORIENTED_EDGE ( 'NONE', *, *, #3064, .T. ) ;
#4259 = EDGE_LOOP ( 'NONE', ( #3850, #2049, #4265, #2895 ) ) ;
#4260 = CARTESIAN_POINT ( 'NONE',  ( 0.1000000000000229178, 0.000000000000000000, 19.26622293755000470 ) ) ;
#4261 = DIRECTION ( 'NONE',  ( -1.000000000000000000, 0.000000000000000000, 8.896017825522712785E-16 ) ) ;
#4262 = AXIS2_PLACEMENT_3D ( 'NONE', #1565, #4982, #1184 ) ;
#4263 = DIRECTION ( 'NONE',  ( -7.906742672516238979E-16, -0.000000000000000000, -1.000000000000000000 ) ) ;
#4264 = VERTEX_POINT ( 'NONE', #2151 ) ;
#4265 = ORIENTED_EDGE ( 'NONE', *, *, #722, .F. ) ;
#4266 = VECTOR ( 'NONE', #6085, 1000.000000000000000 ) ;
#4267 = DIRECTION ( 'NONE',  ( -7.906742672516238979E-16, -0.000000000000000000, -1.000000000000000000 ) ) ;
#4268 = CARTESIAN_POINT ( 'NONE',  ( 0.1000000000000434153, 0.000000000000000000, 45.19202761985993533 ) ) ;
#4269 = CARTESIAN_POINT ( 'NONE',  ( -3.700000000000028599, 4.653657836760017671E-16, 31.30000000000000071 ) ) ;
#4270 = ADVANCED_FACE ( 'NONE', ( #6167 ), #1741, .T. ) ;
#4271 = ORIENTED_EDGE ( 'NONE', *, *, #4482, .F. ) ;
#4272 = CARTESIAN_POINT ( 'NONE',  ( 3.900000000000091394, 0.000000000000000000, 32.50000000000000000 ) ) ;
#4273 = ORIENTED_EDGE ( 'NONE', *, *, #5244, .T. ) ;
#4274 = ORIENTED_EDGE ( 'NONE', *, *, #318, .F. ) ;
#4275 = DIRECTION ( 'NONE',  ( -7.906742672516238979E-16, -0.000000000000000000, -1.000000000000000000 ) ) ;
#4276 = CARTESIAN_POINT ( 'NONE',  ( -3.250000000000042188, 0.000000000000000000, -4.999999999999997335 ) ) ;
#4277 = AXIS2_PLACEMENT_3D ( 'NONE', #5939, #3055, #652 ) ;
#4278 = CYLINDRICAL_SURFACE ( 'NONE', #4081, 3.349999999999999201 ) ;
#4279 = CARTESIAN_POINT ( 'NONE',  ( 0.1000000000000419165, 0.000000000000000000, 43.29999999999999716 ) ) ;
#4280 = DIRECTION ( 'NONE',  ( -7.906742672516238979E-16, -0.000000000000000000, -1.000000000000000000 ) ) ;
#4281 = ADVANCED_FACE ( 'NONE', ( #3669 ), #2780, .T. ) ;
#4282 = EDGE_CURVE ( 'NONE', #4020, #3162, #4316, .T. ) ;
#4283 = CYLINDRICAL_SURFACE ( 'NONE', #1048, 3.899999999999687716 ) ;
#4284 = CYLINDRICAL_SURFACE ( 'NONE', #3776, 3.349999999999997868 ) ;
#4285 = EDGE_LOOP ( 'NONE', ( #4503, #4404, #6220, #891 ) ) ;
#4286 = ORIENTED_EDGE ( 'NONE', *, *, #4194, .T. ) ;
#4287 = ORIENTED_EDGE ( 'NONE', *, *, #4210, .F. ) ;
#4288 = AXIS2_PLACEMENT_3D ( 'NONE', #164, #5897, #1018 ) ;
#4289 = VECTOR ( 'NONE', #4385, 1000.000000000000000 ) ;
#4290 = EDGE_CURVE ( 'NONE', #5331, #4490, #1292, .T. ) ;
#4291 = CARTESIAN_POINT ( 'NONE',  ( 3.900000000000031886, 4.653657836759925966E-16, 47.05000000000000426 ) ) ;
#4292 = FACE_OUTER_BOUND ( 'NONE', #5783, .T. ) ;
#4293 = DIRECTION ( 'NONE',  ( -7.906742672516238979E-16, -0.000000000000000000, -1.000000000000000000 ) ) ;
#4294 = ORIENTED_EDGE ( 'NONE', *, *, #1442, .T. ) ;
#4295 = EDGE_LOOP ( 'NONE', ( #3073, #3924, #1842, #360 ) ) ;
#4296 = ADVANCED_FACE ( 'NONE', ( #729 ), #5423, .T. ) ;
#4297 = DIRECTION ( 'NONE',  ( -7.906742672516238979E-16, -0.000000000000000000, -1.000000000000000000 ) ) ;
#4298 = CARTESIAN_POINT ( 'NONE',  ( 3.450000000000004619, 4.439344646908963738E-16, 21.01622293755000470 ) ) ;
#4299 = CARTESIAN_POINT ( 'NONE',  ( 3.450000000000078781, 4.102566777143687022E-16, 42.84998447769145713 ) ) ;
#4300 = CARTESIAN_POINT ( 'NONE',  ( -3.799999999999718714, 4.776122516674354839E-16, 13.19999999999999574 ) ) ;
#4301 = ORIENTED_EDGE ( 'NONE', *, *, #6213, .F. ) ;
#4302 = CARTESIAN_POINT ( 'NONE',  ( 0.1000000000000215439, 0.000000000000000000, 17.51622293754999049 ) ) ;
#4303 = ORIENTED_EDGE ( 'NONE', *, *, #4133, .F. ) ;
#4304 = ORIENTED_EDGE ( 'NONE', *, *, #912, .T. ) ;
#4305 = ADVANCED_FACE ( 'NONE', ( #2662 ), #2701, .T. ) ;
#4306 = CARTESIAN_POINT ( 'NONE',  ( 3.800000000000047340, 4.653657836759975270E-16, 28.24999999999999645 ) ) ;
#4307 = CARTESIAN_POINT ( 'NONE',  ( -3.249999999999995115, 0.000000000000000000, 53.89999999999999858 ) ) ;
#4308 = ORIENTED_EDGE ( 'NONE', *, *, #5919, .T. ) ;
#4309 = CARTESIAN_POINT ( 'NONE',  ( 3.955270839527052384, 4.721345093472901946E-16, 23.69999999999999574 ) ) ;
#4310 = CARTESIAN_POINT ( 'NONE',  ( -3.249999999999964917, 0.000000000000000000, -4.999999999999997335 ) ) ;
#4311 = DIRECTION ( 'NONE',  ( -1.000000000000000000, 0.000000000000000000, 0.000000000000000000 ) ) ;
#4312 = DIRECTION ( 'NONE',  ( 0.7070945858143394824, 0.000000000000000000, 0.7071189763484273527 ) ) ;
#4313 = AXIS2_PLACEMENT_3D ( 'NONE', #1658, #3011, #2158 ) ;
#4314 = DIRECTION ( 'NONE',  ( -1.000000000000000000, 0.000000000000000000, 0.000000000000000000 ) ) ;
#4315 = CARTESIAN_POINT ( 'NONE',  ( 0.1000000000000168393, 0.000000000000000000, 11.57874079730329697 ) ) ;
#4316 = CIRCLE ( 'NONE', #5732, 6.000000000000000000 ) ;
#4317 = EDGE_LOOP ( 'NONE', ( #4706, #330, #995, #1526 ) ) ;
#4318 = ORIENTED_EDGE ( 'NONE', *, *, #5192, .F. ) ;
#4319 = VERTEX_POINT ( 'NONE', #756 ) ;
#4320 = EDGE_CURVE ( 'NONE', #5144, #4319, #4708, .T. ) ;
#4321 = CARTESIAN_POINT ( 'NONE',  ( 0.1000000000000037248, 0.000000000000000000, -5.000000000000000000 ) ) ;
#4322 = AXIS2_PLACEMENT_3D ( 'NONE', #5318, #977, #3324 ) ;
#4323 = DIRECTION ( 'NONE',  ( -7.906742672516238979E-16, -0.000000000000000000, -1.000000000000000000 ) ) ;
#4324 = EDGE_CURVE ( 'NONE', #6188, #5177, #2722, .T. ) ;
#4325 = ADVANCED_FACE ( 'NONE', ( #1712 ), #678, .T. ) ;
#4326 = DIRECTION ( 'NONE',  ( 7.906742672516238979E-16, 0.000000000000000000, 1.000000000000000000 ) ) ;
#4327 = ORIENTED_EDGE ( 'NONE', *, *, #5333, .T. ) ;
#4328 = VERTEX_POINT ( 'NONE', #5564 ) ;
#4329 = CARTESIAN_POINT ( 'NONE',  ( -3.250000000000016875, 0.000000000000000000, 39.19202761985992822 ) ) ;
#4330 = DIRECTION ( 'NONE',  ( -7.906742672516238979E-16, -0.000000000000000000, -1.000000000000000000 ) ) ;
#4331 = AXIS2_PLACEMENT_3D ( 'NONE', #1029, #4955, #177 ) ;
#4332 = CARTESIAN_POINT ( 'NONE',  ( 0.1000000000000406258, 0.000000000000000000, 41.64998447769144718 ) ) ;
#4333 = DIRECTION ( 'NONE',  ( -7.906742672516238979E-16, -0.000000000000000000, -1.000000000000000000 ) ) ;
#4334 = ORIENTED_EDGE ( 'NONE', *, *, #5770, .T. ) ;
#4335 = EDGE_CURVE ( 'NONE', #6102, #2241, #5187, .T. ) ;
#4336 = DIRECTION ( 'NONE',  ( -7.906742672516238979E-16, -0.000000000000000000, -1.000000000000000000 ) ) ;
#4337 = ORIENTED_EDGE ( 'NONE', *, *, #2600, .F. ) ;
#4338 = EDGE_LOOP ( 'NONE', ( #4837, #148, #2721, #2887 ) ) ;
#4339 = VECTOR ( 'NONE', #3149, 1000.000000000000000 ) ;
#4340 = CYLINDRICAL_SURFACE ( 'NONE', #6156, 3.350000000000062261 ) ;
#4341 = AXIS2_PLACEMENT_3D ( 'NONE', #1717, #290, #4561 ) ;
#4342 = ORIENTED_EDGE ( 'NONE', *, *, #2489, .T. ) ;
#4343 = LINE ( 'NONE', #1462, #6061 ) ;
#4344 = CARTESIAN_POINT ( 'NONE',  ( 3.450000000000049916, 4.102566777143689980E-16, -5.000000000000002665 ) ) ;
#4345 = VECTOR ( 'NONE', #1996, 1000.000000000000000 ) ;
#4346 = DIRECTION ( 'NONE',  ( -1.000000000000000000, 0.000000000000000000, 0.000000000000000000 ) ) ;
#4347 = CIRCLE ( 'NONE', #1613, 3.750000000000011546 ) ;
#4348 = CIRCLE ( 'NONE', #5251, 3.349999999999966782 ) ;
#4349 = DIRECTION ( 'NONE',  ( 7.906742672516238979E-16, 0.000000000000000000, 1.000000000000000000 ) ) ;
#4350 = CARTESIAN_POINT ( 'NONE',  ( 0.1000000000000037248, 0.000000000000000000, -5.000000000000000000 ) ) ;
#4351 = ADVANCED_FACE ( 'NONE', ( #1829 ), #2247, .T. ) ;
#4352 = EDGE_LOOP ( 'NONE', ( #1909, #2358, #5146, #2125 ) ) ;
#4353 = AXIS2_PLACEMENT_3D ( 'NONE', #2934, #5344, #1984 ) ;
#4354 = ORIENTED_EDGE ( 'NONE', *, *, #697, .F. ) ;
#4355 = VERTEX_POINT ( 'NONE', #4212 ) ;
#4356 = CIRCLE ( 'NONE', #3132, 3.800000000000035794 ) ;
#4357 = DIRECTION ( 'NONE',  ( -1.000000000000000000, 0.000000000000000000, 0.000000000000000000 ) ) ;
#4358 = CYLINDRICAL_SURFACE ( 'NONE', #1443, 3.800000000000048672 ) ;
#4359 = CIRCLE ( 'NONE', #5162, 3.899999999999727684 ) ;
#4360 = ORIENTED_EDGE ( 'NONE', *, *, #722, .T. ) ;
#4361 = CARTESIAN_POINT ( 'NONE',  ( 0.1000000000000349359, 0.000000000000000000, 34.44998447769145145 ) ) ;
#4362 = VERTEX_POINT ( 'NONE', #5534 ) ;
#4363 = VERTEX_POINT ( 'NONE', #1766 ) ;
#4364 = CARTESIAN_POINT ( 'NONE',  ( -3.699999999999879385, 0.000000000000000000, 53.04999999999999716 ) ) ;
#4365 = ADVANCED_FACE ( 'NONE', ( #3165 ), #4221, .T. ) ;
#4366 = ADVANCED_FACE ( 'NONE', ( #6073 ), #5158, .T. ) ;
#4367 = CARTESIAN_POINT ( 'NONE',  ( -3.250000000000042188, 0.000000000000000000, -4.999999999999997335 ) ) ;
#4368 = CARTESIAN_POINT ( 'NONE',  ( -3.250000000000052403, 0.000000000000000000, -4.999999999999997335 ) ) ;
#4369 = DIRECTION ( 'NONE',  ( -0.6129070536529757085, 7.505946614309526209E-17, 0.7901550123756909683 ) ) ;
#4370 = ADVANCED_FACE ( 'NONE', ( #4680 ), #1795, .T. ) ;
#4371 = VERTEX_POINT ( 'NONE', #2309 ) ;
#4372 = DIRECTION ( 'NONE',  ( 1.000000000000000000, 0.000000000000000000, -8.896017825522712785E-16 ) ) ;
#4373 = ORIENTED_EDGE ( 'NONE', *, *, #2000, .T. ) ;
#4374 = ORIENTED_EDGE ( 'NONE', *, *, #5571, .F. ) ;
#4375 = CARTESIAN_POINT ( 'NONE',  ( 0.1000000000000037248, 0.000000000000000000, -5.000000000000000000 ) ) ;
#4376 = DIRECTION ( 'NONE',  ( -1.000000000000000000, 0.000000000000000000, 0.000000000000000000 ) ) ;
#4377 = ORIENTED_EDGE ( 'NONE', *, *, #3804, .T. ) ;
#4378 = CARTESIAN_POINT ( 'NONE',  ( 0.1000000000000201561, 0.000000000000000000, 15.76622293754999227 ) ) ;
#4379 = CARTESIAN_POINT ( 'NONE',  ( 0.1000000000000037248, 0.000000000000000000, -5.000000000000000000 ) ) ;
#4380 = AXIS2_PLACEMENT_3D ( 'NONE', #5583, #3602, #4137 ) ;
#4381 = CARTESIAN_POINT ( 'NONE',  ( -3.799999999999702727, 0.000000000000000000, 18.64999999999999858 ) ) ;
#4382 = EDGE_CURVE ( 'NONE', #3123, #2572, #5730, .T. ) ;
#4383 = CYLINDRICAL_SURFACE ( 'NONE', #5084, 3.349999999999995204 ) ;
#4384 = AXIS2_PLACEMENT_3D ( 'NONE', #5604, #5988, #165 ) ;
#4385 = DIRECTION ( 'NONE',  ( 0.7070945858143398155, 0.000000000000000000, 0.7071189763484270197 ) ) ;
#4386 = AXIS2_PLACEMENT_3D ( 'NONE', #2769, #392, #4790 ) ;
#4387 = VERTEX_POINT ( 'NONE', #2873 ) ;
#4388 = EDGE_LOOP ( 'NONE', ( #1151, #4576, #5693, #1872 ) ) ;
#4389 = ORIENTED_EDGE ( 'NONE', *, *, #167, .F. ) ;
#4390 = AXIS2_PLACEMENT_3D ( 'NONE', #5040, #6024, #5484 ) ;
#4391 = EDGE_CURVE ( 'NONE', #6182, #2997, #4743, .T. ) ;
#4392 = DIRECTION ( 'NONE',  ( -1.000000000000000000, 0.000000000000000000, 0.000000000000000000 ) ) ;
#4393 = AXIS2_PLACEMENT_3D ( 'NONE', #4783, #2761, #5293 ) ;
#4394 = DIRECTION ( 'NONE',  ( -1.000000000000000000, 0.000000000000000000, 0.000000000000000000 ) ) ;
#4395 = VERTEX_POINT ( 'NONE', #478 ) ;
#4396 = ORIENTED_EDGE ( 'NONE', *, *, #681, .T. ) ;
#4397 = CARTESIAN_POINT ( 'NONE',  ( 3.900000000000053646, 4.653657836759955549E-16, 44.65000000000000568 ) ) ;
#4398 = DIRECTION ( 'NONE',  ( -1.000000000000000000, 0.000000000000000000, 9.352784589233908043E-16 ) ) ;
#4399 = CIRCLE ( 'NONE', #3872, 3.899999999999736566 ) ;
#4400 = DIRECTION ( 'NONE',  ( -7.906742672516238979E-16, -0.000000000000000000, -1.000000000000000000 ) ) ;
#4401 = CARTESIAN_POINT ( 'NONE',  ( -3.700000000000016609, 4.653657836760005838E-16, 34.89999999999999858 ) ) ;
#4402 = VERTEX_POINT ( 'NONE', #946 ) ;
#4403 = DIRECTION ( 'NONE',  ( 7.906742672516238979E-16, 0.000000000000000000, 1.000000000000000000 ) ) ;
#4404 = ORIENTED_EDGE ( 'NONE', *, *, #4496, .T. ) ;
#4405 = EDGE_LOOP ( 'NONE', ( #5759, #3562, #834, #1334 ) ) ;
#4406 = EDGE_CURVE ( 'NONE', #4067, #5843, #1382, .T. ) ;
#4407 = CARTESIAN_POINT ( 'NONE',  ( -3.799999999999700506, 4.776122516674338076E-16, 18.45000000000000284 ) ) ;
#4408 = DIRECTION ( 'NONE',  ( -1.000000000000000000, 0.000000000000000000, 0.000000000000000000 ) ) ;
#4409 = ADVANCED_FACE ( 'NONE', ( #1457 ), #3389, .T. ) ;
#4410 = EDGE_CURVE ( 'NONE', #4663, #5996, #3791, .T. ) ;
#4411 = DIRECTION ( 'NONE',  ( -1.000000000000000000, 0.000000000000000000, 7.767418549149752277E-16 ) ) ;
#4412 = DIRECTION ( 'NONE',  ( -7.906742672516238979E-16, -0.000000000000000000, -1.000000000000000000 ) ) ;
#4413 = VECTOR ( 'NONE', #1638, 1000.000000000000000 ) ;
#4414 = DIRECTION ( 'NONE',  ( -1.000000000000000000, 0.000000000000000000, 9.251858538543204542E-16 ) ) ;
#4415 = DIRECTION ( 'NONE',  ( 7.906742672516238979E-16, 0.000000000000000000, 1.000000000000000000 ) ) ;
#4416 = ORIENTED_EDGE ( 'NONE', *, *, #3900, .T. ) ;
#4417 = ORIENTED_EDGE ( 'NONE', *, *, #1958, .T. ) ;
#4418 = AXIS2_PLACEMENT_3D ( 'NONE', #3996, #5924, #3005 ) ;
#4419 = EDGE_CURVE ( 'NONE', #4801, #3624, #3897, .T. ) ;
#4420 = CARTESIAN_POINT ( 'NONE',  ( 0.1000000000000500489, 0.000000000000000000, 53.59202761985992680 ) ) ;
#4421 = ORIENTED_EDGE ( 'NONE', *, *, #4584, .F. ) ;
#4422 = ORIENTED_EDGE ( 'NONE', *, *, #167, .T. ) ;
#4423 = AXIS2_PLACEMENT_3D ( 'NONE', #348, #6135, #3728 ) ;
#4424 = DIRECTION ( 'NONE',  ( -1.000000000000000000, 0.000000000000000000, 0.000000000000000000 ) ) ;
#4425 = DIRECTION ( 'NONE',  ( -1.000000000000000000, 0.000000000000000000, 1.035655806553322260E-15 ) ) ;
#4426 = DIRECTION ( 'NONE',  ( -1.000000000000000000, 0.000000000000000000, 0.000000000000000000 ) ) ;
#4427 = DIRECTION ( 'NONE',  ( -0.7070945858143432572, 8.659411212119596194E-17, 0.7071189763484235780 ) ) ;
#4428 = FACE_OUTER_BOUND ( 'NONE', #266, .T. ) ;
#4429 = VERTEX_POINT ( 'NONE', #4834 ) ;
#4430 = EDGE_LOOP ( 'NONE', ( #6212, #2822, #3688, #3789 ) ) ;
#4431 = DIRECTION ( 'NONE',  ( -7.906742672516238979E-16, -0.000000000000000000, -1.000000000000000000 ) ) ;
#4432 = VECTOR ( 'NONE', #6008, 1000.000000000000000 ) ;
#4433 = DIRECTION ( 'NONE',  ( -7.906742672516238979E-16, -0.000000000000000000, -1.000000000000000000 ) ) ;
#4434 = VERTEX_POINT ( 'NONE', #6200 ) ;
#4435 = EDGE_CURVE ( 'NONE', #4387, #1910, #3098, .T. ) ;
#4436 = DIRECTION ( 'NONE',  ( 0.7070945858143411478, 0.000000000000000000, 0.7071189763484254653 ) ) ;
#4437 = LINE ( 'NONE', #982, #3558 ) ;
#4438 = FACE_OUTER_BOUND ( 'NONE', #3302, .T. ) ;
#4439 = AXIS2_PLACEMENT_3D ( 'NONE', #757, #286, #1358 ) ;
#4440 = ADVANCED_FACE ( 'NONE', ( #3826 ), #2294, .T. ) ;
#4441 = FACE_OUTER_BOUND ( 'NONE', #4145, .T. ) ;
#4442 = FACE_OUTER_BOUND ( 'NONE', #3821, .T. ) ;
#4443 = ADVANCED_FACE ( 'NONE', ( #1862 ), #2439, .T. ) ;
#4444 = ORIENTED_EDGE ( 'NONE', *, *, #874, .F. ) ;
#4445 = AXIS2_PLACEMENT_3D ( 'NONE', #2118, #6039, #3161 ) ;
#4446 = VERTEX_POINT ( 'NONE', #5697 ) ;
#4447 = VECTOR ( 'NONE', #5160, 1000.000000000000000 ) ;
#4448 = CIRCLE ( 'NONE', #4549, 3.900000000000023448 ) ;
#4449 = DIRECTION ( 'NONE',  ( -1.000000000000000000, 0.000000000000000000, 0.000000000000000000 ) ) ;
#4450 = DIRECTION ( 'NONE',  ( -1.000000000000000000, 0.000000000000000000, 7.767418549149927798E-16 ) ) ;
#4451 = ORIENTED_EDGE ( 'NONE', *, *, #594, .T. ) ;
#4452 = ORIENTED_EDGE ( 'NONE', *, *, #4701, .T. ) ;
#4453 = DIRECTION ( 'NONE',  ( -0.6387678175155973026, 0.000000000000000000, -0.7693995550468952782 ) ) ;
#4454 = CARTESIAN_POINT ( 'NONE',  ( -3.249999999999954259, 0.000000000000000000, 46.39202761985993106 ) ) ;
#4455 = DIRECTION ( 'NONE',  ( -7.906742672516238979E-16, -0.000000000000000000, -1.000000000000000000 ) ) ;
#4456 = CARTESIAN_POINT ( 'NONE',  ( 0.1000000000000037248, 0.000000000000000000, -5.000000000000001776 ) ) ;
#4457 = CONICAL_SURFACE ( 'NONE', #3451, 3.799999999999929212, 0.6928957130417350285 ) ;
#4458 = DIRECTION ( 'NONE',  ( -7.906742672516238979E-16, -0.000000000000000000, -1.000000000000000000 ) ) ;
#4459 = VERTEX_POINT ( 'NONE', #35 ) ;
#4460 = EDGE_LOOP ( 'NONE', ( #2551, #1318, #17, #2876 ) ) ;
#4461 = CARTESIAN_POINT ( 'NONE',  ( 3.900000000000024780, 4.653657836759968368E-16, -5.000000000000002665 ) ) ;
#4462 = ADVANCED_FACE ( 'NONE', ( #915 ), #3917, .T. ) ;
#4463 = DIRECTION ( 'NONE',  ( -7.906742672516238979E-16, -0.000000000000000000, -1.000000000000000000 ) ) ;
#4464 = ORIENTED_EDGE ( 'NONE', *, *, #4721, .T. ) ;
#4465 = VECTOR ( 'NONE', #4130, 1000.000000000000000 ) ;
#4466 = LINE ( 'NONE', #5864, #4735 ) ;
#4467 = CARTESIAN_POINT ( 'NONE',  ( -3.249999999999956035, 0.000000000000000000, 21.24094427251859329 ) ) ;
#4468 = DIRECTION ( 'NONE',  ( -1.000000000000000000, 0.000000000000000000, 0.000000000000000000 ) ) ;
#4469 = VECTOR ( 'NONE', #1103, 1000.000000000000000 ) ;
#4470 = DIRECTION ( 'NONE',  ( -7.906742672516238979E-16, -0.000000000000000000, -1.000000000000000000 ) ) ;
#4471 = DIRECTION ( 'NONE',  ( -7.906742672516238979E-16, -0.000000000000000000, -1.000000000000000000 ) ) ;
#4472 = ORIENTED_EDGE ( 'NONE', *, *, #3818, .T. ) ;
#4473 = AXIS2_PLACEMENT_3D ( 'NONE', #242, #1732, #6032 ) ;
#4474 = ORIENTED_EDGE ( 'NONE', *, *, #3847, .F. ) ;
#4475 = EDGE_CURVE ( 'NONE', #88, #6145, #983, .T. ) ;
#4476 = CARTESIAN_POINT ( 'NONE',  ( 0.1000000000000296901, 0.000000000000000000, 27.82044892595218499 ) ) ;
#4477 = AXIS2_PLACEMENT_3D ( 'NONE', #1221, #3659, #3087 ) ;
#4478 = CARTESIAN_POINT ( 'NONE',  ( 0.1000000000000271366, 0.000000000000000000, 24.59999999999999787 ) ) ;
#4479 = VERTEX_POINT ( 'NONE', #4870 ) ;
#4480 = ORIENTED_EDGE ( 'NONE', *, *, #5994, .T. ) ;
#4481 = VECTOR ( 'NONE', #5099, 1000.000000000000000 ) ;
#4482 = EDGE_CURVE ( 'NONE', #3095, #1285, #5935, .T. ) ;
#4483 = CIRCLE ( 'NONE', #5289, 3.800000000000039346 ) ;
#4484 = CYLINDRICAL_SURFACE ( 'NONE', #4933, 3.800000000000058442 ) ;
#4485 = DIRECTION ( 'NONE',  ( -7.906742672516238979E-16, -0.000000000000000000, -1.000000000000000000 ) ) ;
#4486 = DIRECTION ( 'NONE',  ( -1.000000000000000000, 0.000000000000000000, 7.767418549149927798E-16 ) ) ;
#4487 = CONICAL_SURFACE ( 'NONE', #3271, 3.899999999999730793, 0.7286749627076312130 ) ;
#4488 = CARTESIAN_POINT ( 'NONE',  ( 3.450000000000065903, 4.102566777143709702E-16, -5.000000000000002665 ) ) ;
#4489 = CARTESIAN_POINT ( 'NONE',  ( 3.450000000000030376, 4.102566777143665822E-16, -5.000000000000002665 ) ) ;
#4490 = VERTEX_POINT ( 'NONE', #4306 ) ;
#4491 = ORIENTED_EDGE ( 'NONE', *, *, #2692, .F. ) ;
#4492 = CIRCLE ( 'NONE', #1757, 3.350000000000025402 ) ;
#4493 = LINE ( 'NONE', #5860, #176 ) ;
#4494 = EDGE_LOOP ( 'NONE', ( #2798, #1356, #2510, #1232 ) ) ;
#4495 = DIRECTION ( 'NONE',  ( -7.906742672516238979E-16, -0.000000000000000000, -1.000000000000000000 ) ) ;
#4496 = EDGE_CURVE ( 'NONE', #1253, #676, #1994, .T. ) ;
#4497 = DIRECTION ( 'NONE',  ( -7.906742672516238979E-16, -0.000000000000000000, -1.000000000000000000 ) ) ;
#4498 = CARTESIAN_POINT ( 'NONE',  ( 0.1000000000000084988, 0.000000000000000000, 0.9999999999999983347 ) ) ;
#4499 = DIRECTION ( 'NONE',  ( -7.906742672516238979E-16, -0.000000000000000000, -1.000000000000000000 ) ) ;
#4500 = DIRECTION ( 'NONE',  ( 0.000000000000000000, 0.000000000000000000, -1.000000000000000000 ) ) ;
#4501 = ORIENTED_EDGE ( 'NONE', *, *, #3254, .F. ) ;
#4502 = EDGE_CURVE ( 'NONE', #4869, #4459, #5025, .T. ) ;
#4503 = ORIENTED_EDGE ( 'NONE', *, *, #641, .F. ) ;
#4504 = DIRECTION ( 'NONE',  ( -1.000000000000000000, 0.000000000000000000, 0.000000000000000000 ) ) ;
#4505 = AXIS2_PLACEMENT_3D ( 'NONE', #2217, #3136, #6075 ) ;
#4506 = AXIS2_PLACEMENT_3D ( 'NONE', #3086, #3983, #5911 ) ;
#4507 = EDGE_LOOP ( 'NONE', ( #1981, #940, #1354, #2288 ) ) ;
#4508 = DIRECTION ( 'NONE',  ( -1.000000000000000000, 0.000000000000000000, 7.032662740446467143E-16 ) ) ;
#4509 = ORIENTED_EDGE ( 'NONE', *, *, #4094, .T. ) ;
#4510 = DIRECTION ( 'NONE',  ( -1.000000000000000000, -1.224646799147353207E-16, 0.000000000000000000 ) ) ;
#4511 = AXIS2_PLACEMENT_3D ( 'NONE', #885, #5637, #4252 ) ;
#4512 = DIRECTION ( 'NONE',  ( -1.000000000000000000, 0.000000000000000000, 1.035655806553309047E-15 ) ) ;
#4513 = EDGE_CURVE ( 'NONE', #4856, #1673, #4493, .T. ) ;
#4514 = LINE ( 'NONE', #4015, #665 ) ;
#4515 = DIRECTION ( 'NONE',  ( -7.906742672516238979E-16, -0.000000000000000000, -1.000000000000000000 ) ) ;
#4516 = AXIS2_PLACEMENT_3D ( 'NONE', #5503, #1169, #5029 ) ;
#4517 = CARTESIAN_POINT ( 'NONE',  ( -1.558797431538984871E-15, 0.000000000000000000, -5.000000000000000000 ) ) ;
#4518 = EDGE_LOOP ( 'NONE', ( #407, #5411, #1873, #2886 ) ) ;
#4519 = ORIENTED_EDGE ( 'NONE', *, *, #6151, .T. ) ;
#4520 = CARTESIAN_POINT ( 'NONE',  ( 3.450000000000058797, 4.102566777143700827E-16, -5.000000000000002665 ) ) ;
#4521 = DIRECTION ( 'NONE',  ( -7.906742672516238979E-16, -0.000000000000000000, -1.000000000000000000 ) ) ;
#4522 = EDGE_LOOP ( 'NONE', ( #555, #4342, #2535, #5182 ) ) ;
#4523 = DIRECTION ( 'NONE',  ( -7.906742672516238979E-16, -0.000000000000000000, -1.000000000000000000 ) ) ;
#4524 = CARTESIAN_POINT ( 'NONE',  ( 3.450000000000091660, 4.378112306951850375E-16, 37.99202761985993959 ) ) ;
#4525 = CARTESIAN_POINT ( 'NONE',  ( 0.1000000000000208916, 0.000000000000000000, 16.69999999999999574 ) ) ;
#4526 = LINE ( 'NONE', #1715, #2779 ) ;
#4527 = AXIS2_PLACEMENT_3D ( 'NONE', #6157, #5210, #4510 ) ;
#4528 = FACE_OUTER_BOUND ( 'NONE', #3763, .T. ) ;
#4529 = LINE ( 'NONE', #1174, #2728 ) ;
#4530 = ORIENTED_EDGE ( 'NONE', *, *, #388, .T. ) ;
#4531 = CARTESIAN_POINT ( 'NONE',  ( -3.700000000000033040, 0.000000000000000000, 30.25000000000000711 ) ) ;
#4532 = CIRCLE ( 'NONE', #1798, 3.349999999999980549 ) ;
#4533 = EDGE_CURVE ( 'NONE', #4355, #5996, #1179, .T. ) ;
#4534 = CARTESIAN_POINT ( 'NONE',  ( -3.699999999999916689, 0.000000000000000000, 49.45000000000000284 ) ) ;
#4535 = ORIENTED_EDGE ( 'NONE', *, *, #2057, .T. ) ;
#4536 = CONICAL_SURFACE ( 'NONE', #5242, 3.749999999999899192, 0.6108652381979998713 ) ;
#4537 = DIRECTION ( 'NONE',  ( -7.906742672516238979E-16, -0.000000000000000000, -1.000000000000000000 ) ) ;
#4538 = VERTEX_POINT ( 'NONE', #5436 ) ;
#4539 = ORIENTED_EDGE ( 'NONE', *, *, #5588, .T. ) ;
#4540 = CIRCLE ( 'NONE', #1807, 3.700000000000033484 ) ;
#4541 = CARTESIAN_POINT ( 'NONE',  ( 3.999999999999745093, 0.000000000000000000, 18.44999999999999574 ) ) ;
#4542 = AXIS2_PLACEMENT_3D ( 'NONE', #4120, #5094, #5698 ) ;
#4543 = DIRECTION ( 'NONE',  ( -7.906742672516238979E-16, -0.000000000000000000, -1.000000000000000000 ) ) ;
#4544 = DIRECTION ( 'NONE',  ( -7.906742672516238979E-16, -0.000000000000000000, -1.000000000000000000 ) ) ;
#4545 = DIRECTION ( 'NONE',  ( -1.000000000000000000, 0.000000000000000000, 6.938893903907408830E-16 ) ) ;
#4546 = CIRCLE ( 'NONE', #3841, 3.800000000000054889 ) ;
#4547 = PLANE ( 'NONE',  #1721 ) ;
#4548 = ORIENTED_EDGE ( 'NONE', *, *, #842, .T. ) ;
#4549 = AXIS2_PLACEMENT_3D ( 'NONE', #3053, #4987, #210 ) ;
#4550 = EDGE_LOOP ( 'NONE', ( #2245, #6194, #3252, #3712 ) ) ;
#4551 = EDGE_CURVE ( 'NONE', #5843, #5015, #1038, .T. ) ;
#4552 = EDGE_CURVE ( 'NONE', #3490, #4362, #129, .T. ) ;
#4553 = DIRECTION ( 'NONE',  ( -1.000000000000000000, 0.000000000000000000, 8.896017825522720674E-16 ) ) ;
#4554 = EDGE_CURVE ( 'NONE', #1891, #109, #5499, .T. ) ;
#4555 = ORIENTED_EDGE ( 'NONE', *, *, #2074, .F. ) ;
#4556 = EDGE_CURVE ( 'NONE', #2806, #3322, #274, .T. ) ;
#4557 = CARTESIAN_POINT ( 'NONE',  ( -3.699999999999904254, 4.653657836759883565E-16, 50.49999999999999289 ) ) ;
#4558 = CARTESIAN_POINT ( 'NONE',  ( 0.1000000000000415695, 0.000000000000000000, 42.84998447769145713 ) ) ;
#4559 = CARTESIAN_POINT ( 'NONE',  ( -3.700000000000008615, 0.000000000000000000, 37.45000000000000284 ) ) ;
#4560 = CARTESIAN_POINT ( 'NONE',  ( 3.450000000000025047, 4.102566777143608629E-16, 48.84998447769145713 ) ) ;
#4561 = DIRECTION ( 'NONE',  ( -1.000000000000000000, 0.000000000000000000, 6.847592668329483316E-16 ) ) ;
#4562 = EDGE_CURVE ( 'NONE', #3682, #4801, #581, .T. ) ;
#4563 = CARTESIAN_POINT ( 'NONE',  ( 3.450000000000046363, 4.102566777143635746E-16, 46.44998447769145855 ) ) ;
#4564 = DIRECTION ( 'NONE',  ( -7.906742672516238979E-16, -0.000000000000000000, -1.000000000000000000 ) ) ;
#4565 = VECTOR ( 'NONE', #4876, 1000.000000000000114 ) ;
#4566 = ORIENTED_EDGE ( 'NONE', *, *, #1472, .F. ) ;
#4567 = CARTESIAN_POINT ( 'NONE',  ( 3.899999999999979039, 4.653657836759855955E-16, 53.04999999999999716 ) ) ;
#4568 = ORIENTED_EDGE ( 'NONE', *, *, #1711, .T. ) ;
#4569 = ADVANCED_FACE ( 'NONE', ( #4899 ), #81, .T. ) ;
#4570 = CIRCLE ( 'NONE', #833, 3.350000000000032507 ) ;
#4571 = DIRECTION ( 'NONE',  ( -7.906742672516238979E-16, -0.000000000000000000, -1.000000000000000000 ) ) ;
#4572 = DIRECTION ( 'NONE',  ( 0.000000000000000000, 0.000000000000000000, 1.000000000000000000 ) ) ;
#4573 = FACE_OUTER_BOUND ( 'NONE', #670, .T. ) ;
#4574 = FACE_OUTER_BOUND ( 'NONE', #5530, .T. ) ;
#4575 = LINE ( 'NONE', #275, #4954 ) ;
#4576 = ORIENTED_EDGE ( 'NONE', *, *, #1731, .T. ) ;
#4577 = ORIENTED_EDGE ( 'NONE', *, *, #3247, .F. ) ;
#4578 = CARTESIAN_POINT ( 'NONE',  ( 0.1000000000000434708, 0.000000000000000000, 45.24998447769145571 ) ) ;
#4579 = CIRCLE ( 'NONE', #3061, 3.800000000000058442 ) ;
#4580 = VECTOR ( 'NONE', #3175, 1000.000000000000000 ) ;
#4581 = ORIENTED_EDGE ( 'NONE', *, *, #3362, .T. ) ;
#4582 = VECTOR ( 'NONE', #3907, 1000.000000000000000 ) ;
#4583 = CIRCLE ( 'NONE', #2565, 3.349999999999944134 ) ;
#4584 = EDGE_CURVE ( 'NONE', #4755, #5776, #4026, .T. ) ;
#4585 = CARTESIAN_POINT ( 'NONE',  ( 0.1000000000000037248, 0.000000000000000000, -5.000000000000000000 ) ) ;
#4586 = DIRECTION ( 'NONE',  ( 7.906742672516238979E-16, 0.000000000000000000, 1.000000000000000000 ) ) ;
#4587 = CARTESIAN_POINT ( 'NONE',  ( 0.1000000000000037248, 0.000000000000000000, -5.000000000000000000 ) ) ;
#4588 = EDGE_CURVE ( 'NONE', #4953, #386, #4055, .T. ) ;
#4589 = DIRECTION ( 'NONE',  ( -7.906742672516238979E-16, -0.000000000000000000, -1.000000000000000000 ) ) ;
#4590 = DIRECTION ( 'NONE',  ( -7.906742672516238979E-16, -0.000000000000000000, -1.000000000000000000 ) ) ;
#4591 = CARTESIAN_POINT ( 'NONE',  ( 0.1000000000000453165, 0.000000000000000000, 47.59202761985992680 ) ) ;
#4592 = CARTESIAN_POINT ( 'NONE',  ( 0.1000000000000037248, 0.000000000000000000, -5.000000000000000000 ) ) ;
#4593 = EDGE_CURVE ( 'NONE', #879, #3824, #4927, .T. ) ;
#4594 = DIRECTION ( 'NONE',  ( -7.906742672516238979E-16, -0.000000000000000000, -1.000000000000000000 ) ) ;
#4595 = ORIENTED_EDGE ( 'NONE', *, *, #2169, .T. ) ;
#4596 = CIRCLE ( 'NONE', #2276, 3.350000000000029399 ) ;
#4597 = CARTESIAN_POINT ( 'NONE',  ( -3.799999999999733369, 0.000000000000000000, -4.999999999999996447 ) ) ;
#4598 = ORIENTED_EDGE ( 'NONE', *, *, #1506, .T. ) ;
#4599 = CARTESIAN_POINT ( 'NONE',  ( -3.250000000000048850, 0.000000000000000000, -4.999999999999997335 ) ) ;
#4600 = AXIS2_PLACEMENT_3D ( 'NONE', #3536, #2584, #2554 ) ;
#4601 = CARTESIAN_POINT ( 'NONE',  ( -3.799999999999683631, 0.000000000000000000, -4.999999999999996447 ) ) ;
#4602 = ADVANCED_FACE ( 'NONE', ( #2024 ), #279, .T. ) ;
#4603 = DIRECTION ( 'NONE',  ( -1.000000000000000000, 0.000000000000000000, 0.000000000000000000 ) ) ;
#4604 = CARTESIAN_POINT ( 'NONE',  ( 3.900000000000028777, 0.000000000000000000, 46.89999999999999858 ) ) ;
#4605 = EDGE_LOOP ( 'NONE', ( #587, #2498, #1305, #6170 ) ) ;
#4606 = ORIENTED_EDGE ( 'NONE', *, *, #2347, .F. ) ;
#4607 = AXIS2_PLACEMENT_3D ( 'NONE', #5129, #3296, #5225 ) ;
#4608 = CARTESIAN_POINT ( 'NONE',  ( 3.900000000000081624, 0.000000000000000000, 36.10000000000000142 ) ) ;
#4609 = CARTESIAN_POINT ( 'NONE',  ( 0.1000000000000485639, 0.000000000000000000, 51.69999999999999574 ) ) ;
#4610 = EDGE_CURVE ( 'NONE', #3866, #5481, #1786, .T. ) ;
#4611 = ORIENTED_EDGE ( 'NONE', *, *, #2110, .T. ) ;
#4612 = ORIENTED_EDGE ( 'NONE', *, *, #2644, .F. ) ;
#4613 = DIRECTION ( 'NONE',  ( 0.000000000000000000, 0.000000000000000000, -1.000000000000000000 ) ) ;
#4614 = AXIS2_PLACEMENT_3D ( 'NONE', #3700, #5601, #4243 ) ;
#4615 = CARTESIAN_POINT ( 'NONE',  ( 3.999999999999756195, 4.776122516674354839E-16, 15.14999999999999325 ) ) ;
#4616 = CARTESIAN_POINT ( 'NONE',  ( 0.1000000000000037248, 0.000000000000000000, -5.000000000000000000 ) ) ;
#4617 = ADVANCED_FACE ( 'NONE', ( #3990 ), #5432, .T. ) ;
#4618 = CARTESIAN_POINT ( 'NONE',  ( 3.450000000000021494, 4.102566777143654975E-16, -5.000000000000002665 ) ) ;
#4619 = ORIENTED_EDGE ( 'NONE', *, *, #3064, .F. ) ;
#4620 = FACE_OUTER_BOUND ( 'NONE', #199, .T. ) ;
#4621 = EDGE_CURVE ( 'NONE', #420, #3507, #3029, .T. ) ;
#4622 = CIRCLE ( 'NONE', #3932, 3.900000000000038103 ) ;
#4623 = CARTESIAN_POINT ( 'NONE',  ( -3.799999999999704503, 4.776122516674342020E-16, 16.69999999999999929 ) ) ;
#4624 = ADVANCED_FACE ( 'NONE', ( #2082 ), #5468, .T. ) ;
#4625 = DIRECTION ( 'NONE',  ( -7.906742672516238979E-16, -0.000000000000000000, -1.000000000000000000 ) ) ;
#4626 = ORIENTED_EDGE ( 'NONE', *, *, #1651, .F. ) ;
#4627 = CARTESIAN_POINT ( 'NONE',  ( 0.1000000000000037248, 0.000000000000000000, -5.000000000000000000 ) ) ;
#4628 = ORIENTED_EDGE ( 'NONE', *, *, #6214, .F. ) ;
#4629 = AXIS2_PLACEMENT_3D ( 'NONE', #1401, #3243, #4693 ) ;
#4630 = CARTESIAN_POINT ( 'NONE',  ( -3.799999999999663203, 0.000000000000000000, 22.14999999999999503 ) ) ;
#4631 = AXIS2_PLACEMENT_3D ( 'NONE', #4124, #4590, #1207 ) ;
#4632 = CARTESIAN_POINT ( 'NONE',  ( 0.1000000000000463157, 0.000000000000000000, 48.84998447769145713 ) ) ;
#4633 = CONICAL_SURFACE ( 'NONE', #97, 3.800000000000052225, 0.7853809166853964463 ) ;
#4634 = LINE ( 'NONE', #3210, #2047 ) ;
#4635 = FACE_OUTER_BOUND ( 'NONE', #5232, .T. ) ;
#4636 = ORIENTED_EDGE ( 'NONE', *, *, #1453, .F. ) ;
#4637 = AXIS2_PLACEMENT_3D ( 'NONE', #3581, #5502, #1199 ) ;
#4638 = ORIENTED_EDGE ( 'NONE', *, *, #2956, .T. ) ;
#4639 = AXIS2_PLACEMENT_3D ( 'NONE', #443, #1890, #2401 ) ;
#4640 = EDGE_CURVE ( 'NONE', #3624, #454, #5228, .T. ) ;
#4641 = CYLINDRICAL_SURFACE ( 'NONE', #4032, 3.900000000000030553 ) ;
#4642 = AXIS2_PLACEMENT_3D ( 'NONE', #5886, #509, #5279 ) ;
#4643 = CIRCLE ( 'NONE', #1308, 3.349999999999992539 ) ;
#4644 = ORIENTED_EDGE ( 'NONE', *, *, #4863, .F. ) ;
#4645 = CIRCLE ( 'NONE', #2730, 3.800000000000048672 ) ;
#4646 = DIRECTION ( 'NONE',  ( -7.906742672516238979E-16, -0.000000000000000000, -1.000000000000000000 ) ) ;
#4647 = ORIENTED_EDGE ( 'NONE', *, *, #1234, .T. ) ;
#4648 = EDGE_LOOP ( 'NONE', ( #3089, #6260, #1762, #725 ) ) ;
#4649 = ADVANCED_FACE ( 'NONE', ( #1194 ), #2714, .T. ) ;
#4650 = ADVANCED_FACE ( 'NONE', ( #341 ), #2604, .T. ) ;
#4651 = DIRECTION ( 'NONE',  ( -0.6658816660008295418, 0.000000000000000000, -0.7460573750617037758 ) ) ;
#4652 = CARTESIAN_POINT ( 'NONE',  ( 0.1000000000000105804, 0.000000000000000000, 3.649999999999999911 ) ) ;
#4653 = LINE ( 'NONE', #323, #5317 ) ;
#4654 = DIRECTION ( 'NONE',  ( -7.906742672516238979E-16, -0.000000000000000000, -1.000000000000000000 ) ) ;
#4655 = AXIS2_PLACEMENT_3D ( 'NONE', #53, #2387, #5781 ) ;
#4656 = DIRECTION ( 'NONE',  ( -7.906742672516238979E-16, -0.000000000000000000, -1.000000000000000000 ) ) ;
#4657 = DIRECTION ( 'NONE',  ( -0.9375858190580880214, 0.000000000000000000, -0.3477539818624284518 ) ) ;
#4658 = DIRECTION ( 'NONE',  ( -1.000000000000000000, 0.000000000000000000, 0.000000000000000000 ) ) ;
#4659 = DIRECTION ( 'NONE',  ( -7.906742672516238979E-16, -0.000000000000000000, -1.000000000000000000 ) ) ;
#4660 = VERTEX_POINT ( 'NONE', #3158 ) ;
#4661 = EDGE_CURVE ( 'NONE', #3371, #4085, #218, .T. ) ;
#4662 = CARTESIAN_POINT ( 'NONE',  ( 3.955270839527053273, 0.000000000000000000, 23.69999999999999574 ) ) ;
#4663 = VERTEX_POINT ( 'NONE', #6096 ) ;
#4664 = FACE_OUTER_BOUND ( 'NONE', #5104, .T. ) ;
#4665 = AXIS2_PLACEMENT_3D ( 'NONE', #3384, #3317, #907 ) ;
#4666 = CARTESIAN_POINT ( 'NONE',  ( 0.1000000000000439426, 0.000000000000000000, 45.85000000000000142 ) ) ;
#4667 = EDGE_CURVE ( 'NONE', #5238, #5979, #5339, .T. ) ;
#4668 = CARTESIAN_POINT ( 'NONE',  ( 0.1000000000000425132, 0.000000000000000000, 44.04998447769145287 ) ) ;
#4669 = ORIENTED_EDGE ( 'NONE', *, *, #6003, .F. ) ;
#4670 = VECTOR ( 'NONE', #2077, 1000.000000000000000 ) ;
#4671 = ORIENTED_EDGE ( 'NONE', *, *, #2028, .T. ) ;
#4672 = LINE ( 'NONE', #4730, #3007 ) ;
#4673 = AXIS2_PLACEMENT_3D ( 'NONE', #2845, #6231, #4777 ) ;
#4674 = CONICAL_SURFACE ( 'NONE', #38, 3.900000000000023448, 1.001818990644745444 ) ;
#4675 = ORIENTED_EDGE ( 'NONE', *, *, #2303, .T. ) ;
#4676 = ADVANCED_FACE ( 'NONE', ( #3721 ), #1594, .T. ) ;
#4677 = FACE_OUTER_BOUND ( 'NONE', #1193, .T. ) ;
#4678 = ORIENTED_EDGE ( 'NONE', *, *, #1033, .F. ) ;
#4679 = VERTEX_POINT ( 'NONE', #249 ) ;
#4680 = FACE_OUTER_BOUND ( 'NONE', #4215, .T. ) ;
#4681 = CARTESIAN_POINT ( 'NONE',  ( 0.1000000000000037248, 0.000000000000000000, -5.000000000000000000 ) ) ;
#4682 = DIRECTION ( 'NONE',  ( 0.7070945858143415919, 0.000000000000000000, 0.7071189763484252433 ) ) ;
#4683 = EDGE_CURVE ( 'NONE', #1122, #87, #5028, .T. ) ;
#4684 = CARTESIAN_POINT ( 'NONE',  ( -3.699999999999942002, 4.653657836759925966E-16, 46.89999999999999858 ) ) ;
#4685 = DIRECTION ( 'NONE',  ( -7.906742672516238979E-16, -0.000000000000000000, -1.000000000000000000 ) ) ;
#4686 = CIRCLE ( 'NONE', #5813, 3.799999999999951861 ) ;
#4687 = CARTESIAN_POINT ( 'NONE',  ( 0.1000000000000196704, 0.000000000000000000, 15.14999999999999680 ) ) ;
#4688 = CARTESIAN_POINT ( 'NONE',  ( 3.999999999999747757, 4.776122516674341034E-16, 18.64999999999999147 ) ) ;
#4689 = ADVANCED_FACE ( 'NONE', ( #1286 ), #5127, .T. ) ;
#4690 = VERTEX_POINT ( 'NONE', #4115 ) ;
#4691 = ORIENTED_EDGE ( 'NONE', *, *, #5948, .T. ) ;
#4692 = ORIENTED_EDGE ( 'NONE', *, *, #4165, .T. ) ;
#4693 = DIRECTION ( 'NONE',  ( -1.000000000000000000, 0.000000000000000000, 7.906742672516237993E-16 ) ) ;
#4694 = CYLINDRICAL_SURFACE ( 'NONE', #2458, 3.349999999999991651 ) ;
#4695 = AXIS2_PLACEMENT_3D ( 'NONE', #5852, #5276, #504 ) ;
#4696 = DIRECTION ( 'NONE',  ( -0.6387678175155901972, 0.000000000000000000, -0.7693995550469012734 ) ) ;
#4697 = EDGE_LOOP ( 'NONE', ( #95, #2820, #5365, #3860 ) ) ;
#4698 = VERTEX_POINT ( 'NONE', #4608 ) ;
#4699 = DIRECTION ( 'NONE',  ( -1.000000000000000000, 0.000000000000000000, 0.000000000000000000 ) ) ;
#4700 = AXIS2_PLACEMENT_3D ( 'NONE', #4049, #2103, #3117 ) ;
#4701 = EDGE_CURVE ( 'NONE', #3883, #23, #2198, .T. ) ;
#4702 = CARTESIAN_POINT ( 'NONE',  ( -3.300000000000038902, 0.000000000000000000, 29.69998620239271148 ) ) ;
#4703 = ORIENTED_EDGE ( 'NONE', *, *, #4781, .F. ) ;
#4704 = CIRCLE ( 'NONE', #768, 3.800000000000039346 ) ;
#4705 = FACE_OUTER_BOUND ( 'NONE', #3050, .T. ) ;
#4706 = ORIENTED_EDGE ( 'NONE', *, *, #2868, .F. ) ;
#4707 = ORIENTED_EDGE ( 'NONE', *, *, #4290, .T. ) ;
#4708 = LINE ( 'NONE', #1263, #3001 ) ;
#4709 = CARTESIAN_POINT ( 'NONE',  ( -3.250000000000013323, 0.000000000000000000, 38.04998447769145287 ) ) ;
#4710 = CONICAL_SURFACE ( 'NONE', #5522, 3.799999999999986944, 0.7853809166853964463 ) ;
#4711 = CARTESIAN_POINT ( 'NONE',  ( 0.1000000000000335065, 0.000000000000000000, 32.65000000000000568 ) ) ;
#4712 = CARTESIAN_POINT ( 'NONE',  ( 0.1000000000000443590, 0.000000000000000000, 46.39202761985993106 ) ) ;
#4713 = VECTOR ( 'NONE', #5946, 1000.000000000000000 ) ;
#4714 = FACE_OUTER_BOUND ( 'NONE', #2203, .T. ) ;
#4715 = CARTESIAN_POINT ( 'NONE',  ( 3.900000000000042544, 4.653657836759940757E-16, 45.85000000000000142 ) ) ;
#4716 = DIRECTION ( 'NONE',  ( -1.000000000000000000, 0.000000000000000000, 9.251858538543220319E-16 ) ) ;
#4717 = EDGE_LOOP ( 'NONE', ( #3420, #547 ) ) ;
#4718 = VERTEX_POINT ( 'NONE', #6037 ) ;
#4719 = EDGE_LOOP ( 'NONE', ( #5809, #67, #396, #2185 ) ) ;
#4720 = CONICAL_SURFACE ( 'NONE', #3211, 3.800000000000010036, 0.6928957130417329191 ) ;
#4721 = EDGE_CURVE ( 'NONE', #346, #6188, #2239, .T. ) ;
#4722 = ADVANCED_FACE ( 'NONE', ( #2746 ), #181, .T. ) ;
#4723 = DIRECTION ( 'NONE',  ( -7.906742672516238979E-16, -0.000000000000000000, -1.000000000000000000 ) ) ;
#4724 = CYLINDRICAL_SURFACE ( 'NONE', #4386, 3.349999999999944134 ) ;
#4725 = CONICAL_SURFACE ( 'NONE', #3110, 3.799999999999986944, 0.7853809166853964463 ) ;
#4726 = DIRECTION ( 'NONE',  ( -1.000000000000000000, 0.000000000000000000, 8.896017825522685175E-16 ) ) ;
#4727 = ORIENTED_EDGE ( 'NONE', *, *, #5520, .T. ) ;
#4728 = ORIENTED_EDGE ( 'NONE', *, *, #4552, .T. ) ;
#4729 = CONICAL_SURFACE ( 'NONE', #1901, 3.899999999999686384, 0.6597344572538557106 ) ;
#4730 = CARTESIAN_POINT ( 'NONE',  ( 3.900000000000049205, 4.653657836759997950E-16, -5.000000000000002665 ) ) ;
#4731 = CIRCLE ( 'NONE', #2010, 3.400000000000070077 ) ;
#4732 = CYLINDRICAL_SURFACE ( 'NONE', #4353, 3.799999999999929212 ) ;
#4733 = CARTESIAN_POINT ( 'NONE',  ( -3.699999999999925571, 0.000000000000000000, -4.999999999999997335 ) ) ;
#4734 = EDGE_LOOP ( 'NONE', ( #5264, #216, #4581, #2921 ) ) ;
#4735 = VECTOR ( 'NONE', #5413, 1000.000000000000000 ) ;
#4736 = DIRECTION ( 'NONE',  ( -7.906742672516238979E-16, -0.000000000000000000, -1.000000000000000000 ) ) ;
#4737 = ADVANCED_FACE ( 'NONE', ( #3690 ), #4826, .T. ) ;
#4738 = ORIENTED_EDGE ( 'NONE', *, *, #5919, .F. ) ;
#4739 = AXIS2_PLACEMENT_3D ( 'NONE', #3898, #6230, #5831 ) ;
#4740 = EDGE_CURVE ( 'NONE', #3478, #1694, #2205, .T. ) ;
#4741 = ORIENTED_EDGE ( 'NONE', *, *, #5900, .T. ) ;
#4742 = EDGE_CURVE ( 'NONE', #524, #420, #2307, .T. ) ;
#4743 = LINE ( 'NONE', #3864, #876 ) ;
#4744 = CARTESIAN_POINT ( 'NONE',  ( 0.1000000000000037248, 0.000000000000000000, -5.000000000000000000 ) ) ;
#4745 = DIRECTION ( 'NONE',  ( -7.906742672516238979E-16, -0.000000000000000000, -1.000000000000000000 ) ) ;
#4746 = CARTESIAN_POINT ( 'NONE',  ( 0.1000000000000250411, 0.000000000000000000, 21.94999999999999574 ) ) ;
#4747 = ADVANCED_FACE ( 'NONE', ( #5623 ), #4641, .T. ) ;
#4748 = CONICAL_SURFACE ( 'NONE', #3741, 3.800000000000042455, 0.6928957130417383592 ) ;
#4749 = CLOSED_SHELL ( 'NONE', ( #4930, #3262, #840, #6023, #244, #5171, #3625, #2888, #1260, #5301, #4186, #4409, #735, #1822, #2615, #3142, #496, #2298, #5839, #4108, #5620, #2038, #1015, #4281, #4211, #1973, #1978, #5573, #2183, #3775, #4305, #3553, #2824, #728, #2576, #5753, #4296, #2953, #4098, #144, #4232, #4131, #3579, #4443, #522, #3015, #585, #1919, #2621, #4188, #683, #5784, #6105, #5500, #5441, #3003, #3300, #3739, #3863, #3313, #4462, #5518, #5540, #1087, #1836, #3648, #4569, #6201, #648, #5725, #4602, #5034, #4365, #3944, #6078, #4840, #4167, #1749, #3253, #910, #6211, #4001, #1274, #3862, #4747, #5810, #507, #1617, #3904, #4325, #2963, #2875, #1420, #3164, #262, #1324, #4884, #1569, #3494, #2305, #5368, #457, #2308, #3052, #5477, #1573, #4000, #3665, #477, #5959, #5547, #760, #4204, #2560, #1543, #4247, #5504, #2004, #4722, #1505, #4246, #1539, #2765, #5427, #5613, #2422, #1190, #2406, #1134, #6240, #5369, #2889, #2744, #2547, #1031, #1729, #2757, #4649, #4030, #221, #723, #1262, #3197, #2242, #4023, #3318, #5327, #2471, #5826, #5457, #3961, #3569, #113, #3554, #145, #3232, #34, #4676, #2843, #4370, #2952, #2127, #3796, #300, #2699, #3591, #6152, #4994, #3231, #1782, #1181, #6069, #4160, #4270, #4689, #374, #2787, #3041, #4897, #4351, #4226, #538, #5532, #5334, #894, #1579, #1914, #2102, #3185, #2383, #1861, #5442, #824, #4366, #3062, #5213, #1380, #3697, #3037, #6097, #1482, #1845, #84, #2290, #3023, #4624, #704, #5710, #5253, #5159, #158, #3838, #1704, #5061, #4617, #73, #4853, #1100, #3144, #1697, #4440, #1402, #4861, #1127, #5374, #1948, #4737, #1042, #1988, #2431, #2446, #3374, #2750, #2574, #5400, #1117, #3876, #1362, #989, #444, #4650, #2135, #4013, #6190, #5130, #3397, #1436, #193, #799 ) ) ;
#4750 = DIRECTION ( 'NONE',  ( -7.906742672516238979E-16, -0.000000000000000000, -1.000000000000000000 ) ) ;
#4751 = FACE_OUTER_BOUND ( 'NONE', #2601, .T. ) ;
#4752 = CARTESIAN_POINT ( 'NONE',  ( 0.1000000000000037248, 0.000000000000000000, -5.000000000000000000 ) ) ;
#4753 = ORIENTED_EDGE ( 'NONE', *, *, #4929, .T. ) ;
#4754 = ORIENTED_EDGE ( 'NONE', *, *, #4059, .T. ) ;
#4755 = VERTEX_POINT ( 'NONE', #3214 ) ;
#4756 = CIRCLE ( 'NONE', #6072, 3.350000000000061817 ) ;
#4757 = DIRECTION ( 'NONE',  ( -7.906742672516238979E-16, -0.000000000000000000, -1.000000000000000000 ) ) ;
#4758 = CARTESIAN_POINT ( 'NONE',  ( 3.900000000000062972, 4.653657836759968368E-16, 43.45000000000000284 ) ) ;
#4759 = CIRCLE ( 'NONE', #2949, 3.350000000000013856 ) ;
#4760 = EDGE_CURVE ( 'NONE', #2176, #4679, #4672, .T. ) ;
#4761 = CARTESIAN_POINT ( 'NONE',  ( 0.1000000000000462602, 0.000000000000000000, 48.79202761985992964 ) ) ;
#4762 = ORIENTED_EDGE ( 'NONE', *, *, #6176, .T. ) ;
#4763 = ORIENTED_EDGE ( 'NONE', *, *, #2698, .F. ) ;
#4764 = AXIS2_PLACEMENT_3D ( 'NONE', #2227, #919, #4311 ) ;
#4765 = DIRECTION ( 'NONE',  ( -7.906742672516238979E-16, -0.000000000000000000, -1.000000000000000000 ) ) ;
#4766 = DIRECTION ( 'NONE',  ( -7.906742672516238979E-16, -0.000000000000000000, -1.000000000000000000 ) ) ;
#4767 = CARTESIAN_POINT ( 'NONE',  ( -3.250000000000027089, 0.000000000000000000, 33.24998447769145571 ) ) ;
#4768 = LINE ( 'NONE', #2902, #423 ) ;
#4769 = ORIENTED_EDGE ( 'NONE', *, *, #3532, .F. ) ;
#4770 = EDGE_CURVE ( 'NONE', #686, #5798, #873, .T. ) ;
#4771 = CARTESIAN_POINT ( 'NONE',  ( -3.700000000000020606, 0.000000000000000000, 33.85000000000000853 ) ) ;
#4772 = EDGE_LOOP ( 'NONE', ( #749, #5858, #312, #48 ) ) ;
#4773 = EDGE_LOOP ( 'NONE', ( #6010, #6103, #1008, #2838 ) ) ;
#4774 = CARTESIAN_POINT ( 'NONE',  ( 0.1000000000000362266, 0.000000000000000000, 36.10000000000000142 ) ) ;
#4775 = CYLINDRICAL_SURFACE ( 'NONE', #101, 3.800000000000033129 ) ;
#4776 = VECTOR ( 'NONE', #717, 1000.000000000000000 ) ;
#4777 = DIRECTION ( 'NONE',  ( 1.000000000000000000, 0.000000000000000000, 0.000000000000000000 ) ) ;
#4778 = CARTESIAN_POINT ( 'NONE',  ( 3.450000000000025047, 4.102566777143659412E-16, -5.000000000000002665 ) ) ;
#4779 = FACE_OUTER_BOUND ( 'NONE', #2459, .T. ) ;
#4780 = DIRECTION ( 'NONE',  ( -0.7070945858143387053, 8.659411212119540727E-17, 0.7071189763484281299 ) ) ;
#4781 = EDGE_CURVE ( 'NONE', #4402, #2415, #4622, .T. ) ;
#4782 = EDGE_CURVE ( 'NONE', #4823, #1900, #398, .T. ) ;
#4783 = CARTESIAN_POINT ( 'NONE',  ( 0.1000000000000281636, 0.000000000000000000, 25.91073486191403674 ) ) ;
#4784 = CARTESIAN_POINT ( 'NONE',  ( -3.800000000000008260, 0.000000000000000000, 27.82044892595218855 ) ) ;
#4785 = ORIENTED_EDGE ( 'NONE', *, *, #5679, .T. ) ;
#4786 = ORIENTED_EDGE ( 'NONE', *, *, #1453, .T. ) ;
#4787 = VERTEX_POINT ( 'NONE', #4329 ) ;
#4788 = CIRCLE ( 'NONE', #5598, 9.700000000000001066 ) ;
#4789 = DIRECTION ( 'NONE',  ( -1.000000000000000000, 0.000000000000000000, 1.035655806553315752E-15 ) ) ;
#4790 = DIRECTION ( 'NONE',  ( -1.000000000000000000, 0.000000000000000000, 7.767418549150011615E-16 ) ) ;
#4791 = CARTESIAN_POINT ( 'NONE',  ( -3.799999999999709832, 0.000000000000000000, 16.89999999999999503 ) ) ;
#4792 = ORIENTED_EDGE ( 'NONE', *, *, #4218, .F. ) ;
#4793 = ORIENTED_EDGE ( 'NONE', *, *, #2354, .F. ) ;
#4794 = CARTESIAN_POINT ( 'NONE',  ( 3.450000000000093436, 4.102566777143710195E-16, 32.04998447769145287 ) ) ;
#4795 = DIRECTION ( 'NONE',  ( -1.000000000000000000, 0.000000000000000000, 8.896017825522689120E-16 ) ) ;
#4796 = CYLINDRICAL_SURFACE ( 'NONE', #2375, 3.800000000000010036 ) ;
#4797 = FACE_OUTER_BOUND ( 'NONE', #1808, .T. ) ;
#4798 = VERTEX_POINT ( 'NONE', #2390 ) ;
#4799 = DIRECTION ( 'NONE',  ( -1.000000000000000000, 0.000000000000000000, 7.767418549149821302E-16 ) ) ;
#4800 = ORIENTED_EDGE ( 'NONE', *, *, #3437, .T. ) ;
#4801 = VERTEX_POINT ( 'NONE', #5687 ) ;
#4802 = AXIS2_PLACEMENT_3D ( 'NONE', #5868, #1532, #5566 ) ;
#4803 = CARTESIAN_POINT ( 'NONE',  ( -3.249999999999977351, 0.000000000000000000, -4.999999999999997335 ) ) ;
#4804 = DIRECTION ( 'NONE',  ( -1.000000000000000000, 0.000000000000000000, 8.999230135487068434E-16 ) ) ;
#4805 = EDGE_LOOP ( 'NONE', ( #721, #3845, #1037, #3605 ) ) ;
#4806 = DIRECTION ( 'NONE',  ( -7.906742672516238979E-16, -0.000000000000000000, -1.000000000000000000 ) ) ;
#4807 = DIRECTION ( 'NONE',  ( -1.000000000000000000, 0.000000000000000000, 0.000000000000000000 ) ) ;
#4808 = CARTESIAN_POINT ( 'NONE',  ( 3.450000000000057909, 4.102566777143677161E-16, 30.84998447769143937 ) ) ;
#4809 = VECTOR ( 'NONE', #4750, 1000.000000000000000 ) ;
#4810 = EDGE_CURVE ( 'NONE', #4815, #2145, #5638, .T. ) ;
#4811 = CARTESIAN_POINT ( 'NONE',  ( 3.900000000000077183, 0.000000000000000000, 38.50000000000000000 ) ) ;
#4812 = DIRECTION ( 'NONE',  ( -1.000000000000000000, 0.000000000000000000, 8.896017825522032393E-16 ) ) ;
#4813 = CONICAL_SURFACE ( 'NONE', #271, 3.899999999999737899, 0.7286749627076316571 ) ;
#4814 = ORIENTED_EDGE ( 'NONE', *, *, #3286, .T. ) ;
#4815 = VERTEX_POINT ( 'NONE', #2899 ) ;
#4816 = EDGE_CURVE ( 'NONE', #4801, #3682, #4126, .T. ) ;
#4817 = EDGE_CURVE ( 'NONE', #6038, #1583, #1819, .T. ) ;
#4818 = DIRECTION ( 'NONE',  ( -1.000000000000000000, 0.000000000000000000, 7.644095549561999890E-16 ) ) ;
#4819 = DIRECTION ( 'NONE',  ( -7.906742672516238979E-16, -0.000000000000000000, -1.000000000000000000 ) ) ;
#4820 = VECTOR ( 'NONE', #3640, 1000.000000000000000 ) ;
#4821 = CARTESIAN_POINT ( 'NONE',  ( 0.1000000000000485639, 0.000000000000000000, 51.69999999999999574 ) ) ;
#4822 = ORIENTED_EDGE ( 'NONE', *, *, #2057, .F. ) ;
#4823 = VERTEX_POINT ( 'NONE', #4794 ) ;
#4824 = DIRECTION ( 'NONE',  ( -1.000000000000000000, 0.000000000000000000, 6.847592668329391611E-16 ) ) ;
#4825 = FACE_OUTER_BOUND ( 'NONE', #5105, .T. ) ;
#4826 = CONICAL_SURFACE ( 'NONE', #1504, 3.799999999999975397, 0.7853809166853968904 ) ;
#4827 = CARTESIAN_POINT ( 'NONE',  ( 3.899999999999979039, 4.653657836759911175E-16, -5.000000000000002665 ) ) ;
#4828 = CARTESIAN_POINT ( 'NONE',  ( 0.1000000000000224321, 0.000000000000000000, 18.64999999999999503 ) ) ;
#4829 = EDGE_LOOP ( 'NONE', ( #3449, #1441, #2683, #4057 ) ) ;
#4830 = FACE_OUTER_BOUND ( 'NONE', #2911, .T. ) ;
#4831 = ORIENTED_EDGE ( 'NONE', *, *, #759, .F. ) ;
#4832 = ORIENTED_EDGE ( 'NONE', *, *, #4496, .F. ) ;
#4833 = CIRCLE ( 'NONE', #2104, 3.799999999999963407 ) ;
#4834 = CARTESIAN_POINT ( 'NONE',  ( -3.699999999999945111, 4.653657836759929911E-16, 46.89999999999999858 ) ) ;
#4835 = DIRECTION ( 'NONE',  ( -7.906742672516238979E-16, -0.000000000000000000, -1.000000000000000000 ) ) ;
#4836 = AXIS2_PLACEMENT_3D ( 'NONE', #4681, #349, #3729 ) ;
#4837 = ORIENTED_EDGE ( 'NONE', *, *, #3157, .F. ) ;
#4838 = CARTESIAN_POINT ( 'NONE',  ( 0.1000000000000371841, 0.000000000000000000, 37.29999999999999716 ) ) ;
#4839 = EDGE_CURVE ( 'NONE', #6035, #4237, #2608, .T. ) ;
#4840 = ADVANCED_FACE ( 'NONE', ( #1445 ), #3753, .T. ) ;
#4841 = FACE_OUTER_BOUND ( 'NONE', #4648, .T. ) ;
#4842 = CIRCLE ( 'NONE', #3329, 3.350000000000023181 ) ;
#4843 = LINE ( 'NONE', #2346, #3707 ) ;
#4844 = CARTESIAN_POINT ( 'NONE',  ( -3.700000000000029043, 0.000000000000000000, -4.999999999999997335 ) ) ;
#4845 = FACE_OUTER_BOUND ( 'NONE', #5128, .T. ) ;
#4846 = VERTEX_POINT ( 'NONE', #5719 ) ;
#4847 = AXIS2_PLACEMENT_3D ( 'NONE', #1480, #6191, #3314 ) ;
#4848 = ORIENTED_EDGE ( 'NONE', *, *, #5056, .T. ) ;
#4849 = ORIENTED_EDGE ( 'NONE', *, *, #2405, .F. ) ;
#4850 = CARTESIAN_POINT ( 'NONE',  ( 0.1000000000000168393, 0.000000000000000000, 11.57874079730329697 ) ) ;
#4851 = CARTESIAN_POINT ( 'NONE',  ( 0.1000000000000344502, 0.000000000000000000, 33.85000000000000853 ) ) ;
#4852 = AXIS2_PLACEMENT_3D ( 'NONE', #6123, #4263, #1252 ) ;
#4853 = ADVANCED_FACE ( 'NONE', ( #3346 ), #4720, .T. ) ;
#4854 = EDGE_LOOP ( 'NONE', ( #6006, #3756, #1705, #5286 ) ) ;
#4855 = DIRECTION ( 'NONE',  ( -7.906742672516238979E-16, -0.000000000000000000, -1.000000000000000000 ) ) ;
#4856 = VERTEX_POINT ( 'NONE', #2799 ) ;
#4857 = ORIENTED_EDGE ( 'NONE', *, *, #5944, .T. ) ;
#4858 = CARTESIAN_POINT ( 'NONE',  ( 0.1000000000000189487, 0.000000000000000000, 14.24094427251858974 ) ) ;
#4859 = FACE_OUTER_BOUND ( 'NONE', #3653, .T. ) ;
#4860 = VECTOR ( 'NONE', #559, 1000.000000000000000 ) ;
#4861 = ADVANCED_FACE ( 'NONE', ( #2831 ), #4725, .T. ) ;
#4862 = DIRECTION ( 'NONE',  ( 7.906742672516238979E-16, 0.000000000000000000, 1.000000000000000000 ) ) ;
#4863 = EDGE_CURVE ( 'NONE', #2415, #4264, #6221, .T. ) ;
#4864 = DIRECTION ( 'NONE',  ( 7.906742672516238979E-16, 0.000000000000000000, 1.000000000000000000 ) ) ;
#4865 = ORIENTED_EDGE ( 'NONE', *, *, #1580, .F. ) ;
#4866 = DIRECTION ( 'NONE',  ( -1.000000000000000000, 0.000000000000000000, 0.000000000000000000 ) ) ;
#4867 = ORIENTED_EDGE ( 'NONE', *, *, #3116, .T. ) ;
#4868 = AXIS2_PLACEMENT_3D ( 'NONE', #1556, #1495, #2947 ) ;
#4869 = VERTEX_POINT ( 'NONE', #5307 ) ;
#4870 = CARTESIAN_POINT ( 'NONE',  ( 3.450000000000096989, 4.378112306951861221E-16, 34.39202761985993106 ) ) ;
#4871 = FACE_OUTER_BOUND ( 'NONE', #481, .T. ) ;
#4872 = EDGE_CURVE ( 'NONE', #3506, #403, #25, .T. ) ;
#4873 = AXIS2_PLACEMENT_3D ( 'NONE', #3857, #5789, #1449 ) ;
#4874 = ORIENTED_EDGE ( 'NONE', *, *, #2490, .F. ) ;
#4875 = DIRECTION ( 'NONE',  ( -7.906742672516238979E-16, -0.000000000000000000, -1.000000000000000000 ) ) ;
#4876 = DIRECTION ( 'NONE',  ( 0.7070945858143408147, 0.000000000000000000, 0.7071189763484259094 ) ) ;
#4877 = DIRECTION ( 'NONE',  ( -7.906742672516238979E-16, -0.000000000000000000, -1.000000000000000000 ) ) ;
#4878 = CARTESIAN_POINT ( 'NONE',  ( 0.1000000000000037248, 0.000000000000000000, -5.000000000000000000 ) ) ;
#4879 = DIRECTION ( 'NONE',  ( -7.906742672516238979E-16, -0.000000000000000000, -1.000000000000000000 ) ) ;
#4880 = CIRCLE ( 'NONE', #233, 3.899999999999688605 ) ;
#4881 = ORIENTED_EDGE ( 'NONE', *, *, #3967, .F. ) ;
#4882 = VERTEX_POINT ( 'NONE', #1853 ) ;
#4883 = CIRCLE ( 'NONE', #4088, 3.349999999999996536 ) ;
#4884 = ADVANCED_FACE ( 'NONE', ( #2299 ), #85, .T. ) ;
#4885 = AXIS2_PLACEMENT_3D ( 'NONE', #5328, #5841, #611 ) ;
#4886 = CARTESIAN_POINT ( 'NONE',  ( 3.900000000000058975, 4.653657836760009783E-16, -5.000000000000002665 ) ) ;
#4887 = EDGE_LOOP ( 'NONE', ( #2389, #3704, #3539, #3523 ) ) ;
#4888 = ORIENTED_EDGE ( 'NONE', *, *, #2191, .F. ) ;
#4889 = CARTESIAN_POINT ( 'NONE',  ( 0.1000000000000424716, 0.000000000000000000, 43.99202761985993249 ) ) ;
#4890 = CARTESIAN_POINT ( 'NONE',  ( -3.249999999999959588, 0.000000000000000000, 22.76622293754999049 ) ) ;
#4891 = TOROIDAL_SURFACE ( 'NONE', #1339, 2.782150266735002653, 6.000000000000000000 ) ;
#4892 = CARTESIAN_POINT ( 'NONE',  ( 3.450000000000090328, 4.102566777143699841E-16, 36.84998447769145002 ) ) ;
#4893 = CARTESIAN_POINT ( 'NONE',  ( 0.1000000000000037248, 0.000000000000000000, -5.000000000000000000 ) ) ;
#4894 = DIRECTION ( 'NONE',  ( -1.000000000000000000, 0.000000000000000000, 0.000000000000000000 ) ) ;
#4895 = ORIENTED_EDGE ( 'NONE', *, *, #2898, .T. ) ;
#4896 = ORIENTED_EDGE ( 'NONE', *, *, #3038, .F. ) ;
#4897 = ADVANCED_FACE ( 'NONE', ( #3311 ), #5533, .T. ) ;
#4898 = EDGE_CURVE ( 'NONE', #2790, #5178, #3888, .T. ) ;
#4899 = FACE_OUTER_BOUND ( 'NONE', #2643, .T. ) ;
#4900 = CARTESIAN_POINT ( 'NONE',  ( 3.900000000000010125, 4.653657836759898356E-16, 49.45000000000000284 ) ) ;
#4901 = ORIENTED_EDGE ( 'NONE', *, *, #3339, .T. ) ;
#4902 = CONICAL_SURFACE ( 'NONE', #6217, 3.899999999999704148, 0.6597344572538571539 ) ;
#4903 = DIRECTION ( 'NONE',  ( -7.906742672516238979E-16, -0.000000000000000000, -1.000000000000000000 ) ) ;
#4904 = FACE_OUTER_BOUND ( 'NONE', #5406, .T. ) ;
#4905 = CARTESIAN_POINT ( 'NONE',  ( -3.799999999999719602, 0.000000000000000000, 13.39999999999999858 ) ) ;
#4906 = AXIS2_PLACEMENT_3D ( 'NONE', #3658, #774, #2709 ) ;
#4907 = CARTESIAN_POINT ( 'NONE',  ( 3.800000000000064215, 4.531193156845247616E-16, 29.11750020867199495 ) ) ;
#4908 = CARTESIAN_POINT ( 'NONE',  ( 0.1000000000000467876, 0.000000000000000000, 49.45000000000000284 ) ) ;
#4909 = ORIENTED_EDGE ( 'NONE', *, *, #1228, .F. ) ;
#4910 = AXIS2_PLACEMENT_3D ( 'NONE', #2759, #4685, #2281 ) ;
#4911 = ORIENTED_EDGE ( 'NONE', *, *, #3847, .T. ) ;
#4912 = EDGE_CURVE ( 'NONE', #5965, #583, #3521, .T. ) ;
#4913 = VECTOR ( 'NONE', #224, 1000.000000000000000 ) ;
#4914 = DIRECTION ( 'NONE',  ( 1.000000000000000000, 0.000000000000000000, 0.000000000000000000 ) ) ;
#4915 = ORIENTED_EDGE ( 'NONE', *, *, #2687, .T. ) ;
#4916 = EDGE_CURVE ( 'NONE', #5042, #4264, #786, .T. ) ;
#4917 = EDGE_CURVE ( 'NONE', #4538, #2304, #1123, .T. ) ;
#4918 = ORIENTED_EDGE ( 'NONE', *, *, #6053, .T. ) ;
#4919 = AXIS2_PLACEMENT_3D ( 'NONE', #2369, #1357, #2942 ) ;
#4920 = DIRECTION ( 'NONE',  ( -7.906742672516238979E-16, -0.000000000000000000, -1.000000000000000000 ) ) ;
#4921 = DIRECTION ( 'NONE',  ( -7.906742672516238979E-16, -0.000000000000000000, -1.000000000000000000 ) ) ;
#4922 = CARTESIAN_POINT ( 'NONE',  ( -3.700000000000032152, 0.000000000000000000, -4.999999999999997335 ) ) ;
#4923 = DIRECTION ( 'NONE',  ( -7.906742672516238979E-16, -0.000000000000000000, -1.000000000000000000 ) ) ;
#4924 = CARTESIAN_POINT ( 'NONE',  ( -3.700000000000008615, 0.000000000000000000, 37.45000000000000284 ) ) ;
#4925 = ORIENTED_EDGE ( 'NONE', *, *, #3509, .T. ) ;
#4926 = ORIENTED_EDGE ( 'NONE', *, *, #2397, .F. ) ;
#4927 = LINE ( 'NONE', #599, #5631 ) ;
#4928 = DIRECTION ( 'NONE',  ( -7.906742672516238979E-16, -0.000000000000000000, -1.000000000000000000 ) ) ;
#4929 = EDGE_CURVE ( 'NONE', #4690, #6197, #5489, .T. ) ;
#4930 = ADVANCED_FACE ( 'NONE', ( #5399 ), #5947, .T. ) ;
#4931 = ORIENTED_EDGE ( 'NONE', *, *, #3594, .T. ) ;
#4932 = DIRECTION ( 'NONE',  ( 0.4220930106608395405, 5.169148544482676908E-17, -0.9065525303871080354 ) ) ;
#4933 = AXIS2_PLACEMENT_3D ( 'NONE', #2043, #149, #3981 ) ;
#4934 = LINE ( 'NONE', #5835, #4469 ) ;
#4935 = EDGE_CURVE ( 'NONE', #5350, #603, #2403, .T. ) ;
#4936 = FACE_OUTER_BOUND ( 'NONE', #4352, .T. ) ;
#4937 = AXIS2_PLACEMENT_3D ( 'NONE', #3735, #4249, #1865 ) ;
#4938 = FACE_OUTER_BOUND ( 'NONE', #4719, .T. ) ;
#4939 = EDGE_CURVE ( 'NONE', #686, #436, #4229, .T. ) ;
#4940 = EDGE_CURVE ( 'NONE', #3440, #3462, #6246, .T. ) ;
#4941 = DIRECTION ( 'NONE',  ( -1.224646799147353207E-16, 1.000000000000000000, 9.682967105578800750E-32 ) ) ;
#4942 = ORIENTED_EDGE ( 'NONE', *, *, #1146, .F. ) ;
#4943 = CONICAL_SURFACE ( 'NONE', #5451, 3.899999999999736566, 0.7286749627076348768 ) ;
#4944 = VERTEX_POINT ( 'NONE', #1089 ) ;
#4945 = CIRCLE ( 'NONE', #4639, 3.349999999999980105 ) ;
#4946 = DIRECTION ( 'NONE',  ( -7.906742672516238979E-16, -0.000000000000000000, -1.000000000000000000 ) ) ;
#4947 = CONICAL_SURFACE ( 'NONE', #4642, 3.800000000000054889, 0.7853809166853988888 ) ;
#4948 = VECTOR ( 'NONE', #5539, 1000.000000000000000 ) ;
#4949 = CIRCLE ( 'NONE', #2327, 3.350000000000060485 ) ;
#4950 = EDGE_CURVE ( 'NONE', #4085, #3638, #794, .T. ) ;
#4951 = AXIS2_PLACEMENT_3D ( 'NONE', #4134, #807, #6000 ) ;
#4952 = CARTESIAN_POINT ( 'NONE',  ( -3.799999999999682299, 0.000000000000000000, 20.40000000000000213 ) ) ;
#4953 = VERTEX_POINT ( 'NONE', #4397 ) ;
#4954 = VECTOR ( 'NONE', #625, 1000.000000000000000 ) ;
#4955 = DIRECTION ( 'NONE',  ( -7.906742672516238979E-16, -0.000000000000000000, -1.000000000000000000 ) ) ;
#4956 = FACE_OUTER_BOUND ( 'NONE', #4962, .T. ) ;
#4957 = CARTESIAN_POINT ( 'NONE',  ( 0.1000000000000458439, 0.000000000000000000, 48.25000000000000000 ) ) ;
#4958 = EDGE_CURVE ( 'NONE', #4663, #1707, #4347, .T. ) ;
#4959 = DIRECTION ( 'NONE',  ( -7.906742672516238979E-16, -0.000000000000000000, -1.000000000000000000 ) ) ;
#4960 = AXIS2_PLACEMENT_3D ( 'NONE', #2957, #4855, #1908 ) ;
#4961 = DIRECTION ( 'NONE',  ( 1.000000000000000000, 0.000000000000000000, -7.906742672516238979E-16 ) ) ;
#4962 = EDGE_LOOP ( 'NONE', ( #1064, #4548, #282, #24 ) ) ;
#4963 = VERTEX_POINT ( 'NONE', #1635 ) ;
#4964 = CARTESIAN_POINT ( 'NONE',  ( -3.699999999999966871, 0.000000000000000000, 44.65000000000000568 ) ) ;
#4965 = ORIENTED_EDGE ( 'NONE', *, *, #3294, .T. ) ;
#4966 = AXIS2_PLACEMENT_3D ( 'NONE', #3427, #3995, #134 ) ;
#4967 = DIRECTION ( 'NONE',  ( -7.906742672516238979E-16, -0.000000000000000000, -1.000000000000000000 ) ) ;
#4968 = DIRECTION ( 'NONE',  ( -7.906742672516238979E-16, -0.000000000000000000, -1.000000000000000000 ) ) ;
#4969 = CARTESIAN_POINT ( 'NONE',  ( 0.1000000000000224321, 0.000000000000000000, 18.64999999999999503 ) ) ;
#4970 = AXIS2_PLACEMENT_3D ( 'NONE', #5246, #2802, #1885 ) ;
#4971 = DIRECTION ( 'NONE',  ( -7.906742672516238979E-16, -0.000000000000000000, -1.000000000000000000 ) ) ;
#4972 = FACE_OUTER_BOUND ( 'NONE', #523, .T. ) ;
#4973 = ORIENTED_EDGE ( 'NONE', *, *, #3038, .T. ) ;
#4974 = CIRCLE ( 'NONE', #4380, 3.349999999999944578 ) ;
#4975 = ORIENTED_EDGE ( 'NONE', *, *, #706, .F. ) ;
#4976 = CARTESIAN_POINT ( 'NONE',  ( 0.1000000000000348804, 0.000000000000000000, 34.39202761985993106 ) ) ;
#4977 = EDGE_CURVE ( 'NONE', #603, #3402, #2492, .T. ) ;
#4978 = EDGE_CURVE ( 'NONE', #5578, #541, #5968, .T. ) ;
#4979 = CONICAL_SURFACE ( 'NONE', #3367, 3.799999999999975397, 0.6928957130417440213 ) ;
#4980 = DIRECTION ( 'NONE',  ( -0.6387678175155977467, 0.000000000000000000, -0.7693995550468950562 ) ) ;
#4981 = ORIENTED_EDGE ( 'NONE', *, *, #2848, .F. ) ;
#4982 = DIRECTION ( 'NONE',  ( -7.906742672516238979E-16, -0.000000000000000000, -1.000000000000000000 ) ) ;
#4983 = ORIENTED_EDGE ( 'NONE', *, *, #3273, .T. ) ;
#4984 = CIRCLE ( 'NONE', #5904, 3.349999999999998757 ) ;
#4985 = EDGE_CURVE ( 'NONE', #3371, #4846, #903, .T. ) ;
#4986 = FACE_OUTER_BOUND ( 'NONE', #4829, .T. ) ;
#4987 = DIRECTION ( 'NONE',  ( -7.906742672516238979E-16, -0.000000000000000000, -1.000000000000000000 ) ) ;
#4988 = LINE ( 'NONE', #3054, #6121 ) ;
#4989 = DIRECTION ( 'NONE',  ( -0.7070945858143381502, 8.659411212119533331E-17, 0.7071189763484286850 ) ) ;
#4990 = VECTOR ( 'NONE', #3430, 1000.000000000000000 ) ;
#4991 = DIRECTION ( 'NONE',  ( -7.906742672516238979E-16, -0.000000000000000000, -1.000000000000000000 ) ) ;
#4992 = ORIENTED_EDGE ( 'NONE', *, *, #1499, .F. ) ;
#4993 = ORIENTED_EDGE ( 'NONE', *, *, #1799, .F. ) ;
#4994 = ADVANCED_FACE ( 'NONE', ( #5850 ), #621, .T. ) ;
#4995 = VECTOR ( 'NONE', #5132, 1000.000000000000000 ) ;
#4996 = DIRECTION ( 'NONE',  ( -1.000000000000000000, 0.000000000000000000, 8.896017825522054086E-16 ) ) ;
#4997 = CARTESIAN_POINT ( 'NONE',  ( 0.1000000000000259570, 0.000000000000000000, 23.10944819064918576 ) ) ;
#4998 = ORIENTED_EDGE ( 'NONE', *, *, #6233, .T. ) ;
#4999 = CYLINDRICAL_SURFACE ( 'NONE', #1403, 3.899999999999724132 ) ;
#5000 = CARTESIAN_POINT ( 'NONE',  ( 0.1000000000000447753, 0.000000000000000000, 46.89999999999999858 ) ) ;
#5001 = DIRECTION ( 'NONE',  ( -7.906742672516238979E-16, -0.000000000000000000, -1.000000000000000000 ) ) ;
#5002 = CARTESIAN_POINT ( 'NONE',  ( 3.450000000000049916, 4.102566777143689980E-16, -5.000000000000002665 ) ) ;
#5003 = VECTOR ( 'NONE', #789, 1000.000000000000000 ) ;
#5004 = CARTESIAN_POINT ( 'NONE',  ( -3.249999999999976907, 0.000000000000000000, -4.999999999999997335 ) ) ;
#5005 = ORIENTED_EDGE ( 'NONE', *, *, #485, .F. ) ;
#5006 = EDGE_LOOP ( 'NONE', ( #491, #183, #1434, #2922 ) ) ;
#5007 = DIRECTION ( 'NONE',  ( -7.906742672516238979E-16, -0.000000000000000000, -1.000000000000000000 ) ) ;
#5008 = AXIS2_PLACEMENT_3D ( 'NONE', #4004, #1082, #2575 ) ;
#5009 = DIRECTION ( 'NONE',  ( 1.000000000000000000, 0.000000000000000000, -8.999230135487068434E-16 ) ) ;
#5010 = CYLINDRICAL_SURFACE ( 'NONE', #2762, 3.349999999999980993 ) ;
#5011 = CIRCLE ( 'NONE', #973, 3.800000000000045564 ) ;
#5012 = ORIENTED_EDGE ( 'NONE', *, *, #4406, .F. ) ;
#5013 = EDGE_CURVE ( 'NONE', #964, #4264, #4011, .T. ) ;
#5014 = FACE_OUTER_BOUND ( 'NONE', #4507, .T. ) ;
#5015 = VERTEX_POINT ( 'NONE', #1544 ) ;
#5016 = LINE ( 'NONE', #3684, #2206 ) ;
#5017 = CONICAL_SURFACE ( 'NONE', #265, 3.899999999999736566, 0.7286749627076348768 ) ;
#5018 = FACE_OUTER_BOUND ( 'NONE', #3627, .T. ) ;
#5019 = CYLINDRICAL_SURFACE ( 'NONE', #1679, 3.350000000000050271 ) ;
#5020 = LINE ( 'NONE', #1756, #3976 ) ;
#5021 = DIRECTION ( 'NONE',  ( -7.906742672516238979E-16, -0.000000000000000000, -1.000000000000000000 ) ) ;
#5022 = ORIENTED_EDGE ( 'NONE', *, *, #2925, .T. ) ;
#5023 = ORIENTED_EDGE ( 'NONE', *, *, #3592, .T. ) ;
#5024 = DIRECTION ( 'NONE',  ( -7.906742672516238979E-16, -0.000000000000000000, -1.000000000000000000 ) ) ;
#5025 = CIRCLE ( 'NONE', #3808, 3.800000000000035794 ) ;
#5026 = EDGE_LOOP ( 'NONE', ( #2929, #259, #2268, #5650 ) ) ;
#5027 = DIRECTION ( 'NONE',  ( -7.906742672516238979E-16, -0.000000000000000000, -1.000000000000000000 ) ) ;
#5028 = CIRCLE ( 'NONE', #5846, 3.899999999999730793 ) ;
#5029 = DIRECTION ( 'NONE',  ( -1.000000000000000000, 0.000000000000000000, 7.767418549149829191E-16 ) ) ;
#5030 = DIRECTION ( 'NONE',  ( -7.906742672516238979E-16, -0.000000000000000000, -1.000000000000000000 ) ) ;
#5031 = CARTESIAN_POINT ( 'NONE',  ( -3.700000000000007283, 4.653657836759996964E-16, 38.50000000000000000 ) ) ;
#5032 = DIRECTION ( 'NONE',  ( -0.6387678175155951932, 0.000000000000000000, -0.7693995550468970546 ) ) ;
#5033 = EDGE_CURVE ( 'NONE', #370, #1921, #2519, .T. ) ;
#5034 = ADVANCED_FACE ( 'NONE', ( #3498 ), #4484, .T. ) ;
#5035 = LINE ( 'NONE', #2253, #3936 ) ;
#5036 = AXIS2_PLACEMENT_3D ( 'NONE', #3103, #4656, #326 ) ;
#5037 = DIRECTION ( 'NONE',  ( -7.906742672516238979E-16, -0.000000000000000000, -1.000000000000000000 ) ) ;
#5038 = AXIS2_PLACEMENT_3D ( 'NONE', #3585, #4586, #2597 ) ;
#5039 = DIRECTION ( 'NONE',  ( -1.000000000000000000, 0.000000000000000000, 7.767418549149768054E-16 ) ) ;
#5040 = CARTESIAN_POINT ( 'NONE',  ( 0.1000000000000037248, 0.000000000000000000, -5.000000000000000000 ) ) ;
#5041 = CIRCLE ( 'NONE', #4, 3.799999999999986944 ) ;
#5042 = VERTEX_POINT ( 'NONE', #5908 ) ;
#5043 = CIRCLE ( 'NONE', #4241, 3.350000000000065814 ) ;
#5044 = DIRECTION ( 'NONE',  ( -1.000000000000000000, 0.000000000000000000, 0.000000000000000000 ) ) ;
#5045 = VERTEX_POINT ( 'NONE', #2071 ) ;
#5046 = DIRECTION ( 'NONE',  ( -7.906742672516238979E-16, -0.000000000000000000, -1.000000000000000000 ) ) ;
#5047 = VECTOR ( 'NONE', #5881, 1000.000000000000000 ) ;
#5048 = VECTOR ( 'NONE', #2753, 1000.000000000000000 ) ;
#5049 = CARTESIAN_POINT ( 'NONE',  ( 0.1000000000000037248, 0.000000000000000000, -5.000000000000000000 ) ) ;
#5050 = DIRECTION ( 'NONE',  ( -7.906742672516238979E-16, -0.000000000000000000, -1.000000000000000000 ) ) ;
#5051 = VECTOR ( 'NONE', #2171, 1000.000000000000114 ) ;
#5052 = LINE ( 'NONE', #6005, #5051 ) ;
#5053 = ORIENTED_EDGE ( 'NONE', *, *, #2926, .F. ) ;
#5054 = ORIENTED_EDGE ( 'NONE', *, *, #4562, .T. ) ;
#5055 = DIRECTION ( 'NONE',  ( -1.000000000000000000, 0.000000000000000000, 8.999230135487068434E-16 ) ) ;
#5056 = EDGE_CURVE ( 'NONE', #436, #686, #1912, .T. ) ;
#5057 = VECTOR ( 'NONE', #719, 1000.000000000000000 ) ;
#5058 = ORIENTED_EDGE ( 'NONE', *, *, #2972, .F. ) ;
#5059 = AXIS2_PLACEMENT_3D ( 'NONE', #5716, #4293, #2796 ) ;
#5060 = DIRECTION ( 'NONE',  ( -7.906742672516238979E-16, -0.000000000000000000, -1.000000000000000000 ) ) ;
#5061 = ADVANCED_FACE ( 'NONE', ( #4986 ), #3599, .T. ) ;
#5062 = CARTESIAN_POINT ( 'NONE',  ( 0.1000000000000037248, 0.000000000000000000, -5.000000000000000000 ) ) ;
#5063 = CARTESIAN_POINT ( 'NONE',  ( 0.1000000000000330347, 0.000000000000000000, 32.04998447769145287 ) ) ;
#5064 = DIRECTION ( 'NONE',  ( -0.6129070536529745983, 7.505946614309512650E-17, 0.7901550123756918564 ) ) ;
#5065 = ORIENTED_EDGE ( 'NONE', *, *, #4037, .F. ) ;
#5066 = TOROIDAL_SURFACE ( 'NONE', #419, 0.1999999999999346467, 9.700000000000001066 ) ;
#5067 = DIRECTION ( 'NONE',  ( -1.000000000000000000, 0.000000000000000000, 8.896017825522000838E-16 ) ) ;
#5068 = EDGE_CURVE ( 'NONE', #5238, #420, #3180, .T. ) ;
#5069 = FACE_OUTER_BOUND ( 'NONE', #1642, .T. ) ;
#5070 = CYLINDRICAL_SURFACE ( 'NONE', #4390, 3.349999999999997868 ) ;
#5071 = ORIENTED_EDGE ( 'NONE', *, *, #4094, .F. ) ;
#5072 = CARTESIAN_POINT ( 'NONE',  ( 3.450000000000035705, 4.102566777143621941E-16, 47.64998447769145429 ) ) ;
#5073 = ORIENTED_EDGE ( 'NONE', *, *, #2678, .T. ) ;
#5074 = ORIENTED_EDGE ( 'NONE', *, *, #5751, .T. ) ;
#5075 = AXIS2_PLACEMENT_3D ( 'NONE', #4195, #5524, #812 ) ;
#5076 = CYLINDRICAL_SURFACE ( 'NONE', #5645, 3.349999999999944134 ) ;
#5077 = LINE ( 'NONE', #5141, #967 ) ;
#5078 = DIRECTION ( 'NONE',  ( -7.906742672516238979E-16, -0.000000000000000000, -1.000000000000000000 ) ) ;
#5079 = AXIS2_PLACEMENT_3D ( 'NONE', #203, #2605, #4658 ) ;
#5080 = VECTOR ( 'NONE', #4323, 1000.000000000000000 ) ;
#5081 = DIRECTION ( 'NONE',  ( -7.906742672516238979E-16, -0.000000000000000000, -1.000000000000000000 ) ) ;
#5082 = ORIENTED_EDGE ( 'NONE', *, *, #4939, .F. ) ;
#5083 = DIRECTION ( 'NONE',  ( 1.000000000000000000, 0.000000000000000000, 0.000000000000000000 ) ) ;
#5084 = AXIS2_PLACEMENT_3D ( 'NONE', #3998, #2480, #985 ) ;
#5085 = AXIS2_PLACEMENT_3D ( 'NONE', #2485, #2067, #1595 ) ;
#5086 = ORIENTED_EDGE ( 'NONE', *, *, #1206, .F. ) ;
#5087 = CARTESIAN_POINT ( 'NONE',  ( 0.1000000000000037248, 0.000000000000000000, -5.000000000000000000 ) ) ;
#5088 = EDGE_CURVE ( 'NONE', #1416, #6181, #1394, .T. ) ;
#5089 = ORIENTED_EDGE ( 'NONE', *, *, #5490, .T. ) ;
#5090 = EDGE_CURVE ( 'NONE', #5626, #3974, #6030, .T. ) ;
#5091 = CONICAL_SURFACE ( 'NONE', #447, 3.800000000000039346, 0.7853809166853993329 ) ;
#5092 = EDGE_CURVE ( 'NONE', #4953, #3507, #992, .T. ) ;
#5093 = DIRECTION ( 'NONE',  ( 7.906742672516238979E-16, 0.000000000000000000, 1.000000000000000000 ) ) ;
#5094 = DIRECTION ( 'NONE',  ( -7.906742672516238979E-16, -0.000000000000000000, -1.000000000000000000 ) ) ;
#5095 = CARTESIAN_POINT ( 'NONE',  ( 0.1000000000000457190, 0.000000000000000000, 48.09999999999999432 ) ) ;
#5096 = CARTESIAN_POINT ( 'NONE',  ( 0.1000000000000037248, 0.000000000000000000, -5.000000000000000000 ) ) ;
#5097 = DIRECTION ( 'NONE',  ( 0.7070945858143394824, 0.000000000000000000, 0.7071189763484273527 ) ) ;
#5098 = LINE ( 'NONE', #5704, #1683 ) ;
#5099 = DIRECTION ( 'NONE',  ( -7.906742672516238979E-16, -0.000000000000000000, -1.000000000000000000 ) ) ;
#5100 = CARTESIAN_POINT ( 'NONE',  ( 3.450000000000084110, 4.102566777143691460E-16, 39.24998447769144860 ) ) ;
#5101 = EDGE_LOOP ( 'NONE', ( #426, #5058 ) ) ;
#5102 = AXIS2_PLACEMENT_3D ( 'NONE', #5536, #1141, #2250 ) ;
#5103 = DIRECTION ( 'NONE',  ( -1.000000000000000000, 0.000000000000000000, 8.360113137237609190E-16 ) ) ;
#5104 = EDGE_LOOP ( 'NONE', ( #3580, #1, #2904, #475 ) ) ;
#5105 = EDGE_LOOP ( 'NONE', ( #3468, #5297, #561, #384 ) ) ;
#5106 = DIRECTION ( 'NONE',  ( -7.906742672516238979E-16, -0.000000000000000000, -1.000000000000000000 ) ) ;
#5107 = APPLICATION_PROTOCOL_DEFINITION ( 'draft international standard', 'automotive_design', 1998, #6012 ) ;
#5108 = AXIS2_PLACEMENT_3D ( 'NONE', #5454, #5960, #3559 ) ;
#5109 = DIRECTION ( 'NONE',  ( -7.906742672516238979E-16, -0.000000000000000000, -1.000000000000000000 ) ) ;
#5110 = FACE_OUTER_BOUND ( 'NONE', #2341, .T. ) ;
#5111 = EDGE_CURVE ( 'NONE', #83, #2304, #5236, .T. ) ;
#5112 = CYLINDRICAL_SURFACE ( 'NONE', #1533, 3.799999999999975397 ) ;
#5113 = ORIENTED_EDGE ( 'NONE', *, *, #5715, .T. ) ;
#5114 = EDGE_LOOP ( 'NONE', ( #394, #2063, #3043, #3751 ) ) ;
#5115 = AXIS2_PLACEMENT_3D ( 'NONE', #3230, #793, #3650 ) ;
#5116 = CARTESIAN_POINT ( 'NONE',  ( 0.1000000000000457190, 0.000000000000000000, 48.09999999999999432 ) ) ;
#5117 = AXIS2_PLACEMENT_3D ( 'NONE', #5358, #4877, #76 ) ;
#5118 = VERTEX_POINT ( 'NONE', #2167 ) ;
#5119 = LINE ( 'NONE', #2563, #1301 ) ;
#5120 = ORIENTED_EDGE ( 'NONE', *, *, #2880, .F. ) ;
#5121 = ORIENTED_EDGE ( 'NONE', *, *, #4059, .F. ) ;
#5122 = CARTESIAN_POINT ( 'NONE',  ( -2.682150266734994126, 0.000000000000000000, 1.000000000000000444 ) ) ;
#5123 = AXIS2_PLACEMENT_3D ( 'NONE', #881, #543, #69 ) ;
#5124 = CARTESIAN_POINT ( 'NONE',  ( -3.699999999999929567, 4.653657836759911175E-16, 48.09999999999999432 ) ) ;
#5125 = DIRECTION ( 'NONE',  ( -7.906742672516238979E-16, -0.000000000000000000, -1.000000000000000000 ) ) ;
#5126 = CARTESIAN_POINT ( 'NONE',  ( 0.1000000000000453582, 0.000000000000000000, 47.64998447769145429 ) ) ;
#5127 = CONICAL_SURFACE ( 'NONE', #2400, 3.800000000000057998, 0.7853809166854033297 ) ;
#5128 = EDGE_LOOP ( 'NONE', ( #5819, #4334, #5270, #5082 ) ) ;
#5129 = CARTESIAN_POINT ( 'NONE',  ( 0.1000000000000182687, 0.000000000000000000, 13.39999999999999503 ) ) ;
#5130 = ADVANCED_FACE ( 'NONE', ( #270 ), #2511, .T. ) ;
#5131 = EDGE_CURVE ( 'NONE', #1021, #3402, #1410, .T. ) ;
#5132 = DIRECTION ( 'NONE',  ( -7.906742672516238979E-16, -0.000000000000000000, -1.000000000000000000 ) ) ;
#5133 = FACE_OUTER_BOUND ( 'NONE', #2080, .T. ) ;
#5134 = ORIENTED_EDGE ( 'NONE', *, *, #2413, .T. ) ;
#5135 = DIRECTION ( 'NONE',  ( -7.906742672516238979E-16, -0.000000000000000000, -1.000000000000000000 ) ) ;
#5136 = EDGE_LOOP ( 'NONE', ( #65, #4452, #2884, #1003 ) ) ;
#5137 = ORIENTED_EDGE ( 'NONE', *, *, #5068, .T. ) ;
#5138 = AXIS2_PLACEMENT_3D ( 'NONE', #1307, #6244, #459 ) ;
#5139 = DIRECTION ( 'NONE',  ( -7.906742672516238979E-16, -0.000000000000000000, -1.000000000000000000 ) ) ;
#5140 = CIRCLE ( 'NONE', #997, 3.349999999999998757 ) ;
#5141 = CARTESIAN_POINT ( 'NONE',  ( 3.900000000000096279, 4.653657836760021616E-16, 30.25000000000000000 ) ) ;
#5142 = CARTESIAN_POINT ( 'NONE',  ( -3.700000000000025047, 0.000000000000000000, 32.65000000000000568 ) ) ;
#5143 = DIRECTION ( 'NONE',  ( -7.906742672516238979E-16, -0.000000000000000000, -1.000000000000000000 ) ) ;
#5144 = VERTEX_POINT ( 'NONE', #713 ) ;
#5145 = CIRCLE ( 'NONE', #4445, 3.799999999999940758 ) ;
#5146 = ORIENTED_EDGE ( 'NONE', *, *, #2880, .T. ) ;
#5147 = VECTOR ( 'NONE', #2962, 1000.000000000000000 ) ;
#5148 = AXIS2_PLACEMENT_3D ( 'NONE', #659, #572, #1551 ) ;
#5149 = DIRECTION ( 'NONE',  ( -7.906742672516238979E-16, -0.000000000000000000, -1.000000000000000000 ) ) ;
#5150 = EDGE_CURVE ( 'NONE', #3788, #1891, #4645, .T. ) ;
#5151 = CONICAL_SURFACE ( 'NONE', #5749, 3.855270839527026094, 0.7077310116836955656 ) ;
#5152 = AXIS2_PLACEMENT_3D ( 'NONE', #2964, #1156, #3567 ) ;
#5153 = ORIENTED_EDGE ( 'NONE', *, *, #1695, .T. ) ;
#5154 = CARTESIAN_POINT ( 'NONE',  ( 0.1000000000000307032, 0.000000000000000000, 29.11750020867199851 ) ) ;
#5155 = ORIENTED_EDGE ( 'NONE', *, *, #3203, .T. ) ;
#5156 = VERTEX_POINT ( 'NONE', #2707 ) ;
#5157 = AXIS2_PLACEMENT_3D ( 'NONE', #3925, #1574, #2870 ) ;
#5158 = CYLINDRICAL_SURFACE ( 'NONE', #376, 3.350000000000052491 ) ;
#5159 = ADVANCED_FACE ( 'NONE', ( #4664 ), #334, .T. ) ;
#5160 = DIRECTION ( 'NONE',  ( -0.7070945858143387053, 8.659411212119540727E-17, 0.7071189763484281299 ) ) ;
#5161 = FACE_OUTER_BOUND ( 'NONE', #1452, .T. ) ;
#5162 = AXIS2_PLACEMENT_3D ( 'NONE', #2616, #5021, #1850 ) ;
#5163 = CARTESIAN_POINT ( 'NONE',  ( -3.700000000000015277, 4.653657836760005838E-16, 36.10000000000000142 ) ) ;
#5164 = CARTESIAN_POINT ( 'NONE',  ( -3.699999999999904254, 0.000000000000000000, 50.64999999999999858 ) ) ;
#5165 = AXIS2_PLACEMENT_3D ( 'NONE', #5371, #6249, #1944 ) ;
#5166 = DIRECTION ( 'NONE',  ( -7.906742672516238979E-16, -0.000000000000000000, -1.000000000000000000 ) ) ;
#5167 = LINE ( 'NONE', #4688, #2061 ) ;
#5168 = ORIENTED_EDGE ( 'NONE', *, *, #5861, .T. ) ;
#5169 = AXIS2_PLACEMENT_3D ( 'NONE', #3833, #1752, #5611 ) ;
#5170 = EDGE_LOOP ( 'NONE', ( #5757, #5168, #3148, #1703 ) ) ;
#5171 = ADVANCED_FACE ( 'NONE', ( #1783 ), #5076, .T. ) ;
#5172 = VERTEX_POINT ( 'NONE', #3629 ) ;
#5173 = EDGE_CURVE ( 'NONE', #2790, #1634, #3542, .T. ) ;
#5174 = DIRECTION ( 'NONE',  ( -7.906742672516238979E-16, -0.000000000000000000, -1.000000000000000000 ) ) ;
#5175 = CARTESIAN_POINT ( 'NONE',  ( 0.1000000000000325628, 0.000000000000000000, 31.45000000000000639 ) ) ;
#5176 = DIRECTION ( 'NONE',  ( -1.000000000000000000, 0.000000000000000000, 7.767418549149841024E-16 ) ) ;
#5177 = VERTEX_POINT ( 'NONE', #4630 ) ;
#5178 = VERTEX_POINT ( 'NONE', #3716 ) ;
#5179 = CARTESIAN_POINT ( 'NONE',  ( 3.450000000000029932, 4.102566777143665328E-16, -5.000000000000002665 ) ) ;
#5180 = CIRCLE ( 'NONE', #2457, 3.350000000000042721 ) ;
#5181 = VECTOR ( 'NONE', #5744, 1000.000000000000114 ) ;
#5182 = ORIENTED_EDGE ( 'NONE', *, *, #893, .F. ) ;
#5183 = DIRECTION ( 'NONE',  ( 7.906742672516238979E-16, 0.000000000000000000, 1.000000000000000000 ) ) ;
#5184 = ORIENTED_EDGE ( 'NONE', *, *, #4661, .T. ) ;
#5185 = ORIENTED_EDGE ( 'NONE', *, *, #4037, .T. ) ;
#5186 = CIRCLE ( 'NONE', #5802, 3.800000000000054889 ) ;
#5187 = LINE ( 'NONE', #853, #3102 ) ;
#5188 = CARTESIAN_POINT ( 'NONE',  ( 0.1000000000000457190, 0.000000000000000000, 48.09999999999999432 ) ) ;
#5189 = LINE ( 'NONE', #5635, #3260 ) ;
#5190 = CIRCLE ( 'NONE', #2472, 3.800000000000058442 ) ;
#5191 = DIRECTION ( 'NONE',  ( -1.000000000000000000, 0.000000000000000000, 7.767418549149833135E-16 ) ) ;
#5192 = EDGE_CURVE ( 'NONE', #4882, #3146, #303, .T. ) ;
#5193 = EDGE_CURVE ( 'NONE', #4479, #4395, #3113, .T. ) ;
#5194 = DIRECTION ( 'NONE',  ( -0.6387678175155937499, 0.000000000000000000, -0.7693995550468983868 ) ) ;
#5195 = CONICAL_SURFACE ( 'NONE', #4673, 3.800000000000009592, 0.7853809166853968904 ) ;
#5196 = CARTESIAN_POINT ( 'NONE',  ( 3.899999999999999467, 4.653657836759883565E-16, 50.64999999999999858 ) ) ;
#5197 = DIRECTION ( 'NONE',  ( -7.906742672516238979E-16, -0.000000000000000000, -1.000000000000000000 ) ) ;
#5198 = VERTEX_POINT ( 'NONE', #4107 ) ;
#5199 = EDGE_CURVE ( 'NONE', #3371, #386, #6089, .T. ) ;
#5200 = ORIENTED_EDGE ( 'NONE', *, *, #4610, .T. ) ;
#5201 = VERTEX_POINT ( 'NONE', #1754 ) ;
#5202 = CARTESIAN_POINT ( 'NONE',  ( -3.249999999999969802, 0.000000000000000000, 45.24998447769145571 ) ) ;
#5203 = EDGE_CURVE ( 'NONE', #3031, #2558, #5016, .T. ) ;
#5204 = EDGE_CURVE ( 'NONE', #4690, #5316, #2611, .T. ) ;
#5205 = DIRECTION ( 'NONE',  ( 1.000000000000000000, 0.000000000000000000, -8.896017825522034365E-16 ) ) ;
#5206 = CIRCLE ( 'NONE', #5102, 3.800000000000064659 ) ;
#5207 = DIRECTION ( 'NONE',  ( -1.000000000000000000, 0.000000000000000000, 6.847592668329546425E-16 ) ) ;
#5208 = ORIENTED_EDGE ( 'NONE', *, *, #1652, .T. ) ;
#5209 = EDGE_LOOP ( 'NONE', ( #3047, #4832, #4691, #4530 ) ) ;
#5210 = DIRECTION ( 'NONE',  ( -1.224646799147353207E-16, 1.000000000000000000, 9.682967105578800750E-32 ) ) ;
#5211 = CONICAL_SURFACE ( 'NONE', #4700, 3.800000000000035794, 0.6928957130417406907 ) ;
#5212 = DIRECTION ( 'NONE',  ( -1.000000000000000000, 0.000000000000000000, 0.000000000000000000 ) ) ;
#5213 = ADVANCED_FACE ( 'NONE', ( #2856 ), #2418, .T. ) ;
#5214 = CARTESIAN_POINT ( 'NONE',  ( 3.900000000000093614, 4.653657836760017671E-16, 31.45000000000000639 ) ) ;
#5215 = VECTOR ( 'NONE', #5388, 1000.000000000000000 ) ;
#5216 = DIRECTION ( 'NONE',  ( -1.000000000000000000, 0.000000000000000000, 1.035655806553315752E-15 ) ) ;
#5217 = ORIENTED_EDGE ( 'NONE', *, *, #406, .T. ) ;
#5218 = ORIENTED_EDGE ( 'NONE', *, *, #3422, .T. ) ;
#5219 = DIRECTION ( 'NONE',  ( -7.906742672516238979E-16, -0.000000000000000000, -1.000000000000000000 ) ) ;
#5220 = DIRECTION ( 'NONE',  ( -7.906742672516238979E-16, -0.000000000000000000, -1.000000000000000000 ) ) ;
#5221 = CIRCLE ( 'NONE', #3504, 3.350000000000068479 ) ;
#5222 = CARTESIAN_POINT ( 'NONE',  ( 0.1000000000000050709, 0.000000000000000000, -3.297297297297302698 ) ) ;
#5223 = DIRECTION ( 'NONE',  ( -1.000000000000000000, 0.000000000000000000, 6.847592668329441901E-16 ) ) ;
#5224 = AXIS2_PLACEMENT_3D ( 'NONE', #4180, #6104, #4118 ) ;
#5225 = DIRECTION ( 'NONE',  ( -1.000000000000000000, 0.000000000000000000, 8.896017825522685175E-16 ) ) ;
#5226 = EDGE_CURVE ( 'NONE', #5957, #1176, #288, .T. ) ;
#5227 = LINE ( 'NONE', #6237, #945 ) ;
#5228 = CIRCLE ( 'NONE', #2505, 3.800000000000052225 ) ;
#5229 = FACE_OUTER_BOUND ( 'NONE', #1154, .T. ) ;
#5230 = ORIENTED_EDGE ( 'NONE', *, *, #92, .F. ) ;
#5231 = VERTEX_POINT ( 'NONE', #4291 ) ;
#5232 = EDGE_LOOP ( 'NONE', ( #4909, #118, #4286, #2961 ) ) ;
#5233 = AXIS2_PLACEMENT_3D ( 'NONE', #934, #6253, #1913 ) ;
#5234 = DIRECTION ( 'NONE',  ( -7.906742672516238979E-16, -0.000000000000000000, -1.000000000000000000 ) ) ;
#5235 = LINE ( 'NONE', #961, #5080 ) ;
#5236 = CIRCLE ( 'NONE', #1622, 3.899999999999704148 ) ;
#5237 = DIRECTION ( 'NONE',  ( -1.000000000000000000, 0.000000000000000000, 0.000000000000000000 ) ) ;
#5238 = VERTEX_POINT ( 'NONE', #5202 ) ;
#5239 = EDGE_LOOP ( 'NONE', ( #2706, #668, #2764, #405 ) ) ;
#5240 = CONICAL_SURFACE ( 'NONE', #3630, 3.800000000000021139, 0.7853809166853954471 ) ;
#5241 = DIRECTION ( 'NONE',  ( -1.000000000000000000, 0.000000000000000000, 8.896017825522000838E-16 ) ) ;
#5242 = AXIS2_PLACEMENT_3D ( 'NONE', #4850, #3069, #3997 ) ;
#5243 = DIRECTION ( 'NONE',  ( 0.7070945858143486973, 0.000000000000000000, 0.7071189763484181379 ) ) ;
#5244 = EDGE_CURVE ( 'NONE', #3322, #2806, #3825, .T. ) ;
#5245 = DIRECTION ( 'NONE',  ( -7.906742672516238979E-16, -0.000000000000000000, -1.000000000000000000 ) ) ;
#5246 = CARTESIAN_POINT ( 'NONE',  ( 0.1000000000000420414, 0.000000000000000000, 43.45000000000000284 ) ) ;
#5247 = ORIENTED_EDGE ( 'NONE', *, *, #2866, .T. ) ;
#5248 = AXIS2_PLACEMENT_3D ( 'NONE', #3392, #40, #2912 ) ;
#5249 = DIRECTION ( 'NONE',  ( -1.000000000000000000, 0.000000000000000000, 0.000000000000000000 ) ) ;
#5250 = ORIENTED_EDGE ( 'NONE', *, *, #6131, .T. ) ;
#5251 = AXIS2_PLACEMENT_3D ( 'NONE', #5383, #3929, #1926 ) ;
#5252 = ORIENTED_EDGE ( 'NONE', *, *, #2944, .F. ) ;
#5253 = ADVANCED_FACE ( 'NONE', ( #927 ), #5765, .T. ) ;
#5254 = EDGE_CURVE ( 'NONE', #445, #4690, #2220, .T. ) ;
#5255 = DIRECTION ( 'NONE',  ( -1.000000000000000000, 0.000000000000000000, 0.000000000000000000 ) ) ;
#5256 = CARTESIAN_POINT ( 'NONE',  ( 0.1000000000000037248, 0.000000000000000000, -5.000000000000000000 ) ) ;
#5257 = AXIS2_PLACEMENT_3D ( 'NONE', #2138, #5969, #1059 ) ;
#5258 = DIRECTION ( 'NONE',  ( -7.906742672516238979E-16, -0.000000000000000000, -1.000000000000000000 ) ) ;
#5259 = LINE ( 'NONE', #3706, #2513 ) ;
#5260 = CARTESIAN_POINT ( 'NONE',  ( 0.1000000000000368233, 0.000000000000000000, 36.84998447769145002 ) ) ;
#5261 = DIRECTION ( 'NONE',  ( -1.000000000000000000, 0.000000000000000000, 0.000000000000000000 ) ) ;
#5262 = LINE ( 'NONE', #1868, #2056 ) ;
#5263 = DIRECTION ( 'NONE',  ( -1.000000000000000000, 0.000000000000000000, 0.000000000000000000 ) ) ;
#5264 = ORIENTED_EDGE ( 'NONE', *, *, #2679, .F. ) ;
#5265 = ORIENTED_EDGE ( 'NONE', *, *, #5770, .F. ) ;
#5266 = EDGE_CURVE ( 'NONE', #530, #3824, #3215, .T. ) ;
#5267 = DIRECTION ( 'NONE',  ( -1.000000000000000000, 0.000000000000000000, 6.847592668329407388E-16 ) ) ;
#5268 = LINE ( 'NONE', #929, #5690 ) ;
#5269 = DIRECTION ( 'NONE',  ( -7.906742672516238979E-16, -0.000000000000000000, -1.000000000000000000 ) ) ;
#5270 = ORIENTED_EDGE ( 'NONE', *, *, #187, .T. ) ;
#5271 = EDGE_CURVE ( 'NONE', #418, #4319, #4833, .T. ) ;
#5272 = ORIENTED_EDGE ( 'NONE', *, *, #2096, .T. ) ;
#5273 = AXIS2_PLACEMENT_3D ( 'NONE', #4236, #434, #2867 ) ;
#5274 = DIRECTION ( 'NONE',  ( -1.000000000000000000, 0.000000000000000000, 0.000000000000000000 ) ) ;
#5275 = DIRECTION ( 'NONE',  ( -7.906742672516238979E-16, -0.000000000000000000, -1.000000000000000000 ) ) ;
#5276 = DIRECTION ( 'NONE',  ( -7.906742672516238979E-16, -0.000000000000000000, -1.000000000000000000 ) ) ;
#5277 = CARTESIAN_POINT ( 'NONE',  ( 3.899999999999932854, 4.653657836759855955E-16, -5.000000000000002665 ) ) ;
#5278 = ORIENTED_EDGE ( 'NONE', *, *, #3612, .T. ) ;
#5279 = DIRECTION ( 'NONE',  ( 1.000000000000000000, 0.000000000000000000, 0.000000000000000000 ) ) ;
#5280 = ORIENTED_EDGE ( 'NONE', *, *, #4551, .F. ) ;
#5281 = ORIENTED_EDGE ( 'NONE', *, *, #4060, .T. ) ;
#5282 = LINE ( 'NONE', #4407, #511 ) ;
#5283 = AXIS2_PLACEMENT_3D ( 'NONE', #424, #4819, #2293 ) ;
#5284 = EDGE_CURVE ( 'NONE', #583, #4660, #2916, .T. ) ;
#5285 = EDGE_CURVE ( 'NONE', #1631, #3217, #4532, .T. ) ;
#5286 = ORIENTED_EDGE ( 'NONE', *, *, #2882, .F. ) ;
#5287 = FACE_OUTER_BOUND ( 'NONE', #50, .T. ) ;
#5288 = AXIS2_PLACEMENT_3D ( 'NONE', #416, #3768, #1431 ) ;
#5289 = AXIS2_PLACEMENT_3D ( 'NONE', #4006, #1023, #5932 ) ;
#5290 = DIRECTION ( 'NONE',  ( -7.906742672516238979E-16, -0.000000000000000000, -1.000000000000000000 ) ) ;
#5291 = CARTESIAN_POINT ( 'NONE',  ( 2.218580752490245001, 3.685317826973521129E-16, 25.91073486191403674 ) ) ;
#5292 = CIRCLE ( 'NONE', #342, 3.350000000000045386 ) ;
#5293 = DIRECTION ( 'NONE',  ( -1.000000000000000000, 0.000000000000000000, 0.000000000000000000 ) ) ;
#5294 = AXIS2_PLACEMENT_3D ( 'NONE', #861, #3840, #2789 ) ;
#5295 = DIRECTION ( 'NONE',  ( -0.7070945858143387053, 8.659411212119540727E-17, 0.7071189763484281299 ) ) ;
#5296 = EDGE_LOOP ( 'NONE', ( #822, #320, #646, #1161 ) ) ;
#5297 = ORIENTED_EDGE ( 'NONE', *, *, #1661, .T. ) ;
#5298 = EDGE_LOOP ( 'NONE', ( #2042, #5073, #3417, #5560 ) ) ;
#5299 = VECTOR ( 'NONE', #2666, 1000.000000000000000 ) ;
#5300 = CARTESIAN_POINT ( 'NONE',  ( 3.800000000000064215, 4.531193156845246630E-16, 29.11750020867199495 ) ) ;
#5301 = ADVANCED_FACE ( 'NONE', ( #3778 ), #361, .T. ) ;
#5302 = DIRECTION ( 'NONE',  ( -7.906742672516238979E-16, -0.000000000000000000, -1.000000000000000000 ) ) ;
#5303 = PRODUCT_DEFINITION_SHAPE ( 'NONE', 'NONE',  #1096 ) ;
#5304 = CARTESIAN_POINT ( 'NONE',  ( 0.1000000000000151185, 0.000000000000000000, 9.396598169499684516 ) ) ;
#5305 = VERTEX_POINT ( 'NONE', #2767 ) ;
#5306 = EDGE_LOOP ( 'NONE', ( #6094, #4373, #5449, #4274 ) ) ;
#5307 = CARTESIAN_POINT ( 'NONE',  ( 3.900000000000073186, 0.000000000000000000, 40.89999999999999858 ) ) ;
#5308 = DIRECTION ( 'NONE',  ( 0.6387678175155917515, 7.822649631188107783E-17, -0.7693995550468999411 ) ) ;
#5309 = DIRECTION ( 'NONE',  ( -1.000000000000000000, 0.000000000000000000, 0.000000000000000000 ) ) ;
#5310 = EDGE_CURVE ( 'NONE', #1192, #2968, #5043, .T. ) ;
#5311 = CARTESIAN_POINT ( 'NONE',  ( 0.1000000000000368233, 0.000000000000000000, 36.84998447769145002 ) ) ;
#5312 = EDGE_CURVE ( 'NONE', #879, #2558, #867, .T. ) ;
#5313 = ORIENTED_EDGE ( 'NONE', *, *, #3797, .F. ) ;
#5314 = CARTESIAN_POINT ( 'NONE',  ( 3.450000000000011724, 4.439344646908955850E-16, 22.76622293754998338 ) ) ;
#5315 = ORIENTED_EDGE ( 'NONE', *, *, #1561, .T. ) ;
#5316 = VERTEX_POINT ( 'NONE', #2326 ) ;
#5317 = VECTOR ( 'NONE', #3349, 1000.000000000000000 ) ;
#5318 = CARTESIAN_POINT ( 'NONE',  ( 0.1000000000000037248, 0.000000000000000000, -5.000000000000000000 ) ) ;
#5319 = DIRECTION ( 'NONE',  ( -7.906742672516238979E-16, -0.000000000000000000, -1.000000000000000000 ) ) ;
#5320 = EDGE_CURVE ( 'NONE', #6181, #1416, #999, .T. ) ;
#5321 = ORIENTED_EDGE ( 'NONE', *, *, #1167, .F. ) ;
#5322 = DIRECTION ( 'NONE',  ( 7.906742672516238979E-16, 0.000000000000000000, 1.000000000000000000 ) ) ;
#5323 = CARTESIAN_POINT ( 'NONE',  ( 3.450000000000022826, 4.439344646908987404E-16, 19.26622293755000115 ) ) ;
#5324 = DIRECTION ( 'NONE',  ( -7.906742672516238979E-16, -0.000000000000000000, -1.000000000000000000 ) ) ;
#5325 = AXIS2_PLACEMENT_3D ( 'NONE', #4591, #291, #327 ) ;
#5326 = DIRECTION ( 'NONE',  ( -1.000000000000000000, 0.000000000000000000, 9.376883653928601821E-16 ) ) ;
#5327 = ADVANCED_FACE ( 'NONE', ( #6215 ), #1509, .T. ) ;
#5328 = CARTESIAN_POINT ( 'NONE',  ( 0.1000000000000037248, 0.000000000000000000, -5.000000000000000000 ) ) ;
#5329 = AXIS2_PLACEMENT_3D ( 'NONE', #1998, #1531, #5261 ) ;
#5330 = ORIENTED_EDGE ( 'NONE', *, *, #4101, .T. ) ;
#5331 = VERTEX_POINT ( 'NONE', #5300 ) ;
#5332 = ORIENTED_EDGE ( 'NONE', *, *, #2213, .F. ) ;
#5333 = EDGE_CURVE ( 'NONE', #219, #2296, #2812, .T. ) ;
#5334 = ADVANCED_FACE ( 'NONE', ( #494 ), #2353, .T. ) ;
#5335 = DIRECTION ( 'NONE',  ( -7.906742672516238979E-16, -0.000000000000000000, -1.000000000000000000 ) ) ;
#5336 = VECTOR ( 'NONE', #2, 1000.000000000000000 ) ;
#5337 = FACE_OUTER_BOUND ( 'NONE', #6063, .T. ) ;
#5338 = EDGE_LOOP ( 'NONE', ( #5022, #908, #2927, #39 ) ) ;
#5339 = CIRCLE ( 'NONE', #1388, 3.350000000000013411 ) ;
#5340 = CARTESIAN_POINT ( 'NONE',  ( 0.1000000000000320771, 0.000000000000000000, 30.84998447769144292 ) ) ;
#5341 = VERTEX_POINT ( 'NONE', #2384 ) ;
#5342 = ORIENTED_EDGE ( 'NONE', *, *, #2112, .F. ) ;
#5343 = DIRECTION ( 'NONE',  ( -0.6387678175155876437, 0.000000000000000000, -0.7693995550469033828 ) ) ;
#5344 = DIRECTION ( 'NONE',  ( -7.906742672516238979E-16, -0.000000000000000000, -1.000000000000000000 ) ) ;
#5345 = AXIS2_PLACEMENT_3D ( 'NONE', #502, #1411, #4824 ) ;
#5346 = DIRECTION ( 'NONE',  ( 1.000000000000000000, 0.000000000000000000, -8.896017825522762089E-16 ) ) ;
#5347 = DIRECTION ( 'NONE',  ( -1.000000000000000000, 0.000000000000000000, 0.000000000000000000 ) ) ;
#5348 = EDGE_LOOP ( 'NONE', ( #2734, #815, #1160, #4337 ) ) ;
#5349 = DIRECTION ( 'NONE',  ( 0.6387678175155915294, 7.822649631188102853E-17, -0.7693995550469001632 ) ) ;
#5350 = VERTEX_POINT ( 'NONE', #1904 ) ;
#5351 = ORIENTED_EDGE ( 'NONE', *, *, #1893, .F. ) ;
#5352 = DIRECTION ( 'NONE',  ( 1.000000000000000000, 0.000000000000000000, 0.000000000000000000 ) ) ;
#5353 = LINE ( 'NONE', #4276, #297 ) ;
#5354 = AXIS2_PLACEMENT_3D ( 'NONE', #4321, #5743, #5267 ) ;
#5355 = ORIENTED_EDGE ( 'NONE', *, *, #5879, .F. ) ;
#5356 = DIRECTION ( 'NONE',  ( -1.000000000000000000, 0.000000000000000000, 0.000000000000000000 ) ) ;
#5357 = CYLINDRICAL_SURFACE ( 'NONE', #1024, 3.899999999999705036 ) ;
#5358 = CARTESIAN_POINT ( 'NONE',  ( 0.1000000000000401540, 0.000000000000000000, 41.05000000000000426 ) ) ;
#5359 = AXIS2_PLACEMENT_3D ( 'NONE', #5862, #1524, #2841 ) ;
#5360 = DIRECTION ( 'NONE',  ( -7.906742672516238979E-16, -0.000000000000000000, -1.000000000000000000 ) ) ;
#5361 = CYLINDRICAL_SURFACE ( 'NONE', #5807, 3.349999999999968558 ) ;
#5362 = CIRCLE ( 'NONE', #2930, 3.350000000000006306 ) ;
#5363 = ORIENTED_EDGE ( 'NONE', *, *, #5472, .T. ) ;
#5364 = CONICAL_SURFACE ( 'NONE', #205, 3.800000000000042011, 0.7853809166853961132 ) ;
#5365 = ORIENTED_EDGE ( 'NONE', *, *, #6133, .F. ) ;
#5366 = CIRCLE ( 'NONE', #1528, 3.899999999999705924 ) ;
#5367 = AXIS2_PLACEMENT_3D ( 'NONE', #1545, #122, #90 ) ;
#5368 = ADVANCED_FACE ( 'NONE', ( #1650 ), #2312, .T. ) ;
#5369 = ADVANCED_FACE ( 'NONE', ( #254 ), #4536, .T. ) ;
#5370 = CONICAL_SURFACE ( 'NONE', #5972, 3.899999999999737899, 0.7286749627076316571 ) ;
#5371 = CARTESIAN_POINT ( 'NONE',  ( -3.596323639812544739E-30, 0.000000000000000000, -4.548426310006686689E-15 ) ) ;
#5372 = EDGE_LOOP ( 'NONE', ( #2562, #168, #2165, #3353 ) ) ;
#5373 = ORIENTED_EDGE ( 'NONE', *, *, #4419, .F. ) ;
#5374 = ADVANCED_FACE ( 'NONE', ( #5952 ), #2417, .T. ) ;
#5375 = DIRECTION ( 'NONE',  ( -7.906742672516238979E-16, -0.000000000000000000, -1.000000000000000000 ) ) ;
#5376 = DIRECTION ( 'NONE',  ( 7.906742672516238979E-16, 0.000000000000000000, 1.000000000000000000 ) ) ;
#5377 = LINE ( 'NONE', #2965, #5921 ) ;
#5378 = FACE_OUTER_BOUND ( 'NONE', #2577, .T. ) ;
#5379 = CARTESIAN_POINT ( 'NONE',  ( -3.250000000000006217, 0.000000000000000000, 39.24998447769144860 ) ) ;
#5380 = EDGE_LOOP ( 'NONE', ( #2225, #2673, #3303, #3564 ) ) ;
#5381 = AXIS2_PLACEMENT_3D ( 'NONE', #645, #4075, #5044 ) ;
#5382 = VERTEX_POINT ( 'NONE', #2630 ) ;
#5383 = CARTESIAN_POINT ( 'NONE',  ( 0.1000000000000472594, 0.000000000000000000, 50.04998447769145287 ) ) ;
#5384 = ORIENTED_EDGE ( 'NONE', *, *, #4410, .T. ) ;
#5385 = DIRECTION ( 'NONE',  ( -7.906742672516238979E-16, -0.000000000000000000, -1.000000000000000000 ) ) ;
#5386 = DIRECTION ( 'NONE',  ( -1.000000000000000000, 0.000000000000000000, 8.896017825522044226E-16 ) ) ;
#5387 = AXIS2_PLACEMENT_3D ( 'NONE', #5431, #3537, #180 ) ;
#5388 = DIRECTION ( 'NONE',  ( -7.906742672516238979E-16, -0.000000000000000000, -1.000000000000000000 ) ) ;
#5389 = DIRECTION ( 'NONE',  ( -7.906742672516238979E-16, -0.000000000000000000, -1.000000000000000000 ) ) ;
#5390 = CARTESIAN_POINT ( 'NONE',  ( -3.699999999999929567, 0.000000000000000000, 48.25000000000000000 ) ) ;
#5391 = CIRCLE ( 'NONE', #4477, 3.800000000000045564 ) ;
#5392 = ORIENTED_EDGE ( 'NONE', *, *, #5150, .F. ) ;
#5393 = EDGE_LOOP ( 'NONE', ( #3759, #5265, #1763, #3351 ) ) ;
#5394 = AXIS2_PLACEMENT_3D ( 'NONE', #3948, #527, #5875 ) ;
#5395 = AXIS2_PLACEMENT_3D ( 'NONE', #4752, #4189, #6113 ) ;
#5396 = CARTESIAN_POINT ( 'NONE',  ( 0.1000000000000300232, 0.000000000000000000, 28.25000000000000000 ) ) ;
#5397 = ORIENTED_EDGE ( 'NONE', *, *, #2815, .F. ) ;
#5398 = ORIENTED_EDGE ( 'NONE', *, *, #3695, .T. ) ;
#5399 = FACE_OUTER_BOUND ( 'NONE', #339, .T. ) ;
#5400 = ADVANCED_FACE ( 'NONE', ( #2568 ), #4042, .T. ) ;
#5401 = EDGE_CURVE ( 'NONE', #4387, #5470, #5505, .T. ) ;
#5402 = DIRECTION ( 'NONE',  ( -7.906742672516238979E-16, -0.000000000000000000, -1.000000000000000000 ) ) ;
#5403 = DIRECTION ( 'NONE',  ( -7.906742672516238979E-16, -0.000000000000000000, -1.000000000000000000 ) ) ;
#5404 = DIRECTION ( 'NONE',  ( -1.000000000000000000, 0.000000000000000000, 7.767418549149774956E-16 ) ) ;
#5405 = FACE_OUTER_BOUND ( 'NONE', #5501, .T. ) ;
#5406 = EDGE_LOOP ( 'NONE', ( #2196, #2738, #280, #1054 ) ) ;
#5407 = ORIENTED_EDGE ( 'NONE', *, *, #612, .F. ) ;
#5408 = DIRECTION ( 'NONE',  ( -1.000000000000000000, 0.000000000000000000, 0.000000000000000000 ) ) ;
#5409 = EDGE_CURVE ( 'NONE', #3530, #6102, #5859, .T. ) ;
#5410 = FACE_OUTER_BOUND ( 'NONE', #4044, .T. ) ;
#5411 = ORIENTED_EDGE ( 'NONE', *, *, #485, .T. ) ;
#5412 = CIRCLE ( 'NONE', #3079, 3.749999999999905409 ) ;
#5413 = DIRECTION ( 'NONE',  ( -7.906742672516238979E-16, -0.000000000000000000, -1.000000000000000000 ) ) ;
#5414 = CARTESIAN_POINT ( 'NONE',  ( 0.1000000000000037248, 0.000000000000000000, -5.000000000000000000 ) ) ;
#5415 = CARTESIAN_POINT ( 'NONE',  ( 3.999999999999746869, 0.000000000000000000, 16.69999999999999218 ) ) ;
#5416 = VECTOR ( 'NONE', #2521, 1000.000000000000000 ) ;
#5417 = CARTESIAN_POINT ( 'NONE',  ( 3.450000000000005063, 4.102566777143609122E-16, 21.24094427251858619 ) ) ;
#5418 = CARTESIAN_POINT ( 'NONE',  ( 0.1000000000000335065, 0.000000000000000000, 32.65000000000000568 ) ) ;
#5419 = ORIENTED_EDGE ( 'NONE', *, *, #3683, .F. ) ;
#5420 = VECTOR ( 'NONE', #5324, 1000.000000000000000 ) ;
#5421 = ORIENTED_EDGE ( 'NONE', *, *, #3525, .F. ) ;
#5422 = DIRECTION ( 'NONE',  ( -7.906742672516238979E-16, -0.000000000000000000, -1.000000000000000000 ) ) ;
#5423 = CONICAL_SURFACE ( 'NONE', #2696, 3.800000000000021139, 0.7853809166853954471 ) ;
#5424 = DIRECTION ( 'NONE',  ( 7.906742672516238979E-16, 0.000000000000000000, 1.000000000000000000 ) ) ;
#5425 = VERTEX_POINT ( 'NONE', #1170 ) ;
#5426 = AXIS2_PLACEMENT_3D ( 'NONE', #2179, #284, #3255 ) ;
#5427 = ADVANCED_FACE ( 'NONE', ( #2122 ), #598, .T. ) ;
#5428 = DIRECTION ( 'NONE',  ( -7.906742672516238979E-16, -0.000000000000000000, -1.000000000000000000 ) ) ;
#5429 = DIRECTION ( 'NONE',  ( -1.000000000000000000, 0.000000000000000000, 6.847592668329629256E-16 ) ) ;
#5430 = CARTESIAN_POINT ( 'NONE',  ( -3.700000000000016609, 0.000000000000000000, 35.05000000000000426 ) ) ;
#5431 = CARTESIAN_POINT ( 'NONE',  ( 0.1000000000000037248, 0.000000000000000000, -5.000000000000000000 ) ) ;
#5432 = CONICAL_SURFACE ( 'NONE', #379, 3.800000000000009592, 0.7853809166853968904 ) ;
#5433 = CARTESIAN_POINT ( 'NONE',  ( -3.699999999999991740, 0.000000000000000000, 42.25000000000000000 ) ) ;
#5434 = ORIENTED_EDGE ( 'NONE', *, *, #4419, .T. ) ;
#5435 = EDGE_LOOP ( 'NONE', ( #845, #2368, #4192, #1306 ) ) ;
#5436 = CARTESIAN_POINT ( 'NONE',  ( -3.249999999999973355, 0.000000000000000000, 19.49094427251859329 ) ) ;
#5437 = AXIS2_PLACEMENT_3D ( 'NONE', #2862, #467, #3854 ) ;
#5438 = DIRECTION ( 'NONE',  ( -1.000000000000000000, 0.000000000000000000, 1.035655806553322260E-15 ) ) ;
#5439 = VERTEX_POINT ( 'NONE', #3616 ) ;
#5440 = LINE ( 'NONE', #1494, #691 ) ;
#5441 = ADVANCED_FACE ( 'NONE', ( #4093 ), #2111, .T. ) ;
#5442 = ADVANCED_FACE ( 'NONE', ( #694 ), #5535, .T. ) ;
#5443 = DIRECTION ( 'NONE',  ( 0.6387678175155966365, 7.822649631188166948E-17, -0.7693995550468959443 ) ) ;
#5444 = FACE_OUTER_BOUND ( 'NONE', #3666, .T. ) ;
#5445 = DIRECTION ( 'NONE',  ( -1.000000000000000000, 0.000000000000000000, 7.906742672516239966E-16 ) ) ;
#5446 = AXIS2_PLACEMENT_3D ( 'NONE', #3795, #2404, #1894 ) ;
#5447 = FACE_OUTER_BOUND ( 'NONE', #4854, .T. ) ;
#5448 = DIRECTION ( 'NONE',  ( -1.000000000000000000, 0.000000000000000000, 0.000000000000000000 ) ) ;
#5449 = ORIENTED_EDGE ( 'NONE', *, *, #2397, .T. ) ;
#5450 = EDGE_CURVE ( 'NONE', #4944, #5425, #1710, .T. ) ;
#5451 = AXIS2_PLACEMENT_3D ( 'NONE', #190, #2087, #4028 ) ;
#5452 = EDGE_LOOP ( 'NONE', ( #1511, #1889, #2107, #3213 ) ) ;
#5453 = TOROIDAL_SURFACE ( 'NONE', #1404, 0.1999999999999346467, 9.700000000000001066 ) ;
#5454 = CARTESIAN_POINT ( 'NONE',  ( 0.1000000000000467876, 0.000000000000000000, 49.45000000000000284 ) ) ;
#5455 = AXIS2_PLACEMENT_3D ( 'NONE', #818, #4203, #1316 ) ;
#5456 = ORIENTED_EDGE ( 'NONE', *, *, #3921, .T. ) ;
#5457 = ADVANCED_FACE ( 'NONE', ( #3135 ), #3099, .T. ) ;
#5458 = CARTESIAN_POINT ( 'NONE',  ( 0.1000000000000037248, 0.000000000000000000, -5.000000000000000000 ) ) ;
#5459 = ORIENTED_EDGE ( 'NONE', *, *, #2914, .F. ) ;
#5460 = DIRECTION ( 'NONE',  ( -1.000000000000000000, 0.000000000000000000, 0.000000000000000000 ) ) ;
#5461 = FACE_OUTER_BOUND ( 'NONE', #6084, .T. ) ;
#5462 = CARTESIAN_POINT ( 'NONE',  ( 3.900000000000036771, 4.653657836759983159E-16, -5.000000000000002665 ) ) ;
#5463 = CARTESIAN_POINT ( 'NONE',  ( 0.1000000000000371841, 0.000000000000000000, 37.29999999999999716 ) ) ;
#5464 = VECTOR ( 'NONE', #3343, 1000.000000000000000 ) ;
#5465 = CARTESIAN_POINT ( 'NONE',  ( -3.799999999999718270, 4.776122516674354839E-16, 13.19999999999999574 ) ) ;
#5466 = ORIENTED_EDGE ( 'NONE', *, *, #608, .T. ) ;
#5467 = ORIENTED_EDGE ( 'NONE', *, *, #1309, .F. ) ;
#5468 = CYLINDRICAL_SURFACE ( 'NONE', #1186, 3.350000000000038280 ) ;
#5469 = CARTESIAN_POINT ( 'NONE',  ( 0.1000000000000387246, 0.000000000000000000, 39.24998447769144860 ) ) ;
#5470 = VERTEX_POINT ( 'NONE', #4063 ) ;
#5471 = AXIS2_PLACEMENT_3D ( 'NONE', #117, #3080, #2041 ) ;
#5472 = EDGE_CURVE ( 'NONE', #4233, #2176, #1588, .T. ) ;
#5473 = CARTESIAN_POINT ( 'NONE',  ( -3.249999999999978684, 0.000000000000000000, 45.19202761985993533 ) ) ;
#5474 = DIRECTION ( 'NONE',  ( -1.000000000000000000, 0.000000000000000000, 8.896017825522685175E-16 ) ) ;
#5475 = DIRECTION ( 'NONE',  ( -1.000000000000000000, 0.000000000000000000, 7.767418549149761151E-16 ) ) ;
#5476 = VECTOR ( 'NONE', #2432, 1000.000000000000000 ) ;
#5477 = ADVANCED_FACE ( 'NONE', ( #3404 ), #387, .T. ) ;
#5478 = FACE_OUTER_BOUND ( 'NONE', #2012, .T. ) ;
#5479 = LINE ( 'NONE', #732, #6099 ) ;
#5480 = CARTESIAN_POINT ( 'NONE',  ( 3.899999999999955502, 4.653657836759883565E-16, -5.000000000000002665 ) ) ;
#5481 = VERTEX_POINT ( 'NONE', #3551 ) ;
#5482 = CARTESIAN_POINT ( 'NONE',  ( 3.900000000000002576, 4.653657836759940757E-16, -5.000000000000002665 ) ) ;
#5483 = CIRCLE ( 'NONE', #36, 3.899999999999686384 ) ;
#5484 = DIRECTION ( 'NONE',  ( -1.000000000000000000, 0.000000000000000000, 7.767418549149887369E-16 ) ) ;
#5485 = ORIENTED_EDGE ( 'NONE', *, *, #1081, .F. ) ;
#5486 = DIRECTION ( 'NONE',  ( -7.906742672516238979E-16, -0.000000000000000000, -1.000000000000000000 ) ) ;
#5487 = ORIENTED_EDGE ( 'NONE', *, *, #5193, .T. ) ;
#5488 = AXIS2_PLACEMENT_3D ( 'NONE', #2638, #4156, #3201 ) ;
#5489 = LINE ( 'NONE', #2933, #3425 ) ;
#5490 = EDGE_CURVE ( 'NONE', #1176, #5957, #4731, .T. ) ;
#5491 = CARTESIAN_POINT ( 'NONE',  ( 3.450000000000031264, 4.347496136973050625E-16, 12.14999999999999503 ) ) ;
#5492 = FACE_OUTER_BOUND ( 'NONE', #3304, .T. ) ;
#5493 = VECTOR ( 'NONE', #3520, 1000.000000000000114 ) ;
#5494 = CARTESIAN_POINT ( 'NONE',  ( 0.1000000000000175610, 0.000000000000000000, 12.49094427251858797 ) ) ;
#5495 = VECTOR ( 'NONE', #5295, 1000.000000000000000 ) ;
#5496 = DIRECTION ( 'NONE',  ( 7.906742672516238979E-16, 0.000000000000000000, 1.000000000000000000 ) ) ;
#5497 = ORIENTED_EDGE ( 'NONE', *, *, #662, .T. ) ;
#5498 = EDGE_LOOP ( 'NONE', ( #2509, #3931, #4104, #926 ) ) ;
#5499 = LINE ( 'NONE', #2113, #5525 ) ;
#5500 = ADVANCED_FACE ( 'NONE', ( #3036 ), #162, .T. ) ;
#5501 = EDGE_LOOP ( 'NONE', ( #1818, #359, #957, #2147 ) ) ;
#5502 = DIRECTION ( 'NONE',  ( 7.906742672516238979E-16, 0.000000000000000000, 1.000000000000000000 ) ) ;
#5503 = CARTESIAN_POINT ( 'NONE',  ( 0.1000000000000037248, 0.000000000000000000, -5.000000000000000000 ) ) ;
#5504 = ADVANCED_FACE ( 'NONE', ( #4149 ), #5752, .T. ) ;
#5505 = LINE ( 'NONE', #2152, #696 ) ;
#5506 = CARTESIAN_POINT ( 'NONE',  ( 3.450000000000066791, 4.102566777143664342E-16, 44.04998447769145287 ) ) ;
#5507 = AXIS2_PLACEMENT_3D ( 'NONE', #78, #2001, #3937 ) ;
#5508 = DIRECTION ( 'NONE',  ( -7.906742672516238979E-16, -0.000000000000000000, -1.000000000000000000 ) ) ;
#5509 = DIRECTION ( 'NONE',  ( -7.906742672516238979E-16, -0.000000000000000000, -1.000000000000000000 ) ) ;
#5510 = ORIENTED_EDGE ( 'NONE', *, *, #5520, .F. ) ;
#5511 = DIRECTION ( 'NONE',  ( -7.906742672516238979E-16, -0.000000000000000000, -1.000000000000000000 ) ) ;
#5512 = CIRCLE ( 'NONE', #5108, 3.799999999999963407 ) ;
#5513 = CARTESIAN_POINT ( 'NONE',  ( 0.1000000000000344502, 0.000000000000000000, 33.85000000000000853 ) ) ;
#5514 = DIRECTION ( 'NONE',  ( -1.000000000000000000, 0.000000000000000000, 7.767418549149854829E-16 ) ) ;
#5515 = ORIENTED_EDGE ( 'NONE', *, *, #3198, .F. ) ;
#5516 = CARTESIAN_POINT ( 'NONE',  ( -3.250000000000057732, 0.000000000000000000, -4.999999999999997335 ) ) ;
#5517 = ORIENTED_EDGE ( 'NONE', *, *, #3734, .T. ) ;
#5518 = ADVANCED_FACE ( 'NONE', ( #5565 ), #882, .T. ) ;
#5519 = ORIENTED_EDGE ( 'NONE', *, *, #4721, .F. ) ;
#5520 = EDGE_CURVE ( 'NONE', #2388, #4446, #1830, .T. ) ;
#5521 = DIRECTION ( 'NONE',  ( -1.000000000000000000, 0.000000000000000000, 0.000000000000000000 ) ) ;
#5522 = AXIS2_PLACEMENT_3D ( 'NONE', #5000, #663, #2595 ) ;
#5523 = DIRECTION ( 'NONE',  ( -7.906742672516238979E-16, -0.000000000000000000, -1.000000000000000000 ) ) ;
#5524 = DIRECTION ( 'NONE',  ( -7.906742672516238979E-16, -0.000000000000000000, -1.000000000000000000 ) ) ;
#5525 = VECTOR ( 'NONE', #688, 1000.000000000000000 ) ;
#5526 = FACE_OUTER_BOUND ( 'NONE', #4717, .T. ) ;
#5527 = ORIENTED_EDGE ( 'NONE', *, *, #395, .F. ) ;
#5528 = ORIENTED_EDGE ( 'NONE', *, *, #4810, .F. ) ;
#5529 = CARTESIAN_POINT ( 'NONE',  ( 0.1000000000000352829, 0.000000000000000000, 34.89999999999999858 ) ) ;
#5530 = EDGE_LOOP ( 'NONE', ( #5643, #63, #6087, #5351 ) ) ;
#5531 = FACE_OUTER_BOUND ( 'NONE', #2791, .T. ) ;
#5532 = ADVANCED_FACE ( 'NONE', ( #2810 ), #4633, .T. ) ;
#5533 = CONICAL_SURFACE ( 'NONE', #6141, 3.800000000000054889, 0.7853809166853988888 ) ;
#5534 = CARTESIAN_POINT ( 'NONE',  ( 3.450000000000093436, 4.378112306951854319E-16, 36.79202761985992964 ) ) ;
#5535 = CYLINDRICAL_SURFACE ( 'NONE', #3118, 3.800000000000045564 ) ;
#5536 = CARTESIAN_POINT ( 'NONE',  ( 0.1000000000000316053, 0.000000000000000000, 30.25000000000000355 ) ) ;
#5537 = AXIS2_PLACEMENT_3D ( 'NONE', #532, #1982, #2100 ) ;
#5538 = CARTESIAN_POINT ( 'NONE',  ( 0.1000000000000377254, 0.000000000000000000, 37.99202761985993959 ) ) ;
#5539 = DIRECTION ( 'NONE',  ( -7.906742672516238979E-16, -0.000000000000000000, -1.000000000000000000 ) ) ;
#5540 = ADVANCED_FACE ( 'NONE', ( #2248 ), #2211, .T. ) ;
#5541 = VECTOR ( 'NONE', #5385, 1000.000000000000000 ) ;
#5542 = CARTESIAN_POINT ( 'NONE',  ( 0.1000000000000037248, 0.000000000000000000, -5.000000000000000000 ) ) ;
#5543 = DIRECTION ( 'NONE',  ( -1.000000000000000000, 0.000000000000000000, 7.767418549149774956E-16 ) ) ;
#5544 = AXIS2_PLACEMENT_3D ( 'NONE', #1928, #133, #3867 ) ;
#5545 = ORIENTED_EDGE ( 'NONE', *, *, #2025, .F. ) ;
#5546 = AXIS2_PLACEMENT_3D ( 'NONE', #5256, #947, #3453 ) ;
#5547 = ADVANCED_FACE ( 'NONE', ( #5665 ), #892, .T. ) ;
#5548 = DIRECTION ( 'NONE',  ( -1.000000000000000000, 0.000000000000000000, 7.906742672516238979E-16 ) ) ;
#5549 = CARTESIAN_POINT ( 'NONE',  ( 0.1000000000000496325, 0.000000000000000000, 53.04999999999999716 ) ) ;
#5550 = VECTOR ( 'NONE', #5308, 1000.000000000000227 ) ;
#5551 = FACE_OUTER_BOUND ( 'NONE', #2050, .T. ) ;
#5552 = EDGE_CURVE ( 'NONE', #4362, #3788, #5632, .T. ) ;
#5553 = LINE ( 'NONE', #336, #1846 ) ;
#5554 = VECTOR ( 'NONE', #5081, 1000.000000000000000 ) ;
#5555 = FACE_OUTER_BOUND ( 'NONE', #5498, .T. ) ;
#5556 = ORIENTED_EDGE ( 'NONE', *, *, #1618, .T. ) ;
#5557 = AXIS2_PLACEMENT_3D ( 'NONE', #3445, #5376, #1030 ) ;
#5558 = VERTEX_POINT ( 'NONE', #6074 ) ;
#5559 = DIRECTION ( 'NONE',  ( -1.000000000000000000, 0.000000000000000000, 0.000000000000000000 ) ) ;
#5560 = ORIENTED_EDGE ( 'NONE', *, *, #795, .F. ) ;
#5561 = CARTESIAN_POINT ( 'NONE',  ( 0.1000000000000037248, 0.000000000000000000, -5.000000000000000000 ) ) ;
#5562 = EDGE_LOOP ( 'NONE', ( #2854, #3193, #5247, #3205 ) ) ;
#5563 = VECTOR ( 'NONE', #175, 1000.000000000000000 ) ;
#5564 = CARTESIAN_POINT ( 'NONE',  ( 3.900000000000038991, 0.000000000000000000, 45.69999999999999574 ) ) ;
#5565 = FACE_OUTER_BOUND ( 'NONE', #5892, .T. ) ;
#5566 = DIRECTION ( 'NONE',  ( 1.000000000000000000, 0.000000000000000000, 0.000000000000000000 ) ) ;
#5567 = AXIS2_PLACEMENT_3D ( 'NONE', #4627, #3713, #3239 ) ;
#5568 = DIRECTION ( 'NONE',  ( -7.906742672516238979E-16, -0.000000000000000000, -1.000000000000000000 ) ) ;
#5569 = ORIENTED_EDGE ( 'NONE', *, *, #1183, .F. ) ;
#5570 = DIRECTION ( 'NONE',  ( -7.906742672516238979E-16, -0.000000000000000000, -1.000000000000000000 ) ) ;
#5571 = EDGE_CURVE ( 'NONE', #5316, #1419, #1609, .T. ) ;
#5572 = DIRECTION ( 'NONE',  ( -7.906742672516238979E-16, -0.000000000000000000, -1.000000000000000000 ) ) ;
#5573 = ADVANCED_FACE ( 'NONE', ( #3224 ), #2180, .T. ) ;
#5574 = LINE ( 'NONE', #2672, #4580 ) ;
#5575 = CIRCLE ( 'NONE', #5785, 3.855270839527026094 ) ;
#5576 = ORIENTED_EDGE ( 'NONE', *, *, #4282, .T. ) ;
#5577 = FACE_OUTER_BOUND ( 'NONE', #6219, .T. ) ;
#5578 = VERTEX_POINT ( 'NONE', #6169 ) ;
#5579 = ORIENTED_EDGE ( 'NONE', *, *, #4935, .F. ) ;
#5580 = CARTESIAN_POINT ( 'NONE',  ( 0.1000000000000037248, 0.000000000000000000, -5.000000000000000000 ) ) ;
#5581 = DIRECTION ( 'NONE',  ( 1.000000000000000000, 0.000000000000000000, 0.000000000000000000 ) ) ;
#5582 = DIRECTION ( 'NONE',  ( -7.906742672516238979E-16, -0.000000000000000000, -1.000000000000000000 ) ) ;
#5583 = CARTESIAN_POINT ( 'NONE',  ( 0.1000000000000491052, 0.000000000000000000, 52.39202761985993106 ) ) ;
#5584 = AXIS2_PLACEMENT_3D ( 'NONE', #1775, #3678, #5543 ) ;
#5585 = LINE ( 'NONE', #1758, #4061 ) ;
#5586 = ORIENTED_EDGE ( 'NONE', *, *, #4017, .T. ) ;
#5587 = ORIENTED_EDGE ( 'NONE', *, *, #2768, .F. ) ;
#5588 = EDGE_CURVE ( 'NONE', #676, #629, #1264, .T. ) ;
#5589 = EDGE_CURVE ( 'NONE', #299, #1596, #5958, .T. ) ;
#5590 = DIRECTION ( 'NONE',  ( -1.000000000000000000, 0.000000000000000000, 8.896017825522700952E-16 ) ) ;
#5591 = VECTOR ( 'NONE', #5806, 1000.000000000000114 ) ;
#5592 = DIRECTION ( 'NONE',  ( -7.906742672516238979E-16, -0.000000000000000000, -1.000000000000000000 ) ) ;
#5593 = CONICAL_SURFACE ( 'NONE', #5085, 3.799999999999998046, 0.7853809166853964463 ) ;
#5594 = EDGE_CURVE ( 'NONE', #5045, #6134, #6052, .T. ) ;
#5595 = ORIENTED_EDGE ( 'NONE', *, *, #2354, .T. ) ;
#5596 = DIRECTION ( 'NONE',  ( -7.906742672516238979E-16, -0.000000000000000000, -1.000000000000000000 ) ) ;
#5597 = ORIENTED_EDGE ( 'NONE', *, *, #3501, .F. ) ;
#5598 = AXIS2_PLACEMENT_3D ( 'NONE', #3939, #4941, #5898 ) ;
#5599 = EDGE_CURVE ( 'NONE', #2449, #4856, #4047, .T. ) ;
#5600 = EDGE_CURVE ( 'NONE', #3530, #4856, #3645, .T. ) ;
#5601 = DIRECTION ( 'NONE',  ( -7.906742672516238979E-16, -0.000000000000000000, -1.000000000000000000 ) ) ;
#5602 = DIRECTION ( 'NONE',  ( 7.906742672516238979E-16, 0.000000000000000000, 1.000000000000000000 ) ) ;
#5603 = FACE_OUTER_BOUND ( 'NONE', #4158, .T. ) ;
#5604 = CARTESIAN_POINT ( 'NONE',  ( 0.1000000000000195038, 0.000000000000000000, 14.94999999999999396 ) ) ;
#5605 = ORIENTED_EDGE ( 'NONE', *, *, #3369, .T. ) ;
#5606 = CARTESIAN_POINT ( 'NONE',  ( 0.1000000000000415695, 0.000000000000000000, 42.84998447769145713 ) ) ;
#5607 = DIRECTION ( 'NONE',  ( -7.906742672516238979E-16, -0.000000000000000000, -1.000000000000000000 ) ) ;
#5608 = CARTESIAN_POINT ( 'NONE',  ( -3.699999999999979305, 0.000000000000000000, 43.45000000000000284 ) ) ;
#5609 = ORIENTED_EDGE ( 'NONE', *, *, #3952, .F. ) ;
#5610 = CIRCLE ( 'NONE', #1675, 3.350000000000013856 ) ;
#5611 = DIRECTION ( 'NONE',  ( -1.000000000000000000, 0.000000000000000000, 0.000000000000000000 ) ) ;
#5612 = EDGE_LOOP ( 'NONE', ( #1592, #2828, #4595, #5889 ) ) ;
#5613 = ADVANCED_FACE ( 'NONE', ( #3701 ), #5453, .T. ) ;
#5614 = CARTESIAN_POINT ( 'NONE',  ( 0.1000000000000429989, 0.000000000000000000, 44.65000000000000568 ) ) ;
#5615 = CIRCLE ( 'NONE', #2885, 3.900000000000038103 ) ;
#5616 = DIRECTION ( 'NONE',  ( -1.000000000000000000, 0.000000000000000000, 7.767418549149766082E-16 ) ) ;
#5617 = LINE ( 'NONE', #6004, #631 ) ;
#5618 = CARTESIAN_POINT ( 'NONE',  ( 0.1000000000000037248, 0.000000000000000000, -5.000000000000000000 ) ) ;
#5619 = ORIENTED_EDGE ( 'NONE', *, *, #222, .T. ) ;
#5620 = ADVANCED_FACE ( 'NONE', ( #4213 ), #1303, .T. ) ;
#5621 = ORIENTED_EDGE ( 'NONE', *, *, #3032, .T. ) ;
#5622 = VECTOR ( 'NONE', #5194, 999.9999999999998863 ) ;
#5623 = FACE_OUTER_BOUND ( 'NONE', #5677, .T. ) ;
#5624 = LINE ( 'NONE', #1257, #4144 ) ;
#5625 = CONICAL_SURFACE ( 'NONE', #1784, 3.800000000000061107, 0.6928957130417444654 ) ;
#5626 = VERTEX_POINT ( 'NONE', #4709 ) ;
#5627 = DIRECTION ( 'NONE',  ( -7.906742672516238979E-16, -0.000000000000000000, -1.000000000000000000 ) ) ;
#5628 = ORIENTED_EDGE ( 'NONE', *, *, #2926, .T. ) ;
#5629 = ORIENTED_EDGE ( 'NONE', *, *, #5648, .F. ) ;
#5630 = DIRECTION ( 'NONE',  ( -7.906742672516238979E-16, -0.000000000000000000, -1.000000000000000000 ) ) ;
#5631 = VECTOR ( 'NONE', #185, 1000.000000000000000 ) ;
#5632 = LINE ( 'NONE', #1325, #3632 ) ;
#5633 = EDGE_CURVE ( 'NONE', #512, #541, #391, .T. ) ;
#5634 = EDGE_CURVE ( 'NONE', #877, #5316, #513, .T. ) ;
#5635 = CARTESIAN_POINT ( 'NONE',  ( 3.900000000000068301, 4.653657836760021616E-16, -5.000000000000002665 ) ) ;
#5636 = LINE ( 'NONE', #5734, #2618 ) ;
#5637 = DIRECTION ( 'NONE',  ( -7.906742672516238979E-16, -0.000000000000000000, -1.000000000000000000 ) ) ;
#5638 = CIRCLE ( 'NONE', #5233, 3.800000000000064659 ) ;
#5639 = CARTESIAN_POINT ( 'NONE',  ( 0.1000000000000264150, 0.000000000000000000, 23.69999999999999929 ) ) ;
#5640 = DIRECTION ( 'NONE',  ( -7.906742672516238979E-16, -0.000000000000000000, -1.000000000000000000 ) ) ;
#5641 = ORIENTED_EDGE ( 'NONE', *, *, #79, .F. ) ;
#5642 = DIRECTION ( 'NONE',  ( -7.906742672516238979E-16, -0.000000000000000000, -1.000000000000000000 ) ) ;
#5643 = ORIENTED_EDGE ( 'NONE', *, *, #55, .T. ) ;
#5644 = ORIENTED_EDGE ( 'NONE', *, *, #4556, .F. ) ;
#5645 = AXIS2_PLACEMENT_3D ( 'NONE', #1187, #240, #744 ) ;
#5646 = CARTESIAN_POINT ( 'NONE',  ( 0.1000000000000481615, 0.000000000000000000, 51.19202761985992822 ) ) ;
#5647 = VECTOR ( 'NONE', #1293, 1000.000000000000114 ) ;
#5648 = EDGE_CURVE ( 'NONE', #3507, #4953, #2323, .T. ) ;
#5649 = DIRECTION ( 'NONE',  ( -0.6387678175155940830, 0.000000000000000000, -0.7693995550468980538 ) ) ;
#5650 = ORIENTED_EDGE ( 'NONE', *, *, #2501, .F. ) ;
#5651 = CARTESIAN_POINT ( 'NONE',  ( 0.1000000000000037248, 0.000000000000000000, -5.000000000000000000 ) ) ;
#5652 = EDGE_LOOP ( 'NONE', ( #4896, #3280, #1144, #5545 ) ) ;
#5653 = CIRCLE ( 'NONE', #1714, 3.350000000000018296 ) ;
#5654 = ORIENTED_EDGE ( 'NONE', *, *, #4482, .T. ) ;
#5655 = CIRCLE ( 'NONE', #3438, 3.899999999999722800 ) ;
#5656 = CARTESIAN_POINT ( 'NONE',  ( -3.249999999999995559, 0.000000000000000000, -4.999999999999997335 ) ) ;
#5657 = EDGE_CURVE ( 'NONE', #3484, #4963, #978, .T. ) ;
#5658 = CIRCLE ( 'NONE', #809, 3.349999999999955680 ) ;
#5659 = ORIENTED_EDGE ( 'NONE', *, *, #5244, .F. ) ;
#5660 = DIRECTION ( 'NONE',  ( -7.906742672516238979E-16, -0.000000000000000000, -1.000000000000000000 ) ) ;
#5661 = ORIENTED_EDGE ( 'NONE', *, *, #458, .T. ) ;
#5662 = EDGE_LOOP ( 'NONE', ( #3772, #5595, #3806, #5916 ) ) ;
#5663 = CARTESIAN_POINT ( 'NONE',  ( 3.800000000000029132, 4.531193156845237755E-16, -5.000000000000002665 ) ) ;
#5664 = AXIS2_PLACEMENT_3D ( 'NONE', #563, #2494, #4425 ) ;
#5665 = FACE_OUTER_BOUND ( 'NONE', #5298, .T. ) ;
#5666 = EDGE_CURVE ( 'NONE', #6038, #3125, #4945, .T. ) ;
#5667 = DIRECTION ( 'NONE',  ( -1.000000000000000000, 0.000000000000000000, 0.000000000000000000 ) ) ;
#5668 = AXIS2_PLACEMENT_3D ( 'NONE', #4761, #870, #6185 ) ;
#5669 = CARTESIAN_POINT ( 'NONE',  ( -3.249999999999991562, 0.000000000000000000, -4.999999999999997335 ) ) ;
#5670 = EDGE_CURVE ( 'NONE', #5728, #4479, #3639, .T. ) ;
#5671 = AXIS2_PLACEMENT_3D ( 'NONE', #741, #2549, #4105 ) ;
#5672 = DIRECTION ( 'NONE',  ( 1.000000000000000000, 0.000000000000000000, 0.000000000000000000 ) ) ;
#5673 = EDGE_CURVE ( 'NONE', #816, #2197, #897, .T. ) ;
#5674 = CARTESIAN_POINT ( 'NONE',  ( 3.999999999999712230, 0.000000000000000000, 21.94999999999999218 ) ) ;
#5675 = VERTEX_POINT ( 'NONE', #4307 ) ;
#5676 = CIRCLE ( 'NONE', #5471, 3.350000000000047162 ) ;
#5677 = EDGE_LOOP ( 'NONE', ( #6225, #4754, #3309, #4644 ) ) ;
#5678 = ORIENTED_EDGE ( 'NONE', *, *, #5173, .T. ) ;
#5679 = EDGE_CURVE ( 'NONE', #4363, #5198, #5867, .T. ) ;
#5680 = CARTESIAN_POINT ( 'NONE',  ( 0.1000000000000059591, 0.000000000000000000, -2.192897763973491898 ) ) ;
#5681 = VECTOR ( 'NONE', #4427, 1000.000000000000000 ) ;
#5682 = CARTESIAN_POINT ( 'NONE',  ( 0.1000000000000037248, 0.000000000000000000, -5.000000000000000000 ) ) ;
#5683 = CARTESIAN_POINT ( 'NONE',  ( 3.450000000000047251, 4.439344646909011563E-16, 14.01622293754998694 ) ) ;
#5684 = ORIENTED_EDGE ( 'NONE', *, *, #4958, .F. ) ;
#5685 = CIRCLE ( 'NONE', #2852, 3.799999999999940758 ) ;
#5686 = ORIENTED_EDGE ( 'NONE', *, *, #1530, .T. ) ;
#5687 = CARTESIAN_POINT ( 'NONE',  ( 3.900000000000087397, 4.653657836760005838E-16, 35.05000000000000426 ) ) ;
#5688 = CONICAL_SURFACE ( 'NONE', #2476, 3.750000000000011546, 0.2905973204570552748 ) ;
#5689 = CARTESIAN_POINT ( 'NONE',  ( -3.700000000000054801, 0.000000000000000000, -4.999999999999997335 ) ) ;
#5690 = VECTOR ( 'NONE', #6245, 1000.000000000000000 ) ;
#5691 = ORIENTED_EDGE ( 'NONE', *, *, #1148, .F. ) ;
#5692 = DIRECTION ( 'NONE',  ( 1.000000000000000000, 0.000000000000000000, 0.000000000000000000 ) ) ;
#5693 = ORIENTED_EDGE ( 'NONE', *, *, #293, .F. ) ;
#5694 = ORIENTED_EDGE ( 'NONE', *, *, #4782, .F. ) ;
#5695 = EDGE_CURVE ( 'NONE', #3574, #1477, #1905, .T. ) ;
#5696 = CIRCLE ( 'NONE', #1954, 3.800000000000061107 ) ;
#5697 = CARTESIAN_POINT ( 'NONE',  ( 3.999999999999756195, 4.776122516674355825E-16, 15.14999999999999325 ) ) ;
#5698 = DIRECTION ( 'NONE',  ( -1.000000000000000000, 0.000000000000000000, 0.000000000000000000 ) ) ;
#5699 = EDGE_LOOP ( 'NONE', ( #1972, #1254, #506, #1385 ) ) ;
#5700 = AXIS2_PLACEMENT_3D ( 'NONE', #4687, #5166, #2348 ) ;
#5701 = CARTESIAN_POINT ( 'NONE',  ( 0.1000000000000390715, 0.000000000000000000, 39.69999999999999574 ) ) ;
#5702 = CONICAL_SURFACE ( 'NONE', #1051, 3.800000000000021139, 0.6928957130417454646 ) ;
#5703 = DIRECTION ( 'NONE',  ( 1.000000000000000000, 0.000000000000000000, -7.906742672516238979E-16 ) ) ;
#5704 = CARTESIAN_POINT ( 'NONE',  ( -3.700000000000028599, 0.000000000000000000, 31.45000000000000639 ) ) ;
#5705 = CARTESIAN_POINT ( 'NONE',  ( 2.882150266735011179, 3.407151418903976081E-16, 0.9999999999999961142 ) ) ;
#5706 = CYLINDRICAL_SURFACE ( 'NONE', #5395, 3.349999999999980993 ) ;
#5707 = EDGE_LOOP ( 'NONE', ( #2830, #317, #3598, #1725 ) ) ;
#5708 = ORIENTED_EDGE ( 'NONE', *, *, #3828, .F. ) ;
#5709 = ORIENTED_EDGE ( 'NONE', *, *, #4406, .T. ) ;
#5710 = ADVANCED_FACE ( 'NONE', ( #1490 ), #4775, .T. ) ;
#5711 = CARTESIAN_POINT ( 'NONE',  ( 0.1000000000000037248, 0.000000000000000000, -5.000000000000000000 ) ) ;
#5712 = LINE ( 'NONE', #4758, #3572 ) ;
#5713 = AXIS2_PLACEMENT_3D ( 'NONE', #2865, #3414, #2935 ) ;
#5714 = EDGE_CURVE ( 'NONE', #5775, #3049, #5353, .T. ) ;
#5715 = EDGE_CURVE ( 'NONE', #4798, #5177, #602, .T. ) ;
#5716 = CARTESIAN_POINT ( 'NONE',  ( 0.1000000000000448863, 0.000000000000000000, 47.05000000000000426 ) ) ;
#5717 = ORIENTED_EDGE ( 'NONE', *, *, #3634, .T. ) ;
#5718 = ORIENTED_EDGE ( 'NONE', *, *, #56, .T. ) ;
#5719 = CARTESIAN_POINT ( 'NONE',  ( -3.249999999999982236, 0.000000000000000000, 44.04998447769145287 ) ) ;
#5720 = AXIS2_PLACEMENT_3D ( 'NONE', #4166, #745, #2676 ) ;
#5721 = FACE_OUTER_BOUND ( 'NONE', #2267, .T. ) ;
#5722 = CARTESIAN_POINT ( 'NONE',  ( 0.1000000000000182687, 0.000000000000000000, 13.39999999999999503 ) ) ;
#5723 = DIRECTION ( 'NONE',  ( -7.906742672516238979E-16, -0.000000000000000000, -1.000000000000000000 ) ) ;
#5724 = ORIENTED_EDGE ( 'NONE', *, *, #558, .T. ) ;
#5725 = ADVANCED_FACE ( 'NONE', ( #4871 ), #4340, .T. ) ;
#5726 = AXIS2_PLACEMENT_3D ( 'NONE', #3173, #2408, #10 ) ;
#5727 = DIRECTION ( 'NONE',  ( -1.000000000000000000, 0.000000000000000000, 0.000000000000000000 ) ) ;
#5728 = VERTEX_POINT ( 'NONE', #2474 ) ;
#5729 = ORIENTED_EDGE ( 'NONE', *, *, #255, .F. ) ;
#5730 = LINE ( 'NONE', #4803, #5336 ) ;
#5731 = CARTESIAN_POINT ( 'NONE',  ( 0.1000000000000406258, 0.000000000000000000, 41.64998447769144718 ) ) ;
#5732 = AXIS2_PLACEMENT_3D ( 'NONE', #5122, #3643, #4613 ) ;
#5733 = FACE_OUTER_BOUND ( 'NONE', #29, .T. ) ;
#5734 = CARTESIAN_POINT ( 'NONE',  ( 3.900000000000021227, 4.653657836759911175E-16, 48.25000000000000000 ) ) ;
#5735 = AXIS2_PLACEMENT_3D ( 'NONE', #6229, #5219, #2971 ) ;
#5736 = DIRECTION ( 'NONE',  ( -1.000000000000000000, 0.000000000000000000, 0.000000000000000000 ) ) ;
#5737 = CARTESIAN_POINT ( 'NONE',  ( 3.900000000000042100, 0.000000000000000000, 45.69999999999999574 ) ) ;
#5738 = CARTESIAN_POINT ( 'NONE',  ( 3.450000000000039257, 4.102566777143649551E-16, 23.10944819064918221 ) ) ;
#5739 = EDGE_CURVE ( 'NONE', #445, #1419, #5282, .T. ) ;
#5740 = ORIENTED_EDGE ( 'NONE', *, *, #2338, .F. ) ;
#5741 = ORIENTED_EDGE ( 'NONE', *, *, #1049, .F. ) ;
#5742 = ORIENTED_EDGE ( 'NONE', *, *, #4194, .F. ) ;
#5743 = DIRECTION ( 'NONE',  ( -7.906742672516238979E-16, -0.000000000000000000, -1.000000000000000000 ) ) ;
#5744 = DIRECTION ( 'NONE',  ( 0.6129070536529775959, 0.000000000000000000, 0.7901550123756895250 ) ) ;
#5745 = AXIS2_PLACEMENT_3D ( 'NONE', #3846, #3746, #1847 ) ;
#5746 = FACE_OUTER_BOUND ( 'NONE', #690, .T. ) ;
#5747 = ORIENTED_EDGE ( 'NONE', *, *, #862, .F. ) ;
#5748 = ORIENTED_EDGE ( 'NONE', *, *, #4929, .F. ) ;
#5749 = AXIS2_PLACEMENT_3D ( 'NONE', #198, #1625, #2726 ) ;
#5750 = DIRECTION ( 'NONE',  ( -1.000000000000000000, 0.000000000000000000, 0.000000000000000000 ) ) ;
#5751 = EDGE_CURVE ( 'NONE', #2449, #779, #3, .T. ) ;
#5752 = CONICAL_SURFACE ( 'NONE', #1098, 3.749999999999899192, 0.6108652381979998713 ) ;
#5753 = ADVANCED_FACE ( 'NONE', ( #2874 ), #1993, .T. ) ;
#5754 = CARTESIAN_POINT ( 'NONE',  ( 0.1000000000000037248, 0.000000000000000000, -5.000000000000000000 ) ) ;
#5755 = DIRECTION ( 'NONE',  ( -7.906742672516238979E-16, -0.000000000000000000, -1.000000000000000000 ) ) ;
#5756 = LINE ( 'NONE', #5689, #5476 ) ;
#5757 = ORIENTED_EDGE ( 'NONE', *, *, #1561, .F. ) ;
#5758 = DIRECTION ( 'NONE',  ( -7.906742672516238979E-16, -0.000000000000000000, -1.000000000000000000 ) ) ;
#5759 = ORIENTED_EDGE ( 'NONE', *, *, #2808, .F. ) ;
#5760 = VECTOR ( 'NONE', #3963, 1000.000000000000000 ) ;
#5761 = ORIENTED_EDGE ( 'NONE', *, *, #4552, .F. ) ;
#5762 = CARTESIAN_POINT ( 'NONE',  ( 0.1000000000000439426, 0.000000000000000000, 45.85000000000000142 ) ) ;
#5763 = DIRECTION ( 'NONE',  ( -7.906742672516238979E-16, -0.000000000000000000, -1.000000000000000000 ) ) ;
#5764 = CIRCLE ( 'NONE', #3026, 3.350000000000022293 ) ;
#5765 = CONICAL_SURFACE ( 'NONE', #2715, 3.800000000000033129, 0.6928957130417464638 ) ;
#5766 = CYLINDRICAL_SURFACE ( 'NONE', #432, 3.350000000000023181 ) ;
#5767 = DIRECTION ( 'NONE',  ( -7.906742672516238979E-16, -0.000000000000000000, -1.000000000000000000 ) ) ;
#5768 = DIRECTION ( 'NONE',  ( -0.6387678175155919735, 0.000000000000000000, -0.7693995550468998301 ) ) ;
#5769 = DIRECTION ( 'NONE',  ( -1.000000000000000000, 0.000000000000000000, 8.896017825522689120E-16 ) ) ;
#5770 = EDGE_CURVE ( 'NONE', #944, #365, #4348, .T. ) ;
#5771 = DIRECTION ( 'NONE',  ( -1.000000000000000000, 0.000000000000000000, 8.896017825522799560E-16 ) ) ;
#5772 = CIRCLE ( 'NONE', #1019, 3.799999999999998046 ) ;
#5773 = DIRECTION ( 'NONE',  ( -1.000000000000000000, 0.000000000000000000, 0.000000000000000000 ) ) ;
#5774 = ORIENTED_EDGE ( 'NONE', *, *, #1361, .T. ) ;
#5775 = VERTEX_POINT ( 'NONE', #6202 ) ;
#5776 = VERTEX_POINT ( 'NONE', #1863 ) ;
#5777 = EDGE_CURVE ( 'NONE', #2079, #5578, #1007, .T. ) ;
#5778 = CARTESIAN_POINT ( 'NONE',  ( 0.1000000000000175610, 0.000000000000000000, 12.49094427251858797 ) ) ;
#5779 = CARTESIAN_POINT ( 'NONE',  ( 3.450000000000001510, 4.102566777143630323E-16, -5.000000000000002665 ) ) ;
#5780 = CONICAL_SURFACE ( 'NONE', #5381, 3.800000000000042455, 0.6928957130417383592 ) ;
#5781 = DIRECTION ( 'NONE',  ( -1.000000000000000000, 0.000000000000000000, 8.360113137237602287E-16 ) ) ;
#5782 = ORIENTED_EDGE ( 'NONE', *, *, #941, .F. ) ;
#5783 = EDGE_LOOP ( 'NONE', ( #6129, #464, #5023, #3774 ) ) ;
#5784 = ADVANCED_FACE ( 'NONE', ( #3865 ), #5796, .T. ) ;
#5785 = AXIS2_PLACEMENT_3D ( 'NONE', #471, #400, #938 ) ;
#5786 = CARTESIAN_POINT ( 'NONE',  ( 0.1000000000000476202, 0.000000000000000000, 50.49999999999999289 ) ) ;
#5787 = DIRECTION ( 'NONE',  ( -7.906742672516238979E-16, -0.000000000000000000, -1.000000000000000000 ) ) ;
#5788 = CARTESIAN_POINT ( 'NONE',  ( 0.1000000000000037248, 0.000000000000000000, -5.000000000000000000 ) ) ;
#5789 = DIRECTION ( 'NONE',  ( -7.906742672516238979E-16, -0.000000000000000000, -1.000000000000000000 ) ) ;
#5790 = VERTEX_POINT ( 'NONE', #5890 ) ;
#5791 = CONICAL_SURFACE ( 'NONE', #4277, 3.800000000000048672, 0.7853809166853974455 ) ;
#5792 = CARTESIAN_POINT ( 'NONE',  ( 0.1000000000000208916, 0.000000000000000000, 16.69999999999999574 ) ) ;
#5793 = ORIENTED_EDGE ( 'NONE', *, *, #1104, .T. ) ;
#5794 = ORIENTED_EDGE ( 'NONE', *, *, #2956, .F. ) ;
#5795 = DIRECTION ( 'NONE',  ( -1.000000000000000000, 0.000000000000000000, 0.000000000000000000 ) ) ;
#5796 = CYLINDRICAL_SURFACE ( 'NONE', #1520, 3.800000000000042011 ) ;
#5797 = CIRCLE ( 'NONE', #2556, 3.800000000000061107 ) ;
#5798 = VERTEX_POINT ( 'NONE', #4900 ) ;
#5799 = CARTESIAN_POINT ( 'NONE',  ( -3.699999999999879385, 0.000000000000000000, 53.04999999999999716 ) ) ;
#5800 = CIRCLE ( 'NONE', #6198, 3.800000000000009592 ) ;
#5801 = EDGE_CURVE ( 'NONE', #620, #1860, #3545, .T. ) ;
#5802 = AXIS2_PLACEMENT_3D ( 'NONE', #4851, #584, #4449 ) ;
#5803 = DIRECTION ( 'NONE',  ( -7.906742672516238979E-16, -0.000000000000000000, -1.000000000000000000 ) ) ;
#5804 = CARTESIAN_POINT ( 'NONE',  ( -3.700000000000006395, 0.000000000000000000, -4.999999999999997335 ) ) ;
#5805 = CIRCLE ( 'NONE', #5700, 3.899999999999736566 ) ;
#5806 = DIRECTION ( 'NONE',  ( 0.7070945858143394824, 0.000000000000000000, 0.7071189763484273527 ) ) ;
#5807 = AXIS2_PLACEMENT_3D ( 'NONE', #4350, #3040, #1020 ) ;
#5808 = LINE ( 'NONE', #3461, #3272 ) ;
#5809 = ORIENTED_EDGE ( 'NONE', *, *, #5310, .T. ) ;
#5810 = ADVANCED_FACE ( 'NONE', ( #3093 ), #3837, .T. ) ;
#5811 = VERTEX_POINT ( 'NONE', #2591 ) ;
#5812 = ORIENTED_EDGE ( 'NONE', *, *, #681, .F. ) ;
#5813 = AXIS2_PLACEMENT_3D ( 'NONE', #3293, #3705, #378 ) ;
#5814 = DIRECTION ( 'NONE',  ( -7.906742672516238979E-16, -0.000000000000000000, -1.000000000000000000 ) ) ;
#5815 = CARTESIAN_POINT ( 'NONE',  ( -3.699999999999942002, 0.000000000000000000, 47.05000000000000426 ) ) ;
#5816 = ORIENTED_EDGE ( 'NONE', *, *, #3198, .T. ) ;
#5817 = FACE_OUTER_BOUND ( 'NONE', #1535, .T. ) ;
#5818 = EDGE_LOOP ( 'NONE', ( #5619, #4973, #5342, #3911 ) ) ;
#5819 = ORIENTED_EDGE ( 'NONE', *, *, #6021, .F. ) ;
#5820 = CARTESIAN_POINT ( 'NONE',  ( 3.999999999999729550, 4.776122516674316382E-16, 20.39999999999999503 ) ) ;
#5821 = DIRECTION ( 'NONE',  ( -1.000000000000000000, 0.000000000000000000, 0.000000000000000000 ) ) ;
#5822 = CONICAL_SURFACE ( 'NONE', #4802, 3.800000000000045564, 0.7853809166853968904 ) ;
#5823 = LINE ( 'NONE', #4827, #6115 ) ;
#5824 = DIRECTION ( 'NONE',  ( -7.906742672516238979E-16, -0.000000000000000000, -1.000000000000000000 ) ) ;
#5825 = ORIENTED_EDGE ( 'NONE', *, *, #202, .T. ) ;
#5826 = ADVANCED_FACE ( 'NONE', ( #5410 ), #1809, .T. ) ;
#5827 = DIRECTION ( 'NONE',  ( -1.000000000000000000, 0.000000000000000000, 7.767418549149820316E-16 ) ) ;
#5828 = ORIENTED_EDGE ( 'NONE', *, *, #5173, .F. ) ;
#5829 = ORIENTED_EDGE ( 'NONE', *, *, #3613, .F. ) ;
#5830 = VECTOR ( 'NONE', #4036, 1000.000000000000227 ) ;
#5831 = DIRECTION ( 'NONE',  ( -1.000000000000000000, 0.000000000000000000, 9.251858538543204542E-16 ) ) ;
#5832 = CIRCLE ( 'NONE', #1479, 1.775384029819791154 ) ;
#5833 = ORIENTED_EDGE ( 'NONE', *, *, #2580, .F. ) ;
#5834 = CARTESIAN_POINT ( 'NONE',  ( 3.900000000000042988, 4.653657836759941744E-16, 45.85000000000000142 ) ) ;
#5835 = CARTESIAN_POINT ( 'NONE',  ( -3.249999999999995115, 0.000000000000000000, 53.89999999999999858 ) ) ;
#5836 = CARTESIAN_POINT ( 'NONE',  ( 0.1000000000000037248, 0.000000000000000000, -5.000000000000000000 ) ) ;
#5837 = AXIS2_PLACEMENT_3D ( 'NONE', #1075, #5951, #4092 ) ;
#5838 = EDGE_CURVE ( 'NONE', #1419, #5316, #5655, .T. ) ;
#5839 = ADVANCED_FACE ( 'NONE', ( #2026 ), #4245, .T. ) ;
#5840 = DIRECTION ( 'NONE',  ( -7.906742672516238979E-16, -0.000000000000000000, -1.000000000000000000 ) ) ;
#5841 = DIRECTION ( 'NONE',  ( -7.906742672516238979E-16, -0.000000000000000000, -1.000000000000000000 ) ) ;
#5842 = AXIS2_PLACEMENT_3D ( 'NONE', #1047, #1681, #2539 ) ;
#5843 = VERTEX_POINT ( 'NONE', #3608 ) ;
#5844 = VERTEX_POINT ( 'NONE', #3483 ) ;
#5845 = CARTESIAN_POINT ( 'NONE',  ( -3.699999999999891820, 0.000000000000000000, 51.85000000000000142 ) ) ;
#5846 = AXIS2_PLACEMENT_3D ( 'NONE', #1761, #2174, #5590 ) ;
#5847 = DIRECTION ( 'NONE',  ( -7.906742672516238979E-16, -0.000000000000000000, -1.000000000000000000 ) ) ;
#5848 = ORIENTED_EDGE ( 'NONE', *, *, #2028, .F. ) ;
#5849 = ORIENTED_EDGE ( 'NONE', *, *, #2661, .F. ) ;
#5850 = FACE_OUTER_BOUND ( 'NONE', #3744, .T. ) ;
#5851 = CARTESIAN_POINT ( 'NONE',  ( 0.1000000000000377809, 0.000000000000000000, 38.04998447769145287 ) ) ;
#5852 = CARTESIAN_POINT ( 'NONE',  ( 0.1000000000000500489, 0.000000000000000000, 53.59202761985992680 ) ) ;
#5853 = CARTESIAN_POINT ( 'NONE',  ( 3.900000000000018119, 0.000000000000000000, 48.09999999999999432 ) ) ;
#5854 = ORIENTED_EDGE ( 'NONE', *, *, #4007, .T. ) ;
#5855 = FACE_OUTER_BOUND ( 'NONE', #5348, .T. ) ;
#5856 = ORIENTED_EDGE ( 'NONE', *, *, #5873, .T. ) ;
#5857 = VECTOR ( 'NONE', #4436, 1000.000000000000114 ) ;
#5858 = ORIENTED_EDGE ( 'NONE', *, *, #5634, .T. ) ;
#5859 = CIRCLE ( 'NONE', #1804, 3.350000000000037392 ) ;
#5860 = CARTESIAN_POINT ( 'NONE',  ( 3.900000000000074074, 4.653657836759983159E-16, 42.25000000000000000 ) ) ;
#5861 = EDGE_CURVE ( 'NONE', #5798, #5144, #3731, .T. ) ;
#5862 = CARTESIAN_POINT ( 'NONE',  ( 0.1000000000000348804, 0.000000000000000000, 34.39202761985993106 ) ) ;
#5863 = AXIS2_PLACEMENT_3D ( 'NONE', #1796, #1713, #826 ) ;
#5864 = CARTESIAN_POINT ( 'NONE',  ( -3.699999999999994849, 0.000000000000000000, -4.999999999999997335 ) ) ;
#5865 = CARTESIAN_POINT ( 'NONE',  ( 3.900000000000076295, 0.000000000000000000, 40.89999999999999858 ) ) ;
#5866 = CARTESIAN_POINT ( 'NONE',  ( 0.1000000000000196704, 0.000000000000000000, 15.14999999999999680 ) ) ;
#5867 = CIRCLE ( 'NONE', #4739, 3.749999999999905409 ) ;
#5868 = CARTESIAN_POINT ( 'NONE',  ( 0.1000000000000371841, 0.000000000000000000, 37.29999999999999716 ) ) ;
#5869 = CARTESIAN_POINT ( 'NONE',  ( -3.249999999999936939, 0.000000000000000000, 48.79202761985992964 ) ) ;
#5870 = ORIENTED_EDGE ( 'NONE', *, *, #4917, .T. ) ;
#5871 = EDGE_LOOP ( 'NONE', ( #157, #5113, #3959, #4612 ) ) ;
#5872 = EDGE_CURVE ( 'NONE', #4798, #2436, #130, .T. ) ;
#5873 = EDGE_CURVE ( 'NONE', #6188, #654, #4053, .T. ) ;
#5874 = CIRCLE ( 'NONE', #4152, 7.555183609470375039 ) ;
#5875 = DIRECTION ( 'NONE',  ( -1.000000000000000000, 0.000000000000000000, 9.130123557772514260E-16 ) ) ;
#5876 = CIRCLE ( 'NONE', #1218, 3.349999999999944578 ) ;
#5877 = FACE_OUTER_BOUND ( 'NONE', #3042, .T. ) ;
#5878 = ORIENTED_EDGE ( 'NONE', *, *, #4282, .F. ) ;
#5879 = EDGE_CURVE ( 'NONE', #677, #2379, #1911, .T. ) ;
#5880 = EDGE_LOOP ( 'NONE', ( #4027, #4857, #5137, #975 ) ) ;
#5881 = DIRECTION ( 'NONE',  ( -0.7070945858143475871, 8.659411212119649195E-17, 0.7071189763484192481 ) ) ;
#5882 = CARTESIAN_POINT ( 'NONE',  ( 0.1000000000000037248, 0.000000000000000000, -5.000000000000000000 ) ) ;
#5883 = CONICAL_SURFACE ( 'NONE', #1321, 3.800000000000061107, 0.7853809166854330837 ) ;
#5884 = CYLINDRICAL_SURFACE ( 'NONE', #3600, 3.350000000000061373 ) ;
#5885 = DIRECTION ( 'NONE',  ( -7.906742672516238979E-16, -0.000000000000000000, -1.000000000000000000 ) ) ;
#5886 = CARTESIAN_POINT ( 'NONE',  ( 0.1000000000000343392, 0.000000000000000000, 33.70000000000000284 ) ) ;
#5887 = EDGE_LOOP ( 'NONE', ( #5510, #1288, #438, #865 ) ) ;
#5888 = VECTOR ( 'NONE', #5768, 1000.000000000000227 ) ;
#5889 = ORIENTED_EDGE ( 'NONE', *, *, #388, .F. ) ;
#5890 = CARTESIAN_POINT ( 'NONE',  ( 3.450000000000094325, 4.378112306951849389E-16, 39.19202761985992822 ) ) ;
#5891 = VECTOR ( 'NONE', #4369, 1000.000000000000114 ) ;
#5892 = EDGE_LOOP ( 'NONE', ( #4377, #1053, #4421, #5421 ) ) ;
#5893 = FACE_OUTER_BOUND ( 'NONE', #4522, .T. ) ;
#5894 = EDGE_CURVE ( 'NONE', #2423, #346, #5, .T. ) ;
#5895 = DIRECTION ( 'NONE',  ( -1.000000000000000000, 0.000000000000000000, 0.000000000000000000 ) ) ;
#5896 = FACE_OUTER_BOUND ( 'NONE', #1938, .T. ) ;
#5897 = DIRECTION ( 'NONE',  ( -7.906742672516238979E-16, -0.000000000000000000, -1.000000000000000000 ) ) ;
#5898 = DIRECTION ( 'NONE',  ( -1.000000000000000000, -1.224646799147352961E-16, 0.000000000000000000 ) ) ;
#5899 = ORIENTED_EDGE ( 'NONE', *, *, #5861, .F. ) ;
#5900 = EDGE_CURVE ( 'NONE', #1468, #4823, #4949, .T. ) ;
#5901 = EDGE_LOOP ( 'NONE', ( #2013, #6018, #3109, #5644 ) ) ;
#5902 = DIRECTION ( 'NONE',  ( -1.000000000000000000, 0.000000000000000000, 6.847592668329463595E-16 ) ) ;
#5903 = CONICAL_SURFACE ( 'NONE', #3168, 3.800000000000064659, 0.6928957130417447985 ) ;
#5904 = AXIS2_PLACEMENT_3D ( 'NONE', #6083, #1750, #2639 ) ;
#5905 = AXIS2_PLACEMENT_3D ( 'NONE', #2763, #3770, #1332 ) ;
#5906 = FACE_OUTER_BOUND ( 'NONE', #871, .T. ) ;
#5907 = ORIENTED_EDGE ( 'NONE', *, *, #3357, .T. ) ;
#5908 = CARTESIAN_POINT ( 'NONE',  ( 4.000000000000053291, 0.000000000000000000, 27.04999999999999005 ) ) ;
#5909 = FACE_OUTER_BOUND ( 'NONE', #5452, .T. ) ;
#5910 = EDGE_CURVE ( 'NONE', #3058, #6165, #2821, .T. ) ;
#5911 = DIRECTION ( 'NONE',  ( -1.000000000000000000, 0.000000000000000000, 7.767418549149833135E-16 ) ) ;
#5912 = EDGE_CURVE ( 'NONE', #4371, #2558, #3540, .T. ) ;
#5913 = DIRECTION ( 'NONE',  ( -0.7070945858143384832, 8.659411212119537029E-17, 0.7071189763484283519 ) ) ;
#5914 = FACE_OUTER_BOUND ( 'NONE', #5699, .T. ) ;
#5915 = ORIENTED_EDGE ( 'NONE', *, *, #3594, .F. ) ;
#5916 = ORIENTED_EDGE ( 'NONE', *, *, #1025, .F. ) ;
#5917 = CARTESIAN_POINT ( 'NONE',  ( 0.1000000000000335065, 0.000000000000000000, 32.65000000000000568 ) ) ;
#5918 = DIRECTION ( 'NONE',  ( -1.000000000000000000, 0.000000000000000000, 6.847592668329426124E-16 ) ) ;
#5919 = EDGE_CURVE ( 'NONE', #1707, #4355, #5624, .T. ) ;
#5920 = ORIENTED_EDGE ( 'NONE', *, *, #4770, .T. ) ;
#5921 = VECTOR ( 'NONE', #5523, 1000.000000000000000 ) ;
#5922 = CARTESIAN_POINT ( 'NONE',  ( 0.1000000000000250411, 0.000000000000000000, 21.94999999999999574 ) ) ;
#5923 = DIRECTION ( 'NONE',  ( -7.906742672516238979E-16, -0.000000000000000000, -1.000000000000000000 ) ) ;
#5924 = DIRECTION ( 'NONE',  ( -7.906742672516238979E-16, -0.000000000000000000, -1.000000000000000000 ) ) ;
#5925 = DIRECTION ( 'NONE',  ( -7.906742672516238979E-16, -0.000000000000000000, -1.000000000000000000 ) ) ;
#5926 = CONICAL_SURFACE ( 'NONE', #2177, 3.799999999999940758, 0.6928957130417482402 ) ;
#5927 = LINE ( 'NONE', #2507, #44 ) ;
#5928 = CARTESIAN_POINT ( 'NONE',  ( 0.1000000000000059591, 0.000000000000000000, -2.192897763973491898 ) ) ;
#5929 = ORIENTED_EDGE ( 'NONE', *, *, #3797, .T. ) ;
#5930 = ORIENTED_EDGE ( 'NONE', *, *, #5714, .T. ) ;
#5931 = LINE ( 'NONE', #736, #4202 ) ;
#5932 = DIRECTION ( 'NONE',  ( -1.000000000000000000, 0.000000000000000000, 0.000000000000000000 ) ) ;
#5933 = CARTESIAN_POINT ( 'NONE',  ( -3.699999999999969980, 4.653657836759957521E-16, 44.50000000000000000 ) ) ;
#5934 = ORIENTED_EDGE ( 'NONE', *, *, #4382, .F. ) ;
#5935 = CIRCLE ( 'NONE', #5123, 3.800000000000061107 ) ;
#5936 = CARTESIAN_POINT ( 'NONE',  ( 0.1000000000000472039, 0.000000000000000000, 49.99202761985993249 ) ) ;
#5937 = DIRECTION ( 'NONE',  ( 0.7070945858143402596, 0.000000000000000000, 0.7071189763484265756 ) ) ;
#5938 = LINE ( 'NONE', #4922, #5416 ) ;
#5939 = CARTESIAN_POINT ( 'NONE',  ( 0.1000000000000362266, 0.000000000000000000, 36.10000000000000142 ) ) ;
#5940 = AXIS2_PLACEMENT_3D ( 'NONE', #2146, #4086, #5559 ) ;
#5941 = DIRECTION ( 'NONE',  ( -7.906742672516238979E-16, -0.000000000000000000, -1.000000000000000000 ) ) ;
#5942 = ORIENTED_EDGE ( 'NONE', *, *, #3463, .F. ) ;
#5943 = ORIENTED_EDGE ( 'NONE', *, *, #1492, .F. ) ;
#5944 = EDGE_CURVE ( 'NONE', #5979, #5238, #2932, .T. ) ;
#5945 = EDGE_CURVE ( 'NONE', #2968, #1192, #1409, .T. ) ;
#5946 = DIRECTION ( 'NONE',  ( -7.906742672516238979E-16, -0.000000000000000000, -1.000000000000000000 ) ) ;
#5947 = CONICAL_SURFACE ( 'NONE', #493, 3.350000000000045386, 0.5445427266222341300 ) ;
#5948 = EDGE_CURVE ( 'NONE', #1253, #1789, #847, .T. ) ;
#5949 = EDGE_LOOP ( 'NONE', ( #3410, #6196, #5074, #119 ) ) ;
#5950 = CARTESIAN_POINT ( 'NONE',  ( 0.1000000000000244860, 0.000000000000000000, 21.24094427251858974 ) ) ;
#5951 = DIRECTION ( 'NONE',  ( -7.906742672516238979E-16, -0.000000000000000000, -1.000000000000000000 ) ) ;
#5952 = FACE_OUTER_BOUND ( 'NONE', #1114, .T. ) ;
#5953 = VECTOR ( 'NONE', #1471, 1000.000000000000114 ) ;
#5954 = CYLINDRICAL_SURFACE ( 'NONE', #3290, 3.349999999999995204 ) ;
#5955 = EDGE_LOOP ( 'NONE', ( #3112, #238, #3916, #1217 ) ) ;
#5956 = CIRCLE ( 'NONE', #4238, 3.800000000000035794 ) ;
#5957 = VERTEX_POINT ( 'NONE', #4702 ) ;
#5958 = CIRCLE ( 'NONE', #4542, 3.800000000000054889 ) ;
#5959 = ADVANCED_FACE ( 'NONE', ( #3754 ), #250, .T. ) ;
#5960 = DIRECTION ( 'NONE',  ( -7.906742672516238979E-16, -0.000000000000000000, -1.000000000000000000 ) ) ;
#5961 = CIRCLE ( 'NONE', #3947, 6.969420969548633771 ) ;
#5962 = LINE ( 'NONE', #2702, #3674 ) ;
#5963 = ORIENTED_EDGE ( 'NONE', *, *, #3886, .T. ) ;
#5964 = CARTESIAN_POINT ( 'NONE',  ( 0.1000000000000172973, 0.000000000000000000, 12.14999999999999680 ) ) ;
#5965 = VERTEX_POINT ( 'NONE', #1412 ) ;
#5966 = ORIENTED_EDGE ( 'NONE', *, *, #857, .F. ) ;
#5967 = EDGE_CURVE ( 'NONE', #5558, #4163, #1107, .T. ) ;
#5968 = LINE ( 'NONE', #3566, #5047 ) ;
#5969 = DIRECTION ( 'NONE',  ( 7.906742672516238979E-16, 0.000000000000000000, 1.000000000000000000 ) ) ;
#5970 = DIRECTION ( 'NONE',  ( -7.906742672516238979E-16, -0.000000000000000000, -1.000000000000000000 ) ) ;
#5971 = DIRECTION ( 'NONE',  ( 7.906742672516238979E-16, 0.000000000000000000, 1.000000000000000000 ) ) ;
#5972 = AXIS2_PLACEMENT_3D ( 'NONE', #3279, #2236, #4726 ) ;
#5973 = LINE ( 'NONE', #6062, #2027 ) ;
#5974 = ORIENTED_EDGE ( 'NONE', *, *, #318, .T. ) ;
#5975 = EDGE_CURVE ( 'NONE', #2079, #512, #1855, .T. ) ;
#5976 = ORIENTED_EDGE ( 'NONE', *, *, #4640, .F. ) ;
#5977 = AXIS2_PLACEMENT_3D ( 'NONE', #1979, #5847, #86 ) ;
#5978 = CARTESIAN_POINT ( 'NONE',  ( 3.900000000000013678, 4.653657836759954563E-16, -5.000000000000002665 ) ) ;
#5979 = VERTEX_POINT ( 'NONE', #430 ) ;
#5980 = AXIS2_PLACEMENT_3D ( 'NONE', #2609, #1085, #4450 ) ;
#5981 = DIRECTION ( 'NONE',  ( -1.000000000000000000, 0.000000000000000000, 1.035655806553323641E-15 ) ) ;
#5982 = DIRECTION ( 'NONE',  ( 7.906742672516238979E-16, 0.000000000000000000, 1.000000000000000000 ) ) ;
#5983 = DIRECTION ( 'NONE',  ( -1.000000000000000000, 0.000000000000000000, 6.847592668329419221E-16 ) ) ;
#5984 = VECTOR ( 'NONE', #28, 1000.000000000000114 ) ;
#5985 = CARTESIAN_POINT ( 'NONE',  ( -4.049999999999996270, 0.000000000000000000, -1.881487428593715414E-16 ) ) ;
#5986 = EDGE_CURVE ( 'NONE', #5844, #3162, #3229, .T. ) ;
#5987 = EDGE_CURVE ( 'NONE', #4020, #5341, #5961, .T. ) ;
#5988 = DIRECTION ( 'NONE',  ( 7.906742672516238979E-16, 0.000000000000000000, 1.000000000000000000 ) ) ;
#5989 = ORIENTED_EDGE ( 'NONE', *, *, #3363, .F. ) ;
#5990 = ORIENTED_EDGE ( 'NONE', *, *, #3119, .T. ) ;
#5991 = LINE ( 'NONE', #1628, #4214 ) ;
#5992 = AXIS2_PLACEMENT_3D ( 'NONE', #5222, #4745, #410 ) ;
#5993 = CARTESIAN_POINT ( 'NONE',  ( 3.450000000000098321, 4.378112306951867631E-16, 30.79202761985993320 ) ) ;
#5994 = EDGE_CURVE ( 'NONE', #2325, #3095, #26, .T. ) ;
#5995 = CARTESIAN_POINT ( 'NONE',  ( 0.1000000000000496325, 0.000000000000000000, 53.04999999999999716 ) ) ;
#5996 = VERTEX_POINT ( 'NONE', #1446 ) ;
#5997 = CARTESIAN_POINT ( 'NONE',  ( -3.700000000000031708, 4.653657836760021616E-16, 31.30000000000000071 ) ) ;
#5998 = EDGE_LOOP ( 'NONE', ( #755, #1606, #3786, #3679 ) ) ;
#5999 = VECTOR ( 'NONE', #4038, 1000.000000000000000 ) ;
#6000 = DIRECTION ( 'NONE',  ( -1.000000000000000000, 0.000000000000000000, 1.035655806553309047E-15 ) ) ;
#6001 = DIRECTION ( 'NONE',  ( -1.000000000000000000, 0.000000000000000000, 1.035655806553318710E-15 ) ) ;
#6002 = CONICAL_SURFACE ( 'NONE', #1854, 3.800000000000048672, 0.6928957130417434662 ) ;
#6003 = EDGE_CURVE ( 'NONE', #420, #524, #5764, .T. ) ;
#6004 = CARTESIAN_POINT ( 'NONE',  ( 3.900000000000096279, 0.000000000000000000, 30.09999999999999432 ) ) ;
#6005 = CARTESIAN_POINT ( 'NONE',  ( 3.999999999999746869, 0.000000000000000000, 14.94999999999999041 ) ) ;
#6006 = ORIENTED_EDGE ( 'NONE', *, *, #1676, .F. ) ;
#6007 = ORIENTED_EDGE ( 'NONE', *, *, #2191, .T. ) ;
#6008 = DIRECTION ( 'NONE',  ( -7.906742672516238979E-16, -0.000000000000000000, -1.000000000000000000 ) ) ;
#6009 = CARTESIAN_POINT ( 'NONE',  ( 0.1000000000000458439, 0.000000000000000000, 48.25000000000000000 ) ) ;
#6010 = ORIENTED_EDGE ( 'NONE', *, *, #3512, .T. ) ;
#6011 = DIRECTION ( 'NONE',  ( -1.000000000000000000, 0.000000000000000000, 1.035655806553312005E-15 ) ) ;
#6012 = APPLICATION_CONTEXT ( 'automotive_design' ) ;
#6013 = FACE_OUTER_BOUND ( 'NONE', #933, .T. ) ;
#6014 = DIRECTION ( 'NONE',  ( -7.906742672516238979E-16, -0.000000000000000000, -1.000000000000000000 ) ) ;
#6015 = LINE ( 'NONE', #196, #3790 ) ;
#6016 = CIRCLE ( 'NONE', #1976, 3.350000000000063149 ) ;
#6017 = CYLINDRICAL_SURFACE ( 'NONE', #3571, 3.700000000000025491 ) ;
#6018 = ORIENTED_EDGE ( 'NONE', *, *, #112, .T. ) ;
#6019 = DIRECTION ( 'NONE',  ( -7.906742672516238979E-16, -0.000000000000000000, -1.000000000000000000 ) ) ;
#6020 = AXIS2_PLACEMENT_3D ( 'NONE', #4135, #1249, #3181 ) ;
#6021 = EDGE_CURVE ( 'NONE', #944, #686, #1349, .T. ) ;
#6022 = DIRECTION ( 'NONE',  ( 7.906742672516238979E-16, 0.000000000000000000, 1.000000000000000000 ) ) ;
#6023 = ADVANCED_FACE ( 'NONE', ( #4825 ), #4732, .T. ) ;
#6024 = DIRECTION ( 'NONE',  ( -7.906742672516238979E-16, -0.000000000000000000, -1.000000000000000000 ) ) ;
#6025 = CIRCLE ( 'NONE', #4910, 3.349999999999955680 ) ;
#6026 = ORIENTED_EDGE ( 'NONE', *, *, #2136, .T. ) ;
#6027 = LINE ( 'NONE', #5516, #2641 ) ;
#6028 = ORIENTED_EDGE ( 'NONE', *, *, #5254, .T. ) ;
#6029 = ORIENTED_EDGE ( 'NONE', *, *, #1765, .F. ) ;
#6030 = LINE ( 'NONE', #4599, #3027 ) ;
#6031 = LINE ( 'NONE', #2168, #4109 ) ;
#6032 = DIRECTION ( 'NONE',  ( -1.000000000000000000, 0.000000000000000000, 7.767418549149881453E-16 ) ) ;
#6033 = AXIS2_PLACEMENT_3D ( 'NONE', #657, #1162, #571 ) ;
#6034 = CARTESIAN_POINT ( 'NONE',  ( 0.1000000000000496325, 0.000000000000000000, 53.04999999999999716 ) ) ;
#6035 = VERTEX_POINT ( 'NONE', #2800 ) ;
#6036 = ORIENTED_EDGE ( 'NONE', *, *, #5131, .F. ) ;
#6037 = CARTESIAN_POINT ( 'NONE',  ( -3.250000000000025313, 0.000000000000000000, 34.44998447769145145 ) ) ;
#6038 = VERTEX_POINT ( 'NONE', #4298 ) ;
#6039 = DIRECTION ( 'NONE',  ( -7.906742672516238979E-16, -0.000000000000000000, -1.000000000000000000 ) ) ;
#6040 = VECTOR ( 'NONE', #1347, 1000.000000000000000 ) ;
#6041 = EDGE_CURVE ( 'NONE', #3385, #2651, #4643, .T. ) ;
#6042 = CARTESIAN_POINT ( 'NONE',  ( -3.799999999999663203, 0.000000000000000000, 22.14999999999999503 ) ) ;
#6043 = CARTESIAN_POINT ( 'NONE',  ( 0.1000000000000391964, 0.000000000000000000, 39.85000000000000142 ) ) ;
#6044 = DIRECTION ( 'NONE',  ( -1.000000000000000000, 0.000000000000000000, 7.767418549149893286E-16 ) ) ;
#6045 = AXIS2_PLACEMENT_3D ( 'NONE', #4164, #5046, #1219 ) ;
#6046 = DIRECTION ( 'NONE',  ( -0.6387678175156010774, 0.000000000000000000, -0.7693995550468921696 ) ) ;
#6047 = LINE ( 'NONE', #5480, #889 ) ;
#6048 = FACE_OUTER_BOUND ( 'NONE', #154, .T. ) ;
#6049 = DIRECTION ( 'NONE',  ( -1.000000000000000000, 0.000000000000000000, 6.847592668329419221E-16 ) ) ;
#6050 = DIRECTION ( 'NONE',  ( 7.906742672516238979E-16, 0.000000000000000000, 1.000000000000000000 ) ) ;
#6051 = ORIENTED_EDGE ( 'NONE', *, *, #4200, .F. ) ;
#6052 = CIRCLE ( 'NONE', #2420, 3.800000000000039346 ) ;
#6053 = EDGE_CURVE ( 'NONE', #3596, #4446, #1209, .T. ) ;
#6054 = CARTESIAN_POINT ( 'NONE',  ( 3.450000000000043254, 4.378112306951787759E-16, 46.39202761985993106 ) ) ;
#6055 = CONICAL_SURFACE ( 'NONE', #3333, 3.800000000000039346, 0.6928957130417415788 ) ;
#6056 = DIRECTION ( 'NONE',  ( -7.906742672516238979E-16, -0.000000000000000000, -1.000000000000000000 ) ) ;
#6057 = AXIS2_PLACEMENT_3D ( 'NONE', #2992, #2072, #4512 ) ;
#6058 = DIRECTION ( 'NONE',  ( -1.000000000000000000, 0.000000000000000000, 0.000000000000000000 ) ) ;
#6059 = DIRECTION ( 'NONE',  ( -1.000000000000000000, 0.000000000000000000, 0.000000000000000000 ) ) ;
#6060 = EDGE_CURVE ( 'NONE', #5776, #4801, #3817, .T. ) ;
#6061 = VECTOR ( 'NONE', #3485, 1000.000000000000114 ) ;
#6062 = CARTESIAN_POINT ( 'NONE',  ( -3.799999999999709832, 0.000000000000000000, 16.89999999999999503 ) ) ;
#6063 = EDGE_LOOP ( 'NONE', ( #5748, #4451, #3989, #855 ) ) ;
#6064 =( GEOMETRIC_REPRESENTATION_CONTEXT ( 3 ) GLOBAL_UNCERTAINTY_ASSIGNED_CONTEXT ( ( #484 ) ) GLOBAL_UNIT_ASSIGNED_CONTEXT ( ( #3150, #305, #3114 ) ) REPRESENTATION_CONTEXT ( 'NONE', 'WORKASPACE' ) );
#6065 = ORIENTED_EDGE ( 'NONE', *, *, #2475, .T. ) ;
#6066 = CARTESIAN_POINT ( 'NONE',  ( 0.1000000000000264150, 0.000000000000000000, 23.69999999999999929 ) ) ;
#6067 = VECTOR ( 'NONE', #153, 1000.000000000000000 ) ;
#6068 = EDGE_LOOP ( 'NONE', ( #277, #5774, #5629, #1036 ) ) ;
#6069 = ADVANCED_FACE ( 'NONE', ( #5721 ), #2391, .T. ) ;
#6070 = DIRECTION ( 'NONE',  ( -1.000000000000000000, 0.000000000000000000, 8.896017825522716730E-16 ) ) ;
#6071 = ORIENTED_EDGE ( 'NONE', *, *, #797, .T. ) ;
#6072 = AXIS2_PLACEMENT_3D ( 'NONE', #3884, #1475, #3914 ) ;
#6073 = FACE_OUTER_BOUND ( 'NONE', #472, .T. ) ;
#6074 = CARTESIAN_POINT ( 'NONE',  ( -3.699999999999882494, 4.653657836759859899E-16, 52.89999999999999858 ) ) ;
#6075 = DIRECTION ( 'NONE',  ( -1.000000000000000000, 0.000000000000000000, 6.847592668329568119E-16 ) ) ;
#6076 = VECTOR ( 'NONE', #2847, 1000.000000000000000 ) ;
#6077 = CARTESIAN_POINT ( 'NONE',  ( 0.1000000000000189487, 0.000000000000000000, 14.24094427251858974 ) ) ;
#6078 = ADVANCED_FACE ( 'NONE', ( #4859 ), #2022, .T. ) ;
#6079 = ORIENTED_EDGE ( 'NONE', *, *, #3396, .F. ) ;
#6080 = VECTOR ( 'NONE', #2364, 1000.000000000000000 ) ;
#6081 = DIRECTION ( 'NONE',  ( -7.906742672516238979E-16, -0.000000000000000000, -1.000000000000000000 ) ) ;
#6082 = DIRECTION ( 'NONE',  ( -1.000000000000000000, 0.000000000000000000, 0.000000000000000000 ) ) ;
#6083 = CARTESIAN_POINT ( 'NONE',  ( 0.1000000000000443590, 0.000000000000000000, 46.39202761985993106 ) ) ;
#6084 = EDGE_LOOP ( 'NONE', ( #2259, #3400, #4074, #2958 ) ) ;
#6085 = DIRECTION ( 'NONE',  ( -7.906742672516238979E-16, -0.000000000000000000, -1.000000000000000000 ) ) ;
#6086 = ORIENTED_EDGE ( 'NONE', *, *, #4683, .F. ) ;
#6087 = ORIENTED_EDGE ( 'NONE', *, *, #222, .F. ) ;
#6088 = AXIS2_PLACEMENT_3D ( 'NONE', #3810, #3275, #2355 ) ;
#6089 = LINE ( 'NONE', #3084, #592 ) ;
#6090 = CYLINDRICAL_SURFACE ( 'NONE', #4008, 3.350000000000055156 ) ;
#6091 = FACE_OUTER_BOUND ( 'NONE', #4285, .T. ) ;
#6092 = VECTOR ( 'NONE', #115, 1000.000000000000114 ) ;
#6093 = CARTESIAN_POINT ( 'NONE',  ( -3.700000000000004174, 0.000000000000000000, 38.65000000000000568 ) ) ;
#6094 = ORIENTED_EDGE ( 'NONE', *, *, #4760, .F. ) ;
#6095 = ORIENTED_EDGE ( 'NONE', *, *, #2984, .T. ) ;
#6096 = CARTESIAN_POINT ( 'NONE',  ( 3.850000000000038280, 4.656885295137745848E-16, 24.09843413574444781 ) ) ;
#6097 = ADVANCED_FACE ( 'NONE', ( #1950 ), #2429, .T. ) ;
#6098 = EDGE_CURVE ( 'NONE', #4224, #1192, #3413, .T. ) ;
#6099 = VECTOR ( 'NONE', #3169, 1000.000000000000000 ) ;
#6100 = ORIENTED_EDGE ( 'NONE', *, *, #2154, .T. ) ;
#6101 = CARTESIAN_POINT ( 'NONE',  ( -3.699999999999994849, 4.653657836759986117E-16, 42.10000000000000142 ) ) ;
#6102 = VERTEX_POINT ( 'NONE', #3889 ) ;
#6103 = ORIENTED_EDGE ( 'NONE', *, *, #2189, .T. ) ;
#6104 = DIRECTION ( 'NONE',  ( -7.906742672516238979E-16, -0.000000000000000000, -1.000000000000000000 ) ) ;
#6105 = ADVANCED_FACE ( 'NONE', ( #535 ), #5364, .T. ) ;
#6106 = CARTESIAN_POINT ( 'NONE',  ( 0.1000000000000352829, 0.000000000000000000, 34.89999999999999858 ) ) ;
#6107 = CARTESIAN_POINT ( 'NONE',  ( -3.600000000000002753, 0.000000000000000000, 29.11750020867200206 ) ) ;
#6108 = CARTESIAN_POINT ( 'NONE',  ( 0.1000000000000037248, 0.000000000000000000, -5.000000000000000000 ) ) ;
#6109 = DIRECTION ( 'NONE',  ( -7.906742672516238979E-16, -0.000000000000000000, -1.000000000000000000 ) ) ;
#6110 = DIRECTION ( 'NONE',  ( -7.906742672516238979E-16, -0.000000000000000000, -1.000000000000000000 ) ) ;
#6111 = VECTOR ( 'NONE', #226, 1000.000000000000000 ) ;
#6112 = FACE_OUTER_BOUND ( 'NONE', #1418, .T. ) ;
#6113 = DIRECTION ( 'NONE',  ( -1.000000000000000000, 0.000000000000000000, 7.767418549149926812E-16 ) ) ;
#6114 = EDGE_LOOP ( 'NONE', ( #4849, #492, #5185, #582 ) ) ;
#6115 = VECTOR ( 'NONE', #1001, 1000.000000000000000 ) ;
#6116 = CARTESIAN_POINT ( 'NONE',  ( -3.699999999999995737, 0.000000000000000000, 41.05000000000000426 ) ) ;
#6117 = EDGE_LOOP ( 'NONE', ( #3714, #619, #3844, #1386 ) ) ;
#6118 = ORIENTED_EDGE ( 'NONE', *, *, #1661, .F. ) ;
#6119 = DIRECTION ( 'NONE',  ( -1.000000000000000000, 0.000000000000000000, 8.896017825522762089E-16 ) ) ;
#6120 = SHAPE_DEFINITION_REPRESENTATION ( #5303, #2682 ) ;
#6121 = VECTOR ( 'NONE', #211, 1000.000000000000000 ) ;
#6122 = CYLINDRICAL_SURFACE ( 'NONE', #1941, 3.800000000000039346 ) ;
#6123 = CARTESIAN_POINT ( 'NONE',  ( 0.1000000000000381278, 0.000000000000000000, 38.50000000000000000 ) ) ;
#6124 = ORIENTED_EDGE ( 'NONE', *, *, #655, .F. ) ;
#6125 = VERTEX_POINT ( 'NONE', #3535 ) ;
#6126 = DIRECTION ( 'NONE',  ( -1.000000000000000000, 0.000000000000000000, 8.896017825522698980E-16 ) ) ;
#6127 = DIRECTION ( 'NONE',  ( -0.2865245527277968662, 3.508913763752244994E-17, 0.9580728994623195494 ) ) ;
#6128 = CIRCLE ( 'NONE', #578, 3.349999999999978773 ) ;
#6129 = ORIENTED_EDGE ( 'NONE', *, *, #5013, .F. ) ;
#6130 = CARTESIAN_POINT ( 'NONE',  ( 3.900000000000070965, 0.000000000000000000, 42.10000000000000142 ) ) ;
#6131 = EDGE_CURVE ( 'NONE', #879, #3589, #5658, .T. ) ;
#6132 = EDGE_LOOP ( 'NONE', ( #385, #5907, #5966, #3604 ) ) ;
#6133 = EDGE_CURVE ( 'NONE', #779, #1673, #3736, .T. ) ;
#6134 = VERTEX_POINT ( 'NONE', #3472 ) ;
#6135 = DIRECTION ( 'NONE',  ( -7.906742672516238979E-16, -0.000000000000000000, -1.000000000000000000 ) ) ;
#6136 = DIRECTION ( 'NONE',  ( -1.000000000000000000, 0.000000000000000000, 7.906742672516238979E-16 ) ) ;
#6137 = CARTESIAN_POINT ( 'NONE',  ( 0.1000000000000267480, 0.000000000000000000, 24.09843413574445137 ) ) ;
#6138 = AXIS2_PLACEMENT_3D ( 'NONE', #1227, #3248, #3663 ) ;
#6139 = LINE ( 'NONE', #4778, #3724 ) ;
#6140 = LINE ( 'NONE', #5164, #5622 ) ;
#6141 = AXIS2_PLACEMENT_3D ( 'NONE', #3380, #966, #904 ) ;
#6142 = FACE_OUTER_BOUND ( 'NONE', #3915, .T. ) ;
#6143 = ORIENTED_EDGE ( 'NONE', *, *, #3664, .T. ) ;
#6144 = ORIENTED_EDGE ( 'NONE', *, *, #4950, .T. ) ;
#6145 = VERTEX_POINT ( 'NONE', #178 ) ;
#6146 = VECTOR ( 'NONE', #4453, 1000.000000000000227 ) ;
#6147 = DIRECTION ( 'NONE',  ( -7.906742672516238979E-16, -0.000000000000000000, -1.000000000000000000 ) ) ;
#6148 = CIRCLE ( 'NONE', #2532, 3.350000000000056044 ) ;
#6149 = AXIS2_PLACEMENT_3D ( 'NONE', #2090, #1621, #5475 ) ;
#6150 = CARTESIAN_POINT ( 'NONE',  ( 0.1000000000000290795, 0.000000000000000000, 27.04999999999999361 ) ) ;
#6151 = EDGE_CURVE ( 'NONE', #169, #4698, #2101, .T. ) ;
#6152 = ADVANCED_FACE ( 'NONE', ( #5461 ), #6160, .T. ) ;
#6153 = DIRECTION ( 'NONE',  ( -1.000000000000000000, 0.000000000000000000, 0.000000000000000000 ) ) ;
#6154 = CIRCLE ( 'NONE', #390, 3.799999999999975397 ) ;
#6155 = ORIENTED_EDGE ( 'NONE', *, *, #1640, .T. ) ;
#6156 = AXIS2_PLACEMENT_3D ( 'NONE', #545, #2973, #3359 ) ;
#6157 = CARTESIAN_POINT ( 'NONE',  ( 5.000000000000028422, 6.000769315822058350E-16, -1.600000000000007860 ) ) ;
#6158 = CARTESIAN_POINT ( 'NONE',  ( -3.649999999999984812, 0.000000000000000000, 24.09843413574445492 ) ) ;
#6159 = CIRCLE ( 'NONE', #3442, 3.350000000000018296 ) ;
#6160 = CONICAL_SURFACE ( 'NONE', #5257, 3.800000000000064659, 0.7853809166857843582 ) ;
#6161 = ORIENTED_EDGE ( 'NONE', *, *, #5552, .T. ) ;
#6162 = EDGE_CURVE ( 'NONE', #4264, #5042, #4448, .T. ) ;
#6163 = CARTESIAN_POINT ( 'NONE',  ( 0.1000000000000217104, 0.000000000000000000, 17.74094427251858264 ) ) ;
#6164 = VERTEX_POINT ( 'NONE', #3085 ) ;
#6165 = VERTEX_POINT ( 'NONE', #650 ) ;
#6166 = CIRCLE ( 'NONE', #401, 3.799999999999998046 ) ;
#6167 = FACE_OUTER_BOUND ( 'NONE', #2587, .T. ) ;
#6168 = CONICAL_SURFACE ( 'NONE', #5557, 3.800000000000064659, 0.7853809166857843582 ) ;
#6169 = CARTESIAN_POINT ( 'NONE',  ( -3.249999999999988898, 0.000000000000000000, 41.64998447769144718 ) ) ;
#6170 = ORIENTED_EDGE ( 'NONE', *, *, #968, .F. ) ;
#6171 = CARTESIAN_POINT ( 'NONE',  ( 0.1000000000000210582, 0.000000000000000000, 16.89999999999999147 ) ) ;
#6172 = CIRCLE ( 'NONE', #1925, 3.700000000000017053 ) ;
#6173 = DIRECTION ( 'NONE',  ( -7.906742672516238979E-16, -0.000000000000000000, -1.000000000000000000 ) ) ;
#6174 = CARTESIAN_POINT ( 'NONE',  ( 3.450000000000095213, 4.102566777143688994E-16, 53.89999999999999858 ) ) ;
#6175 = EDGE_CURVE ( 'NONE', #5382, #5626, #4251, .T. ) ;
#6176 = EDGE_CURVE ( 'NONE', #3402, #1021, #1525, .T. ) ;
#6177 = CARTESIAN_POINT ( 'NONE',  ( 0.1000000000000438177, 0.000000000000000000, 45.69999999999999574 ) ) ;
#6178 = CARTESIAN_POINT ( 'NONE',  ( -3.700000000000041922, 0.000000000000000000, -4.999999999999997335 ) ) ;
#6179 = VERTEX_POINT ( 'NONE', #1636 ) ;
#6180 = CONICAL_SURFACE ( 'NONE', #1637, 3.350000000000045386, 0.5445427266222341300 ) ;
#6181 = VERTEX_POINT ( 'NONE', #2582 ) ;
#6182 = VERTEX_POINT ( 'NONE', #5491 ) ;
#6183 = DIRECTION ( 'NONE',  ( -1.000000000000000000, 0.000000000000000000, 1.035655806553317724E-15 ) ) ;
#6184 = DIRECTION ( 'NONE',  ( -7.906742672516238979E-16, -0.000000000000000000, -1.000000000000000000 ) ) ;
#6185 = DIRECTION ( 'NONE',  ( -1.000000000000000000, 0.000000000000000000, 0.000000000000000000 ) ) ;
#6186 = ORIENTED_EDGE ( 'NONE', *, *, #5204, .F. ) ;
#6187 = AXIS2_PLACEMENT_3D ( 'NONE', #1604, #1093, #5404 ) ;
#6188 = VERTEX_POINT ( 'NONE', #4890 ) ;
#6189 = DIRECTION ( 'NONE',  ( -7.906742672516238979E-16, -0.000000000000000000, -1.000000000000000000 ) ) ;
#6190 = ADVANCED_FACE ( 'NONE', ( #5018 ), #3500, .T. ) ;
#6191 = DIRECTION ( 'NONE',  ( -7.906742672516238979E-16, -0.000000000000000000, -1.000000000000000000 ) ) ;
#6192 = LINE ( 'NONE', #5214, #3973 ) ;
#6193 = VECTOR ( 'NONE', #1439, 1000.000000000000000 ) ;
#6194 = ORIENTED_EDGE ( 'NONE', *, *, #1033, .T. ) ;
#6195 = DIRECTION ( 'NONE',  ( -7.906742672516238979E-16, -0.000000000000000000, -1.000000000000000000 ) ) ;
#6196 = ORIENTED_EDGE ( 'NONE', *, *, #1197, .T. ) ;
#6197 = VERTEX_POINT ( 'NONE', #680 ) ;
#6198 = AXIS2_PLACEMENT_3D ( 'NONE', #4102, #2190, #1241 ) ;
#6199 = VECTOR ( 'NONE', #3077, 1000.000000000000114 ) ;
#6200 = CARTESIAN_POINT ( 'NONE',  ( 3.999999999999747757, 0.000000000000000000, 14.94999999999999041 ) ) ;
#6201 = ADVANCED_FACE ( 'NONE', ( #590 ), #2520, .T. ) ;
#6202 = CARTESIAN_POINT ( 'NONE',  ( -3.250000000000002665, 0.000000000000000000, 40.44998447769145145 ) ) ;
#6203 = DIRECTION ( 'NONE',  ( -7.906742672516238979E-16, -0.000000000000000000, -1.000000000000000000 ) ) ;
#6204 = CIRCLE ( 'NONE', #3481, 3.800000000000048672 ) ;
#6205 = CARTESIAN_POINT ( 'NONE',  ( -2.208240577733209083E-13, 0.000000000000000000, 56.50000000000000711 ) ) ;
#6206 = DIRECTION ( 'NONE',  ( -0.6658816660008364252, 0.000000000000000000, -0.7460573750616976696 ) ) ;
#6207 = LINE ( 'NONE', #4715, #549 ) ;
#6208 = DIRECTION ( 'NONE',  ( -7.906742672516238979E-16, -0.000000000000000000, -1.000000000000000000 ) ) ;
#6209 = VERTEX_POINT ( 'NONE', #4454 ) ;
#6210 = ORIENTED_EDGE ( 'NONE', *, *, #2490, .T. ) ;
#6211 = ADVANCED_FACE ( 'NONE', ( #4956 ), #6168, .T. ) ;
#6212 = ORIENTED_EDGE ( 'NONE', *, *, #2566, .T. ) ;
#6213 = EDGE_CURVE ( 'NONE', #654, #6188, #4255, .T. ) ;
#6214 = EDGE_CURVE ( 'NONE', #4787, #5790, #1920, .T. ) ;
#6215 = FACE_OUTER_BOUND ( 'NONE', #6114, .T. ) ;
#6216 = CARTESIAN_POINT ( 'NONE',  ( -3.700000000000032596, 4.653657836760020630E-16, 30.10000000000000142 ) ) ;
#6217 = AXIS2_PLACEMENT_3D ( 'NONE', #3703, #4862, #5346 ) ;
#6218 = DIRECTION ( 'NONE',  ( -7.906742672516238979E-16, -0.000000000000000000, -1.000000000000000000 ) ) ;
#6219 = EDGE_LOOP ( 'NONE', ( #2467, #4225, #5556, #972 ) ) ;
#6220 = ORIENTED_EDGE ( 'NONE', *, *, #4154, .T. ) ;
#6221 = LINE ( 'NONE', #1949, #2002 ) ;
#6222 = CARTESIAN_POINT ( 'NONE',  ( 0.1000000000000196704, 0.000000000000000000, 15.14999999999999680 ) ) ;
#6223 = DIRECTION ( 'NONE',  ( -0.4578739151169515798, 0.000000000000000000, -0.8890171414857391818 ) ) ;
#6224 = LINE ( 'NONE', #3820, #3561 ) ;
#6225 = ORIENTED_EDGE ( 'NONE', *, *, #3828, .T. ) ;
#6226 = DIRECTION ( 'NONE',  ( -7.906742672516238979E-16, -0.000000000000000000, -1.000000000000000000 ) ) ;
#6227 = ORIENTED_EDGE ( 'NONE', *, *, #1718, .T. ) ;
#6228 = ORIENTED_EDGE ( 'NONE', *, *, #356, .F. ) ;
#6229 = CARTESIAN_POINT ( 'NONE',  ( 0.1000000000000453582, 0.000000000000000000, 47.64998447769145429 ) ) ;
#6230 = DIRECTION ( 'NONE',  ( -7.906742672516238979E-16, -0.000000000000000000, -1.000000000000000000 ) ) ;
#6231 = DIRECTION ( 'NONE',  ( 7.906742672516238979E-16, 0.000000000000000000, 1.000000000000000000 ) ) ;
#6232 = CARTESIAN_POINT ( 'NONE',  ( -3.250000000000046629, 0.000000000000000000, -4.999999999999997335 ) ) ;
#6233 = EDGE_CURVE ( 'NONE', #4446, #4434, #4014, .T. ) ;
#6234 = CARTESIAN_POINT ( 'NONE',  ( 0.1000000000000481615, 0.000000000000000000, 51.19202761985992822 ) ) ;
#6235 = VECTOR ( 'NONE', #4651, 1000.000000000000000 ) ;
#6236 = CARTESIAN_POINT ( 'NONE',  ( 4.000000000000034639, 4.776122516674715743E-16, -5.000000000000003553 ) ) ;
#6237 = CARTESIAN_POINT ( 'NONE',  ( -3.700000000000004174, 4.653657836759993019E-16, 38.50000000000000000 ) ) ;
#6238 = CARTESIAN_POINT ( 'NONE',  ( 0.1000000000000491607, 0.000000000000000000, 52.44998447769145145 ) ) ;
#6239 = ORIENTED_EDGE ( 'NONE', *, *, #1907, .F. ) ;
#6240 = ADVANCED_FACE ( 'NONE', ( #5909 ), #1570, .T. ) ;
#6241 = ORIENTED_EDGE ( 'NONE', *, *, #2382, .T. ) ;
#6242 = ORIENTED_EDGE ( 'NONE', *, *, #2808, .T. ) ;
#6243 = VECTOR ( 'NONE', #4234, 1000.000000000000000 ) ;
#6244 = DIRECTION ( 'NONE',  ( -7.906742672516238979E-16, -0.000000000000000000, -1.000000000000000000 ) ) ;
#6245 = DIRECTION ( 'NONE',  ( -7.906742672516238979E-16, -0.000000000000000000, -1.000000000000000000 ) ) ;
#6246 = CIRCLE ( 'NONE', #3014, 3.350000000000061373 ) ;
#6247 = VECTOR ( 'NONE', #121, 999.9999999999998863 ) ;
#6248 = ORIENTED_EDGE ( 'NONE', *, *, #1315, .F. ) ;
#6249 = DIRECTION ( 'NONE',  ( 7.906742672516238979E-16, 0.000000000000000000, 1.000000000000000000 ) ) ;
#6250 = ORIENTED_EDGE ( 'NONE', *, *, #3560, .T. ) ;
#6251 = ORIENTED_EDGE ( 'NONE', *, *, #1915, .T. ) ;
#6252 = VECTOR ( 'NONE', #5767, 1000.000000000000000 ) ;
#6253 = DIRECTION ( 'NONE',  ( -7.906742672516238979E-16, -0.000000000000000000, -1.000000000000000000 ) ) ;
#6254 = CARTESIAN_POINT ( 'NONE',  ( 0.1000000000000495076, 0.000000000000000000, 52.89999999999999858 ) ) ;
#6255 = LINE ( 'NONE', #3316, #1163 ) ;
#6256 = FACE_OUTER_BOUND ( 'NONE', #5707, .T. ) ;
#6257 = ORIENTED_EDGE ( 'NONE', *, *, #4335, .T. ) ;
#6258 = CONICAL_SURFACE ( 'NONE', #3533, 3.900000000000023892, 1.215621824014049279 ) ;
#6259 = DIRECTION ( 'NONE',  ( -1.000000000000000000, 0.000000000000000000, 0.000000000000000000 ) ) ;
#6260 = ORIENTED_EDGE ( 'NONE', *, *, #2148, .T. ) ;
#6261 = AXIS2_PLACEMENT_3D ( 'NONE', #2310, #3256, #2690 ) ;
ENDSEC;
END-ISO-10303-21;
