ISO-10303-21;
HEADER;
FILE_DESCRIPTION (( 'STEP AP214' ),
    '1' );
FILE_NAME ('1 mid L.STEP',
    '2024-10-24T09:39:43',
    ( '' ),
    ( '' ),
    'SwSTEP 2.0',
    'SolidWorks 2023',
    '' );
FILE_SCHEMA (( 'AUTOMOTIVE_DESIGN' ));
ENDSEC;

DATA;
#1 = CARTESIAN_POINT ( 'NONE',  ( 0.08682920528852917930, 23.39895850651858922, -2.390733078820152624 ) ) ;
#2 = EDGE_CURVE ( 'NONE', #2040, #1913, #2771, .T. ) ;
#3 = DIRECTION ( 'NONE',  ( 0.000000000000000000, -0.007686366576371425445, 0.9999704594481046982 ) ) ;
#4 = AXIS2_PLACEMENT_3D ( 'NONE', #3730, #3772, #359 ) ;
#5 = DIRECTION ( 'NONE',  ( 0.000000000000000000, -0.007686366576371344780, 0.9999704594481046982 ) ) ;
#6 = ORIENTED_EDGE ( 'NONE', *, *, #343, .F. ) ;
#7 = AXIS2_PLACEMENT_3D ( 'NONE', #3570, #3995, #1757 ) ;
#8 = AXIS2_PLACEMENT_3D ( 'NONE', #1427, #383, #2563 ) ;
#9 = DIRECTION ( 'NONE',  ( 0.0005383705042709668181, 0.9999703145309754015, 0.007686365462452108416 ) ) ;
#10 = CARTESIAN_POINT ( 'NONE',  ( 0.08401356276300409043, 18.14919461090481079, 0.1689909270984939760 ) ) ;
#11 = DIRECTION ( 'NONE',  ( 0.000000000000000000, -0.007686366576372139284, 0.9999704594481048092 ) ) ;
#12 = EDGE_LOOP ( 'NONE', ( #3663, #3674, #4457, #69 ) ) ;
#13 = DIRECTION ( 'NONE',  ( 0.000000000000000000, -0.007686366576370624870, 0.9999704594481048092 ) ) ;
#14 = DIRECTION ( 'NONE',  ( 0.0003675112634932372647, 0.6882329383424822256, -0.7254896880838102025 ) ) ;
#15 = EDGE_LOOP ( 'NONE', ( #843, #385, #4748, #2355 ) ) ;
#16 = AXIS2_PLACEMENT_3D ( 'NONE', #3666, #3687, #2553 ) ;
#17 = EDGE_LOOP ( 'NONE', ( #726, #451, #23, #810 ) ) ;
#18 = AXIS2_PLACEMENT_3D ( 'NONE', #2353, #1982, #1623 ) ;
#19 = DIRECTION ( 'NONE',  ( 0.0005383705042709668181, 0.9999703145309754015, 0.007686365462452108416 ) ) ;
#20 = DIRECTION ( 'NONE',  ( 0.0005383705042709667097, 0.9999703145309752905, 0.007686365462452107548 ) ) ;
#21 = CARTESIAN_POINT ( 'NONE',  ( 0.09696137339072113948, 42.21846522847330618, -2.246075178094620206 ) ) ;
#22 = ORIENTED_EDGE ( 'NONE', *, *, #718, .F. ) ;
#23 = ORIENTED_EDGE ( 'NONE', *, *, #1932, .T. ) ;
#24 = LINE ( 'NONE', #1423, #4281 ) ;
#25 = CARTESIAN_POINT ( 'NONE',  ( 0.07806456869080991012, 7.099522635337522480, 0.08405658873839809420 ) ) ;
#26 = ORIENTED_EDGE ( 'NONE', *, *, #105, .T. ) ;
#27 = EDGE_CURVE ( 'NONE', #52, #688, #3133, .T. ) ;
#28 = AXIS2_PLACEMENT_3D ( 'NONE', #943, #1334, #201 ) ;
#29 = EDGE_CURVE ( 'NONE', #1217, #3699, #886, .T. ) ;
#30 =( NAMED_UNIT ( * ) PLANE_ANGLE_UNIT ( ) SI_UNIT ( $, .RADIAN. ) );
#31 = CARTESIAN_POINT ( 'NONE',  ( 0.08886828357345548379, 27.14637696660753718, 2.838225419499008861 ) ) ;
#32 = CYLINDRICAL_SURFACE ( 'NONE', #681, 3.049999999999672085 ) ;
#33 = ORIENTED_EDGE ( 'NONE', *, *, #4619, .T. ) ;
#34 = AXIS2_PLACEMENT_3D ( 'NONE', #1253, #1874, #1492 ) ;
#35 = DIRECTION ( 'NONE',  ( 0.000000000000000000, -0.007686366576370701198, 0.9999704594481048092 ) ) ;
#36 = ORIENTED_EDGE ( 'NONE', *, *, #3061, .F. ) ;
#37 = ORIENTED_EDGE ( 'NONE', *, *, #4140, .F. ) ;
#38 = EDGE_CURVE ( 'NONE', #3359, #3809, #3110, .T. ) ;
#39 = DIRECTION ( 'NONE',  ( 0.0005383705042709668181, 0.9999703145309754015, 0.007686365462452108416 ) ) ;
#40 = DIRECTION ( 'NONE',  ( 0.000000000000000000, -0.007686366576371277994, 0.9999704594481046982 ) ) ;
#41 = DIRECTION ( 'NONE',  ( 0.0005383705042709668181, 0.9999703145309754015, 0.007686365462452108416 ) ) ;
#42 = ORIENTED_EDGE ( 'NONE', *, *, #1662, .T. ) ;
#43 = ORIENTED_EDGE ( 'NONE', *, *, #862, .T. ) ;
#44 = DIRECTION ( 'NONE',  ( 0.0005383705042709667097, 0.9999703145309752905, 0.007686365462452107548 ) ) ;
#45 = DIRECTION ( 'NONE',  ( 0.0005383705042709668181, 0.9999703145309754015, 0.007686365462452108416 ) ) ;
#46 = ORIENTED_EDGE ( 'NONE', *, *, #1835, .F. ) ;
#47 = CIRCLE ( 'NONE', #1656, 3.049999999999808420 ) ;
#48 = CARTESIAN_POINT ( 'NONE',  ( 0.07806456869080991012, 7.099522635337522480, 0.08405658873839809420 ) ) ;
#49 = EDGE_CURVE ( 'NONE', #3581, #1526, #2746, .T. ) ;
#50 = CARTESIAN_POINT ( 'NONE',  ( 0.08896233627251920462, 27.34105516714676298, 0.2396450240136733800 ) ) ;
#51 = FACE_OUTER_BOUND ( 'NONE', #3535, .T. ) ;
#52 = VERTEX_POINT ( 'NONE', #2366 ) ;
#53 = DIRECTION ( 'NONE',  ( 0.0003675112634932410595, 0.6882329383424892200, -0.7254896880838036521 ) ) ;
#54 = ADVANCED_FACE ( 'NONE', ( #4230 ), #4650, .T. ) ;
#55 = EDGE_LOOP ( 'NONE', ( #1963, #985, #1530, #4057 ) ) ;
#56 = ADVANCED_FACE ( 'NONE', ( #1295 ), #3839, .T. ) ;
#57 = ORIENTED_EDGE ( 'NONE', *, *, #2208, .F. ) ;
#58 = VECTOR ( 'NONE', #2125, 1000.000000000000000 ) ;
#59 = LINE ( 'NONE', #2281, #4651 ) ;
#60 = AXIS2_PLACEMENT_3D ( 'NONE', #4305, #968, #2456 ) ;
#61 = CARTESIAN_POINT ( 'NONE',  ( 0.08954797633509725685, 28.42882404180145173, 0.2480062613302009555 ) ) ;
#62 = ORIENTED_EDGE ( 'NONE', *, *, #2620, .T. ) ;
#63 = EDGE_LOOP ( 'NONE', ( #4660, #389, #4523, #1741 ) ) ;
#64 = AXIS2_PLACEMENT_3D ( 'NONE', #1430, #1740, #4392 ) ;
#65 = LINE ( 'NONE', #3401, #1399 ) ;
#66 = ADVANCED_FACE ( 'NONE', ( #2720 ), #2392, .T. ) ;
#67 = CARTESIAN_POINT ( 'NONE',  ( 0.09293298088070095497, 34.69615284131639754, 2.896257478740464464 ) ) ;
#68 = VECTOR ( 'NONE', #1733, 1000.000000000000000 ) ;
#69 = ORIENTED_EDGE ( 'NONE', *, *, #3374, .T. ) ;
#70 = AXIS2_PLACEMENT_3D ( 'NONE', #896, #3519, #562 ) ;
#71 = CIRCLE ( 'NONE', #2386, 2.600000000000010303 ) ;
#72 = VECTOR ( 'NONE', #1041, 1000.000000000000114 ) ;
#73 = DIRECTION ( 'NONE',  ( -0.0005383705042709668181, -0.9999703145309754015, -0.007686365462452109283 ) ) ;
#74 = LINE ( 'NONE', #2045, #4560 ) ;
#75 = AXIS2_PLACEMENT_3D ( 'NONE', #746, #4511, #1863 ) ;
#76 = ORIENTED_EDGE ( 'NONE', *, *, #2740, .T. ) ;
#77 = AXIS2_PLACEMENT_3D ( 'NONE', #4731, #2773, #1402 ) ;
#78 = EDGE_CURVE ( 'NONE', #2916, #1573, #1360, .T. ) ;
#79 = DIRECTION ( 'NONE',  ( 0.000000000000000000, -0.007686366576371386414, 0.9999704594481048092 ) ) ;
#80 = CARTESIAN_POINT ( 'NONE',  ( 0.08886828357345516460, 27.16636151970610058, 0.2383022249338551946 ) ) ;
#81 = ORIENTED_EDGE ( 'NONE', *, *, #157, .T. ) ;
#82 = VERTEX_POINT ( 'NONE', #1250 ) ;
#83 = DIRECTION ( 'NONE',  ( -0.0005383705042709668181, -0.9999703145309754015, -0.007686365462452108416 ) ) ;
#84 = FACE_OUTER_BOUND ( 'NONE', #2534, .T. ) ;
#85 = ORIENTED_EDGE ( 'NONE', *, *, #1864, .T. ) ;
#86 = ORIENTED_EDGE ( 'NONE', *, *, #3798, .T. ) ;
#87 = AXIS2_PLACEMENT_3D ( 'NONE', #2116, #1440, #654 ) ;
#88 = FACE_OUTER_BOUND ( 'NONE', #1051, .T. ) ;
#89 = AXIS2_PLACEMENT_3D ( 'NONE', #4648, #3569, #4694 ) ;
#90 = CARTESIAN_POINT ( 'NONE',  ( 0.09436623020913904869, 37.37825719925144341, 0.3167969173430365548 ) ) ;
#91 = ORIENTED_EDGE ( 'NONE', *, *, #4295, .T. ) ;
#92 = ADVANCED_FACE ( 'NONE', ( #542 ), #1198, .T. ) ;
#93 = CYLINDRICAL_SURFACE ( 'NONE', #539, 3.049999999999850164 ) ;
#94 = CARTESIAN_POINT ( 'NONE',  ( 0.09696137339072084804, 42.19848067537476766, 0.3538480164704671527 ) ) ;
#95 = ORIENTED_EDGE ( 'NONE', *, *, #1160, .T. ) ;
#96 = FACE_OUTER_BOUND ( 'NONE', #3739, .T. ) ;
#97 = CONICAL_SURFACE ( 'NONE', #4276, 2.586183782692276889, 0.7478735844795416643 ) ;
#98 = DIRECTION ( 'NONE',  ( 0.000000000000000000, -0.007686366576371348250, 0.9999704594481046982 ) ) ;
#99 = EDGE_LOOP ( 'NONE', ( #4397, #2891 ) ) ;
#100 = EDGE_LOOP ( 'NONE', ( #484, #819, #1444, #2551 ) ) ;
#101 = CONICAL_SURFACE ( 'NONE', #3576, 2.600000000000031175, 0.8194320838110665806 ) ;
#102 = CARTESIAN_POINT ( 'NONE',  ( 0.08828264351087711237, 26.05860809195284489, 2.829864182182042498 ) ) ;
#103 = DIRECTION ( 'NONE',  ( -0.0005383705042709668181, -0.9999703145309754015, -0.007686365462452108416 ) ) ;
#104 = AXIS2_PLACEMENT_3D ( 'NONE', #2454, #2429, #1677 ) ;
#105 = EDGE_CURVE ( 'NONE', #1362, #268, #515, .T. ) ;
#106 = VERTEX_POINT ( 'NONE', #3065 ) ;
#107 = EDGE_LOOP ( 'NONE', ( #37, #2941, #4094, #2835 ) ) ;
#108 = CARTESIAN_POINT ( 'NONE',  ( 0.09369326707880035188, 36.12829430608773151, 0.3071889605149714653 ) ) ;
#109 = EDGE_CURVE ( 'NONE', #2868, #2630, #1225, .T. ) ;
#110 = ORIENTED_EDGE ( 'NONE', *, *, #4122, .T. ) ;
#111 = EDGE_CURVE ( 'NONE', #1438, #4134, #3060, .T. ) ;
#112 = ADVANCED_FACE ( 'NONE', ( #851 ), #3476, .T. ) ;
#113 = DIRECTION ( 'NONE',  ( 0.0005383705042709668181, 0.9999703145309754015, 0.007686365462452108416 ) ) ;
#114 = CARTESIAN_POINT ( 'NONE',  ( 0.09696137339072083416, 42.19848067537473923, 0.3538480164704669306 ) ) ;
#115 = AXIS2_PLACEMENT_3D ( 'NONE', #4680, #529, #3120 ) ;
#116 = DIRECTION ( 'NONE',  ( 0.0005368196325000687162, 0.9976727250948284054, -0.06818244221602176580 ) ) ;
#117 = VECTOR ( 'NONE', #3660, 1000.000000000000114 ) ;
#118 = EDGE_CURVE ( 'NONE', #1308, #2916, #1660, .T. ) ;
#119 = DIRECTION ( 'NONE',  ( 0.0005383705042709668181, 0.9999703145309754015, 0.007686365462452108416 ) ) ;
#120 = DIRECTION ( 'NONE',  ( 0.000000000000000000, -0.007686366576372077701, 0.9999704594481048092 ) ) ;
#121 = DIRECTION ( 'NONE',  ( -0.0005383705042709668181, -0.9999703145309754015, -0.007686365462452108416 ) ) ;
#122 = VERTEX_POINT ( 'NONE', #3890 ) ;
#123 = VERTEX_POINT ( 'NONE', #489 ) ;
#124 = VECTOR ( 'NONE', #278, 1000.000000000000114 ) ;
#125 = DIRECTION ( 'NONE',  ( -0.0005383705042709668181, -0.9999703145309754015, -0.007686365462452108416 ) ) ;
#126 = DIRECTION ( 'NONE',  ( 0.000000000000000000, -0.007686366576372379543, 0.9999704594481048092 ) ) ;
#127 = ORIENTED_EDGE ( 'NONE', *, *, #1587, .T. ) ;
#128 = VERTEX_POINT ( 'NONE', #1614 ) ;
#129 = EDGE_CURVE ( 'NONE', #3376, #3581, #4224, .T. ) ;
#130 = FACE_OUTER_BOUND ( 'NONE', #3669, .T. ) ;
#131 = AXIS2_PLACEMENT_3D ( 'NONE', #3456, #2421, #955 ) ;
#132 = VERTEX_POINT ( 'NONE', #1641 ) ;
#133 = AXIS2_PLACEMENT_3D ( 'NONE', #4621, #236, #947 ) ;
#134 = EDGE_CURVE ( 'NONE', #4661, #2140, #2847, .T. ) ;
#135 = VECTOR ( 'NONE', #3378, 1000.000000000000114 ) ;
#136 = FACE_OUTER_BOUND ( 'NONE', #335, .T. ) ;
#137 = CARTESIAN_POINT ( 'NONE',  ( 2.482222301511859616E-17, -0.0002266292299840554829, 0.02948370117739336493 ) ) ;
#138 = DIRECTION ( 'NONE',  ( 0.0003675112634931449991, 0.6769991864990060337, 0.7359836726552806407 ) ) ;
#139 = VECTOR ( 'NONE', #4391, 1000.000000000000114 ) ;
#140 = AXIS2_PLACEMENT_3D ( 'NONE', #1459, #1840, #4031 ) ;
#141 = EDGE_CURVE ( 'NONE', #3581, #1488, #261, .T. ) ;
#142 = DIRECTION ( 'NONE',  ( 0.000000000000000000, -0.007686366576371601519, 0.9999704594481046982 ) ) ;
#143 = CARTESIAN_POINT ( 'NONE',  ( 0.09226001775036225816, 33.46617450125125970, 0.2867263273473035778 ) ) ;
#144 = CARTESIAN_POINT ( 'NONE',  ( 0.09696137339072120886, 42.22192409343266917, -2.696061884845988299 ) ) ;
#145 = DIRECTION ( 'NONE',  ( 0.000000000000000000, -0.007686366576372089844, 0.9999704594481048092 ) ) ;
#146 = ORIENTED_EDGE ( 'NONE', *, *, #202, .T. ) ;
#147 = ORIENTED_EDGE ( 'NONE', *, *, #4211, .F. ) ;
#148 = EDGE_CURVE ( 'NONE', #2869, #4501, #3134, .T. ) ;
#149 = DIRECTION ( 'NONE',  ( 0.0005383705042709667097, 0.9999703145309752905, 0.007686365462452107548 ) ) ;
#150 = DIRECTION ( 'NONE',  ( 0.0005383705042709667097, 0.9999703145309752905, 0.007686365462452107548 ) ) ;
#151 = ORIENTED_EDGE ( 'NONE', *, *, #4625, .T. ) ;
#152 = ORIENTED_EDGE ( 'NONE', *, *, #3344, .F. ) ;
#153 = CARTESIAN_POINT ( 'NONE',  ( 0.09696137339072083416, 42.19848067537473923, 0.3538480164704669306 ) ) ;
#154 = FACE_OUTER_BOUND ( 'NONE', #1356, .T. ) ;
#155 = ORIENTED_EDGE ( 'NONE', *, *, #3427, .F. ) ;
#156 = ORIENTED_EDGE ( 'NONE', *, *, #1801, .F. ) ;
#157 = EDGE_CURVE ( 'NONE', #1824, #1460, #2748, .T. ) ;
#158 = CARTESIAN_POINT ( 'NONE',  ( 0.09696137339072083416, 42.19848067537473923, 0.3538480164704669306 ) ) ;
#159 = AXIS2_PLACEMENT_3D ( 'NONE', #1696, #4240, #575 ) ;
#160 = CARTESIAN_POINT ( 'NONE',  ( 0.09503919333947775938, 38.62822009241517662, 0.3264048741711018109 ) ) ;
#161 = FACE_OUTER_BOUND ( 'NONE', #1133, .T. ) ;
#162 = EDGE_CURVE ( 'NONE', #3828, #2091, #664, .T. ) ;
#163 = DIRECTION ( 'NONE',  ( 0.0003675112634931482518, 0.6769991864990119179, 0.7359836726552750896 ) ) ;
#164 = EDGE_CURVE ( 'NONE', #1362, #1493, #4473, .T. ) ;
#165 = FACE_OUTER_BOUND ( 'NONE', #561, .T. ) ;
#166 = FACE_OUTER_BOUND ( 'NONE', #3821, .T. ) ;
#167 = LINE ( 'NONE', #3114, #760 ) ;
#168 = ORIENTED_EDGE ( 'NONE', *, *, #403, .F. ) ;
#169 = ORIENTED_EDGE ( 'NONE', *, *, #2352, .F. ) ;
#170 = CARTESIAN_POINT ( 'NONE',  ( 0.09696137339072120886, 42.22192409343266206, -2.696061884845924350 ) ) ;
#171 = DIRECTION ( 'NONE',  ( 0.000000000000000000, -0.007686366576372088109, 0.9999704594481048092 ) ) ;
#172 = EDGE_CURVE ( 'NONE', #1600, #4127, #2060, .T. ) ;
#173 = ORIENTED_EDGE ( 'NONE', *, *, #1251, .F. ) ;
#174 = ADVANCED_FACE ( 'NONE', ( #640 ), #1673, .T. ) ;
#175 = CONICAL_SURFACE ( 'NONE', #2881, 2.599999999999634603, 0.8194320838113332561 ) ;
#176 = ORIENTED_EDGE ( 'NONE', *, *, #3477, .T. ) ;
#177 = CARTESIAN_POINT ( 'NONE',  ( 0.09302030394846162731, 34.85834685982543846, 2.897504198252002006 ) ) ;
#178 = EDGE_CURVE ( 'NONE', #3229, #3833, #2668, .T. ) ;
#179 = ORIENTED_EDGE ( 'NONE', *, *, #2318, .F. ) ;
#180 = VERTEX_POINT ( 'NONE', #3971 ) ;
#181 = CARTESIAN_POINT ( 'NONE',  ( 0.08598422008614969858, 21.80949696332874055, 0.1971261838905914721 ) ) ;
#182 = CARTESIAN_POINT ( 'NONE',  ( 0.08760295074923502012, 24.81613012295605358, 0.2202369512209818303 ) ) ;
#183 = DIRECTION ( 'NONE',  ( 0.000000000000000000, -0.007686366576371392485, 0.9999704594481046982 ) ) ;
#184 = ADVANCED_FACE ( 'NONE', ( #3183 ), #1974, .T. ) ;
#185 = DIRECTION ( 'NONE',  ( 0.000000000000000000, -0.007686366576371571162, 0.9999704594481046982 ) ) ;
#186 = COLOUR_RGB ( '',0.7921568627450980005, 0.8196078431372548767, 0.9333333333333333481 ) ;
#187 = LINE ( 'NONE', #3136, #3106 ) ;
#188 = CARTESIAN_POINT ( 'NONE',  ( 0.09032172179580340299, 29.86598021133747594, 0.2590530968063649020 ) ) ;
#189 = CARTESIAN_POINT ( 'NONE',  ( 0.08062182858609709402, 11.84938162935985417, 0.1205668246850471470 ) ) ;
#190 = ORIENTED_EDGE ( 'NONE', *, *, #4662, .F. ) ;
#191 = ORIENTED_EDGE ( 'NONE', *, *, #598, .T. ) ;
#192 = AXIS2_PLACEMENT_3D ( 'NONE', #2735, #919, #1335 ) ;
#193 = FACE_OUTER_BOUND ( 'NONE', #17, .T. ) ;
#194 = EDGE_CURVE ( 'NONE', #132, #3420, #4620, .T. ) ;
#195 = DIRECTION ( 'NONE',  ( 0.0005383705042709668181, 0.9999703145309754015, 0.007686365462452108416 ) ) ;
#196 = CARTESIAN_POINT ( 'NONE',  ( 0.09338120953731891827, 35.54867808374376636, 0.3027336861451605521 ) ) ;
#197 = VECTOR ( 'NONE', #20, 1000.000000000000114 ) ;
#198 = ORIENTED_EDGE ( 'NONE', *, *, #1758, .F. ) ;
#199 = VERTEX_POINT ( 'NONE', #4672 ) ;
#200 = VECTOR ( 'NONE', #3144, 1000.000000000000114 ) ;
#201 = DIRECTION ( 'NONE',  ( 0.000000000000000000, -0.007686366576371364730, 0.9999704594481046982 ) ) ;
#202 = EDGE_CURVE ( 'NONE', #2868, #1811, #3573, .T. ) ;
#203 = CARTESIAN_POINT ( 'NONE',  ( 0.09136232014630277232, 31.82223282231053929, -2.776000085655563776 ) ) ;
#204 = EDGE_LOOP ( 'NONE', ( #4478, #1166, #1445, #409 ) ) ;
#205 = ORIENTED_EDGE ( 'NONE', *, *, #1239, .T. ) ;
#206 = CIRCLE ( 'NONE', #1450, 2.600000000000031175 ) ;
#207 = EDGE_CURVE ( 'NONE', #2815, #2031, #2530, .T. ) ;
#208 = CARTESIAN_POINT ( 'NONE',  ( 0.08964202903416129686, 28.60351768924211768, 0.2493490604100191688 ) ) ;
#209 = FACE_OUTER_BOUND ( 'NONE', #2640, .T. ) ;
#210 = CARTESIAN_POINT ( 'NONE',  ( 0.08090372065830743475, 12.35363482431968762, 2.639831983655280379 ) ) ;
#211 = CARTESIAN_POINT ( 'NONE',  ( 0.08828264351087711237, 26.07859264505140473, 0.2299409876173275913 ) ) ;
#212 = DIRECTION ( 'NONE',  ( 0.000000000000000000, -0.007686366576371143552, 0.9999704594481046982 ) ) ;
#213 = DIRECTION ( 'NONE',  ( 5.361196235892420379E-21, -0.007686366576371192992, 0.9999704594481046982 ) ) ;
#214 = CARTESIAN_POINT ( 'NONE',  ( 0.09696137339072083416, 42.19848067537473923, 0.3538480164704669306 ) ) ;
#215 = ORIENTED_EDGE ( 'NONE', *, *, #398, .F. ) ;
#216 = CONICAL_SURFACE ( 'NONE', #4324, 2.586183782692276889, 0.5489060497522214588 ) ;
#217 = VERTEX_POINT ( 'NONE', #507 ) ;
#218 = ADVANCED_FACE ( 'NONE', ( #869 ), #3126, .T. ) ;
#219 = AXIS2_PLACEMENT_3D ( 'NONE', #3005, #4516, #3367 ) ;
#220 = AXIS2_PLACEMENT_3D ( 'NONE', #3832, #1703, #3199 ) ;
#221 = LINE ( 'NONE', #4633, #3093 ) ;
#222 = VECTOR ( 'NONE', #2348, 1000.000000000000114 ) ;
#223 = CIRCLE ( 'NONE', #140, 2.600000000000092903 ) ;
#224 = CARTESIAN_POINT ( 'NONE',  ( 0.08750889805017128542, 24.62145192241681713, 2.818817346706343763 ) ) ;
#225 = FACE_OUTER_BOUND ( 'NONE', #4767, .T. ) ;
#226 = ORIENTED_EDGE ( 'NONE', *, *, #1122, .F. ) ;
#227 = ORIENTED_EDGE ( 'NONE', *, *, #2603, .F. ) ;
#228 = EDGE_CURVE ( 'NONE', #380, #2673, #206, .T. ) ;
#229 = VECTOR ( 'NONE', #4576, 1000.000000000000114 ) ;
#230 = VECTOR ( 'NONE', #519, 1000.000000000000114 ) ;
#231 = LINE ( 'NONE', #3883, #1684 ) ;
#232 = DIRECTION ( 'NONE',  ( 0.0005383705042709668181, 0.9999703145309754015, 0.007686365462452108416 ) ) ;
#233 = ORIENTED_EDGE ( 'NONE', *, *, #4135, .T. ) ;
#234 = ORIENTED_EDGE ( 'NONE', *, *, #916, .F. ) ;
#235 = EDGE_CURVE ( 'NONE', #4756, #3430, #3174, .T. ) ;
#236 = DIRECTION ( 'NONE',  ( 0.0005383705042709668181, 0.9999703145309754015, 0.007686365462452108416 ) ) ;
#237 = DIRECTION ( 'NONE',  ( 0.0005383705042709668181, 0.9999703145309754015, 0.007686365462452108416 ) ) ;
#238 = VECTOR ( 'NONE', #302, 1000.000000000000114 ) ;
#239 = DIRECTION ( 'NONE',  ( -0.0005383705042709668181, -0.9999703145309754015, -0.007686365462452108416 ) ) ;
#240 = AXIS2_PLACEMENT_3D ( 'NONE', #3531, #125, #912 ) ;
#241 = DIRECTION ( 'NONE',  ( 0.000000000000000000, -0.007686366576372090711, 0.9999704594481048092 ) ) ;
#242 = CARTESIAN_POINT ( 'NONE',  ( 0.09562483340205579774, 39.73597352016840745, -2.265157083077452338 ) ) ;
#243 = DIRECTION ( 'NONE',  ( 0.0005383705042709667097, 0.9999703145309752905, 0.007686365462452107548 ) ) ;
#244 = LINE ( 'NONE', #4677, #2455 ) ;
#245 = ORIENTED_EDGE ( 'NONE', *, *, #3640, .T. ) ;
#246 = ORIENTED_EDGE ( 'NONE', *, *, #3396, .F. ) ;
#247 = CARTESIAN_POINT ( 'NONE',  ( 0.09696137339072113948, 42.21846522847330618, -2.246075178094624647 ) ) ;
#248 = CARTESIAN_POINT ( 'NONE',  ( 0.09696137339072083416, 42.19848067537473923, 0.3538480164704669306 ) ) ;
#249 = DIRECTION ( 'NONE',  ( 0.000000000000000000, -0.007686366576371979689, 0.9999704594481046982 ) ) ;
#250 = ORIENTED_EDGE ( 'NONE', *, *, #2669, .F. ) ;
#251 = ORIENTED_EDGE ( 'NONE', *, *, #487, .T. ) ;
#252 = DIRECTION ( 'NONE',  ( 0.0003675112634931477639, 0.6769991864990111408, 0.7359836726552759778 ) ) ;
#253 = DIRECTION ( 'NONE',  ( -0.0005380837891095403705, -0.9996885897503643426, 0.02494862699155119684 ) ) ;
#254 = AXIS2_PLACEMENT_3D ( 'NONE', #371, #4454, #3329 ) ;
#255 = ORIENTED_EDGE ( 'NONE', *, *, #2301, .T. ) ;
#256 = CIRCLE ( 'NONE', #3187, 3.050000000000008260 ) ;
#257 = VECTOR ( 'NONE', #1806, 1000.000000000000114 ) ;
#258 = CARTESIAN_POINT ( 'NONE',  ( 0.08818859081181307236, 25.90389899761074943, 0.2285981885375094613 ) ) ;
#259 = ADVANCED_FACE ( 'NONE', ( #2761 ), #499, .T. ) ;
#260 = LINE ( 'NONE', #4023, #3533 ) ;
#261 = LINE ( 'NONE', #4366, #3217 ) ;
#262 = ADVANCED_FACE ( 'NONE', ( #1678 ), #2359, .T. ) ;
#263 = DIRECTION ( 'NONE',  ( 0.000000000000000000, -0.007686366576371613663, 0.9999704594481048092 ) ) ;
#264 = CARTESIAN_POINT ( 'NONE',  ( 0.09503919333947807857, 38.64820464551374357, -2.273518320393980829 ) ) ;
#265 = DIRECTION ( 'NONE',  ( 0.0005383705042709668181, 0.9999703145309754015, 0.007686365462452108416 ) ) ;
#266 = FACE_OUTER_BOUND ( 'NONE', #2499, .T. ) ;
#267 = DIRECTION ( 'NONE',  ( 0.0005383705042709667097, 0.9999703145309752905, 0.007686365462452107548 ) ) ;
#268 = VERTEX_POINT ( 'NONE', #533 ) ;
#269 = ADVANCED_FACE ( 'NONE', ( #154 ), #3062, .T. ) ;
#270 = DIRECTION ( 'NONE',  ( 0.0003675112634931479265, 0.6769991864990113628, 0.7359836726552756447 ) ) ;
#271 = CARTESIAN_POINT ( 'NONE',  ( 0.09436623020913904869, 37.35827264615287646, 2.916720111908123858 ) ) ;
#272 = CYLINDRICAL_SURFACE ( 'NONE', #3623, 2.599999999999857980 ) ;
#273 = ORIENTED_EDGE ( 'NONE', *, *, #719, .T. ) ;
#274 = EDGE_LOOP ( 'NONE', ( #830, #4781, #2594, #2299 ) ) ;
#275 = AXIS2_PLACEMENT_3D ( 'NONE', #4759, #3661, #338 ) ;
#276 = DIRECTION ( 'NONE',  ( 0.000000000000000000, -0.007686366576371204268, 0.9999704594481046982 ) ) ;
#277 = AXIS2_PLACEMENT_3D ( 'NONE', #3211, #4341, #353 ) ;
#278 = DIRECTION ( 'NONE',  ( 0.0003946991537759743048, 0.7383422518208541119, -0.6744260992790005460 ) ) ;
#279 = CARTESIAN_POINT ( 'NONE',  ( 0.08850895647366664731, 26.49894673723841620, 0.2331720787099687831 ) ) ;
#280 = ORIENTED_EDGE ( 'NONE', *, *, #2338, .F. ) ;
#281 = ORIENTED_EDGE ( 'NONE', *, *, #2840, .T. ) ;
#282 = EDGE_CURVE ( 'NONE', #1493, #4272, #4573, .T. ) ;
#283 = CONICAL_SURFACE ( 'NONE', #2985, 2.600000000000067590, 0.8229227423153563370 ) ;
#284 = CYLINDRICAL_SURFACE ( 'NONE', #4260, 2.599999999999868194 ) ;
#285 = CARTESIAN_POINT ( 'NONE',  ( 0.09696137339072083416, 42.19848067537473923, 0.3538480164704669306 ) ) ;
#286 = AXIS2_PLACEMENT_3D ( 'NONE', #1593, #3866, #183 ) ;
#287 = DIRECTION ( 'NONE',  ( 0.0005383705042709668181, 0.9999703145309754015, 0.007686365462452108416 ) ) ;
#288 = DIRECTION ( 'NONE',  ( 0.000000000000000000, -0.007686366576371601519, 0.9999704594481046982 ) ) ;
#289 = FACE_OUTER_BOUND ( 'NONE', #415, .T. ) ;
#290 = LINE ( 'NONE', #1716, #3460 ) ;
#291 = LINE ( 'NONE', #4003, #2609 ) ;
#292 = ORIENTED_EDGE ( 'NONE', *, *, #1943, .T. ) ;
#293 = VECTOR ( 'NONE', #3580, 1000.000000000000114 ) ;
#294 = CARTESIAN_POINT ( 'NONE',  ( 0.09000293462301860170, 29.27386436006189285, 0.2545017428682735394 ) ) ;
#295 = LINE ( 'NONE', #271, #732 ) ;
#296 = CARTESIAN_POINT ( 'NONE',  ( 0.08828264351087711237, 26.07859264505140473, 0.2299409876173275913 ) ) ;
#297 = ORIENTED_EDGE ( 'NONE', *, *, #1489, .F. ) ;
#298 = ORIENTED_EDGE ( 'NONE', *, *, #2770, .F. ) ;
#299 = ADVANCED_FACE ( 'NONE', ( #2019 ), #2096, .T. ) ;
#300 = AXIS2_PLACEMENT_3D ( 'NONE', #4225, #1681, #2844 ) ;
#301 = AXIS2_PLACEMENT_3D ( 'NONE', #994, #4271, #2112 ) ;
#302 = DIRECTION ( 'NONE',  ( 0.0003946991537759775032, 0.7278875427734698977, 0.6856964118965317434 ) ) ;
#303 = DIRECTION ( 'NONE',  ( 0.0005383705042709668181, 0.9999703145309754015, 0.007686365462452108416 ) ) ;
#304 = DIRECTION ( 'NONE',  ( -0.0003766781054527062198, -0.7051342696047008252, 0.7090737055783763454 ) ) ;
#305 = ORIENTED_EDGE ( 'NONE', *, *, #1407, .F. ) ;
#306 = VECTOR ( 'NONE', #3889, 1000.000000000000114 ) ;
#307 = ORIENTED_EDGE ( 'NONE', *, *, #1415, .T. ) ;
#308 = FACE_OUTER_BOUND ( 'NONE', #2650, .T. ) ;
#309 = DIRECTION ( 'NONE',  ( 0.0005383705042709668181, 0.9999703145309754015, 0.007686365462452108416 ) ) ;
#310 = DIRECTION ( 'NONE',  ( 0.0005383705042709667097, 0.9999703145309752905, 0.007686365462452107548 ) ) ;
#311 = DIRECTION ( 'NONE',  ( 0.0005383705042709668181, 0.9999703145309754015, 0.007686365462452108416 ) ) ;
#312 = DIRECTION ( 'NONE',  ( 0.000000000000000000, 0.007686366576371266718, -0.9999704594481048092 ) ) ;
#313 = DIRECTION ( 'NONE',  ( 0.0005383705042709668181, 0.9999703145309754015, 0.007686365462452108416 ) ) ;
#314 = VERTEX_POINT ( 'NONE', #4616 ) ;
#315 = VECTOR ( 'NONE', #3837, 1000.000000000000114 ) ;
#316 = DIRECTION ( 'NONE',  ( 0.0005383705042709668181, 0.9999703145309754015, 0.007686365462452108416 ) ) ;
#317 = CARTESIAN_POINT ( 'NONE',  ( 0.09100141455744581442, 31.14842728653141180, -2.331166061362171860 ) ) ;
#318 = ORIENTED_EDGE ( 'NONE', *, *, #157, .F. ) ;
#319 = EDGE_LOOP ( 'NONE', ( #1942, #4004, #2730, #4139 ) ) ;
#320 = FACE_OUTER_BOUND ( 'NONE', #4683, .T. ) ;
#321 = EDGE_CURVE ( 'NONE', #4356, #3434, #2148, .T. ) ;
#322 = LINE ( 'NONE', #3050, #4537 ) ;
#323 = FACE_OUTER_BOUND ( 'NONE', #1103, .T. ) ;
#324 = VERTEX_POINT ( 'NONE', #203 ) ;
#325 = EDGE_LOOP ( 'NONE', ( #1363, #2646, #633, #3668 ) ) ;
#326 = CARTESIAN_POINT ( 'NONE',  ( 0.09666526961337180979, 41.64849700238274011, 0.3496205154661185532 ) ) ;
#327 = CIRCLE ( 'NONE', #936, 3.049999999999670752 ) ;
#328 = ADVANCED_FACE ( 'NONE', ( #1653 ), #3080, .T. ) ;
#329 = DIRECTION ( 'NONE',  ( 0.000000000000000000, -0.007686366576371191257, 0.9999704594481046982 ) ) ;
#330 = ORIENTED_EDGE ( 'NONE', *, *, #957, .F. ) ;
#331 = VECTOR ( 'NONE', #1977, 1000.000000000000114 ) ;
#332 = EDGE_CURVE ( 'NONE', #3727, #2332, #2792, .T. ) ;
#333 = CARTESIAN_POINT ( 'NONE',  ( 0.08624356522595114094, 22.31118963186390047, -2.399094316136467953 ) ) ;
#334 = LINE ( 'NONE', #1810, #986 ) ;
#335 = EDGE_LOOP ( 'NONE', ( #1897, #860, #1281, #4278 ) ) ;
#336 = ADVANCED_FACE ( 'NONE', ( #944 ), #1364, .T. ) ;
#337 = DIRECTION ( 'NONE',  ( 0.0003675112634931513417, 0.6769991864990178021, 0.7359836726552697606 ) ) ;
#338 = DIRECTION ( 'NONE',  ( 0.000000000000000000, -0.007686366576371359526, 0.9999704594481046982 ) ) ;
#339 = DIRECTION ( 'NONE',  ( 0.000000000000000000, 0.007686366576372116732, -0.9999704594481048092 ) ) ;
#340 = ORIENTED_EDGE ( 'NONE', *, *, #2365, .F. ) ;
#341 = ORIENTED_EDGE ( 'NONE', *, *, #49, .F. ) ;
#342 = EDGE_CURVE ( 'NONE', #2328, #3364, #3935, .T. ) ;
#343 = EDGE_CURVE ( 'NONE', #972, #4134, #1361, .T. ) ;
#344 = CARTESIAN_POINT ( 'NONE',  ( -0.001991970865840571574, -3.700116792994622816, 0.001044148966320329911 ) ) ;
#345 = DIRECTION ( 'NONE',  ( 0.0005383705042709667097, 0.9999703145309752905, 0.007686365462452107548 ) ) ;
#346 = DIRECTION ( 'NONE',  ( 0.0003675112634932395416, 0.6882329383424864444, -0.7254896880838062057 ) ) ;
#347 = MECHANICAL_DESIGN_GEOMETRIC_PRESENTATION_REPRESENTATION (  '', ( #1896 ), #952 ) ;
#348 = EDGE_LOOP ( 'NONE', ( #1679, #3127, #3802, #1981 ) ) ;
#349 = ORIENTED_EDGE ( 'NONE', *, *, #4643, .F. ) ;
#350 = CIRCLE ( 'NONE', #1742, 3.324242148869763547 ) ;
#351 = CARTESIAN_POINT ( 'NONE',  ( 0.09324661691125117613, 35.27524208705309405, 3.350721996096287736 ) ) ;
#352 = CONICAL_SURFACE ( 'NONE', #3054, 2.600000000000041389, 0.8229227423153557819 ) ;
#353 = DIRECTION ( 'NONE',  ( 0.000000000000000000, -0.007686366576370663034, 0.9999704594481048092 ) ) ;
#354 = LINE ( 'NONE', #2649, #2303 ) ;
#355 = VERTEX_POINT ( 'NONE', #3589 ) ;
#356 = AXIS2_PLACEMENT_3D ( 'NONE', #2263, #1183, #1533 ) ;
#357 = VECTOR ( 'NONE', #2798, 1000.000000000000000 ) ;
#358 = FACE_OUTER_BOUND ( 'NONE', #1747, .T. ) ;
#359 = DIRECTION ( 'NONE',  ( 0.000000000000000000, -0.007686366576371748971, 0.9999704594481048092 ) ) ;
#360 = ORIENTED_EDGE ( 'NONE', *, *, #4625, .F. ) ;
#361 = CIRCLE ( 'NONE', #2833, 2.599999999999657252 ) ;
#362 = AXIS2_PLACEMENT_3D ( 'NONE', #1279, #4582, #145 ) ;
#363 =( NAMED_UNIT ( * ) PLANE_ANGLE_UNIT ( ) SI_UNIT ( $, .RADIAN. ) );
#364 = CARTESIAN_POINT ( 'NONE',  ( 0.08557483722538988813, 21.04910852304463376, 0.1912813869396050304 ) ) ;
#365 = EDGE_LOOP ( 'NONE', ( #2618, #3755, #4502, #1050 ) ) ;
#366 = EDGE_LOOP ( 'NONE', ( #628, #3469, #2645, #3398 ) ) ;
#367 = AXIS2_PLACEMENT_3D ( 'NONE', #3107, #2071, #1268 ) ;
#368 = FACE_OUTER_BOUND ( 'NONE', #3679, .T. ) ;
#369 = CIRCLE ( 'NONE', #3698, 3.050000000000025135 ) ;
#370 = DIRECTION ( 'NONE',  ( 0.0005383705042709667097, 0.9999703145309752905, 0.007686365462452107548 ) ) ;
#371 = CARTESIAN_POINT ( 'NONE',  ( 0.09696137339072083416, 42.19848067537473923, 0.3538480164704669306 ) ) ;
#372 = ORIENTED_EDGE ( 'NONE', *, *, #3804, .T. ) ;
#373 = EDGE_LOOP ( 'NONE', ( #1995, #1509, #2578, #1958 ) ) ;
#374 = AXIS2_PLACEMENT_3D ( 'NONE', #3069, #4628, #213 ) ;
#375 = DIRECTION ( 'NONE',  ( 0.000000000000000000, -0.007686366576371192992, 0.9999704594481046982 ) ) ;
#376 = CARTESIAN_POINT ( 'NONE',  ( 0.09696137339072083416, 42.17503725731680220, 3.403757917787211262 ) ) ;
#377 = AXIS2_PLACEMENT_3D ( 'NONE', #467, #3084, #1951 ) ;
#378 = DIRECTION ( 'NONE',  ( 0.000000000000000000, -0.007686366576372089844, 0.9999704594481048092 ) ) ;
#379 = DIRECTION ( 'NONE',  ( 0.0005383705042709667097, 0.9999703145309752905, 0.007686365462452107548 ) ) ;
#380 = VERTEX_POINT ( 'NONE', #4401 ) ;
#381 = CIRCLE ( 'NONE', #1852, 2.588226473094630720 ) ;
#382 = AXIS2_PLACEMENT_3D ( 'NONE', #2585, #3340, #1082 ) ;
#383 = DIRECTION ( 'NONE',  ( 0.0005383705042709668181, 0.9999703145309754015, 0.007686365462452108416 ) ) ;
#384 = LINE ( 'NONE', #2252, #2076 ) ;
#385 = ORIENTED_EDGE ( 'NONE', *, *, #29, .T. ) ;
#386 = DIRECTION ( 'NONE',  ( 0.000000000000000000, -0.007686366576370185985, 0.9999704594481046982 ) ) ;
#387 = DIRECTION ( 'NONE',  ( 0.0003675112634931435897, 0.6769991864990032582, 0.7359836726552831943 ) ) ;
#388 = VECTOR ( 'NONE', #2205, 1000.000000000000114 ) ;
#389 = ORIENTED_EDGE ( 'NONE', *, *, #2271, .T. ) ;
#390 = VERTEX_POINT ( 'NONE', #3200 ) ;
#391 = CIRCLE ( 'NONE', #4115, 2.599999999999687894 ) ;
#392 = CIRCLE ( 'NONE', #2255, 3.050000000000069988 ) ;
#393 = LINE ( 'NONE', #1894, #4348 ) ;
#394 = DIRECTION ( 'NONE',  ( 0.0005383705042709668181, 0.9999703145309754015, 0.007686365462452108416 ) ) ;
#395 = DIRECTION ( 'NONE',  ( 0.000000000000000000, -0.007686366576371379475, 0.9999704594481046982 ) ) ;
#396 = ORIENTED_EDGE ( 'NONE', *, *, #400, .T. ) ;
#397 = EDGE_LOOP ( 'NONE', ( #2942, #3013, #2762, #1837 ) ) ;
#398 = EDGE_CURVE ( 'NONE', #2197, #2485, #4746, .T. ) ;
#399 = CARTESIAN_POINT ( 'NONE',  ( 0.09696137339072083416, 42.19848067537473923, 0.3538480164704669306 ) ) ;
#400 = EDGE_CURVE ( 'NONE', #4424, #1913, #3836, .T. ) ;
#401 = DIRECTION ( 'NONE',  ( 0.0005383705042709668181, 0.9999703145309754015, 0.007686365462452108416 ) ) ;
#402 = ORIENTED_EDGE ( 'NONE', *, *, #639, .T. ) ;
#403 = EDGE_CURVE ( 'NONE', #972, #2757, #4475, .T. ) ;
#404 = DIRECTION ( 'NONE',  ( 0.000000000000000000, -0.007686366576371202533, 0.9999704594481046982 ) ) ;
#405 = CARTESIAN_POINT ( 'NONE',  ( 0.09022766909673934910, 29.69128656389681709, 0.2577102977265467998 ) ) ;
#406 = AXIS2_PLACEMENT_3D ( 'NONE', #3525, #265, #2876 ) ;
#407 = ORIENTED_EDGE ( 'NONE', *, *, #690, .F. ) ;
#408 = DIRECTION ( 'NONE',  ( 0.000000000000000000, -0.007686366576371411567, 0.9999704594481046982 ) ) ;
#409 = ORIENTED_EDGE ( 'NONE', *, *, #3713, .F. ) ;
#410 = ORIENTED_EDGE ( 'NONE', *, *, #2539, .F. ) ;
#411 = ADVANCED_FACE ( 'NONE', ( #323 ), #2195, .T. ) ;
#412 = EDGE_CURVE ( 'NONE', #866, #3121, #3667, .T. ) ;
#413 = DIRECTION ( 'NONE',  ( 0.0005383705042709667097, 0.9999703145309752905, 0.007686365462452107548 ) ) ;
#414 = DIRECTION ( 'NONE',  ( -0.0003661357369575337522, -0.6856963141577496756, 0.7278876497750863539 ) ) ;
#415 = EDGE_LOOP ( 'NONE', ( #3092, #3781, #227, #4666 ) ) ;
#416 = ORIENTED_EDGE ( 'NONE', *, *, #3961, .T. ) ;
#417 = EDGE_CURVE ( 'NONE', #390, #996, #1049, .T. ) ;
#418 = FACE_OUTER_BOUND ( 'NONE', #909, .T. ) ;
#419 = VECTOR ( 'NONE', #1744, 1000.000000000000114 ) ;
#420 = DIRECTION ( 'NONE',  ( 0.0005383705042709668181, 0.9999703145309754015, 0.007686365462452108416 ) ) ;
#421 = ORIENTED_EDGE ( 'NONE', *, *, #2413, .F. ) ;
#422 = CIRCLE ( 'NONE', #277, 2.600000000000054712 ) ;
#423 = FACE_OUTER_BOUND ( 'NONE', #1853, .T. ) ;
#424 = VECTOR ( 'NONE', #370, 1000.000000000000114 ) ;
#425 = CARTESIAN_POINT ( 'NONE',  ( 0.09369326707880065719, 36.14827885918629846, -2.292734234050117781 ) ) ;
#426 = LINE ( 'NONE', #3342, #4024 ) ;
#427 = ORIENTED_EDGE ( 'NONE', *, *, #4673, .T. ) ;
#428 = AXIS2_PLACEMENT_3D ( 'NONE', #3254, #4745, #1418 ) ;
#429 = FACE_OUTER_BOUND ( 'NONE', #1553, .T. ) ;
#430 = CARTESIAN_POINT ( 'NONE',  ( 0.08557483722539022120, 21.06917499257387760, -2.419298859954334802 ) ) ;
#431 = ORIENTED_EDGE ( 'NONE', *, *, #2774, .T. ) ;
#432 = VERTEX_POINT ( 'NONE', #2839 ) ;
#433 = AXIS2_PLACEMENT_3D ( 'NONE', #1686, #3522, #4256 ) ;
#434 = DIRECTION ( 'NONE',  ( 0.000000000000000000, 0.007686366576372154029, -0.9999704594481048092 ) ) ;
#435 = DIRECTION ( 'NONE',  ( 0.0005383705042709668181, 0.9999703145309754015, 0.007686365462452108416 ) ) ;
#436 = ORIENTED_EDGE ( 'NONE', *, *, #2897, .T. ) ;
#437 = ORIENTED_EDGE ( 'NONE', *, *, #563, .F. ) ;
#438 = CARTESIAN_POINT ( 'NONE',  ( 0.08282914765360796516, 15.97270333699458966, -2.897828978235266639 ) ) ;
#439 = DIRECTION ( 'NONE',  ( 0.000000000000000000, -0.007686366576372115865, 0.9999704594481048092 ) ) ;
#440 = AXIS2_PLACEMENT_3D ( 'NONE', #4460, #401, #2607 ) ;
#441 = ORIENTED_EDGE ( 'NONE', *, *, #2365, .T. ) ;
#442 = AXIS2_PLACEMENT_3D ( 'NONE', #4754, #1764, #1013 ) ;
#443 = AXIS2_PLACEMENT_3D ( 'NONE', #1815, #2137, #749 ) ;
#444 = EDGE_CURVE ( 'NONE', #4661, #355, #4361, .T. ) ;
#445 = DIRECTION ( 'NONE',  ( -0.0005383705042709668181, -0.9999703145309754015, -0.007686365462452108416 ) ) ;
#446 = FACE_OUTER_BOUND ( 'NONE', #4496, .T. ) ;
#447 = ORIENTED_EDGE ( 'NONE', *, *, #563, .T. ) ;
#448 = AXIS2_PLACEMENT_3D ( 'NONE', #2298, #4534, #1204 ) ;
#449 = CARTESIAN_POINT ( 'NONE',  ( 0.09696137339072120886, 42.22192409343266206, -2.696061884845924350 ) ) ;
#450 = CARTESIAN_POINT ( 'NONE',  ( 0.08692325798759323319, 23.57365215395925517, -2.389390279740110756 ) ) ;
#451 = ORIENTED_EDGE ( 'NONE', *, *, #3775, .T. ) ;
#452 = ORIENTED_EDGE ( 'NONE', *, *, #2566, .F. ) ;
#453 = DIRECTION ( 'NONE',  ( 0.000000000000000000, -0.007686366576371624938, 0.9999704594481046982 ) ) ;
#454 = ADVANCED_FACE ( 'NONE', ( #999 ), #685, .T. ) ;
#455 = CARTESIAN_POINT ( 'NONE',  ( 0.07922206527499246753, 9.272902229637020710, -2.949327626833717630 ) ) ;
#456 = EDGE_CURVE ( 'NONE', #2274, #324, #2532, .T. ) ;
#457 = ORIENTED_EDGE ( 'NONE', *, *, #2977, .F. ) ;
#458 = ORIENTED_EDGE ( 'NONE', *, *, #2993, .F. ) ;
#459 = AXIS2_PLACEMENT_3D ( 'NONE', #1045, #1846, #3301 ) ;
#460 = EDGE_CURVE ( 'NONE', #2485, #2321, #1443, .T. ) ;
#461 = CYLINDRICAL_SURFACE ( 'NONE', #2713, 3.049999999999672085 ) ;
#462 = CARTESIAN_POINT ( 'NONE',  ( 0.09696137339072120886, 42.22192409343266917, -2.696061884846277401 ) ) ;
#463 = CARTESIAN_POINT ( 'NONE',  ( 0.07946551751917421691, 9.701647434946114146, 0.1040580646802941878 ) ) ;
#464 = VERTEX_POINT ( 'NONE', #1419 ) ;
#465 = EDGE_CURVE ( 'NONE', #52, #3778, #361, .T. ) ;
#466 = CARTESIAN_POINT ( 'NONE',  ( 0.08340770384649445757, 17.02387120165908030, 0.1603410233351285352 ) ) ;
#467 = CARTESIAN_POINT ( 'NONE',  ( 0.08682920528852887398, 23.37897395342002937, 0.2091901157448178006 ) ) ;
#468 = CIRCLE ( 'NONE', #1098, 4.000000000000001776 ) ;
#469 = ORIENTED_EDGE ( 'NONE', *, *, #3039, .F. ) ;
#470 = CARTESIAN_POINT ( 'NONE',  ( 0.09158705462002353359, 32.23619616118608633, -2.322804824045643812 ) ) ;
#471 = CARTESIAN_POINT ( 'NONE',  ( 0.08401356276300447901, 18.17263802896274072, -2.880918974217862250 ) ) ;
#472 = DIRECTION ( 'NONE',  ( 0.000000000000000000, -0.007686366576372079436, 0.9999704594481046982 ) ) ;
#473 = VERTEX_POINT ( 'NONE', #2940 ) ;
#474 = ORIENTED_EDGE ( 'NONE', *, *, #3985, .F. ) ;
#475 = AXIS2_PLACEMENT_3D ( 'NONE', #1596, #3432, #120 ) ;
#476 = AXIS2_PLACEMENT_3D ( 'NONE', #2511, #3695, #375 ) ;
#477 = CARTESIAN_POINT ( 'NONE',  ( 0.08401356276300409043, 18.14919461090481079, 0.1689909270984939760 ) ) ;
#478 = CARTESIAN_POINT ( 'NONE',  ( 0.09000293462301858782, 29.29730777811982634, -2.795408158448501101 ) ) ;
#479 = ORIENTED_EDGE ( 'NONE', *, *, #109, .F. ) ;
#480 = EDGE_LOOP ( 'NONE', ( #6, #1212, #1730, #1534 ) ) ;
#481 = EDGE_CURVE ( 'NONE', #2054, #1348, #1572, .T. ) ;
#482 = CARTESIAN_POINT ( 'NONE',  ( 0.07433904480125480552, 0.1603258082994340472, 2.555034521101796852 ) ) ;
#483 = DIRECTION ( 'NONE',  ( 0.0005383705042709668181, 0.9999703145309754015, 0.007686365462452108416 ) ) ;
#484 = ORIENTED_EDGE ( 'NONE', *, *, #3830, .T. ) ;
#485 = DIRECTION ( 'NONE',  ( -0.0005383705042709668181, -0.9999703145309754015, -0.007686365462452108416 ) ) ;
#486 = FACE_OUTER_BOUND ( 'NONE', #2667, .T. ) ;
#487 = EDGE_CURVE ( 'NONE', #4357, #1778, #256, .T. ) ;
#488 = AXIS2_PLACEMENT_3D ( 'NONE', #1551, #3709, #408 ) ;
#489 = CARTESIAN_POINT ( 'NONE',  ( 0.09360594401103967954, 35.94611573448013075, 2.905865435568525168 ) ) ;
#490 = DIRECTION ( 'NONE',  ( 0.000000000000000000, 0.007686366576371192992, -0.9999704594481046982 ) ) ;
#491 = CARTESIAN_POINT ( 'NONE',  ( 0.09696137339072113948, 42.21846522847330618, -2.246075178094616209 ) ) ;
#492 = FACE_OUTER_BOUND ( 'NONE', #1288, .T. ) ;
#493 = DIRECTION ( 'NONE',  ( 0.0005383705042709668181, 0.9999703145309754015, 0.007686365462452108416 ) ) ;
#494 = ORIENTED_EDGE ( 'NONE', *, *, #772, .F. ) ;
#495 = ORIENTED_EDGE ( 'NONE', *, *, #1203, .F. ) ;
#496 = CIRCLE ( 'NONE', #428, 4.000000000000001776 ) ;
#497 = FACE_OUTER_BOUND ( 'NONE', #2915, .T. ) ;
#498 = DIRECTION ( 'NONE',  ( 0.0005383705042709668181, 0.9999703145309754015, 0.007686365462452108416 ) ) ;
#499 = CONICAL_SURFACE ( 'NONE', #4083, 2.600000000000107558, 0.8229227423153594456 ) ;
#500 = EDGE_CURVE ( 'NONE', #4074, #3129, #4280, .T. ) ;
#501 = ORIENTED_EDGE ( 'NONE', *, *, #2318, .T. ) ;
#502 = ORIENTED_EDGE ( 'NONE', *, *, #3344, .T. ) ;
#503 = AXIS2_PLACEMENT_3D ( 'NONE', #4642, #2714, #1311 ) ;
#504 = CARTESIAN_POINT ( 'NONE',  ( 0.08557483722539022120, 21.06917499257387760, -2.419298859954335246 ) ) ;
#505 = ADVANCED_FACE ( 'NONE', ( #3963 ), #101, .T. ) ;
#506 = CONICAL_SURFACE ( 'NONE', #3449, 2.515314863583299143, 0.7478735844797463894 ) ;
#507 = CARTESIAN_POINT ( 'NONE',  ( 0.08896233627251920462, 27.32107061404820314, 2.839568218578378822 ) ) ;
#508 = ADVANCED_FACE ( 'NONE', ( #658 ), #4444, .T. ) ;
#509 = ORIENTED_EDGE ( 'NONE', *, *, #2481, .T. ) ;
#510 = EDGE_LOOP ( 'NONE', ( #1987, #2230, #3105, #2190 ) ) ;
#511 = CIRCLE ( 'NONE', #64, 2.600000000000028066 ) ;
#512 = CARTESIAN_POINT ( 'NONE',  ( 0.09234734081812293049, 33.60838396666172656, 2.887896241423941746 ) ) ;
#513 = DIRECTION ( 'NONE',  ( -0.0005383705042709668181, -0.9999703145309754015, -0.007686365462452108416 ) ) ;
#514 = CIRCLE ( 'NONE', #300, 2.600000000000009415 ) ;
#515 = LINE ( 'NONE', #4553, #3765 ) ;
#516 = CONICAL_SURFACE ( 'NONE', #2924, 2.610657367153375041, 0.8194320838113345884 ) ;
#517 = EDGE_CURVE ( 'NONE', #2673, #132, #520, .T. ) ;
#518 = EDGE_CURVE ( 'NONE', #1913, #4424, #2196, .T. ) ;
#519 = DIRECTION ( 'NONE',  ( 0.0005383705042709667097, 0.9999703145309752905, 0.007686365462452107548 ) ) ;
#520 = LINE ( 'NONE', #1955, #2114 ) ;
#521 = DIRECTION ( 'NONE',  ( 0.0005368196325000592836, 0.9965067200974689898, 0.08351088926161971682 ) ) ;
#522 = VECTOR ( 'NONE', #2769, 1000.000000000000114 ) ;
#523 = DIRECTION ( 'NONE',  ( 0.000000000000000000, -0.007686366576369950063, 0.9999704594481048092 ) ) ;
#524 = ORIENTED_EDGE ( 'NONE', *, *, #3625, .T. ) ;
#525 = AXIS2_PLACEMENT_3D ( 'NONE', #951, #1789, #1762 ) ;
#526 = EDGE_LOOP ( 'NONE', ( #4589, #2589, #4013, #3885 ) ) ;
#527 = AXIS2_PLACEMENT_3D ( 'NONE', #1128, #4413, #1831 ) ;
#528 = DIRECTION ( 'NONE',  ( 0.000000000000000000, -0.007686366576371298810, 0.9999704594481046982 ) ) ;
#529 = DIRECTION ( 'NONE',  ( 0.0005383705042709668181, 0.9999703145309754015, 0.007686365462452108416 ) ) ;
#530 = ORIENTED_EDGE ( 'NONE', *, *, #4064, .T. ) ;
#531 = ORIENTED_EDGE ( 'NONE', *, *, #4605, .F. ) ;
#532 = CARTESIAN_POINT ( 'NONE',  ( 0.08986834199695083181, 29.00042836337119923, 3.302490052819216260 ) ) ;
#533 = CARTESIAN_POINT ( 'NONE',  ( 0.07852218361944057756, 7.926053984630896387, 3.140499900697872881 ) ) ;
#534 = ORIENTED_EDGE ( 'NONE', *, *, #235, .T. ) ;
#535 = ORIENTED_EDGE ( 'NONE', *, *, #3396, .T. ) ;
#536 = VECTOR ( 'NONE', #2238, 1000.000000000000114 ) ;
#537 = EDGE_CURVE ( 'NONE', #314, #2097, #636, .T. ) ;
#538 = CARTESIAN_POINT ( 'NONE',  ( 0.09338120953731891827, 35.57212150180170340, -2.747176215171581948 ) ) ;
#539 = AXIS2_PLACEMENT_3D ( 'NONE', #4528, #2671, #3795 ) ;
#540 = AXIS2_PLACEMENT_3D ( 'NONE', #294, #3582, #2882 ) ;
#541 = DIRECTION ( 'NONE',  ( 0.0005383705042709668181, 0.9999703145309754015, 0.007686365462452108416 ) ) ;
#542 = FACE_OUTER_BOUND ( 'NONE', #3104, .T. ) ;
#543 = DIRECTION ( 'NONE',  ( 0.000000000000000000, -0.007686366576371788002, 0.9999704594481048092 ) ) ;
#544 = DIRECTION ( 'NONE',  ( 0.000000000000000000, -0.007686366576371624938, 0.9999704594481046982 ) ) ;
#545 = CARTESIAN_POINT ( 'NONE',  ( 0.09234734081812293049, 33.62836851976029351, 0.2879730468588412307 ) ) ;
#546 = CARTESIAN_POINT ( 'NONE',  ( 0.07731084998483053750, 5.676804426212511245, 3.034265105151455977 ) ) ;
#547 = FACE_OUTER_BOUND ( 'NONE', #4128, .T. ) ;
#548 = ORIENTED_EDGE ( 'NONE', *, *, #465, .F. ) ;
#549 = EDGE_LOOP ( 'NONE', ( #1113, #1700, #611, #775 ) ) ;
#550 = ADVANCED_FACE ( 'NONE', ( #1143 ), #1882, .T. ) ;
#551 = DIRECTION ( 'NONE',  ( 0.0005383705042709668181, 0.9999703145309754015, 0.007686365462452108416 ) ) ;
#552 = CARTESIAN_POINT ( 'NONE',  ( 0.08401356276300409043, 18.12575119284688085, 3.218900828414850146 ) ) ;
#553 = ORIENTED_EDGE ( 'NONE', *, *, #2721, .F. ) ;
#554 = AXIS2_PLACEMENT_3D ( 'NONE', #1374, #932, #4343 ) ;
#555 = ORIENTED_EDGE ( 'NONE', *, *, #556, .T. ) ;
#556 = EDGE_CURVE ( 'NONE', #2909, #4041, #1116, .T. ) ;
#557 = EDGE_CURVE ( 'NONE', #1913, #1197, #2347, .T. ) ;
#558 = CARTESIAN_POINT ( 'NONE',  ( 0.09696137339072083416, 42.19848067537473923, 0.3538480164704669306 ) ) ;
#559 = DIRECTION ( 'NONE',  ( 0.000000000000000000, -0.007686366576371028193, 0.9999704594481046982 ) ) ;
#560 = ORIENTED_EDGE ( 'NONE', *, *, #2117, .T. ) ;
#561 = EDGE_LOOP ( 'NONE', ( #2705, #372, #4432, #2387 ) ) ;
#562 = DIRECTION ( 'NONE',  ( 0.000000000000000000, -0.007686366576371495701, 0.9999704594481046982 ) ) ;
#563 = EDGE_CURVE ( 'NONE', #3809, #3505, #861, .T. ) ;
#564 = CARTESIAN_POINT ( 'NONE',  ( 0.07992194693054521792, 10.52597680241166067, 3.160484450900241438 ) ) ;
#565 = CARTESIAN_POINT ( 'NONE',  ( 0.07876563586362196612, 8.401686026055850576, 0.09406578957910646799 ) ) ;
#566 = DIRECTION ( 'NONE',  ( 0.000000000000000000, -0.007686366576372115865, 0.9999704594481048092 ) ) ;
#567 = DIRECTION ( 'NONE',  ( 0.000000000000000000, -0.007686366576371356923, 0.9999704594481046982 ) ) ;
#568 = CONICAL_SURFACE ( 'NONE', #3288, 2.599999999999687450, 0.7513642429835648562 ) ;
#569 = CARTESIAN_POINT ( 'NONE',  ( 0.08896233627251920462, 27.34105516714676298, 0.2396450240136733800 ) ) ;
#570 = DIRECTION ( 'NONE',  ( -0.0003661357369576221147, -0.6744259999067316880, -0.7383423573075211799 ) ) ;
#571 = FACE_OUTER_BOUND ( 'NONE', #3605, .T. ) ;
#572 = EDGE_LOOP ( 'NONE', ( #1860, #151, #421, #580 ) ) ;
#573 = VERTEX_POINT ( 'NONE', #2699 ) ;
#574 = AXIS2_PLACEMENT_3D ( 'NONE', #3385, #2256, #3732 ) ;
#575 = DIRECTION ( 'NONE',  ( 0.000000000000000000, -0.007686366576372067293, 0.9999704594481048092 ) ) ;
#576 = DIRECTION ( 'NONE',  ( -0.0003661357369575322885, -0.6856963141577469001, 0.7278876497750889074 ) ) ;
#577 = DIRECTION ( 'NONE',  ( 0.0005383705042709668181, 0.9999703145309754015, 0.007686365462452108416 ) ) ;
#578 = AXIS2_PLACEMENT_3D ( 'NONE', #2644, #435, #840 ) ;
#579 = ORIENTED_EDGE ( 'NONE', *, *, #905, .F. ) ;
#580 = ORIENTED_EDGE ( 'NONE', *, *, #3937, .F. ) ;
#581 = AXIS2_PLACEMENT_3D ( 'NONE', #1991, #3860, #4250 ) ;
#582 = CARTESIAN_POINT ( 'NONE',  ( 0.09167437768778420593, 32.37840562659656740, 0.2783650900307759746 ) ) ;
#583 = ORIENTED_EDGE ( 'NONE', *, *, #4498, .F. ) ;
#584 = VERTEX_POINT ( 'NONE', #3113 ) ;
#585 = VECTOR ( 'NONE', #1634, 1000.000000000000000 ) ;
#586 = AXIS2_PLACEMENT_3D ( 'NONE', #2082, #3138, #3894 ) ;
#587 = FACE_OUTER_BOUND ( 'NONE', #1841, .T. ) ;
#588 = CARTESIAN_POINT ( 'NONE',  ( 0.08828264351087743156, 26.09857719814996813, -2.369982206947389258 ) ) ;
#589 = DIRECTION ( 'NONE',  ( 0.0005383705042709668181, 0.9999703145309754015, 0.007686365462452108416 ) ) ;
#590 = AXIS2_PLACEMENT_3D ( 'NONE', #1448, #3206, #1366 ) ;
#591 = LINE ( 'NONE', #1736, #4532 ) ;
#592 = CARTESIAN_POINT ( 'NONE',  ( 0.08557483722538988813, 21.04910852304463376, 0.1912813869396050304 ) ) ;
#593 = DIRECTION ( 'NONE',  ( 0.000000000000000000, -0.007686366576371495701, 0.9999704594481046982 ) ) ;
#594 = DIRECTION ( 'NONE',  ( 0.000000000000000000, -0.007686366576372115865, 0.9999704594481048092 ) ) ;
#595 = ORIENTED_EDGE ( 'NONE', *, *, #1477, .F. ) ;
#596 = AXIS2_PLACEMENT_3D ( 'NONE', #2029, #3482, #4654 ) ;
#597 = ORIENTED_EDGE ( 'NONE', *, *, #172, .F. ) ;
#598 = EDGE_CURVE ( 'NONE', #4719, #1152, #2965, .T. ) ;
#599 = DIRECTION ( 'NONE',  ( 0.0005383705042709668181, 0.9999703145309754015, 0.007686365462452108416 ) ) ;
#600 = AXIS2_PLACEMENT_3D ( 'NONE', #405, #1155, #4142 ) ;
#601 = AXIS2_PLACEMENT_3D ( 'NONE', #1642, #4189, #544 ) ;
#602 = LINE ( 'NONE', #224, #4076 ) ;
#603 = DIRECTION ( 'NONE',  ( 0.0005383705042709668181, 0.9999703145309754015, 0.007686365462452108416 ) ) ;
#604 = ORIENTED_EDGE ( 'NONE', *, *, #1057, .F. ) ;
#605 = EDGE_LOOP ( 'NONE', ( #3008, #796, #3094, #4743 ) ) ;
#606 = CIRCLE ( 'NONE', #3321, 2.599999999999606626 ) ;
#607 = EDGE_CURVE ( 'NONE', #1646, #3129, #4085, .T. ) ;
#608 = CARTESIAN_POINT ( 'NONE',  ( 0.09696137339072083416, 42.19848067537473923, 0.3538480164704669306 ) ) ;
#609 = DIRECTION ( 'NONE',  ( 0.000000000000000000, -0.007686366576371458405, 0.9999704594481046982 ) ) ;
#610 = CARTESIAN_POINT ( 'NONE',  ( 0.07709550178312256363, 5.274532940561785566, 3.328248000080016311 ) ) ;
#611 = ORIENTED_EDGE ( 'NONE', *, *, #3348, .T. ) ;
#612 = EDGE_LOOP ( 'NONE', ( #3707, #4704, #1680, #2167 ) ) ;
#613 = ADVANCED_FACE ( 'NONE', ( #856 ), #4200, .T. ) ;
#614 = DIRECTION ( 'NONE',  ( 0.000000000000000000, -0.007686366576372128875, 0.9999704594481048092 ) ) ;
#615 = DIRECTION ( 'NONE',  ( 0.0005383705042709668181, 0.9999703145309754015, 0.007686365462452108416 ) ) ;
#616 = EDGE_CURVE ( 'NONE', #815, #380, #4579, .T. ) ;
#617 = DIRECTION ( 'NONE',  ( 0.000000000000000000, -0.007686366576370584104, 0.9999704594481048092 ) ) ;
#618 = CIRCLE ( 'NONE', #2017, 2.961056899315490210 ) ;
#619 = CARTESIAN_POINT ( 'NONE',  ( 0.09436623020913904869, 37.35827264615287646, 2.916720111908126079 ) ) ;
#620 = DIRECTION ( 'NONE',  ( 0.0005383705042709668181, 0.9999703145309754015, 0.007686365462452108416 ) ) ;
#621 = DIRECTION ( 'NONE',  ( 0.0005383705042709668181, 0.9999703145309754015, 0.007686365462452108416 ) ) ;
#622 = CARTESIAN_POINT ( 'NONE',  ( 0.09696137339072083416, 42.17849612227617229, 2.953771211035549626 ) ) ;
#623 = EDGE_LOOP ( 'NONE', ( #1583, #2350, #3230, #3553 ) ) ;
#624 = EDGE_LOOP ( 'NONE', ( #4326, #1015, #4417, #4327 ) ) ;
#625 = FACE_OUTER_BOUND ( 'NONE', #3202, .T. ) ;
#626 = LINE ( 'NONE', #4007, #419 ) ;
#627 = CARTESIAN_POINT ( 'NONE',  ( 0.09270824640698020758, 34.29871519058005447, 0.2931257293170954625 ) ) ;
#628 = ORIENTED_EDGE ( 'NONE', *, *, #979, .F. ) ;
#629 = ORIENTED_EDGE ( 'NONE', *, *, #134, .T. ) ;
#630 = DIRECTION ( 'NONE',  ( -0.0004592816190788990074, -0.8570808758895126500, 0.5151816779009712466 ) ) ;
#631 = CARTESIAN_POINT ( 'NONE',  ( 0.09167437768778420593, 32.37840562659656740, 0.2783650900307759746 ) ) ;
#632 = AXIS2_PLACEMENT_3D ( 'NONE', #3550, #2496, #1300 ) ;
#633 = ORIENTED_EDGE ( 'NONE', *, *, #3633, .T. ) ;
#634 = EDGE_CURVE ( 'NONE', #842, #390, #2240, .T. ) ;
#635 = EDGE_LOOP ( 'NONE', ( #4431, #4646, #894, #215 ) ) ;
#636 = CIRCLE ( 'NONE', #475, 2.600000000000027622 ) ;
#637 = CARTESIAN_POINT ( 'NONE',  ( 0.09022766909673934910, 29.67130201079825369, 2.857633492291449251 ) ) ;
#638 = DIRECTION ( 'NONE',  ( -0.0003661357369575335896, -0.6856963141577493426, 0.7278876497750867980 ) ) ;
#639 = EDGE_CURVE ( 'NONE', #2404, #3201, #877, .T. ) ;
#640 = FACE_OUTER_BOUND ( 'NONE', #4612, .T. ) ;
#641 = ADVANCED_FACE ( 'NONE', ( #3819 ), #1952, .T. ) ;
#642 = DIRECTION ( 'NONE',  ( 0.000000000000000000, -0.007686366576370541603, 0.9999704594481048092 ) ) ;
#643 = ADVANCED_FACE ( 'NONE', ( #2324 ), #3182, .T. ) ;
#644 = DIRECTION ( 'NONE',  ( 0.0005383705042709668181, 0.9999703145309754015, 0.007686365462452108416 ) ) ;
#645 = CARTESIAN_POINT ( 'NONE',  ( 0.07903363559849803377, 8.922912619551199853, -2.952017854745579317 ) ) ;
#646 = DIRECTION ( 'NONE',  ( 0.0005383705042709668181, 0.9999703145309754015, 0.007686365462452108416 ) ) ;
#647 = EDGE_LOOP ( 'NONE', ( #2069, #3245, #2108, #173 ) ) ;
#648 = CARTESIAN_POINT ( 'NONE',  ( 0.09696137339072120886, 42.22192409343266917, -2.696061884846141510 ) ) ;
#649 = DIRECTION ( 'NONE',  ( 0.0005383705042709668181, 0.9999703145309754015, 0.007686365462452108416 ) ) ;
#650 = DIRECTION ( 'NONE',  ( 0.000000000000000000, 0.007686366576370702933, -0.9999704594481048092 ) ) ;
#651 = VERTEX_POINT ( 'NONE', #3841 ) ;
#652 = EDGE_LOOP ( 'NONE', ( #4461, #2452, #76, #1506 ) ) ;
#653 = CONICAL_SURFACE ( 'NONE', #2904, 2.600000000000023626, 0.8194320838113186012 ) ;
#654 = DIRECTION ( 'NONE',  ( 0.000000000000000000, -0.007686366576371359526, 0.9999704594481046982 ) ) ;
#655 = VECTOR ( 'NONE', #2857, 1000.000000000000114 ) ;
#656 = ADVANCED_FACE ( 'NONE', ( #166 ), #3572, .T. ) ;
#657 = DIRECTION ( 'NONE',  ( 0.0005383705042709668181, 0.9999703145309754015, 0.007686365462452108416 ) ) ;
#658 = FACE_OUTER_BOUND ( 'NONE', #758, .T. ) ;
#659 = ORIENTED_EDGE ( 'NONE', *, *, #2280, .F. ) ;
#660 = ORIENTED_EDGE ( 'NONE', *, *, #2777, .T. ) ;
#661 = CONICAL_SURFACE ( 'NONE', #1521, 2.600000000000067590, 0.8229227423153563370 ) ;
#662 = CARTESIAN_POINT ( 'NONE',  ( 0.09696137339072083416, 42.17503725731680220, 3.403757917786998988 ) ) ;
#663 = LINE ( 'NONE', #588, #68 ) ;
#664 = CIRCLE ( 'NONE', #3914, 3.050000000000016698 ) ;
#665 = CARTESIAN_POINT ( 'NONE',  ( 0.09459254317192858363, 37.79861129143846199, 0.3200280084356777466 ) ) ;
#666 = ADVANCED_FACE ( 'NONE', ( #1849 ), #903, .T. ) ;
#667 = CARTESIAN_POINT ( 'NONE',  ( 0.08557483722538988813, 21.04910852304464086, 0.1912813869396050859 ) ) ;
#668 = DIRECTION ( 'NONE',  ( 0.0003675112634931500407, 0.6769991864990153596, 0.7359836726552719810 ) ) ;
#669 = DIRECTION ( 'NONE',  ( 0.0005383705042709668181, 0.9999703145309754015, 0.007686365462452108416 ) ) ;
#670 = CARTESIAN_POINT ( 'NONE',  ( 0.08918864923530912814, 27.78485267739170439, -2.807033786210254789 ) ) ;
#671 = VERTEX_POINT ( 'NONE', #2080 ) ;
#672 = EDGE_CURVE ( 'NONE', #842, #2657, #982, .T. ) ;
#673 = EDGE_CURVE ( 'NONE', #1769, #996, #3808, .T. ) ;
#674 = DIRECTION ( 'NONE',  ( -0.0003661357369575382516, -0.6856963141577578913, 0.7278876497750785823 ) ) ;
#675 = DIRECTION ( 'NONE',  ( 0.000000000000000000, -0.007686366576371369067, 0.9999704594481046982 ) ) ;
#676 = AXIS2_PLACEMENT_3D ( 'NONE', #1424, #3913, #1711 ) ;
#677 = DIRECTION ( 'NONE',  ( 0.0005383705042709668181, 0.9999703145309754015, 0.007686365462452108416 ) ) ;
#678 = EDGE_LOOP ( 'NONE', ( #604, #3000, #85, #4010 ) ) ;
#679 = EDGE_LOOP ( 'NONE', ( #4105, #865, #22, #330 ) ) ;
#680 = EDGE_CURVE ( 'NONE', #1309, #3121, #4701, .T. ) ;
#681 = AXIS2_PLACEMENT_3D ( 'NONE', #1548, #3041, #4098 ) ;
#682 = AXIS2_PLACEMENT_3D ( 'NONE', #4708, #4760, #1486 ) ;
#683 = CARTESIAN_POINT ( 'NONE',  ( 0.09696137339072120886, 42.22192409343266206, -2.696061884845924350 ) ) ;
#684 = CARTESIAN_POINT ( 'NONE',  ( 0.09696137339072120886, 42.22192409343266206, -2.696061884845924350 ) ) ;
#685 = CYLINDRICAL_SURFACE ( 'NONE', #4226, 3.050000000000017142 ) ;
#686 = ORIENTED_EDGE ( 'NONE', *, *, #3304, .F. ) ;
#687 = AXIS2_PLACEMENT_3D ( 'NONE', #1223, #513, #2718 ) ;
#688 = VERTEX_POINT ( 'NONE', #2440 ) ;
#689 = AXIS2_PLACEMENT_3D ( 'NONE', #2323, #1595, #3067 ) ;
#690 = EDGE_CURVE ( 'NONE', #3877, #3809, #3162, .T. ) ;
#691 = CARTESIAN_POINT ( 'NONE',  ( 0.09293298088070127416, 34.69615284131639754, 2.896257478740464020 ) ) ;
#692 = DIRECTION ( 'NONE',  ( 0.000000000000000000, -0.007686366576372076834, 0.9999704594481048092 ) ) ;
#693 = EDGE_CURVE ( 'NONE', #3037, #2328, #855, .T. ) ;
#694 = CARTESIAN_POINT ( 'NONE',  ( 0.08140246581729038144, 13.27589516737183750, 3.181621955921975609 ) ) ;
#695 = CARTESIAN_POINT ( 'NONE',  ( 0.08202159189720151233, 14.44930444714019657, 0.1405513748874211155 ) ) ;
#696 = CARTESIAN_POINT ( 'NONE',  ( 0.09696137339072113948, 42.21846522847329908, -2.246075178094473657 ) ) ;
#697 = EDGE_CURVE ( 'NONE', #2197, #1092, #1344, .T. ) ;
#698 = ORIENTED_EDGE ( 'NONE', *, *, #4512, .F. ) ;
#699 = AXIS2_PLACEMENT_3D ( 'NONE', #695, #3341, #3654 ) ;
#700 = EDGE_CURVE ( 'NONE', #3855, #671, #3496, .T. ) ;
#701 = AXIS2_PLACEMENT_3D ( 'NONE', #477, #4499, #4175 ) ;
#702 = VECTOR ( 'NONE', #3671, 1000.000000000000000 ) ;
#703 = CARTESIAN_POINT ( 'NONE',  ( 0.09696137339072120886, 42.22192409343266917, -2.696061884846260970 ) ) ;
#704 = LINE ( 'NONE', #1435, #72 ) ;
#705 = ORIENTED_EDGE ( 'NONE', *, *, #3038, .T. ) ;
#706 = ORIENTED_EDGE ( 'NONE', *, *, #4310, .F. ) ;
#707 = FACE_OUTER_BOUND ( 'NONE', #2264, .T. ) ;
#708 = DIRECTION ( 'NONE',  ( 0.0005383705042709668181, 0.9999703145309754015, 0.007686365462452108416 ) ) ;
#709 = ADVANCED_FACE ( 'NONE', ( #4262 ), #97, .T. ) ;
#710 = EDGE_CURVE ( 'NONE', #123, #2054, #4627, .T. ) ;
#711 = VERTEX_POINT ( 'NONE', #4316 ) ;
#712 = VERTEX_POINT ( 'NONE', #3975 ) ;
#713 = CARTESIAN_POINT ( 'NONE',  ( 0.08159685889820456062, 13.63979532812551199, 2.815688761963068831 ) ) ;
#714 = CIRCLE ( 'NONE', #3970, 2.600000000000054712 ) ;
#715 = FACE_OUTER_BOUND ( 'NONE', #3070, .T. ) ;
#716 = FACE_OUTER_BOUND ( 'NONE', #3797, .T. ) ;
#717 = VERTEX_POINT ( 'NONE', #3578 ) ;
#718 = EDGE_CURVE ( 'NONE', #464, #1108, #1720, .T. ) ;
#719 = EDGE_CURVE ( 'NONE', #3938, #2958, #2797, .T. ) ;
#720 = DIRECTION ( 'NONE',  ( 0.0005383705042709668181, 0.9999703145309754015, 0.007686365462452108416 ) ) ;
#721 = DIRECTION ( 'NONE',  ( 0.0005383705042709668181, 0.9999703145309754015, 0.007686365462452108416 ) ) ;
#722 = ORIENTED_EDGE ( 'NONE', *, *, #4229, .T. ) ;
#723 = DIRECTION ( 'NONE',  ( 0.0005383705042709668181, 0.9999703145309754015, 0.007686365462452108416 ) ) ;
#724 = DIRECTION ( 'NONE',  ( 0.000000000000000000, -0.007686366576371425445, 0.9999704594481046982 ) ) ;
#725 = ORIENTED_EDGE ( 'NONE', *, *, #4564, .F. ) ;
#726 = ORIENTED_EDGE ( 'NONE', *, *, #517, .F. ) ;
#727 = DIRECTION ( 'NONE',  ( 0.000000000000000000, -0.007686366576371803615, 0.9999704594481048092 ) ) ;
#728 = EDGE_CURVE ( 'NONE', #759, #1337, #714, .T. ) ;
#729 = DIRECTION ( 'NONE',  ( 0.0005383705042709667097, 0.9999703145309752905, 0.007686365462452107548 ) ) ;
#730 = EDGE_CURVE ( 'NONE', #1514, #3082, #4588, .T. ) ;
#731 = CARTESIAN_POINT ( 'NONE',  ( 0.09503919333947775938, 38.62822009241517662, 0.3264048741711018109 ) ) ;
#732 = VECTOR ( 'NONE', #4353, 1000.000000000000000 ) ;
#733 = ORIENTED_EDGE ( 'NONE', *, *, #207, .F. ) ;
#734 = ORIENTED_EDGE ( 'NONE', *, *, #700, .F. ) ;
#735 = ADVANCED_FACE ( 'NONE', ( #289 ), #3272, .T. ) ;
#736 = AXIS2_PLACEMENT_3D ( 'NONE', #4434, #3723, #1713 ) ;
#737 = CARTESIAN_POINT ( 'NONE',  ( 0.07833375394294576910, 7.622951210660914967, -2.962010129846767370 ) ) ;
#738 = CARTESIAN_POINT ( 'NONE',  ( 0.08864354909973440333, 26.74893931587117990, 0.2350936700755819619 ) ) ;
#739 = CARTESIAN_POINT ( 'NONE',  ( 0.08660447081480811271, 22.96155174958511225, 0.2059815608865446235 ) ) ;
#740 = DIRECTION ( 'NONE',  ( 0.0005383705042709668181, 0.9999703145309754015, 0.007686365462452108416 ) ) ;
#741 = ORIENTED_EDGE ( 'NONE', *, *, #4673, .F. ) ;
#742 = CIRCLE ( 'NONE', #1047, 3.050000000000141487 ) ;
#743 = CARTESIAN_POINT ( 'NONE',  ( 0.09427890714137837636, 37.21606318074241671, 0.3155501978314989575 ) ) ;
#744 = AXIS2_PLACEMENT_3D ( 'NONE', #665, #4311, #1734 ) ;
#745 = FACE_OUTER_BOUND ( 'NONE', #3347, .T. ) ;
#746 = CARTESIAN_POINT ( 'NONE',  ( 0.09634163635231371425, 41.04738001828793159, 0.3449999734777228211 ) ) ;
#747 = ORIENTED_EDGE ( 'NONE', *, *, #2481, .F. ) ;
#748 = CARTESIAN_POINT ( 'NONE',  ( 0.08624356522595082175, 22.29120507876533708, 0.2008288784282902528 ) ) ;
#749 = DIRECTION ( 'NONE',  ( 0.000000000000000000, -0.007686366576372108059, 0.9999704594481046982 ) ) ;
#750 = ORIENTED_EDGE ( 'NONE', *, *, #1199, .F. ) ;
#751 = ORIENTED_EDGE ( 'NONE', *, *, #1835, .T. ) ;
#752 = ADVANCED_FACE ( 'NONE', ( #2420 ), #3031, .T. ) ;
#753 = AXIS2_PLACEMENT_3D ( 'NONE', #214, #2442, #523 ) ;
#754 = CARTESIAN_POINT ( 'NONE',  ( 0.09158705462002353359, 32.21621160808752649, 0.2771183705192383773 ) ) ;
#755 = CIRCLE ( 'NONE', #4015, 3.258123115929019153 ) ;
#756 = CARTESIAN_POINT ( 'NONE',  ( 0.08016539917472678689, 11.02150290129126198, -2.474099675674699128 ) ) ;
#757 = DIRECTION ( 'NONE',  ( 0.0005383705042709668181, 0.9999703145309754015, 0.007686365462452108416 ) ) ;
#758 = EDGE_LOOP ( 'NONE', ( #1603, #2787, #1067, #2509 ) ) ;
#759 = VERTEX_POINT ( 'NONE', #3502 ) ;
#760 = VECTOR ( 'NONE', #2776, 1000.000000000000114 ) ;
#761 = CONICAL_SURFACE ( 'NONE', #2073, 2.600000000000041389, 0.8229227423153557819 ) ;
#762 = EDGE_CURVE ( 'NONE', #712, #3311, #3213, .T. ) ;
#763 = CYLINDRICAL_SURFACE ( 'NONE', #3177, 2.599999999999920153 ) ;
#764 = CARTESIAN_POINT ( 'NONE',  ( 0.08140246581729000674, 13.32278200348769737, -2.918197846710771426 ) ) ;
#765 = AXIS2_PLACEMENT_3D ( 'NONE', #137, #3865, #3815 ) ;
#766 = DIRECTION ( 'NONE',  ( 0.0005383705042709667097, 0.9999703145309752905, 0.007686365462452107548 ) ) ;
#767 = EDGE_LOOP ( 'NONE', ( #1386, #4611, #3171, #3355 ) ) ;
#768 = SHAPE_DEFINITION_REPRESENTATION ( #1369, #4692 ) ;
#769 = DIRECTION ( 'NONE',  ( 0.000000000000000000, -0.007686366576371027326, 0.9999704594481046982 ) ) ;
#770 = CARTESIAN_POINT ( 'NONE',  ( 0.09503919333947775938, 38.62822009241517662, 0.3264048741711018109 ) ) ;
#771 = ORIENTED_EDGE ( 'NONE', *, *, #1351, .F. ) ;
#772 = EDGE_CURVE ( 'NONE', #2626, #3938, #187, .T. ) ;
#773 = FACE_OUTER_BOUND ( 'NONE', #526, .T. ) ;
#774 = FACE_OUTER_BOUND ( 'NONE', #1608, .T. ) ;
#775 = ORIENTED_EDGE ( 'NONE', *, *, #3184, .F. ) ;
#776 = CIRCLE ( 'NONE', #4736, 2.600000000000120437 ) ;
#777 = ORIENTED_EDGE ( 'NONE', *, *, #2434, .T. ) ;
#778 = VECTOR ( 'NONE', #2340, 1000.000000000000114 ) ;
#779 = AXIS2_PLACEMENT_3D ( 'NONE', #4194, #551, #2033 ) ;
#780 = CARTESIAN_POINT ( 'NONE',  ( 0.09167437768778420593, 32.35842107349800045, 2.878288284595879709 ) ) ;
#781 = ADVANCED_FACE ( 'NONE', ( #3892 ), #2339, .T. ) ;
#782 = FACE_OUTER_BOUND ( 'NONE', #1144, .T. ) ;
#783 = VERTEX_POINT ( 'NONE', #3316 ) ;
#784 = ORIENTED_EDGE ( 'NONE', *, *, #991, .T. ) ;
#785 = CARTESIAN_POINT ( 'NONE',  ( 0.09257365378091246544, 34.04872261194730498, 0.2912041379514823669 ) ) ;
#786 = DIRECTION ( 'NONE',  ( 0.000000000000000000, -0.007686366576371077633, 0.9999704594481046982 ) ) ;
#787 = VERTEX_POINT ( 'NONE', #4439 ) ;
#788 = CARTESIAN_POINT ( 'NONE',  ( 0.09234734081812323581, 33.64835307285886046, -2.311950147706258729 ) ) ;
#789 = DIRECTION ( 'NONE',  ( -0.0005383705042709668181, -0.9999703145309754015, -0.007686365462452108416 ) ) ;
#790 = ADVANCED_FACE ( 'NONE', ( #1106 ), #175, .T. ) ;
#791 = VECTOR ( 'NONE', #1664, 1000.000000000000114 ) ;
#792 = ORIENTED_EDGE ( 'NONE', *, *, #1539, .T. ) ;
#793 = CARTESIAN_POINT ( 'NONE',  ( 0.09503919333947807857, 38.64820464551374357, -2.273518320393978165 ) ) ;
#794 = DIRECTION ( 'NONE',  ( 0.000000000000000000, -0.007686366576371411567, 0.9999704594481046982 ) ) ;
#795 = EDGE_LOOP ( 'NONE', ( #3910, #4299, #2982, #4318 ) ) ;
#796 = ORIENTED_EDGE ( 'NONE', *, *, #343, .T. ) ;
#797 = CARTESIAN_POINT ( 'NONE',  ( 0.08090372065830743475, 12.37296845641618503, 0.1245914238612419872 ) ) ;
#798 = DIRECTION ( 'NONE',  ( 0.000000000000000000, -0.007686366576371582437, 0.9999704594481046982 ) ) ;
#799 = VERTEX_POINT ( 'NONE', #333 ) ;
#800 = ORIENTED_EDGE ( 'NONE', *, *, #1093, .F. ) ;
#801 = CARTESIAN_POINT ( 'NONE',  ( 0.09696137339072083416, 42.19848067537473923, 0.3538480164704669306 ) ) ;
#802 = PRESENTATION_LAYER_ASSIGNMENT (  '', '', ( #1896 ) ) ;
#803 = LINE ( 'NONE', #2289, #2459 ) ;
#804 = ORIENTED_EDGE ( 'NONE', *, *, #2168, .F. ) ;
#805 = AXIS2_PLACEMENT_3D ( 'NONE', #1772, #2546, #4419 ) ;
#806 = ADVANCED_FACE ( 'NONE', ( #745 ), #4129, .T. ) ;
#807 = CONICAL_SURFACE ( 'NONE', #4214, 2.600000000000001865, 0.8229227423153433474 ) ;
#808 = DIRECTION ( 'NONE',  ( 0.000000000000000000, -0.007686366576372035200, 0.9999704594481046982 ) ) ;
#809 = FACE_OUTER_BOUND ( 'NONE', #397, .T. ) ;
#810 = ORIENTED_EDGE ( 'NONE', *, *, #194, .F. ) ;
#811 = LINE ( 'NONE', #2368, #4247 ) ;
#812 = CARTESIAN_POINT ( 'NONE',  ( 0.09100141455744550911, 31.12844273343284840, 0.2687571332027108295 ) ) ;
#813 = FACE_OUTER_BOUND ( 'NONE', #4466, .T. ) ;
#814 = VERTEX_POINT ( 'NONE', #1059 ) ;
#815 = VERTEX_POINT ( 'NONE', #3630 ) ;
#816 = CYLINDRICAL_SURFACE ( 'NONE', #3018, 2.600000000000008082 ) ;
#817 = DIRECTION ( 'NONE',  ( 0.0005383705042709667097, 0.9999703145309752905, 0.007686365462452107548 ) ) ;
#818 = ORIENTED_EDGE ( 'NONE', *, *, #1662, .F. ) ;
#819 = ORIENTED_EDGE ( 'NONE', *, *, #2145, .T. ) ;
#820 = FACE_OUTER_BOUND ( 'NONE', #4223, .T. ) ;
#821 = FACE_OUTER_BOUND ( 'NONE', #1549, .T. ) ;
#822 = CIRCLE ( 'NONE', #4237, 3.050000000000008260 ) ;
#823 = ORIENTED_EDGE ( 'NONE', *, *, #690, .T. ) ;
#824 = CIRCLE ( 'NONE', #2234, 2.599999999999644373 ) ;
#825 = AXIS2_PLACEMENT_3D ( 'NONE', #2471, #2519, #2902 ) ;
#826 = CONICAL_SURFACE ( 'NONE', #2849, 2.600000000000081357, 0.8229227423153512300 ) ;
#827 = EDGE_CURVE ( 'NONE', #1074, #2321, #1420, .T. ) ;
#828 = CARTESIAN_POINT ( 'NONE',  ( 0.08340770384649445757, 17.02387120165908030, 0.1603410233351285352 ) ) ;
#829 = DIRECTION ( 'NONE',  ( 0.000000000000000000, -0.007686366576371913770, 0.9999704594481046982 ) ) ;
#830 = ORIENTED_EDGE ( 'NONE', *, *, #1768, .F. ) ;
#831 = FACE_OUTER_BOUND ( 'NONE', #795, .T. ) ;
#832 = LINE ( 'NONE', #470, #1464 ) ;
#833 = EDGE_CURVE ( 'NONE', #1308, #2909, #4514, .T. ) ;
#834 = DIRECTION ( 'NONE',  ( 0.0005383705042709667097, 0.9999703145309752905, 0.007686365462452107548 ) ) ;
#835 = CARTESIAN_POINT ( 'NONE',  ( 0.09696137339072083416, 42.19848067537473923, 0.3538480164704669306 ) ) ;
#836 = LINE ( 'NONE', #430, #2388 ) ;
#837 = ORIENTED_EDGE ( 'NONE', *, *, #1001, .F. ) ;
#838 = EDGE_LOOP ( 'NONE', ( #3048, #1257, #3903, #3463 ) ) ;
#839 = LINE ( 'NONE', #2984, #536 ) ;
#840 = DIRECTION ( 'NONE',  ( 0.000000000000000000, -0.007686366576371571162, 0.9999704594481046982 ) ) ;
#841 = VECTOR ( 'NONE', #149, 1000.000000000000114 ) ;
#842 = VERTEX_POINT ( 'NONE', #4464 ) ;
#843 = ORIENTED_EDGE ( 'NONE', *, *, #2145, .F. ) ;
#844 = EDGE_CURVE ( 'NONE', #4272, #268, #327, .T. ) ;
#845 = CIRCLE ( 'NONE', #779, 2.427207080651394122 ) ;
#846 = CARTESIAN_POINT ( 'NONE',  ( 0.09696137339072083416, 42.19848067537473923, 0.3538480164704669306 ) ) ;
#847 = DIRECTION ( 'NONE',  ( 0.000000000000000000, -0.007686366576371571162, 0.9999704594481046982 ) ) ;
#848 = ORIENTED_EDGE ( 'NONE', *, *, #3633, .F. ) ;
#849 = DIRECTION ( 'NONE',  ( 0.000000000000000000, -0.007686366576372128008, 0.9999704594481048092 ) ) ;
#850 = DIRECTION ( 'NONE',  ( 0.000000000000000000, -0.007686366576370887681, 0.9999704594481046982 ) ) ;
#851 = FACE_OUTER_BOUND ( 'NONE', #572, .T. ) ;
#852 = ADVANCED_FACE ( 'NONE', ( #1790 ), #4072, .T. ) ;
#853 = DIRECTION ( 'NONE',  ( -0.0005383705042709668181, -0.9999703145309754015, -0.007686365462452108416 ) ) ;
#854 = DIRECTION ( 'NONE',  ( 0.000000000000000000, -0.007686366576370624870, 0.9999704594481048092 ) ) ;
#855 = CIRCLE ( 'NONE', #2716, 3.258123115929019153 ) ;
#856 = FACE_OUTER_BOUND ( 'NONE', #1476, .T. ) ;
#857 = DIRECTION ( 'NONE',  ( 0.000000000000000000, -0.007686366576371192125, 0.9999704594481046982 ) ) ;
#858 = DIRECTION ( 'NONE',  ( 0.0005383705042709667097, 0.9999703145309752905, 0.007686365462452107548 ) ) ;
#859 = EDGE_LOOP ( 'NONE', ( #3146, #1515, #800, #595 ) ) ;
#860 = ORIENTED_EDGE ( 'NONE', *, *, #4330, .T. ) ;
#861 = CIRCLE ( 'NONE', #941, 3.014304522994402546 ) ;
#862 = EDGE_CURVE ( 'NONE', #1654, #651, #3867, .T. ) ;
#863 = DIRECTION ( 'NONE',  ( 0.000000000000000000, -0.007686366576371332637, 0.9999704594481046982 ) ) ;
#864 = CARTESIAN_POINT ( 'NONE',  ( 0.09696137339072083416, 42.19848067537473923, 0.3538480164704669306 ) ) ;
#865 = ORIENTED_EDGE ( 'NONE', *, *, #979, .T. ) ;
#866 = VERTEX_POINT ( 'NONE', #1862 ) ;
#867 = CARTESIAN_POINT ( 'NONE',  ( 0.09022766909673934910, 29.71127111699538048, -2.342212896838580249 ) ) ;
#868 = DIRECTION ( 'NONE',  ( 0.0005383705042709668181, 0.9999703145309754015, 0.007686365462452108416 ) ) ;
#869 = FACE_OUTER_BOUND ( 'NONE', #1667, .T. ) ;
#870 = ORIENTED_EDGE ( 'NONE', *, *, #3908, .F. ) ;
#871 = DIRECTION ( 'NONE',  ( 0.000000000000000000, -0.007686366576371027326, 0.9999704594481046982 ) ) ;
#872 = CYLINDRICAL_SURFACE ( 'NONE', #1541, 3.049999999999889244 ) ;
#873 = AXIS2_PLACEMENT_3D ( 'NONE', #3433, #3003, #35 ) ;
#874 = DIRECTION ( 'NONE',  ( 0.000000000000000000, -0.007686366576372379543, 0.9999704594481048092 ) ) ;
#875 = VECTOR ( 'NONE', #1038, 1000.000000000000000 ) ;
#876 = FACE_OUTER_BOUND ( 'NONE', #1578, .T. ) ;
#877 = LINE ( 'NONE', #21, #331 ) ;
#878 = CARTESIAN_POINT ( 'NONE',  ( 0.08202159189720151233, 14.44930444714019657, 0.1405513748874211155 ) ) ;
#879 = CYLINDRICAL_SURFACE ( 'NONE', #753, 2.599999999999844658 ) ;
#880 = EDGE_LOOP ( 'NONE', ( #3749, #402, #155, #4167 ) ) ;
#881 = ORIENTED_EDGE ( 'NONE', *, *, #1391, .T. ) ;
#882 = CIRCLE ( 'NONE', #1283, 3.049999999999811973 ) ;
#883 = APPLICATION_CONTEXT ( 'automotive_design' ) ;
#884 = LINE ( 'NONE', #2807, #1709 ) ;
#885 = CARTESIAN_POINT ( 'NONE',  ( 0.08828264351087711237, 26.07859264505140473, 0.2299409876173275913 ) ) ;
#886 = CIRCLE ( 'NONE', #433, 3.049999999999658318 ) ;
#887 = ORIENTED_EDGE ( 'NONE', *, *, #1629, .F. ) ;
#888 = ORIENTED_EDGE ( 'NONE', *, *, #1408, .T. ) ;
#889 = EDGE_CURVE ( 'NONE', #2757, #1438, #1130, .T. ) ;
#890 = LINE ( 'NONE', #2018, #2286 ) ;
#891 = CARTESIAN_POINT ( 'NONE',  ( 0.07876563586362196612, 8.421580083510724180, -2.494084225877082339 ) ) ;
#892 = ORIENTED_EDGE ( 'NONE', *, *, #3985, .T. ) ;
#893 = ADVANCED_FACE ( 'NONE', ( #358 ), #2249, .T. ) ;
#894 = ORIENTED_EDGE ( 'NONE', *, *, #3592, .F. ) ;
#895 = AXIS2_PLACEMENT_3D ( 'NONE', #4282, #2766, #3941 ) ;
#896 = CARTESIAN_POINT ( 'NONE',  ( 0.09054803475859293793, 30.28633430352448386, 0.2622841878990061493 ) ) ;
#897 = AXIS2_PLACEMENT_3D ( 'NONE', #463, #2809, #3058 ) ;
#898 = CARTESIAN_POINT ( 'NONE',  ( 0.09234734081812293049, 33.60838396666172656, 2.887896241423944410 ) ) ;
#899 = AXIS2_PLACEMENT_3D ( 'NONE', #2043, #1637, #2743 ) ;
#900 = CARTESIAN_POINT ( 'NONE',  ( 0.09696137339072083416, 42.19848067537473923, 0.3538480164704669306 ) ) ;
#901 = AXIS2_PLACEMENT_3D ( 'NONE', #4002, #669, #3268 ) ;
#902 = DIRECTION ( 'NONE',  ( 0.000000000000000000, -0.007686366576372106324, 0.9999704594481048092 ) ) ;
#903 = CYLINDRICAL_SURFACE ( 'NONE', #254, 3.049999999999850164 ) ;
#904 = DIRECTION ( 'NONE',  ( 0.000000000000000000, -0.007686366576371298810, 0.9999704594481046982 ) ) ;
#905 = EDGE_CURVE ( 'NONE', #2038, #3822, #3641, .T. ) ;
#906 = CIRCLE ( 'NONE', #4246, 3.050000000000095746 ) ;
#907 = EDGE_CURVE ( 'NONE', #2321, #1074, #2176, .T. ) ;
#908 = DIRECTION ( 'NONE',  ( -0.0003661357369576218978, -0.6744259999067312439, -0.7383423573075215129 ) ) ;
#909 = EDGE_LOOP ( 'NONE', ( #2708, #1263, #3382, #147 ) ) ;
#910 = CIRCLE ( 'NONE', #2548, 3.324242148869728908 ) ;
#911 = VERTEX_POINT ( 'NONE', #1428 ) ;
#912 = DIRECTION ( 'NONE',  ( 0.000000000000000000, 0.007686366576372130610, -0.9999704594481048092 ) ) ;
#913 = CARTESIAN_POINT ( 'NONE',  ( 0.09696137339072083416, 42.17292933162990209, 3.677991965392501950 ) ) ;
#914 = ORIENTED_EDGE ( 'NONE', *, *, #3097, .F. ) ;
#915 = ORIENTED_EDGE ( 'NONE', *, *, #321, .F. ) ;
#916 = EDGE_CURVE ( 'NONE', #1074, #2277, #1452, .T. ) ;
#917 = CARTESIAN_POINT ( 'NONE',  ( 0.09100141455744550911, 31.10845818033428500, 2.868680327767593408 ) ) ;
#918 = EDGE_CURVE ( 'NONE', #1152, #4719, #1315, .T. ) ;
#919 = DIRECTION ( 'NONE',  ( 0.0005383705042709668181, 0.9999703145309754015, 0.007686365462452108416 ) ) ;
#920 = DIRECTION ( 'NONE',  ( 1.677500783847220099E-21, -0.007686366576371191257, 0.9999704594481045872 ) ) ;
#921 = ORIENTED_EDGE ( 'NONE', *, *, #2711, .T. ) ;
#922 = ORIENTED_EDGE ( 'NONE', *, *, #2880, .T. ) ;
#923 = AXIS2_PLACEMENT_3D ( 'NONE', #10, #1809, #4097 ) ;
#924 = AXIS2_PLACEMENT_3D ( 'NONE', #3057, #1585, #1606 ) ;
#925 = CARTESIAN_POINT ( 'NONE',  ( 0.09696137339072083416, 42.19848067537473923, 0.3538480164704669306 ) ) ;
#926 = AXIS2_PLACEMENT_3D ( 'NONE', #466, #3746, #808 ) ;
#927 = DIRECTION ( 'NONE',  ( -0.0003661357369575386853, -0.6856963141577586685, 0.7278876497750779162 ) ) ;
#928 = DIRECTION ( 'NONE',  ( 0.000000000000000000, 0.007686366576371180849, -0.9999704594481046982 ) ) ;
#929 = DIRECTION ( 'NONE',  ( -0.0003406298867930630889, -0.6386388121445967236, 0.7695065637106799361 ) ) ;
#930 = EDGE_CURVE ( 'NONE', #3229, #1197, #2251, .T. ) ;
#931 = DIRECTION ( 'NONE',  ( 0.0005383705042709668181, 0.9999703145309754015, 0.007686365462452108416 ) ) ;
#932 = DIRECTION ( 'NONE',  ( 0.0005383705042709668181, 0.9999703145309754015, 0.007686365462452108416 ) ) ;
#933 = CARTESIAN_POINT ( 'NONE',  ( 0.07731084998483053750, 5.676804426212511245, 3.034265105151455977 ) ) ;
#934 = ORIENTED_EDGE ( 'NONE', *, *, #4455, .T. ) ;
#935 = ORIENTED_EDGE ( 'NONE', *, *, #1035, .F. ) ;
#936 = AXIS2_PLACEMENT_3D ( 'NONE', #1524, #2228, #4753 ) ;
#937 = DIRECTION ( 'NONE',  ( -0.0003661357369575349448, -0.6856963141577517851, 0.7278876497750842445 ) ) ;
#938 = DIRECTION ( 'NONE',  ( 0.000000000000000000, -0.007686366576370185985, 0.9999704594481046982 ) ) ;
#939 = LINE ( 'NONE', #1946, #4021 ) ;
#940 = ORIENTED_EDGE ( 'NONE', *, *, #3179, .T. ) ;
#941 = AXIS2_PLACEMENT_3D ( 'NONE', #4558, #4477, #1643 ) ;
#942 = ORIENTED_EDGE ( 'NONE', *, *, #2880, .F. ) ;
#943 = CARTESIAN_POINT ( 'NONE',  ( 0.08782926371202455507, 25.23648421514305440, 0.2234680423136229666 ) ) ;
#944 = FACE_OUTER_BOUND ( 'NONE', #4222, .T. ) ;
#945 = ORIENTED_EDGE ( 'NONE', *, *, #444, .F. ) ;
#946 = ORIENTED_EDGE ( 'NONE', *, *, #2476, .F. ) ;
#947 = DIRECTION ( 'NONE',  ( 0.000000000000000000, -0.007686366576371245034, 0.9999704594481046982 ) ) ;
#948 = DIRECTION ( 'NONE',  ( -0.0003661357369575382516, -0.6856963141577578913, 0.7278876497750785823 ) ) ;
#949 = EDGE_CURVE ( 'NONE', #3075, #1526, #4035, .T. ) ;
#950 = DIRECTION ( 'NONE',  ( 0.000000000000000000, -0.007686366576371591111, 0.9999704594481046982 ) ) ;
#951 = CARTESIAN_POINT ( 'NONE',  ( 0.08090372065830743475, 12.37296845641618503, 0.1245914238612419872 ) ) ;
#952 =( GEOMETRIC_REPRESENTATION_CONTEXT ( 3 ) GLOBAL_UNCERTAINTY_ASSIGNED_CONTEXT ( ( #3988 ) ) GLOBAL_UNIT_ASSIGNED_CONTEXT ( ( #3583, #363, #2934 ) ) REPRESENTATION_CONTEXT ( 'NONE', 'WORKASPACE' ) );
#953 = DIRECTION ( 'NONE',  ( 0.000000000000000000, -0.007686366576372076834, 0.9999704594481048092 ) ) ;
#954 = LINE ( 'NONE', #2397, #4634 ) ;
#955 = DIRECTION ( 'NONE',  ( 0.000000000000000000, -0.007686366576372106324, 0.9999704594481048092 ) ) ;
#956 = ORIENTED_EDGE ( 'NONE', *, *, #4520, .F. ) ;
#957 = EDGE_CURVE ( 'NONE', #3639, #464, #2564, .T. ) ;
#958 = EDGE_CURVE ( 'NONE', #3129, #4074, #1936, .T. ) ;
#959 = CIRCLE ( 'NONE', #3438, 2.600000000000001421 ) ;
#960 = DIRECTION ( 'NONE',  ( 0.0005383705042709668181, 0.9999703145309754015, 0.007686365462452108416 ) ) ;
#961 = CARTESIAN_POINT ( 'NONE',  ( 0.09495187027171710092, 38.46602607390612860, 0.3251581546595641026 ) ) ;
#962 = EDGE_CURVE ( 'NONE', #1422, #2041, #1708, .T. ) ;
#963 = CARTESIAN_POINT ( 'NONE',  ( 0.08401356276300447901, 18.17263802896274782, -2.880918974218114492 ) ) ;
#964 = CIRCLE ( 'NONE', #1590, 2.600000000000024070 ) ;
#965 = EDGE_LOOP ( 'NONE', ( #349, #2841, #3151, #2327 ) ) ;
#966 = ORIENTED_EDGE ( 'NONE', *, *, #3705, .T. ) ;
#967 = FACE_OUTER_BOUND ( 'NONE', #3099, .T. ) ;
#968 = DIRECTION ( 'NONE',  ( 0.0005383705042709668181, 0.9999703145309754015, 0.007686365462452108416 ) ) ;
#969 = EDGE_CURVE ( 'NONE', #671, #1500, #2407, .T. ) ;
#970 = EDGE_CURVE ( 'NONE', #4618, #717, #4510, .T. ) ;
#971 = EDGE_LOOP ( 'NONE', ( #3325, #4587, #3992, #3285 ) ) ;
#972 = VERTEX_POINT ( 'NONE', #425 ) ;
#973 = AXIS2_PLACEMENT_3D ( 'NONE', #2383, #3494, #1336 ) ;
#974 = DIRECTION ( 'NONE',  ( -0.0003661357369576235241, -0.6744259999067343525, -0.7383423573075187374 ) ) ;
#975 = CARTESIAN_POINT ( 'NONE',  ( 0.07946551751917421691, 9.701647434946114146, 0.1040580646802941878 ) ) ;
#976 = VECTOR ( 'NONE', #974, 1000.000000000000114 ) ;
#977 = DIRECTION ( 'NONE',  ( 0.000000000000000000, -0.007686366576371788002, 0.9999704594481048092 ) ) ;
#978 = CONICAL_SURFACE ( 'NONE', #897, 2.588226473094630276, 0.7958701389075837351 ) ;
#979 = EDGE_CURVE ( 'NONE', #1719, #1108, #2632, .T. ) ;
#980 = DIRECTION ( 'NONE',  ( 0.000000000000000000, -0.007686366576372395155, 0.9999704594481048092 ) ) ;
#981 = DIRECTION ( 'NONE',  ( 0.0005383705042709668181, 0.9999703145309754015, 0.007686365462452108416 ) ) ;
#982 = LINE ( 'NONE', #242, #1878 ) ;
#983 = FACE_OUTER_BOUND ( 'NONE', #2458, .T. ) ;
#984 = FACE_OUTER_BOUND ( 'NONE', #1676, .T. ) ;
#985 = ORIENTED_EDGE ( 'NONE', *, *, #4717, .T. ) ;
#986 = VECTOR ( 'NONE', #1034, 1000.000000000000114 ) ;
#987 = ORIENTED_EDGE ( 'NONE', *, *, #4091, .T. ) ;
#988 = AXIS2_PLACEMENT_3D ( 'NONE', #4470, #1598, #1136 ) ;
#989 = LINE ( 'NONE', #4029, #2283 ) ;
#990 = CONICAL_SURFACE ( 'NONE', #600, 2.600000000000054712, 0.8229227423153522292 ) ;
#991 = EDGE_CURVE ( 'NONE', #2909, #1308, #1788, .T. ) ;
#992 = CONICAL_SURFACE ( 'NONE', #2164, 2.610657367153375041, 0.8194320838113345884 ) ;
#993 = CARTESIAN_POINT ( 'NONE',  ( 0.08121403614079530930, 12.97279239340140577, -2.920888074622650432 ) ) ;
#994 = CARTESIAN_POINT ( 'NONE',  ( 0.09607306205867374715, 40.54852965639864948, 0.3411655134574211323 ) ) ;
#995 = ORIENTED_EDGE ( 'NONE', *, *, #2058, .F. ) ;
#996 = VERTEX_POINT ( 'NONE', #3771 ) ;
#997 = CIRCLE ( 'NONE', #7, 2.600000000000031175 ) ;
#998 = CARTESIAN_POINT ( 'NONE',  ( 0.07806456869080991012, 7.079644278749883668, 2.670163974134431850 ) ) ;
#999 = FACE_OUTER_BOUND ( 'NONE', #1748, .T. ) ;
#1000 = ORIENTED_EDGE ( 'NONE', *, *, #4723, .T. ) ;
#1001 = EDGE_CURVE ( 'NONE', #996, #3297, #4164, .T. ) ;
#1002 = EDGE_LOOP ( 'NONE', ( #1026, #1892, #2805, #1902 ) ) ;
#1003 = CARTESIAN_POINT ( 'NONE',  ( 0.07946551751917421691, 9.701647434946114146, 0.1040580646802941878 ) ) ;
#1004 = CARTESIAN_POINT ( 'NONE',  ( 0.09696137339072083416, 42.17849612227617939, 2.953771211035396860 ) ) ;
#1005 = CARTESIAN_POINT ( 'NONE',  ( 0.09629779653239452231, 40.96595186023358082, 0.3443740683156943927 ) ) ;
#1006 = CIRCLE ( 'NONE', #2560, 3.049999999999672973 ) ;
#1007 = CARTESIAN_POINT ( 'NONE',  ( 0.08886828357345516460, 27.16636151970610058, 0.2383022249338551946 ) ) ;
#1008 = AXIS2_PLACEMENT_3D ( 'NONE', #3108, #1247, #4121 ) ;
#1009 = VECTOR ( 'NONE', #3095, 1000.000000000000114 ) ;
#1010 = DIRECTION ( 'NONE',  ( 0.0005383705042709668181, 0.9999703145309754015, 0.007686365462452108416 ) ) ;
#1011 = DIRECTION ( 'NONE',  ( 0.0005383705042709668181, 0.9999703145309754015, 0.007686365462452108416 ) ) ;
#1012 = DIRECTION ( 'NONE',  ( 0.0005383705042709668181, 0.9999703145309754015, 0.007686365462452108416 ) ) ;
#1013 = DIRECTION ( 'NONE',  ( 0.000000000000000000, -0.007686366576372106324, 0.9999704594481046982 ) ) ;
#1014 = CARTESIAN_POINT ( 'NONE',  ( 0.08043339890960241045, 11.52283543733149251, -2.932033304543205876 ) ) ;
#1015 = ORIENTED_EDGE ( 'NONE', *, *, #3798, .F. ) ;
#1016 = ADVANCED_FACE ( 'NONE', ( #1195, #1906 ), #1928, .F. ) ;
#1017 = CARTESIAN_POINT ( 'NONE',  ( 0.08121403614079492073, 12.94934897534347229, 0.1290218266937409319 ) ) ;
#1018 = PRESENTATION_STYLE_ASSIGNMENT (( #2111 ) ) ;
#1019 = CYLINDRICAL_SURFACE ( 'NONE', #3779, 3.049999999999823519 ) ;
#1020 = EDGE_LOOP ( 'NONE', ( #3691, #3590, #2204, #3788 ) ) ;
#1021 = VERTEX_POINT ( 'NONE', #1171 ) ;
#1022 = ADVANCED_FACE ( 'NONE', ( #4551 ), #2254, .T. ) ;
#1023 = DIRECTION ( 'NONE',  ( 0.0005383705042709668181, 0.9999703145309754015, 0.007686365462452108416 ) ) ;
#1024 = DIRECTION ( 'NONE',  ( 0.0005383705042709668181, 0.9999703145309754015, 0.007686365462452108416 ) ) ;
#1025 = EDGE_LOOP ( 'NONE', ( #1851, #1520, #3391, #340 ) ) ;
#1026 = ORIENTED_EDGE ( 'NONE', *, *, #3439, .F. ) ;
#1027 = CARTESIAN_POINT ( 'NONE',  ( 0.09090736185838176053, 30.97373363909073163, -2.332508860442105814 ) ) ;
#1028 = DIRECTION ( 'NONE',  ( 0.000000000000000000, -0.007686366576372102855, 0.9999704594481048092 ) ) ;
#1029 = ADVANCED_FACE ( 'NONE', ( #2293 ), #1557, .T. ) ;
#1030 = ADVANCED_FACE ( 'NONE', ( #3040 ), #93, .T. ) ;
#1031 = DIRECTION ( 'NONE',  ( 0.0005383705042709668181, 0.9999703145309754015, 0.007686365462452108416 ) ) ;
#1032 = DIRECTION ( 'NONE',  ( 0.000000000000000000, -0.007686366576371430649, 0.9999704594481046982 ) ) ;
#1033 = DIRECTION ( 'NONE',  ( 0.000000000000000000, -0.007686366576371572029, 0.9999704594481046982 ) ) ;
#1034 = DIRECTION ( 'NONE',  ( 0.0004877306413677575899, 0.9091662215787341683, -0.4164331202715143565 ) ) ;
#1035 = EDGE_CURVE ( 'NONE', #2868, #799, #391, .T. ) ;
#1036 = CYLINDRICAL_SURFACE ( 'NONE', #3307, 3.049999999999736033 ) ;
#1037 = ORIENTED_EDGE ( 'NONE', *, *, #1484, .F. ) ;
#1038 = DIRECTION ( 'NONE',  ( -0.0003661357369576253131, -0.6744259999067377942, -0.7383423573075156288 ) ) ;
#1039 = DIRECTION ( 'NONE',  ( 0.0005383705042709667097, 0.9999703145309752905, 0.007686365462452107548 ) ) ;
#1040 = EDGE_CURVE ( 'NONE', #711, #2785, #1222, .T. ) ;
#1041 = DIRECTION ( 'NONE',  ( 0.0003946991537758911465, 0.7278875427733080272, 0.6856964118967034949 ) ) ;
#1042 = ORIENTED_EDGE ( 'NONE', *, *, #1081, .F. ) ;
#1043 = VERTEX_POINT ( 'NONE', #4184 ) ;
#1044 = VECTOR ( 'NONE', #270, 1000.000000000000114 ) ;
#1045 = CARTESIAN_POINT ( 'NONE',  ( 0.09696137339072083416, 42.19848067537473923, 0.3538480164704669306 ) ) ;
#1046 = ADVANCED_FACE ( 'NONE', ( #3814 ), #2016, .T. ) ;
#1047 = AXIS2_PLACEMENT_3D ( 'NONE', #3738, #2624, #40 ) ;
#1048 = CARTESIAN_POINT ( 'NONE',  ( 0.09696137339072083416, 42.17503725731680930, 3.403757917786858211 ) ) ;
#1049 = LINE ( 'NONE', #1822, #3302 ) ;
#1050 = ORIENTED_EDGE ( 'NONE', *, *, #4295, .F. ) ;
#1051 = EDGE_LOOP ( 'NONE', ( #436, #530, #1179, #3331 ) ) ;
#1052 = AXIS2_PLACEMENT_3D ( 'NONE', #961, #1697, #4658 ) ;
#1053 = CARTESIAN_POINT ( 'NONE',  ( 0.07424213811048686884, 0.04392265969135732834, -5.719390499792661231 ) ) ;
#1054 = ADVANCED_FACE ( 'NONE', ( #136 ), #4506, .T. ) ;
#1055 = CARTESIAN_POINT ( 'NONE',  ( 0.07731084998483091220, 5.676804426212511245, 3.034265105151455977 ) ) ;
#1056 = DIRECTION ( 'NONE',  ( 0.000000000000000000, -0.007686366576370185985, 0.9999704594481046982 ) ) ;
#1057 = EDGE_CURVE ( 'NONE', #314, #1422, #2363, .T. ) ;
#1058 =( NAMED_UNIT ( * ) SI_UNIT ( $, .STERADIAN. ) SOLID_ANGLE_UNIT ( ) );
#1059 = CARTESIAN_POINT ( 'NONE',  ( 0.09302030394846194650, 34.89831596602257235, -2.302342190878187367 ) ) ;
#1060 = FACE_OUTER_BOUND ( 'NONE', #2533, .T. ) ;
#1061 = EDGE_CURVE ( 'NONE', #3229, #217, #2463, .T. ) ;
#1062 = CARTESIAN_POINT ( 'NONE',  ( 0.08660447081480847353, 22.93810833152717876, 3.255891462203384989 ) ) ;
#1063 = VERTEX_POINT ( 'NONE', #564 ) ;
#1064 = FACE_OUTER_BOUND ( 'NONE', #1937, .T. ) ;
#1065 = CIRCLE ( 'NONE', #2153, 2.600000000000018741 ) ;
#1066 = DIRECTION ( 'NONE',  ( 0.000000000000000000, 0.007686366576370663034, -0.9999704594481048092 ) ) ;
#1067 = ORIENTED_EDGE ( 'NONE', *, *, #4481, .T. ) ;
#1068 = EDGE_LOOP ( 'NONE', ( #452, #2248, #1126, #1798 ) ) ;
#1069 = VECTOR ( 'NONE', #1652, 1000.000000000000114 ) ;
#1070 = CONICAL_SURFACE ( 'NONE', #4169, 2.600000000000120437, 0.8229227423153600007 ) ;
#1071 = FACE_OUTER_BOUND ( 'NONE', #1157, .T. ) ;
#1072 = LINE ( 'NONE', #2143, #2744 ) ;
#1073 = ORIENTED_EDGE ( 'NONE', *, *, #1528, .F. ) ;
#1074 = VERTEX_POINT ( 'NONE', #2101 ) ;
#1075 = AXIS2_PLACEMENT_3D ( 'NONE', #3112, #2749, #1663 ) ;
#1076 = EDGE_CURVE ( 'NONE', #1804, #3566, #1161, .T. ) ;
#1077 = CARTESIAN_POINT ( 'NONE',  ( 0.09696137339072083416, 42.19848067537473923, 0.3538480164704669306 ) ) ;
#1078 = VECTOR ( 'NONE', #3524, 1000.000000000000114 ) ;
#1079 = LINE ( 'NONE', #2559, #1605 ) ;
#1080 = ORIENTED_EDGE ( 'NONE', *, *, #1847, .T. ) ;
#1081 = EDGE_CURVE ( 'NONE', #4424, #573, #2123, .T. ) ;
#1082 = DIRECTION ( 'NONE',  ( 0.000000000000000000, -0.007686366576371027326, 0.9999704594481046982 ) ) ;
#1083 = CARTESIAN_POINT ( 'NONE',  ( 0.07225016724468347196, -3.700156761597003907, 0.001043841743915397378 ) ) ;
#1084 = FACE_OUTER_BOUND ( 'NONE', #767, .T. ) ;
#1085 = ORIENTED_EDGE ( 'NONE', *, *, #3141, .F. ) ;
#1086 = AXIS2_PLACEMENT_3D ( 'NONE', #3729, #2926, #4414 ) ;
#1087 = AXIS2_PLACEMENT_3D ( 'NONE', #3714, #39, #1140 ) ;
#1088 = ADVANCED_FACE ( 'NONE', ( #1270 ), #1867, .T. ) ;
#1089 = CARTESIAN_POINT ( 'NONE',  ( 0.09427890714137869554, 37.19607862764384976, 2.915473392396585872 ) ) ;
#1090 = DIRECTION ( 'NONE',  ( 0.0005383705042709668181, 0.9999703145309754015, 0.007686365462452108416 ) ) ;
#1091 = DIRECTION ( 'NONE',  ( 0.0005383705042709667097, 0.9999703145309752905, 0.007686365462452107548 ) ) ;
#1092 = VERTEX_POINT ( 'NONE', #3235 ) ;
#1093 = EDGE_CURVE ( 'NONE', #1233, #2400, #3955, .T. ) ;
#1094 = ORIENTED_EDGE ( 'NONE', *, *, #3300, .T. ) ;
#1095 = DIRECTION ( 'NONE',  ( -0.0005383705042709668181, -0.9999703145309754015, -0.007686365462452108416 ) ) ;
#1096 = DIRECTION ( 'NONE',  ( 0.0005383705042709668181, 0.9999703145309754015, 0.007686365462452108416 ) ) ;
#1097 = ORIENTED_EDGE ( 'NONE', *, *, #4669, .T. ) ;
#1098 = AXIS2_PLACEMENT_3D ( 'NONE', #482, #2665, #4159 ) ;
#1099 = ORIENTED_EDGE ( 'NONE', *, *, #4481, .F. ) ;
#1100 = FACE_OUTER_BOUND ( 'NONE', #1020, .T. ) ;
#1101 = DIRECTION ( 'NONE',  ( 0.0005383705042709668181, 0.9999703145309754015, 0.007686365462452108416 ) ) ;
#1102 = DIRECTION ( 'NONE',  ( 0.0005383705042709668181, 0.9999703145309754015, 0.007686365462452108416 ) ) ;
#1103 = EDGE_LOOP ( 'NONE', ( #1469, #2379, #1175, #1921 ) ) ;
#1104 = AXIS2_PLACEMENT_3D ( 'NONE', #1077, #2581, #3262 ) ;
#1105 = EDGE_CURVE ( 'NONE', #3276, #2328, #2895, .T. ) ;
#1106 = FACE_OUTER_BOUND ( 'NONE', #4156, .T. ) ;
#1107 = CYLINDRICAL_SURFACE ( 'NONE', #1691, 3.049999999999889244 ) ;
#1108 = VERTEX_POINT ( 'NONE', #2536 ) ;
#1109 = CARTESIAN_POINT ( 'NONE',  ( 0.07946551751917421691, 9.701647434946114146, 0.1040580646802941878 ) ) ;
#1110 = LINE ( 'NONE', #1385, #1380 ) ;
#1111 = EDGE_LOOP ( 'NONE', ( #1784, #1302, #2115, #597 ) ) ;
#1112 = ADVANCED_FACE ( 'NONE', ( #4022 ), #506, .T. ) ;
#1113 = ORIENTED_EDGE ( 'NONE', *, *, #3265, .F. ) ;
#1114 = ADVANCED_FACE ( 'NONE', ( #1858 ), #3335, .T. ) ;
#1115 = DIRECTION ( 'NONE',  ( 0.000000000000000000, -0.007686366576372135814, 0.9999704594481048092 ) ) ;
#1116 = LINE ( 'NONE', #471, #3353 ) ;
#1117 = AXIS2_PLACEMENT_3D ( 'NONE', #3608, #3248, #3295 ) ;
#1118 = ORIENTED_EDGE ( 'NONE', *, *, #673, .T. ) ;
#1119 = ORIENTED_EDGE ( 'NONE', *, *, #3415, .F. ) ;
#1120 = CIRCLE ( 'NONE', #736, 2.599999999999657252 ) ;
#1121 = DIRECTION ( 'NONE',  ( 0.0005383705042709667097, 0.9999703145309752905, 0.007686365462452107548 ) ) ;
#1122 = EDGE_CURVE ( 'NONE', #911, #4403, #4292, .T. ) ;
#1123 = CYLINDRICAL_SURFACE ( 'NONE', #4686, 3.050000000000008260 ) ;
#1124 = ADVANCED_FACE ( 'NONE', ( #984 ), #1666, .T. ) ;
#1125 = CARTESIAN_POINT ( 'NONE',  ( 0.09696137339072083416, 42.17503725731680220, 3.403757917787194831 ) ) ;
#1126 = ORIENTED_EDGE ( 'NONE', *, *, #2493, .T. ) ;
#1127 = VECTOR ( 'NONE', #3507, 1000.000000000000000 ) ;
#1128 = CARTESIAN_POINT ( 'NONE',  ( 0.000000000000000000, 0.000000000000000000, 0.000000000000000000 ) ) ;
#1129 = AXIS2_PLACEMENT_3D ( 'NONE', #2066, #2430, #559 ) ;
#1130 = LINE ( 'NONE', #3703, #3405 ) ;
#1131 = FACE_OUTER_BOUND ( 'NONE', #2949, .T. ) ;
#1132 = EDGE_CURVE ( 'NONE', #815, #4079, #4545, .T. ) ;
#1133 = EDGE_LOOP ( 'NONE', ( #1695, #1094 ) ) ;
#1134 = VECTOR ( 'NONE', #346, 1000.000000000000000 ) ;
#1135 = DIRECTION ( 'NONE',  ( 0.0005383705042709667097, 0.9999703145309752905, 0.007686365462452107548 ) ) ;
#1136 = DIRECTION ( 'NONE',  ( 0.000000000000000000, -0.007686366576372160100, 0.9999704594481048092 ) ) ;
#1137 = ORIENTED_EDGE ( 'NONE', *, *, #2149, .T. ) ;
#1138 = ORIENTED_EDGE ( 'NONE', *, *, #3370, .T. ) ;
#1139 = CIRCLE ( 'NONE', #2152, 3.049999999999658762 ) ;
#1140 = DIRECTION ( 'NONE',  ( 0.000000000000000000, -0.007686366576372102855, 0.9999704594481048092 ) ) ;
#1141 = VECTOR ( 'NONE', #1543, 1000.000000000000114 ) ;
#1142 = DIRECTION ( 'NONE',  ( 0.000000000000000000, -0.007686366576372108059, 0.9999704594481046982 ) ) ;
#1143 = FACE_OUTER_BOUND ( 'NONE', #2731, .T. ) ;
#1144 = EDGE_LOOP ( 'NONE', ( #2445, #534, #2235, #2662 ) ) ;
#1145 = CONICAL_SURFACE ( 'NONE', #3002, 2.600000000000092459, 0.8229227423153453458 ) ;
#1146 = ORIENTED_EDGE ( 'NONE', *, *, #3917, .F. ) ;
#1147 = CIRCLE ( 'NONE', #1458, 2.586183782692276889 ) ;
#1148 = CARTESIAN_POINT ( 'NONE',  ( 0.07876563586362196612, 8.381791968600976972, 2.682215805035295109 ) ) ;
#1149 = CONICAL_SURFACE ( 'NONE', #1773, 2.588226473094634272, 0.7958701389075822918 ) ;
#1150 = CONICAL_SURFACE ( 'NONE', #448, 2.599999999999687450, 0.7513642429835648562 ) ;
#1151 = DIRECTION ( 'NONE',  ( 0.0005383705042709668181, 0.9999703145309754015, 0.007686365462452108416 ) ) ;
#1152 = VERTEX_POINT ( 'NONE', #3527 ) ;
#1153 = ADVANCED_FACE ( 'NONE', ( #547 ), #2473, .T. ) ;
#1154 = CIRCLE ( 'NONE', #1854, 2.600000000000006750 ) ;
#1155 = DIRECTION ( 'NONE',  ( -0.0005383705042709668181, -0.9999703145309754015, -0.007686365462452108416 ) ) ;
#1156 = ORIENTED_EDGE ( 'NONE', *, *, #1989, .T. ) ;
#1157 = EDGE_LOOP ( 'NONE', ( #2937, #2221 ) ) ;
#1158 = AXIS2_PLACEMENT_3D ( 'NONE', #1181, #83, #1209 ) ;
#1159 = ORIENTED_EDGE ( 'NONE', *, *, #1911, .T. ) ;
#1160 = EDGE_CURVE ( 'NONE', #2274, #2486, #3142, .T. ) ;
#1161 = CIRCLE ( 'NONE', #89, 3.324242148869763547 ) ;
#1162 = AXIS2_PLACEMENT_3D ( 'NONE', #3954, #1456, #4394 ) ;
#1163 = FACE_OUTER_BOUND ( 'NONE', #480, .T. ) ;
#1164 = DIRECTION ( 'NONE',  ( 0.0005383705042709668181, 0.9999703145309754015, 0.007686365462452108416 ) ) ;
#1165 = ORIENTED_EDGE ( 'NONE', *, *, #2539, .T. ) ;
#1166 = ORIENTED_EDGE ( 'NONE', *, *, #4287, .T. ) ;
#1167 = DIRECTION ( 'NONE',  ( 0.0003946991537759802137, 0.7278875427734751158, 0.6856964118965261923 ) ) ;
#1168 = CARTESIAN_POINT ( 'NONE',  ( 0.08964202903416129686, 28.60351768924211768, 0.2493490604100191688 ) ) ;
#1169 = ORIENTED_EDGE ( 'NONE', *, *, #4033, .T. ) ;
#1170 = EDGE_CURVE ( 'NONE', #123, #2757, #4235, .T. ) ;
#1172 = ADVANCED_FACE ( 'NONE', ( #2398 ), #4629, .T. ) ;
#1171 = CARTESIAN_POINT ( 'NONE',  ( 0.08918864923530873956, 27.73796584127584453, 3.292786016422883932 ) ) ;
#1173 = LINE ( 'NONE', #2953, #3392 ) ;
#1174 = AXIS2_PLACEMENT_3D ( 'NONE', #569, #4001, #1833 ) ;
#1175 = ORIENTED_EDGE ( 'NONE', *, *, #4376, .F. ) ;
#1176 = DIRECTION ( 'NONE',  ( 0.0005383705042709668181, 0.9999703145309754015, 0.007686365462452108416 ) ) ;
#1177 = CYLINDRICAL_SURFACE ( 'NONE', #3593, 2.599999999999857980 ) ;
#1178 = DIRECTION ( 'NONE',  ( 0.000000000000000000, -0.007686366576370531195, 0.9999704594481046982 ) ) ;
#1179 = ORIENTED_EDGE ( 'NONE', *, *, #1847, .F. ) ;
#1180 = VERTEX_POINT ( 'NONE', #2725 ) ;
#1181 = CARTESIAN_POINT ( 'NONE',  ( 0.08016539917472648158, 11.00160884383638837, 0.1140503397814820047 ) ) ;
#1182 = ADVANCED_FACE ( 'NONE', ( #1255 ), #4208, .T. ) ;
#1183 = DIRECTION ( 'NONE',  ( 0.0005383705042709668181, 0.9999703145309754015, 0.007686365462452108416 ) ) ;
#1184 = EDGE_LOOP ( 'NONE', ( #245, #1395, #3665, #3768 ) ) ;
#1185 = ORIENTED_EDGE ( 'NONE', *, *, #1561, .T. ) ;
#1186 = EDGE_CURVE ( 'NONE', #1488, #128, #1139, .T. ) ;
#1187 = DIRECTION ( 'NONE',  ( 0.0005383705042709668181, 0.9999703145309754015, 0.007686365462452108416 ) ) ;
#1188 = VECTOR ( 'NONE', #1039, 1000.000000000000114 ) ;
#1189 = DIRECTION ( 'NONE',  ( 0.000000000000000000, -0.007686366576371582437, 0.9999704594481046982 ) ) ;
#1190 = ORIENTED_EDGE ( 'NONE', *, *, #2850, .T. ) ;
#1191 = AXIS2_PLACEMENT_3D ( 'NONE', #1966, #868, #609 ) ;
#1192 = ADVANCED_FACE ( 'NONE', ( #571 ), #879, .T. ) ;
#1193 = ADVANCED_FACE ( 'NONE', ( #1692 ), #3164, .T. ) ;
#1194 = CIRCLE ( 'NONE', #4467, 3.049999999999629452 ) ;
#1195 = FACE_BOUND ( 'NONE', #3059, .T. ) ;
#1196 = DIRECTION ( 'NONE',  ( 0.0005383705042709668181, 0.9999703145309754015, 0.007686365462452108416 ) ) ;
#1197 = VERTEX_POINT ( 'NONE', #3552 ) ;
#1198 = CONICAL_SURFACE ( 'NONE', #2990, 1.734702437071700576, 0.8857545953870540334 ) ;
#1199 = EDGE_CURVE ( 'NONE', #3649, #3822, #244, .T. ) ;
#1200 = EDGE_CURVE ( 'NONE', #3505, #3809, #1832, .T. ) ;
#1201 = FACE_OUTER_BOUND ( 'NONE', #100, .T. ) ;
#1202 = FACE_OUTER_BOUND ( 'NONE', #1706, .T. ) ;
#1203 = EDGE_CURVE ( 'NONE', #3639, #1719, #511, .T. ) ;
#1204 = DIRECTION ( 'NONE',  ( 0.000000000000000000, 0.007686366576371748971, -0.9999704594481048092 ) ) ;
#1205 = ORIENTED_EDGE ( 'NONE', *, *, #4723, .F. ) ;
#1206 = ORIENTED_EDGE ( 'NONE', *, *, #2280, .T. ) ;
#1207 = VECTOR ( 'NONE', #4039, 1000.000000000000114 ) ;
#1208 = EDGE_CURVE ( 'NONE', #2097, #314, #4549, .T. ) ;
#1209 = DIRECTION ( 'NONE',  ( 0.000000000000000000, 0.007686366576371204268, -0.9999704594481046982 ) ) ;
#1210 = DIRECTION ( 'NONE',  ( 0.000000000000000000, 0.007686366576370053279, -0.9999704594481048092 ) ) ;
#1211 = ORIENTED_EDGE ( 'NONE', *, *, #2493, .F. ) ;
#1212 = ORIENTED_EDGE ( 'NONE', *, *, #403, .T. ) ;
#1213 = AXIS2_PLACEMENT_3D ( 'NONE', #2896, #1341, #1397 ) ;
#1214 = LINE ( 'NONE', #3810, #2522 ) ;
#1215 = CARTESIAN_POINT ( 'NONE',  ( 0.09360594401103967954, 35.96610028757869770, 0.3059422410034338680 ) ) ;
#1216 = AXIS2_PLACEMENT_3D ( 'NONE', #2802, #4234, #2751 ) ;
#1217 = VERTEX_POINT ( 'NONE', #1014 ) ;
#1218 = ADVANCED_FACE ( 'NONE', ( #1792 ), #1036, .T. ) ;
#1219 = ADVANCED_FACE ( 'NONE', ( #3269 ), #4321, .T. ) ;
#1220 = CONICAL_SURFACE ( 'NONE', #3627, 3.049999999999649880, 0.4372049776245687247 ) ;
#1221 = CIRCLE ( 'NONE', #2933, 3.049999999999658762 ) ;
#1222 = LINE ( 'NONE', #2693, #778 ) ;
#1223 = CARTESIAN_POINT ( 'NONE',  ( 0.09360594401103967954, 35.96610028757869770, 0.3059422410034338680 ) ) ;
#1224 = AXIS2_PLACEMENT_3D ( 'NONE', #285, #615, #1056 ) ;
#1225 = LINE ( 'NONE', #4285, #357 ) ;
#1226 = EDGE_CURVE ( 'NONE', #4571, #2277, #1376, .T. ) ;
#1227 = DIRECTION ( 'NONE',  ( 0.0005383705042709668181, 0.9999703145309754015, 0.007686365462452108416 ) ) ;
#1228 = DIRECTION ( 'NONE',  ( 0.000000000000000000, -0.007686366576371395955, 0.9999704594481046982 ) ) ;
#1229 = DIRECTION ( 'NONE',  ( 0.0005383705042709667097, 0.9999703145309752905, 0.007686365462452107548 ) ) ;
#1230 = VECTOR ( 'NONE', #630, 1000.000000000000114 ) ;
#1231 = CARTESIAN_POINT ( 'NONE',  ( 0.09526550630226728045, 39.02513076654424395, 3.379545866580470292 ) ) ;
#1232 = ORIENTED_EDGE ( 'NONE', *, *, #3304, .T. ) ;
#1233 = VERTEX_POINT ( 'NONE', #1062 ) ;
#1234 = EDGE_CURVE ( 'NONE', #4267, #2098, #3215, .T. ) ;
#1235 = ADVANCED_FACE ( 'NONE', ( #2855 ), #4345, .T. ) ;
#1236 = CARTESIAN_POINT ( 'NONE',  ( 0.09405417266765761508, 36.82208439496542240, -2.737568258343513250 ) ) ;
#1237 = VECTOR ( 'NONE', #1503, 1000.000000000000114 ) ;
#1238 = CARTESIAN_POINT ( 'NONE',  ( 0.08818859081181307236, 25.90389899761074943, 0.2285981885375094613 ) ) ;
#1239 = EDGE_CURVE ( 'NONE', #4028, #1655, #291, .T. ) ;
#1240 = VERTEX_POINT ( 'NONE', #1405 ) ;
#1241 = VERTEX_POINT ( 'NONE', #670 ) ;
#1242 = AXIS2_PLACEMENT_3D ( 'NONE', #1083, #2952, #4047 ) ;
#1243 = CIRCLE ( 'NONE', #805, 2.600000000000024070 ) ;
#1244 = DIRECTION ( 'NONE',  ( 0.0003675112634932395416, 0.6882329383424864444, -0.7254896880838062057 ) ) ;
#1245 = CARTESIAN_POINT ( 'NONE',  ( 0.08624356522595082175, 22.27122052566677013, 2.800752072993049957 ) ) ;
#1246 = EDGE_LOOP ( 'NONE', ( #4068, #4173, #502, #1290 ) ) ;
#1247 = DIRECTION ( 'NONE',  ( 0.0005383705042709668181, 0.9999703145309754015, 0.007686365462452108416 ) ) ;
#1248 = CARTESIAN_POINT ( 'NONE',  ( 0.09696137339072083416, 42.17503725731680220, 3.403757917787189946 ) ) ;
#1249 = CIRCLE ( 'NONE', #28, 3.049999999999655653 ) ;
#1250 = CARTESIAN_POINT ( 'NONE',  ( 0.08016539917472648158, 10.98171478638151477, 2.702200355237663221 ) ) ;
#1251 = EDGE_CURVE ( 'NONE', #2480, #4074, #3950, .T. ) ;
#1252 = CARTESIAN_POINT ( 'NONE',  ( 0.09634163635231404732, 41.06736457138650565, -2.254923221087349550 ) ) ;
#1253 = CARTESIAN_POINT ( 'NONE',  ( 0.07876563586362196612, 8.401686026055850576, 0.09406578957910646799 ) ) ;
#1254 = DIRECTION ( 'NONE',  ( 0.000000000000000000, -0.007686366576371591978, 0.9999704594481046982 ) ) ;
#1255 = FACE_OUTER_BOUND ( 'NONE', #2309, .T. ) ;
#1256 = ORIENTED_EDGE ( 'NONE', *, *, #4310, .T. ) ;
#1257 = ORIENTED_EDGE ( 'NONE', *, *, #517, .T. ) ;
#1258 = VECTOR ( 'NONE', #4206, 1000.000000000000114 ) ;
#1259 = CARTESIAN_POINT ( 'NONE',  ( 0.09696137339072083416, 42.17849612227617939, 2.953771211035407518 ) ) ;
#1260 = CARTESIAN_POINT ( 'NONE',  ( 0.09696137339072113948, 42.17982427199611806, 2.780983396085134007 ) ) ;
#1261 = ADVANCED_FACE ( 'NONE', ( #587 ), #3154, .T. ) ;
#1262 = ORIENTED_EDGE ( 'NONE', *, *, #1061, .F. ) ;
#1263 = ORIENTED_EDGE ( 'NONE', *, *, #2068, .T. ) ;
#1264 = DIRECTION ( 'NONE',  ( 0.0005383705042709668181, 0.9999703145309754015, 0.007686365462452108416 ) ) ;
#1265 = CARTESIAN_POINT ( 'NONE',  ( 0.07433904480125480552, 0.1797280587831739662, 0.03086693973822956030 ) ) ;
#1266 = VERTEX_POINT ( 'NONE', #2795 ) ;
#1267 = ADVANCED_FACE ( 'NONE', ( #3178 ), #3473, .T. ) ;
#1268 = DIRECTION ( 'NONE',  ( 0.000000000000000000, -0.007686366576371192992, 0.9999704594481048092 ) ) ;
#1269 = EDGE_CURVE ( 'NONE', #3276, #3359, #3694, .T. ) ;
#1270 = FACE_OUTER_BOUND ( 'NONE', #63, .T. ) ;
#1271 = CARTESIAN_POINT ( 'NONE',  ( 0.08159685889820424143, 13.63979532812551199, 2.815688761963069275 ) ) ;
#1272 = AXIS2_PLACEMENT_3D ( 'NONE', #2210, #4739, #1410 ) ;
#1273 = CARTESIAN_POINT ( 'NONE',  ( 0.07731084998483091220, 5.722323963775775013, -2.887673750969526054 ) ) ;
#1274 = AXIS2_PLACEMENT_3D ( 'NONE', #399, #2313, #2689 ) ;
#1275 = AXIS2_PLACEMENT_3D ( 'NONE', #1372, #2851, #980 ) ;
#1276 = DIRECTION ( 'NONE',  ( 0.000000000000000000, -0.007686366576371613663, 0.9999704594481046982 ) ) ;
#1277 = CARTESIAN_POINT ( 'NONE',  ( 0.08202159189720151233, 14.44930444714019657, 0.1405513748874211155 ) ) ;
#1278 = DIRECTION ( 'NONE',  ( 0.000000000000000000, -0.007686366576370655228, 0.9999704594481048092 ) ) ;
#1279 = CARTESIAN_POINT ( 'NONE',  ( 0.09696137339072083416, 42.19848067537473923, 0.3538480164704669306 ) ) ;
#1280 = ORIENTED_EDGE ( 'NONE', *, *, #3715, .T. ) ;
#1281 = ORIENTED_EDGE ( 'NONE', *, *, #460, .T. ) ;
#1282 = EDGE_CURVE ( 'NONE', #1529, #3364, #3066, .T. ) ;
#1283 = AXIS2_PLACEMENT_3D ( 'NONE', #4569, #2685, #1142 ) ;
#1284 = DIRECTION ( 'NONE',  ( 0.0005383705042709668181, 0.9999703145309754015, 0.007686365462452108416 ) ) ;
#1285 = LINE ( 'NONE', #3532, #2438 ) ;
#1286 = AXIS2_PLACEMENT_3D ( 'NONE', #3944, #1031, #977 ) ;
#1287 = ORIENTED_EDGE ( 'NONE', *, *, #78, .F. ) ;
#1288 = EDGE_LOOP ( 'NONE', ( #2543, #4177, #2295, #4508 ) ) ;
#1289 = CARTESIAN_POINT ( 'NONE',  ( 0.09369326707880035188, 36.12829430608773151, 0.3071889605149714653 ) ) ;
#1290 = ORIENTED_EDGE ( 'NONE', *, *, #2981, .T. ) ;
#1291 = DIRECTION ( 'NONE',  ( 0.000000000000000000, -0.007686366576371437588, 0.9999704594481046982 ) ) ;
#1292 = CIRCLE ( 'NONE', #2760, 2.850000000000002753 ) ;
#1293 = CARTESIAN_POINT ( 'NONE',  ( 0.09696137339072113948, 42.21846522847330618, -2.246075178094629088 ) ) ;
#1294 = AXIS2_PLACEMENT_3D ( 'NONE', #208, #4770, #2150 ) ;
#1295 = FACE_OUTER_BOUND ( 'NONE', #880, .T. ) ;
#1296 = CIRCLE ( 'NONE', #1607, 3.049999999999603695 ) ;
#1297 = AXIS2_PLACEMENT_3D ( 'NONE', #1745, #3196, #4325 ) ;
#1298 = CARTESIAN_POINT ( 'NONE',  ( 0.08692325798759292788, 23.55366760086069178, 0.2105329148246360138 ) ) ;
#1299 = CARTESIAN_POINT ( 'NONE',  ( 0.09562483340205579774, 39.69600441397127355, 2.934689306052709501 ) ) ;
#1300 = DIRECTION ( 'NONE',  ( 0.000000000000000000, -0.007686366576371195594, 0.9999704594481046982 ) ) ;
#1301 = DIRECTION ( 'NONE',  ( 0.0005383705042709668181, 0.9999703145309754015, 0.007686365462452108416 ) ) ;
#1302 = ORIENTED_EDGE ( 'NONE', *, *, #3356, .T. ) ;
#1303 = AXIS2_PLACEMENT_3D ( 'NONE', #1954, #3774, #142 ) ;
#1304 = ORIENTED_EDGE ( 'NONE', *, *, #844, .T. ) ;
#1305 = CARTESIAN_POINT ( 'NONE',  ( 0.08557483722538990201, 21.02566510498671093, 3.241191288256213721 ) ) ;
#1306 = CARTESIAN_POINT ( 'NONE',  ( 0.09495187027171710092, 38.48601062700470266, -2.274765039905518371 ) ) ;
#1307 = CARTESIAN_POINT ( 'NONE',  ( 0.07330426533923782573, -1.742273120506052209, 0.01609329769245527661 ) ) ;
#1308 = VERTEX_POINT ( 'NONE', #1317 ) ;
#1309 = VERTEX_POINT ( 'NONE', #4670 ) ;
#1310 = CARTESIAN_POINT ( 'NONE',  ( 0.09302030394846162731, 34.85834685982543846, 2.897504198252004670 ) ) ;
#1311 = DIRECTION ( 'NONE',  ( 0.000000000000000000, -0.007686366576372106324, 0.9999704594481046982 ) ) ;
#1312 = EDGE_CURVE ( 'NONE', #1412, #1600, #3863, .T. ) ;
#1313 = ORIENTED_EDGE ( 'NONE', *, *, #1132, .T. ) ;
#1314 = ORIENTED_EDGE ( 'NONE', *, *, #3917, .T. ) ;
#1315 = CIRCLE ( 'NONE', #1242, 3.496661811361257755 ) ;
#1316 = AXIS2_PLACEMENT_3D ( 'NONE', #4744, #4359, #3225 ) ;
#1317 = CARTESIAN_POINT ( 'NONE',  ( 0.08340770384649444369, 17.01053764282682224, 1.894992216339465019 ) ) ;
#1318 = CARTESIAN_POINT ( 'NONE',  ( 0.08796385633809229720, 25.48647679377582165, 0.2253896336792361732 ) ) ;
#1319 = DIRECTION ( 'NONE',  ( 0.000000000000000000, 0.007686366576372036068, -0.9999704594481046982 ) ) ;
#1320 = EDGE_CURVE ( 'NONE', #4661, #711, #2838, .T. ) ;
#1321 = EDGE_CURVE ( 'NONE', #842, #4618, #514, .T. ) ;
#1322 = CARTESIAN_POINT ( 'NONE',  ( 0.08918864923530873956, 27.76140925933377090, 0.2428761151063145718 ) ) ;
#1323 = CARTESIAN_POINT ( 'NONE',  ( 0.08579579040965487624, 21.45950735324291614, 0.1944359559787333658 ) ) ;
#1324 = CYLINDRICAL_SURFACE ( 'NONE', #2763, 3.049999999999672085 ) ;
#1325 = ORIENTED_EDGE ( 'NONE', *, *, #1040, .T. ) ;
#1326 = EDGE_LOOP ( 'NONE', ( #3959, #1190, #751, #2988 ) ) ;
#1327 = VECTOR ( 'NONE', #3188, 1000.000000000000114 ) ;
#1328 = DIRECTION ( 'NONE',  ( 0.0005383705042709668181, 0.9999703145309754015, 0.007686365462452108416 ) ) ;
#1329 = LINE ( 'NONE', #1260, #1669 ) ;
#1330 = DIRECTION ( 'NONE',  ( -0.0005383705042709668181, -0.9999703145309754015, -0.007686365462452108416 ) ) ;
#1331 = ORIENTED_EDGE ( 'NONE', *, *, #3907, .T. ) ;
#1332 = ORIENTED_EDGE ( 'NONE', *, *, #2330, .F. ) ;
#1333 = VECTOR ( 'NONE', #4089, 1000.000000000000000 ) ;
#1334 = DIRECTION ( 'NONE',  ( 0.0005383705042709668181, 0.9999703145309754015, 0.007686365462452108416 ) ) ;
#1335 = DIRECTION ( 'NONE',  ( 0.000000000000000000, -0.007686366576371330903, 0.9999704594481046982 ) ) ;
#1336 = DIRECTION ( 'NONE',  ( 0.000000000000000000, -0.007686366576372128875, 0.9999704594481048092 ) ) ;
#1337 = VERTEX_POINT ( 'NONE', #637 ) ;
#1338 = ORIENTED_EDGE ( 'NONE', *, *, #321, .T. ) ;
#1339 = ADVANCED_FACE ( 'NONE', ( #4254 ), #3912, .T. ) ;
#1340 = DIRECTION ( 'NONE',  ( 0.0005383705042709668181, 0.9999703145309754015, 0.007686365462452108416 ) ) ;
#1341 = DIRECTION ( 'NONE',  ( 0.0005383705042709668181, 0.9999703145309754015, 0.007686365462452108416 ) ) ;
#1342 = DIRECTION ( 'NONE',  ( 0.0005383705042709668181, 0.9999703145309754015, 0.007686365462452108416 ) ) ;
#1343 = CARTESIAN_POINT ( 'NONE',  ( 0.09653067698730442847, 41.42041056849264891, -2.502216885326596252 ) ) ;
#1344 = LINE ( 'NONE', #4653, #1949 ) ;
#1345 = DIRECTION ( 'NONE',  ( 0.000000000000000000, -0.007686366576371591111, 0.9999704594481046982 ) ) ;
#1346 = DIRECTION ( 'NONE',  ( 0.0004877306413677057109, 0.9026572679539948130, 0.4303598711876510108 ) ) ;
#1347 = ORIENTED_EDGE ( 'NONE', *, *, #2991, .F. ) ;
#1348 = VERTEX_POINT ( 'NONE', #538 ) ;
#1349 = CIRCLE ( 'NONE', #3515, 2.599999999999674127 ) ;
#1350 = ADVANCED_FACE ( 'NONE', ( #1710 ), #4693, .T. ) ;
#1351 = EDGE_CURVE ( 'NONE', #3376, #3075, #2490, .T. ) ;
#1352 = CARTESIAN_POINT ( 'NONE',  ( 0.09666526961337180979, 41.67040314712539839, -2.500295293960980381 ) ) ;
#1353 = DIRECTION ( 'NONE',  ( -0.0003661357369576280778, -0.6744259999067427902, -0.7383423573075110768 ) ) ;
#1354 = CARTESIAN_POINT ( 'NONE',  ( 0.09696137339072113948, 42.21846522847330618, -2.246075178094633529 ) ) ;
#1355 = VECTOR ( 'NONE', #2808, 1000.000000000000000 ) ;
#1356 = EDGE_LOOP ( 'NONE', ( #3807, #4747, #1898, #3486 ) ) ;
#1357 = ORIENTED_EDGE ( 'NONE', *, *, #2035, .T. ) ;
#1358 = EDGE_CURVE ( 'NONE', #3649, #4144, #4485, .T. ) ;
#1359 = CARTESIAN_POINT ( 'NONE',  ( 0.08714957095038283752, 23.99746511110564029, -2.836145895399331707 ) ) ;
#1360 = CIRCLE ( 'NONE', #286, 3.049999999999644551 ) ;
#1361 = LINE ( 'NONE', #2867, #1134 ) ;
#1362 = VERTEX_POINT ( 'NONE', #3888 ) ;
#1363 = ORIENTED_EDGE ( 'NONE', *, *, #2035, .F. ) ;
#1364 = CONICAL_SURFACE ( 'NONE', #60, 2.588226473094634272, 0.7478735844795341148 ) ;
#1365 = DIRECTION ( 'NONE',  ( 0.000000000000000000, -0.007686366576371191257, 0.9999704594481046982 ) ) ;
#1366 = DIRECTION ( 'NONE',  ( 0.000000000000000000, -0.007686366576371204268, 0.9999704594481046982 ) ) ;
#1367 = AXIS2_PLACEMENT_3D ( 'NONE', #2826, #313, #2157 ) ;
#1368 = ADVANCED_FACE ( 'NONE', ( #2414 ), #1145, .T. ) ;
#1369 = PRODUCT_DEFINITION_SHAPE ( 'NONE', 'NONE',  #2574 ) ;
#1370 = DIRECTION ( 'NONE',  ( 0.000000000000000000, -0.007686366576371179114, 0.9999704594481046982 ) ) ;
#1371 = CONICAL_SURFACE ( 'NONE', #590, 2.588226473094626279, 0.7478735844797775867 ) ;
#1372 = CARTESIAN_POINT ( 'NONE',  ( 0.09696137339072083416, 42.19848067537473923, 0.3538480164704669306 ) ) ;
#1373 = CARTESIAN_POINT ( 'NONE',  ( 0.09696137339072084804, 42.21713707875341726, -2.073287363144198370 ) ) ;
#1374 = CARTESIAN_POINT ( 'NONE',  ( 0.09593846943260600502, 40.29853707776590710, 0.3392439220918080922 ) ) ;
#1375 = CARTESIAN_POINT ( 'NONE',  ( 0.09696137339072120886, 42.22192409343266917, -2.696061884846154832 ) ) ;
#1376 = LINE ( 'NONE', #3243, #2376 ) ;
#1377 = EDGE_CURVE ( 'NONE', #106, #3311, #3848, .T. ) ;
#1378 = AXIS2_PLACEMENT_3D ( 'NONE', #1404, #4048, #2206 ) ;
#1379 = ORIENTED_EDGE ( 'NONE', *, *, #1538, .F. ) ;
#1380 = VECTOR ( 'NONE', #2860, 1000.000000000000114 ) ;
#1381 = CARTESIAN_POINT ( 'NONE',  ( 0.07709550178312256363, 5.274532940561785566, 3.328248000080016311 ) ) ;
#1382 = AXIS2_PLACEMENT_3D ( 'NONE', #1613, #541, #2023 ) ;
#1383 = CIRCLE ( 'NONE', #3009, 1.949999999999999956 ) ;
#1384 = DIRECTION ( 'NONE',  ( -0.0003766781054527114240, -0.6941508717556464925, -0.7198294418502767522 ) ) ;
#1385 = CARTESIAN_POINT ( 'NONE',  ( 0.09696137339072120886, 42.22192409343266917, -2.696061884846272960 ) ) ;
#1386 = ORIENTED_EDGE ( 'NONE', *, *, #1638, .T. ) ;
#1387 = EDGE_LOOP ( 'NONE', ( #956, #2412, #4541, #458 ) ) ;
#1388 = EDGE_CURVE ( 'NONE', #122, #2140, #2384, .T. ) ;
#1389 = DIRECTION ( 'NONE',  ( 0.000000000000000000, 0.007686366576371193859, -0.9999704594481046982 ) ) ;
#1390 = EDGE_CURVE ( 'NONE', #3960, #217, #4239, .T. ) ;
#1391 = EDGE_CURVE ( 'NONE', #2630, #787, #1992, .T. ) ;
#1392 = CARTESIAN_POINT ( 'NONE',  ( 0.08598422008615005940, 21.78605354527081062, 3.247036085206936207 ) ) ;
#1393 = DIRECTION ( 'NONE',  ( 0.0004385684392864616643, 0.8101397514793089449, 0.5862366337331433863 ) ) ;
#1394 = EDGE_LOOP ( 'NONE', ( #1843, #255, #3591, #1953 ) ) ;
#1395 = ORIENTED_EDGE ( 'NONE', *, *, #417, .T. ) ;
#1396 = CARTESIAN_POINT ( 'NONE',  ( 0.07876563586362227143, 8.421580083510724180, -2.494084225877082339 ) ) ;
#1397 = DIRECTION ( 'NONE',  ( 0.000000000000000000, -0.007686366576370610125, 0.9999704594481048092 ) ) ;
#1398 = CONICAL_SURFACE ( 'NONE', #3332, 2.599999999999674571, 0.8194320838113239303 ) ;
#1399 = VECTOR ( 'NONE', #4136, 1000.000000000000000 ) ;
#1400 = DIRECTION ( 'NONE',  ( 0.0005383705042709668181, 0.9999703145309754015, 0.007686365462452108416 ) ) ;
#1401 = CIRCLE ( 'NONE', #2099, 3.049999999999681854 ) ;
#1402 = DIRECTION ( 'NONE',  ( 0.000000000000000000, -0.007686366576372115865, 0.9999704594481048092 ) ) ;
#1403 = CARTESIAN_POINT ( 'NONE',  ( 0.07806456869080991012, 7.099522635337522480, 0.08405658873839809420 ) ) ;
#1404 = CARTESIAN_POINT ( 'NONE',  ( 0.09696137339072083416, 42.19848067537473923, 0.3538480164704669306 ) ) ;
#1405 = CARTESIAN_POINT ( 'NONE',  ( 0.07424213811048616107, -0.04445585535610269839, 5.778357287702639233 ) ) ;
#1406 = EDGE_LOOP ( 'NONE', ( #583, #4617, #2008, #3952 ) ) ;
#1407 = EDGE_CURVE ( 'NONE', #1508, #1266, #4711, .T. ) ;
#1408 = EDGE_CURVE ( 'NONE', #2892, #2277, #1765, .T. ) ;
#1409 = CARTESIAN_POINT ( 'NONE',  ( 0.09696137339072083416, 42.17503725731680220, 3.403757917787206821 ) ) ;
#1410 = DIRECTION ( 'NONE',  ( 0.000000000000000000, -0.007686366576371560753, 0.9999704594481046982 ) ) ;
#1411 = CARTESIAN_POINT ( 'NONE',  ( 0.09427890714137837636, 37.21606318074241671, 0.3155501978314989575 ) ) ;
#1412 = VERTEX_POINT ( 'NONE', #1027 ) ;
#1413 = ORIENTED_EDGE ( 'NONE', *, *, #762, .F. ) ;
#1414 = CIRCLE ( 'NONE', #3567, 2.600000000000019629 ) ;
#1415 = EDGE_CURVE ( 'NONE', #1337, #783, #24, .T. ) ;
#1416 = DIRECTION ( 'NONE',  ( 0.0005383705042709668181, 0.9999703145309754015, 0.007686365462452108416 ) ) ;
#1417 = PRODUCT ( '1 mid L', '1 mid L', '', ( #2183 ) ) ;
#1418 = DIRECTION ( 'NONE',  ( 0.0005383546005137577551, 0.9999998550871516123, 0.000000000000000000 ) ) ;
#1419 = CARTESIAN_POINT ( 'NONE',  ( 0.09257365378091246544, 34.02527919388936795, 3.341114039268226588 ) ) ;
#1420 = CIRCLE ( 'NONE', #3887, 2.850000000000003197 ) ;
#1421 = VERTEX_POINT ( 'NONE', #737 ) ;
#1422 = VERTEX_POINT ( 'NONE', #2201 ) ;
#1423 = CARTESIAN_POINT ( 'NONE',  ( 0.09696137339072083416, 42.17849612227617939, 2.953771211035369770 ) ) ;
#1424 = CARTESIAN_POINT ( 'NONE',  ( 0.09032172179580340299, 29.86598021133747594, 0.2590530968063649020 ) ) ;
#1425 = EDGE_CURVE ( 'NONE', #123, #4040, #2198, .T. ) ;
#1426 = ADVANCED_FACE ( 'NONE', ( #2535 ), #1496, .T. ) ;
#1427 = CARTESIAN_POINT ( 'NONE',  ( 0.09696137339072083416, 42.19848067537473923, 0.3538480164704669306 ) ) ;
#1428 = CARTESIAN_POINT ( 'NONE',  ( 0.09293298088070127416, 34.73612194751353144, -2.303588910389727129 ) ) ;
#1429 = CARTESIAN_POINT ( 'NONE',  ( 0.09436623020913904869, 37.37825719925144341, 0.3167969173430365548 ) ) ;
#1430 = CARTESIAN_POINT ( 'NONE',  ( 0.09234734081812293049, 33.62836851976029351, 0.2879730468588412307 ) ) ;
#1431 = ORIENTED_EDGE ( 'NONE', *, *, #2709, .T. ) ;
#1432 = AXIS2_PLACEMENT_3D ( 'NONE', #4420, #316, #2956 ) ;
#1433 = DIRECTION ( 'NONE',  ( -0.0003406298867931579566, -0.6267342806716754700, -0.7792329724814254233 ) ) ;
#1434 = LINE ( 'NONE', #4030, #2042 ) ;
#1435 = CARTESIAN_POINT ( 'NONE',  ( 0.08016539917472648158, 10.98171478638151477, 2.702200355237663221 ) ) ;
#1436 = ADVANCED_FACE ( 'NONE', ( #2558 ), #3424, .T. ) ;
#1437 = VERTEX_POINT ( 'NONE', #1825 ) ;
#1438 = VERTEX_POINT ( 'NONE', #1855 ) ;
#1439 = VECTOR ( 'NONE', #3309, 1000.000000000000114 ) ;
#1440 = DIRECTION ( 'NONE',  ( 0.0005383705042709668181, 0.9999703145309754015, 0.007686365462452108416 ) ) ;
#1441 = AXIS2_PLACEMENT_3D ( 'NONE', #4500, #1164, #126 ) ;
#1442 = CARTESIAN_POINT ( 'NONE',  ( 0.07731084998483053750, 5.699564194994143129, 0.07329567709096507233 ) ) ;
#1443 = LINE ( 'NONE', #2890, #1830 ) ;
#1444 = ORIENTED_EDGE ( 'NONE', *, *, #1186, .F. ) ;
#1445 = ORIENTED_EDGE ( 'NONE', *, *, #772, .T. ) ;
#1446 = CONICAL_SURFACE ( 'NONE', #1052, 2.600000000000009859, 0.8229227423153443466 ) ;
#1447 = LINE ( 'NONE', #713, #702 ) ;
#1448 = CARTESIAN_POINT ( 'NONE',  ( 0.08016539917472648158, 11.00160884383638837, 0.1140503397814820047 ) ) ;
#1449 = ORIENTED_EDGE ( 'NONE', *, *, #557, .F. ) ;
#1450 = AXIS2_PLACEMENT_3D ( 'NONE', #582, #3564, #3102 ) ;
#1451 = ADVANCED_FACE ( 'NONE', ( #1100 ), #4445, .T. ) ;
#1452 = LINE ( 'NONE', #2184, #388 ) ;
#1453 = DIRECTION ( 'NONE',  ( 0.0005383705042709668181, 0.9999703145309754015, 0.007686365462452108416 ) ) ;
#1454 = EDGE_LOOP ( 'NONE', ( #945, #4768, #1325, #4196 ) ) ;
#1455 = AXIS2_PLACEMENT_3D ( 'NONE', #3358, #420, #5 ) ;
#1456 = DIRECTION ( 'NONE',  ( 0.0005383705042709668181, 0.9999703145309754015, 0.007686365462452108416 ) ) ;
#1457 = DIRECTION ( 'NONE',  ( 0.0005383705042709668181, 0.9999703145309754015, 0.007686365462452108416 ) ) ;
#1458 = AXIS2_PLACEMENT_3D ( 'NONE', #1739, #621, #2825 ) ;
#1459 = CARTESIAN_POINT ( 'NONE',  ( 0.08818859081181307236, 25.90389899761074943, 0.2285981885375094613 ) ) ;
#1460 = VERTEX_POINT ( 'NONE', #4019 ) ;
#1461 = CIRCLE ( 'NONE', #2684, 2.427207080651394122 ) ;
#1462 = ORIENTED_EDGE ( 'NONE', *, *, #3039, .T. ) ;
#1463 = CIRCLE ( 'NONE', #901, 3.050000000000020695 ) ;
#1464 = VECTOR ( 'NONE', #3799, 1000.000000000000000 ) ;
#1465 = CARTESIAN_POINT ( 'NONE',  ( 0.09540009892833503646, 39.32201018129285330, -2.718352344687374522 ) ) ;
#1466 = DIRECTION ( 'NONE',  ( 0.000000000000000000, -0.007686366576371838309, 0.9999704594481048092 ) ) ;
#1467 = ORIENTED_EDGE ( 'NONE', *, *, #2168, .T. ) ;
#1468 = CIRCLE ( 'NONE', #2690, 2.600000000000028066 ) ;
#1469 = ORIENTED_EDGE ( 'NONE', *, *, #2476, .T. ) ;
#1470 = CONICAL_SURFACE ( 'NONE', #382, 2.850000000000003197, 0.6187192198319830805 ) ;
#1471 = ADVANCED_FACE ( 'NONE', ( #4458 ), #2175, .T. ) ;
#1472 = LINE ( 'NONE', #3377, #3408 ) ;
#1473 = CARTESIAN_POINT ( 'NONE',  ( 0.09436623020913904869, 37.37825719925144341, 0.3167969173430365548 ) ) ;
#1474 = DIRECTION ( 'NONE',  ( -0.0004322132489561046772, -0.8073764461287462613, 0.5900365136398113552 ) ) ;
#1475 = DIRECTION ( 'NONE',  ( 0.000000000000000000, -0.007686366576371143552, 0.9999704594481046982 ) ) ;
#1476 = EDGE_LOOP ( 'NONE', ( #1993, #2561, #2828, #1304 ) ) ;
#1477 = EDGE_CURVE ( 'NONE', #1811, #1233, #3283, .T. ) ;
#1478 = VECTOR ( 'NONE', #413, 1000.000000000000114 ) ;
#1479 = FACE_OUTER_BOUND ( 'NONE', #4197, .T. ) ;
#1480 = DIRECTION ( 'NONE',  ( 0.0005383705042709668181, 0.9999703145309754015, 0.007686365462452108416 ) ) ;
#1481 = CYLINDRICAL_SURFACE ( 'NONE', #4099, 2.600000000000008082 ) ;
#1482 = EDGE_LOOP ( 'NONE', ( #660, #2084, #1985, #2474 ) ) ;
#1483 = AXIS2_PLACEMENT_3D ( 'NONE', #4679, #4051, #2830 ) ;
#1484 = EDGE_CURVE ( 'NONE', #2486, #2710, #4063, .T. ) ;
#1485 = CARTESIAN_POINT ( 'NONE',  ( 0.09696137339072120886, 42.22192409343266917, -2.696061884846171264 ) ) ;
#1486 = DIRECTION ( 'NONE',  ( 0.000000000000000000, -0.007686366576372090711, 0.9999704594481048092 ) ) ;
#1487 = ORIENTED_EDGE ( 'NONE', *, *, #2759, .T. ) ;
#1488 = VERTEX_POINT ( 'NONE', #2605 ) ;
#1489 = EDGE_CURVE ( 'NONE', #4028, #432, #3334, .T. ) ;
#1490 = DIRECTION ( 'NONE',  ( 0.0005383705042709667097, 0.9999703145309752905, 0.007686365462452107548 ) ) ;
#1491 = LINE ( 'NONE', #1048, #2287 ) ;
#1492 = DIRECTION ( 'NONE',  ( 0.000000000000000000, 0.007686366576371180849, -0.9999704594481046982 ) ) ;
#1493 = VERTEX_POINT ( 'NONE', #1396 ) ;
#1494 = EDGE_LOOP ( 'NONE', ( #3275, #3862, #1331, #179 ) ) ;
#1495 = ADVANCED_FACE ( 'NONE', ( #308 ), #284, .T. ) ;
#1496 = CYLINDRICAL_SURFACE ( 'NONE', #2343, 3.049999999999672085 ) ;
#1497 = DIRECTION ( 'NONE',  ( 0.000000000000000000, -0.007686366576371193859, 0.9999704594481046982 ) ) ;
#1498 = CARTESIAN_POINT ( 'NONE',  ( 0.09696137339072083416, 42.19848067537473923, 0.3538480164704669306 ) ) ;
#1499 = DIRECTION ( 'NONE',  ( 0.000000000000000000, -0.007686366576370185985, 0.9999704594481046982 ) ) ;
#1500 = VERTEX_POINT ( 'NONE', #1053 ) ;
#1501 = VECTOR ( 'NONE', #1512, 1000.000000000000114 ) ;
#1502 = APPLICATION_PROTOCOL_DEFINITION ( 'draft international standard', 'automotive_design', 1998, #883 ) ;
#1503 = DIRECTION ( 'NONE',  ( -0.0003661357369575355411, -0.6856963141577528953, 0.7278876497750832453 ) ) ;
#1504 = CARTESIAN_POINT ( 'NONE',  ( 0.07903363559849763131, 8.899469201493266368, 0.09789204657081179706 ) ) ;
#1505 = EDGE_CURVE ( 'NONE', #799, #2811, #1756, .T. ) ;
#1506 = ORIENTED_EDGE ( 'NONE', *, *, #2444, .F. ) ;
#1507 = CARTESIAN_POINT ( 'NONE',  ( 0.08598422008614969858, 21.80949696332874055, 0.1971261838905914721 ) ) ;
#1508 = VERTEX_POINT ( 'NONE', #4725 ) ;
#1509 = ORIENTED_EDGE ( 'NONE', *, *, #1057, .T. ) ;
#1510 = DIRECTION ( 'NONE',  ( 0.0005383705042709668181, 0.9999703145309754015, 0.007686365462452108416 ) ) ;
#1511 = CARTESIAN_POINT ( 'NONE',  ( 0.09090736185838176053, 30.93376453289360484, 2.867337528688006287 ) ) ;
#1512 = DIRECTION ( 'NONE',  ( 0.0005383705042709667097, 0.9999703145309752905, 0.007686365462452107548 ) ) ;
#1513 = CIRCLE ( 'NONE', #275, 3.050000000000109068 ) ;
#1514 = VERTEX_POINT ( 'NONE', #1 ) ;
#1515 = ORIENTED_EDGE ( 'NONE', *, *, #3439, .T. ) ;
#1516 = CIRCLE ( 'NONE', #4608, 2.600000000000041833 ) ;
#1517 = VECTOR ( 'NONE', #3015, 1000.000000000000114 ) ;
#1518 = DIRECTION ( 'NONE',  ( 0.000000000000000000, -0.007686366576369880674, 0.9999704594481048092 ) ) ;
#1519 = FACE_OUTER_BOUND ( 'NONE', #3878, .T. ) ;
#1520 = ORIENTED_EDGE ( 'NONE', *, *, #930, .T. ) ;
#1521 = AXIS2_PLACEMENT_3D ( 'NONE', #2554, #1095, #4060 ) ;
#1522 = DIRECTION ( 'NONE',  ( -0.0005383705042709668181, -0.9999703145309754015, -0.007686365462452108416 ) ) ;
#1523 = VECTOR ( 'NONE', #929, 1000.000000000000227 ) ;
#1524 = CARTESIAN_POINT ( 'NONE',  ( 0.07852218361944021674, 7.949497402688826320, 0.09058999938148221132 ) ) ;
#1525 = DIRECTION ( 'NONE',  ( 0.0005383705042709668181, 0.9999703145309754015, 0.007686365462452108416 ) ) ;
#1526 = VERTEX_POINT ( 'NONE', #2872 ) ;
#1527 = VECTOR ( 'NONE', #304, 1000.000000000000227 ) ;
#1528 = EDGE_CURVE ( 'NONE', #3649, #4775, #1447, .T. ) ;
#1529 = VERTEX_POINT ( 'NONE', #3308 ) ;
#1530 = ORIENTED_EDGE ( 'NONE', *, *, #487, .F. ) ;
#1531 = DIRECTION ( 'NONE',  ( -0.0005383705042709668181, -0.9999703145309754015, -0.007686365462452108416 ) ) ;
#1532 = CIRCLE ( 'NONE', #2680, 2.586183782692276889 ) ;
#1533 = DIRECTION ( 'NONE',  ( 0.000000000000000000, -0.007686366576371386414, 0.9999704594481048092 ) ) ;
#1534 = ORIENTED_EDGE ( 'NONE', *, *, #3218, .F. ) ;
#1535 = AXIS2_PLACEMENT_3D ( 'NONE', #158, #3545, #614 ) ;
#1536 = VERTEX_POINT ( 'NONE', #351 ) ;
#1537 = CIRCLE ( 'NONE', #301, 3.050000000000003819 ) ;
#1538 = EDGE_CURVE ( 'NONE', #1654, #2031, #1472, .T. ) ;
#1539 = EDGE_CURVE ( 'NONE', #3778, #1309, #65, .T. ) ;
#1540 = CARTESIAN_POINT ( 'NONE',  ( 0.09068262738466068007, 30.55977030021518104, -2.785704122052141685 ) ) ;
#1541 = AXIS2_PLACEMENT_3D ( 'NONE', #1683, #3157, #4649 ) ;
#1542 = CIRCLE ( 'NONE', #2077, 2.600000000000067590 ) ;
#1543 = DIRECTION ( 'NONE',  ( 0.0005383705042709667097, 0.9999703145309752905, 0.007686365462452107548 ) ) ;
#1544 = ORIENTED_EDGE ( 'NONE', *, *, #1888, .T. ) ;
#1545 = ADVANCED_FACE ( 'NONE', ( #1944 ), #2992, .T. ) ;
#1546 = ADVANCED_FACE ( 'NONE', ( #418 ), #1565, .T. ) ;
#1547 = DIRECTION ( 'NONE',  ( 0.000000000000000000, 0.007686366576371193859, -0.9999704594481046982 ) ) ;
#1548 = CARTESIAN_POINT ( 'NONE',  ( 0.09696137339072083416, 42.19848067537473923, 0.3538480164704669306 ) ) ;
#1549 = EDGE_LOOP ( 'NONE', ( #4307, #1647, #4772, #1262 ) ) ;
#1550 = EDGE_CURVE ( 'NONE', #3435, #82, #2014, .T. ) ;
#1551 = CARTESIAN_POINT ( 'NONE',  ( 0.08401356276300409043, 18.14919461090481079, 0.1689909270984939760 ) ) ;
#1552 = DIRECTION ( 'NONE',  ( -0.0005383705042709668181, -0.9999703145309754015, -0.007686365462452108416 ) ) ;
#1553 = EDGE_LOOP ( 'NONE', ( #479, #1347, #524, #2737 ) ) ;
#1554 = AXIS2_PLACEMENT_3D ( 'NONE', #344, #3327, #1389 ) ;
#1555 = ORIENTED_EDGE ( 'NONE', *, *, #2352, .T. ) ;
#1556 = EDGE_CURVE ( 'NONE', #1108, #464, #3869, .T. ) ;
#1557 = CONICAL_SURFACE ( 'NONE', #3259, 2.600000000000107558, 0.8229227423153594456 ) ;
#1558 = CARTESIAN_POINT ( 'NONE',  ( 0.09696137339072083416, 42.19848067537473923, 0.3538480164704669306 ) ) ;
#1559 = LINE ( 'NONE', #3417, #2598 ) ;
#1560 = EDGE_LOOP ( 'NONE', ( #457, #2411, #3457, #36 ) ) ;
#1561 = EDGE_CURVE ( 'NONE', #1362, #4356, #3357, .T. ) ;
#1562 = ORIENTED_EDGE ( 'NONE', *, *, #412, .T. ) ;
#1563 = ADVANCED_FACE ( 'NONE', ( #88 ), #653, .T. ) ;
#1564 = ADVANCED_FACE ( 'NONE', ( #4544 ), #807, .T. ) ;
#1565 = CYLINDRICAL_SURFACE ( 'NONE', #3255, 2.599999999999868194 ) ;
#1566 = DIRECTION ( 'NONE',  ( -0.0005383705042709668181, -0.9999703145309754015, -0.007686365462452108416 ) ) ;
#1567 = LINE ( 'NONE', #1125, #1141 ) ;
#1568 = EDGE_LOOP ( 'NONE', ( #427, #2443 ) ) ;
#1569 = ADVANCED_FACE ( 'NONE', ( #130 ), #1965, .T. ) ;
#1570 = VECTOR ( 'NONE', #4290, 1000.000000000000000 ) ;
#1571 = DIRECTION ( 'NONE',  ( 0.000000000000000000, -0.007686366576371379475, 0.9999704594481046982 ) ) ;
#1572 = CIRCLE ( 'NONE', #2719, 3.050000000000020695 ) ;
#1573 = VERTEX_POINT ( 'NONE', #438 ) ;
#1574 = AXIS2_PLACEMENT_3D ( 'NONE', #3904, #2790, #3934 ) ;
#1575 = CYLINDRICAL_SURFACE ( 'NONE', #2768, 3.049999999999672085 ) ;
#1576 = FACE_OUTER_BOUND ( 'NONE', #971, .T. ) ;
#1577 = CARTESIAN_POINT ( 'NONE',  ( 0.07903363559849763131, 8.876025783435332883, 3.147801947887202800 ) ) ;
#1578 = EDGE_LOOP ( 'NONE', ( #1119, #1731, #2528, #305 ) ) ;
#1579 = ORIENTED_EDGE ( 'NONE', *, *, #164, .F. ) ;
#1580 = CARTESIAN_POINT ( 'NONE',  ( 0.09427890714137837636, 37.21606318074241671, 0.3155501978314989575 ) ) ;
#1581 = EDGE_CURVE ( 'NONE', #1412, #1043, #1516, .T. ) ;
#1582 = DIRECTION ( 'NONE',  ( 0.000000000000000000, 0.007686366576370624870, -0.9999704594481048092 ) ) ;
#1583 = ORIENTED_EDGE ( 'NONE', *, *, #141, .F. ) ;
#1584 = ORIENTED_EDGE ( 'NONE', *, *, #1415, .F. ) ;
#1585 = DIRECTION ( 'NONE',  ( 0.0005383705042709668181, 0.9999703145309754015, 0.007686365462452108416 ) ) ;
#1586 = CONICAL_SURFACE ( 'NONE', #2816, 2.599999999999810019, 0.8194320838113335892 ) ;
#1587 = EDGE_CURVE ( 'NONE', #3201, #2869, #1214, .T. ) ;
#1588 = DIRECTION ( 'NONE',  ( 0.000000000000000000, -0.007686366576371195594, 0.9999704594481046982 ) ) ;
#1589 = VERTEX_POINT ( 'NONE', #3422 ) ;
#1590 = AXIS2_PLACEMENT_3D ( 'NONE', #1672, #2425, #171 ) ;
#1591 = DIRECTION ( 'NONE',  ( 0.000000000000000000, -0.007686366576371748104, 0.9999704594481048092 ) ) ;
#1592 = DIRECTION ( 'NONE',  ( 0.000000000000000000, -0.007686366576372077701, 0.9999704594481048092 ) ) ;
#1593 = CARTESIAN_POINT ( 'NONE',  ( 0.08282914765360796516, 15.94925991893665973, 0.1520809230810993007 ) ) ;
#1594 = DIRECTION ( 'NONE',  ( -0.0005383705042709668181, -0.9999703145309754015, -0.007686365462452108416 ) ) ;
#1595 = DIRECTION ( 'NONE',  ( 0.0005383705042709668181, 0.9999703145309754015, 0.007686365462452108416 ) ) ;
#1596 = CARTESIAN_POINT ( 'NONE',  ( 0.09226001775036225816, 33.46617450125125970, 0.2867263273473035778 ) ) ;
#1597 = CARTESIAN_POINT ( 'NONE',  ( 0.09391958004158987294, 36.54864839827474299, 0.3104200516076126570 ) ) ;
#1598 = DIRECTION ( 'NONE',  ( 0.0005383705042709668181, 0.9999703145309754015, 0.007686365462452108416 ) ) ;
#1599 = ORIENTED_EDGE ( 'NONE', *, *, #3780, .F. ) ;
#1600 = VERTEX_POINT ( 'NONE', #1540 ) ;
#1601 = DIRECTION ( 'NONE',  ( 0.000000000000000000, -0.007686366576371192992, 0.9999704594481048092 ) ) ;
#1602 = CARTESIAN_POINT ( 'NONE',  ( 0.08886828357345516460, 27.16636151970610058, 0.2383022249338551946 ) ) ;
#1603 = ORIENTED_EDGE ( 'NONE', *, *, #2135, .F. ) ;
#1604 = EDGE_LOOP ( 'NONE', ( #1165, #4378, #4518, #1584 ) ) ;
#1605 = VECTOR ( 'NONE', #3726, 1000.000000000000114 ) ;
#1606 = DIRECTION ( 'NONE',  ( 0.000000000000000000, -0.007686366576371202533, 0.9999704594481046982 ) ) ;
#1607 = AXIS2_PLACEMENT_3D ( 'NONE', #3920, #3137, #593 ) ;
#1608 = EDGE_LOOP ( 'NONE', ( #3441, #2083, #2656, #531 ) ) ;
#1609 = AXIS2_PLACEMENT_3D ( 'NONE', #4561, #2259, #98 ) ;
#1610 = ADVANCED_FACE ( 'NONE', ( #3742 ), #763, .T. ) ;
#1611 = CIRCLE ( 'NONE', #3077, 2.600000000000006750 ) ;
#1612 = DIRECTION ( 'NONE',  ( 0.0003675112634931471133, 0.6769991864990100305, 0.7359836726552768660 ) ) ;
#1613 = CARTESIAN_POINT ( 'NONE',  ( 0.07424213811048606393, -0.0002665978323726503341, 0.02948339395498833157 ) ) ;
#1614 = CARTESIAN_POINT ( 'NONE',  ( 0.08062182858609710789, 11.87282504741778588, -2.929343076631331311 ) ) ;
#1615 = ADVANCED_FACE ( 'NONE', ( #4505 ), #3790, .T. ) ;
#1616 = EDGE_CURVE ( 'NONE', #2757, #972, #1414, .T. ) ;
#1617 = DIRECTION ( 'NONE',  ( 0.0005383705042709668181, 0.9999703145309754015, 0.007686365462452108416 ) ) ;
#1618 = DIRECTION ( 'NONE',  ( -0.0005383705042709668181, -0.9999703145309754015, -0.007686365462452108416 ) ) ;
#1619 = LINE ( 'NONE', #3842, #4554 ) ;
#1620 = CARTESIAN_POINT ( 'NONE',  ( 0.09293298088070095497, 34.73612194751353144, -2.303588910389726685 ) ) ;
#1621 = ORIENTED_EDGE ( 'NONE', *, *, #4367, .T. ) ;
#1622 = ORIENTED_EDGE ( 'NONE', *, *, #4441, .F. ) ;
#1623 = DIRECTION ( 'NONE',  ( 0.000000000000000000, -0.007686366576371879943, 0.9999704594481046982 ) ) ;
#1624 = VECTOR ( 'NONE', #1612, 1000.000000000000227 ) ;
#1625 = DIRECTION ( 'NONE',  ( 0.0003500007916670822548, 0.6442516809582397030, 0.7648134733919952355 ) ) ;
#1626 = CONICAL_SURFACE ( 'NONE', #2250, 2.515314863583299143, 0.7478735844797463894 ) ;
#1627 = ORIENTED_EDGE ( 'NONE', *, *, #2959, .F. ) ;
#1628 = ORIENTED_EDGE ( 'NONE', *, *, #991, .F. ) ;
#1629 = EDGE_CURVE ( 'NONE', #4719, #3855, #468, .T. ) ;
#1630 = ADVANCED_FACE ( 'NONE', ( #820 ), #461, .T. ) ;
#1631 = VECTOR ( 'NONE', #927, 1000.000000000000000 ) ;
#1632 = DIRECTION ( 'NONE',  ( 0.0005383705042709668181, 0.9999703145309754015, 0.007686365462452108416 ) ) ;
#1633 = DIRECTION ( 'NONE',  ( 0.0005383705042709668181, 0.9999703145309754015, 0.007686365462452108416 ) ) ;
#1634 = DIRECTION ( 'NONE',  ( 0.0003675112634931530222, 0.6769991864990210217, 0.7359836726552668740 ) ) ;
#1635 = ORIENTED_EDGE ( 'NONE', *, *, #1269, .F. ) ;
#1636 = ORIENTED_EDGE ( 'NONE', *, *, #697, .T. ) ;
#1637 = DIRECTION ( 'NONE',  ( 0.0005383705042709668181, 0.9999703145309754015, 0.007686365462452108416 ) ) ;
#1638 = EDGE_CURVE ( 'NONE', #688, #1309, #1249, .T. ) ;
#1639 = DIRECTION ( 'NONE',  ( 0.0005383546005137565624, 0.9999998550871515013, 0.000000000000000000 ) ) ;
#1640 = DIRECTION ( 'NONE',  ( 0.0005383705042709667097, 0.9999703145309752905, 0.007686365462452107548 ) ) ;
#1641 = CARTESIAN_POINT ( 'NONE',  ( 0.09190069065057414333, 32.82220313684151591, -2.768313720193220639 ) ) ;
#1642 = CARTESIAN_POINT ( 'NONE',  ( 0.09607306205867374715, 40.54852965639864948, 0.3411655134574211323 ) ) ;
#1643 = DIRECTION ( 'NONE',  ( 0.000000000000000000, -0.007686366576371111460, 0.9999704594481046982 ) ) ;
#1644 = DIRECTION ( 'NONE',  ( 0.000000000000000000, -0.007686366576371379475, 0.9999704594481046982 ) ) ;
#1645 = DIRECTION ( 'NONE',  ( 0.000000000000000000, -0.007686366576372089844, 0.9999704594481048092 ) ) ;
#1646 = VERTEX_POINT ( 'NONE', #4663 ) ;
#1647 = ORIENTED_EDGE ( 'NONE', *, *, #4718, .T. ) ;
#1648 = DIRECTION ( 'NONE',  ( 0.0005383705042709668181, 0.9999703145309754015, 0.007686365462452108416 ) ) ;
#1649 = DIRECTION ( 'NONE',  ( -0.0004268318688751598835, -0.7974827416519935097, 0.6033416068710787394 ) ) ;
#1650 = ORIENTED_EDGE ( 'NONE', *, *, #3834, .F. ) ;
#1651 = ORIENTED_EDGE ( 'NONE', *, *, #1948, .T. ) ;
#1652 = DIRECTION ( 'NONE',  ( -0.0003661357369576249336, -0.6744259999067371281, -0.7383423573075161839 ) ) ;
#1653 = FACE_OUTER_BOUND ( 'NONE', #3426, .T. ) ;
#1654 = VERTEX_POINT ( 'NONE', #532 ) ;
#1655 = VERTEX_POINT ( 'NONE', #1310 ) ;
#1656 = AXIS2_PLACEMENT_3D ( 'NONE', #3024, #1910, #3387 ) ;
#1657 = DIRECTION ( 'NONE',  ( 0.0005383705042709668181, 0.9999703145309754015, 0.007686365462452108416 ) ) ;
#1658 = DIRECTION ( 'NONE',  ( 0.000000000000000000, -0.007686366576371838309, 0.9999704594481048092 ) ) ;
#1659 = CONICAL_SURFACE ( 'NONE', #574, 3.258123115929019153, 0.03263765701241265471 ) ;
#1660 = LINE ( 'NONE', #3816, #1523 ) ;
#1661 = CIRCLE ( 'NONE', #356, 2.599999999999810019 ) ;
#1662 = EDGE_CURVE ( 'NONE', #4127, #1600, #3664, .T. ) ;
#1663 = DIRECTION ( 'NONE',  ( 0.000000000000000000, 0.007686366576371340444, -0.9999704594481046982 ) ) ;
#1664 = DIRECTION ( 'NONE',  ( 0.0003675112634932383490, 0.6882329383424841129, -0.7254896880838084261 ) ) ;
#1665 = CARTESIAN_POINT ( 'NONE',  ( 0.09054803475859331263, 30.30977772158241734, -2.787625713417536399 ) ) ;
#1666 = CYLINDRICAL_SURFACE ( 'NONE', #586, 3.049999999999836842 ) ;
#1667 = EDGE_LOOP ( 'NONE', ( #3118, #2173, #4689, #4592 ) ) ;
#1668 = ORIENTED_EDGE ( 'NONE', *, *, #2085, .T. ) ;
#1669 = VECTOR ( 'NONE', #1649, 1000.000000000000114 ) ;
#1670 = ADVANCED_FACE ( 'NONE', ( #967 ), #4199, .T. ) ;
#1671 = DIRECTION ( 'NONE',  ( 0.0005383705042709668181, 0.9999703145309754015, 0.007686365462452108416 ) ) ;
#1672 = CARTESIAN_POINT ( 'NONE',  ( 0.09302030394846162731, 34.87833141292400541, 0.2975810036869062647 ) ) ;
#1673 = CONICAL_SURFACE ( 'NONE', #2292, 2.599999999999687450, 0.8194320838113202665 ) ;
#1674 = DIRECTION ( 'NONE',  ( 0.0005383705042709668181, 0.9999703145309754015, 0.007686365462452108416 ) ) ;
#1675 = ORIENTED_EDGE ( 'NONE', *, *, #1801, .T. ) ;
#1676 = EDGE_LOOP ( 'NONE', ( #43, #966, #2989, #1379 ) ) ;
#1677 = DIRECTION ( 'NONE',  ( 0.000000000000000000, -0.007686366576370185985, 0.9999704594481046982 ) ) ;
#1678 = FACE_OUTER_BOUND ( 'NONE', #1560, .T. ) ;
#1679 = ORIENTED_EDGE ( 'NONE', *, *, #3193, .T. ) ;
#1680 = ORIENTED_EDGE ( 'NONE', *, *, #3640, .F. ) ;
#1681 = DIRECTION ( 'NONE',  ( 0.0005383705042709668181, 0.9999703145309754015, 0.007686365462452108416 ) ) ;
#1682 = VECTOR ( 'NONE', #3929, 1000.000000000000000 ) ;
#1683 = CARTESIAN_POINT ( 'NONE',  ( 0.09696137339072083416, 42.19848067537473923, 0.3538480164704669306 ) ) ;
#1684 = VECTOR ( 'NONE', #4220, 1000.000000000000114 ) ;
#1685 = ADVANCED_FACE ( 'NONE', ( #3493 ), #3466, .T. ) ;
#1686 = CARTESIAN_POINT ( 'NONE',  ( 0.08043339890960202188, 11.49939201927355903, 0.1178765967731854186 ) ) ;
#1687 = VECTOR ( 'NONE', #2666, 1000.000000000000114 ) ;
#1688 = DIRECTION ( 'NONE',  ( 0.0005383705042709668181, 0.9999703145309754015, 0.007686365462452108416 ) ) ;
#1689 = DIRECTION ( 'NONE',  ( 0.0005383705042709668181, 0.9999703145309754015, 0.007686365462452108416 ) ) ;
#1690 = FACE_OUTER_BOUND ( 'NONE', #1387, .T. ) ;
#1691 = AXIS2_PLACEMENT_3D ( 'NONE', #3363, #1196, #829 ) ;
#1692 = FACE_OUTER_BOUND ( 'NONE', #652, .T. ) ;
#1693 = ORIENTED_EDGE ( 'NONE', *, *, #2545, .F. ) ;
#1694 = CIRCLE ( 'NONE', #1998, 3.050000000000013145 ) ;
#1695 = ORIENTED_EDGE ( 'NONE', *, *, #3686, .T. ) ;
#1696 = CARTESIAN_POINT ( 'NONE',  ( 0.09167437768778420593, 32.37840562659656740, 0.2783650900307759746 ) ) ;
#1697 = DIRECTION ( 'NONE',  ( -0.0005383705042709668181, -0.9999703145309754015, -0.007686365462452108416 ) ) ;
#1698 = DIRECTION ( 'NONE',  ( -0.0005383705042709668181, -0.9999703145309754015, -0.007686365462452108416 ) ) ;
#1699 = EDGE_CURVE ( 'NONE', #1655, #1536, #3562, .T. ) ;
#1700 = ORIENTED_EDGE ( 'NONE', *, *, #3713, .T. ) ;
#1701 = EDGE_LOOP ( 'NONE', ( #4479, #804, #1206, #3951 ) ) ;
#1702 = AXIS2_PLACEMENT_3D ( 'NONE', #2424, #599, #3459 ) ;
#1703 = DIRECTION ( 'NONE',  ( 0.0005383705042709668181, 0.9999703145309754015, 0.007686365462452108416 ) ) ;
#1704 = CARTESIAN_POINT ( 'NONE',  ( 0.07903363559849763131, 8.899469201493266368, 0.09789204657081179706 ) ) ;
#1705 = ADVANCED_FACE ( 'NONE', ( #3514 ), #2381, .T. ) ;
#1706 = EDGE_LOOP ( 'NONE', ( #3052, #4372, #3786, #4209 ) ) ;
#1707 = ORIENTED_EDGE ( 'NONE', *, *, #2674, .T. ) ;
#1708 = CIRCLE ( 'NONE', #1008, 3.050000000000029132 ) ;
#1709 = VECTOR ( 'NONE', #4568, 1000.000000000000114 ) ;
#1710 = FACE_OUTER_BOUND ( 'NONE', #348, .T. ) ;
#1711 = DIRECTION ( 'NONE',  ( 0.000000000000000000, -0.007686366576370653493, 0.9999704594481048092 ) ) ;
#1712 = CARTESIAN_POINT ( 'NONE',  ( 0.08886828357345516460, 27.16636151970610058, 0.2383022249338551946 ) ) ;
#1713 = DIRECTION ( 'NONE',  ( 0.000000000000000000, -0.007686366576371838309, 0.9999704594481048092 ) ) ;
#1714 = LINE ( 'NONE', #1343, #4416 ) ;
#1715 = CARTESIAN_POINT ( 'NONE',  ( 0.07806456869080991012, 7.119400991925161293, -2.502050796657635079 ) ) ;
#1716 = CARTESIAN_POINT ( 'NONE',  ( 0.09427890714137837636, 37.23604773384098365, -2.284372996733587957 ) ) ;
#1717 = DIRECTION ( 'NONE',  ( 0.0005383705042709668181, 0.9999703145309754015, 0.007686365462452108416 ) ) ;
#1718 = ORIENTED_EDGE ( 'NONE', *, *, #1505, .F. ) ;
#1719 = VERTEX_POINT ( 'NONE', #4685 ) ;
#1720 = CIRCLE ( 'NONE', #3349, 3.050000000000024691 ) ;
#1721 = CARTESIAN_POINT ( 'NONE',  ( 0.08932324186137649558, 28.03484525602446809, -2.805112194844860074 ) ) ;
#1722 = CARTESIAN_POINT ( 'NONE',  ( 0.09696137339072083416, 42.19848067537473923, 0.3538480164704669306 ) ) ;
#1723 = CARTESIAN_POINT ( 'NONE',  ( 0.09302030394846194650, 34.89831596602257235, -2.302342190878189587 ) ) ;
#1724 = EDGE_LOOP ( 'NONE', ( #1808, #1628, #4787, #2861 ) ) ;
#1725 = VECTOR ( 'NONE', #2625, 1000.000000000000114 ) ;
#1726 = ORIENTED_EDGE ( 'NONE', *, *, #3565, .T. ) ;
#1727 = AXIS2_PLACEMENT_3D ( 'NONE', #2917, #2223, #3994 ) ;
#1728 = DIRECTION ( 'NONE',  ( 0.000000000000000000, -0.007686366576371340444, 0.9999704594481046982 ) ) ;
#1729 = CARTESIAN_POINT ( 'NONE',  ( 0.09696137339072083416, 42.17849612227617229, 2.953771211035540301 ) ) ;
#1730 = ORIENTED_EDGE ( 'NONE', *, *, #889, .T. ) ;
#1731 = ORIENTED_EDGE ( 'NONE', *, *, #3044, .T. ) ;
#1732 = DIRECTION ( 'NONE',  ( -0.0005383705042709668181, -0.9999703145309754015, -0.007686365462452108416 ) ) ;
#1733 = DIRECTION ( 'NONE',  ( 0.0003675112634932377526, 0.6882329383424831137, -0.7254896880838093143 ) ) ;
#1734 = DIRECTION ( 'NONE',  ( 0.000000000000000000, -0.007686366576371601519, 0.9999704594481046982 ) ) ;
#1735 = ADVANCED_FACE ( 'NONE', ( #3859 ), #3945, .T. ) ;
#1736 = CARTESIAN_POINT ( 'NONE',  ( 0.09696137339072083416, 42.17503725731680930, 3.403757917786858211 ) ) ;
#1737 = CARTESIAN_POINT ( 'NONE',  ( 0.09459254317192858363, 37.79861129143846199, 0.3200280084356777466 ) ) ;
#1738 = CIRCLE ( 'NONE', #4599, 3.049999999999670752 ) ;
#1739 = CARTESIAN_POINT ( 'NONE',  ( 0.07806456869080991012, 7.099522635337522480, 0.08405658873839809420 ) ) ;
#1740 = DIRECTION ( 'NONE',  ( 0.0005383705042709668181, 0.9999703145309754015, 0.007686365462452108416 ) ) ;
#1741 = ORIENTED_EDGE ( 'NONE', *, *, #3490, .F. ) ;
#1742 = AXIS2_PLACEMENT_3D ( 'NONE', #3972, #1010, #1497 ) ;
#1743 = DIRECTION ( 'NONE',  ( 0.000000000000000000, -0.007686366576371393353, 0.9999704594481046982 ) ) ;
#1744 = DIRECTION ( 'NONE',  ( 0.0005383705042709667097, 0.9999703145309752905, 0.007686365462452107548 ) ) ;
#1745 = CARTESIAN_POINT ( 'NONE',  ( 0.07433904480125480552, 0.1797280587831739662, 0.03086693973822956030 ) ) ;
#1746 = VECTOR ( 'NONE', #4195, 1000.000000000000114 ) ;
#1747 = EDGE_LOOP ( 'NONE', ( #2378, #784, #3343, #4565 ) ) ;
#1748 = EDGE_LOOP ( 'NONE', ( #4593, #4471, #3983, #2557 ) ) ;
#1749 = CARTESIAN_POINT ( 'NONE',  ( 0.09324661691125116225, 35.29868550511102399, 0.3008120947795475120 ) ) ;
#1750 = VECTOR ( 'NONE', #116, 1000.000000000000000 ) ;
#1751 = DIRECTION ( 'NONE',  ( 0.0005383705042709668181, 0.9999703145309754015, 0.007686365462452108416 ) ) ;
#1752 = ORIENTED_EDGE ( 'NONE', *, *, #1076, .T. ) ;
#1753 = ORIENTED_EDGE ( 'NONE', *, *, #2226, .F. ) ;
#1754 = AXIS2_PLACEMENT_3D ( 'NONE', #279, #2219, #2508 ) ;
#1755 = VECTOR ( 'NONE', #3844, 1000.000000000000114 ) ;
#1756 = LINE ( 'NONE', #3232, #2786 ) ;
#1757 = DIRECTION ( 'NONE',  ( 0.000000000000000000, -0.007686366576372067293, 0.9999704594481048092 ) ) ;
#1758 = EDGE_CURVE ( 'NONE', #759, #2815, #2357, .T. ) ;
#1759 = DIRECTION ( 'NONE',  ( -0.0003766781054526239288, -0.7051342696045490577, 0.7090737055785272247 ) ) ;
#1760 = EDGE_CURVE ( 'NONE', #82, #1063, #231, .T. ) ;
#1761 = VECTOR ( 'NONE', #766, 1000.000000000000114 ) ;
#1762 = DIRECTION ( 'NONE',  ( 0.000000000000000000, 0.007686366576371266718, -0.9999704594481048092 ) ) ;
#1763 = DIRECTION ( 'NONE',  ( -0.0003661357369575386853, -0.6856963141577586685, 0.7278876497750779162 ) ) ;
#1764 = DIRECTION ( 'NONE',  ( 0.0005383705042709668181, 0.9999703145309754015, 0.007686365462452108416 ) ) ;
#1765 = CIRCLE ( 'NONE', #4050, 2.850000000000002753 ) ;
#1766 = DIRECTION ( 'NONE',  ( 0.0005383705042709668181, 0.9999703145309754015, 0.007686365462452108416 ) ) ;
#1767 = AXIS2_PLACEMENT_3D ( 'NONE', #4733, #2541, #312 ) ;
#1768 = EDGE_CURVE ( 'NONE', #4618, #842, #4405, .T. ) ;
#1769 = VERTEX_POINT ( 'NONE', #3101 ) ;
#1770 = VECTOR ( 'NONE', #858, 1000.000000000000114 ) ;
#1771 = EDGE_CURVE ( 'NONE', #3762, #2486, #4590, .T. ) ;
#1772 = CARTESIAN_POINT ( 'NONE',  ( 0.09302030394846162731, 34.87833141292400541, 0.2975810036869062647 ) ) ;
#1773 = AXIS2_PLACEMENT_3D ( 'NONE', #565, #1972, #928 ) ;
#1774 = CIRCLE ( 'NONE', #2622, 3.049999999999812861 ) ;
#1775 = FILL_AREA_STYLE_COLOUR ( '', #186 ) ;
#1776 = DIRECTION ( 'NONE',  ( -0.0005383705042709668181, -0.9999703145309754015, -0.007686365462452108416 ) ) ;
#1777 = VERTEX_POINT ( 'NONE', #504 ) ;
#1778 = VERTEX_POINT ( 'NONE', #3149 ) ;
#1779 = VECTOR ( 'NONE', #3728, 1000.000000000000114 ) ;
#1780 = FACE_OUTER_BOUND ( 'NONE', #4531, .T. ) ;
#1781 = DIRECTION ( 'NONE',  ( 0.000000000000000000, -0.007686366576371204268, 0.9999704594481046982 ) ) ;
#1782 = ADVANCED_FACE ( 'NONE', ( #3172 ), #352, .T. ) ;
#1783 = ORIENTED_EDGE ( 'NONE', *, *, #1407, .T. ) ;
#1784 = ORIENTED_EDGE ( 'NONE', *, *, #1989, .F. ) ;
#1785 = DIRECTION ( 'NONE',  ( 0.000000000000000000, -0.007686366576369880674, 0.9999704594481048092 ) ) ;
#1786 = DIRECTION ( 'NONE',  ( 0.000000000000000000, -0.007686366576371613663, 0.9999704594481048092 ) ) ;
#1787 = AXIS2_PLACEMENT_3D ( 'NONE', #1916, #1531, #434 ) ;
#1788 = CIRCLE ( 'NONE', #926, 1.734702437071700798 ) ;
#1789 = DIRECTION ( 'NONE',  ( -0.0005383705042709668181, -0.9999703145309754015, -0.007686365462452108416 ) ) ;
#1790 = FACE_OUTER_BOUND ( 'NONE', #1793, .T. ) ;
#1791 = CARTESIAN_POINT ( 'NONE',  ( 0.09495187027171710092, 38.46602607390612860, 0.3251581546595641026 ) ) ;
#1792 = FACE_OUTER_BOUND ( 'NONE', #4536, .T. ) ;
#1793 = EDGE_LOOP ( 'NONE', ( #4583, #3445, #1314, #4449 ) ) ;
#1794 = DIRECTION ( 'NONE',  ( 0.000000000000000000, -0.007686366576371613663, 0.9999704594481048092 ) ) ;
#1795 = CARTESIAN_POINT ( 'NONE',  ( 0.08624356522595082175, 22.29120507876533708, 0.2008288784282902528 ) ) ;
#1796 = DIRECTION ( 'NONE',  ( 0.0005383705042709668181, 0.9999703145309754015, 0.007686365462452108416 ) ) ;
#1797 = ORIENTED_EDGE ( 'NONE', *, *, #3968, .F. ) ;
#1798 = ORIENTED_EDGE ( 'NONE', *, *, #4075, .F. ) ;
#1799 = FACE_OUTER_BOUND ( 'NONE', #3139, .T. ) ;
#1800 = CARTESIAN_POINT ( 'NONE',  ( 0.02271923528063555034, 42.19852064397714742, 0.3538483236928721132 ) ) ;
#1801 = EDGE_CURVE ( 'NONE', #4144, #3649, #4688, .T. ) ;
#1802 = CARTESIAN_POINT ( 'NONE',  ( 0.09696137339072120886, 42.22192409343266917, -2.696061884846065571 ) ) ;
#1803 = VERTEX_POINT ( 'NONE', #1359 ) ;
#1804 = VERTEX_POINT ( 'NONE', #2733 ) ;
#1805 = EDGE_CURVE ( 'NONE', #3037, #1529, #890, .T. ) ;
#1806 = DIRECTION ( 'NONE',  ( 0.0005383705042709667097, 0.9999703145309752905, 0.007686365462452107548 ) ) ;
#1807 = DIRECTION ( 'NONE',  ( 0.0005383705042709668181, 0.9999703145309754015, 0.007686365462452108416 ) ) ;
#1808 = ORIENTED_EDGE ( 'NONE', *, *, #118, .F. ) ;
#1809 = DIRECTION ( 'NONE',  ( 0.0005383705042709668181, 0.9999703145309754015, 0.007686365462452108416 ) ) ;
#1810 = CARTESIAN_POINT ( 'NONE',  ( 0.08202159189720190091, 14.47274786519812650, -2.909358526428948100 ) ) ;
#1811 = VERTEX_POINT ( 'NONE', #3643 ) ;
#1812 = VECTOR ( 'NONE', #53, 1000.000000000000114 ) ;
#1813 = LINE ( 'NONE', #4374, #875 ) ;
#1814 = FACE_OUTER_BOUND ( 'NONE', #3047, .T. ) ;
#1815 = CARTESIAN_POINT ( 'NONE',  ( 0.09136232014630277232, 31.79878940425260581, 0.2739098156609651169 ) ) ;
#1816 = ORIENTED_EDGE ( 'NONE', *, *, #1948, .F. ) ;
#1817 = ORIENTED_EDGE ( 'NONE', *, *, #2806, .T. ) ;
#1818 = EDGE_CURVE ( 'NONE', #584, #3505, #4763, .T. ) ;
#1819 = VECTOR ( 'NONE', #1433, 1000.000000000000114 ) ;
#1820 = CARTESIAN_POINT ( 'NONE',  ( 0.07833375394294538052, 7.599507792602988587, 0.08789977146962403565 ) ) ;
#1821 = AXIS2_PLACEMENT_3D ( 'NONE', #3167, #3488, #2059 ) ;
#1822 = CARTESIAN_POINT ( 'NONE',  ( 0.09571215646981677538, 39.89816753867744836, -2.263910363565912132 ) ) ;
#1823 = ORIENTED_EDGE ( 'NONE', *, *, #2789, .F. ) ;
#1824 = VERTEX_POINT ( 'NONE', #2506 ) ;
#1825 = CARTESIAN_POINT ( 'NONE',  ( 0.09696137339072113948, 42.17982427199611806, 2.780983396085135340 ) ) ;
#1826 = CARTESIAN_POINT ( 'NONE',  ( 0.09696137339072083416, 42.17503725731680220, 3.403757917787198828 ) ) ;
#1827 = DIRECTION ( 'NONE',  ( 0.000000000000000000, -0.007686366576371192125, 0.9999704594481046982 ) ) ;
#1828 = EDGE_CURVE ( 'NONE', #651, #1654, #3128, .T. ) ;
#1829 = ORIENTED_EDGE ( 'NONE', *, *, #700, .T. ) ;
#1830 = VECTOR ( 'NONE', #1393, 1000.000000000000114 ) ;
#1831 = DIRECTION ( 'NONE',  ( 1.000000000000000000, 0.000000000000000000, 0.000000000000000000 ) ) ;
#1832 = CIRCLE ( 'NONE', #1367, 3.014304522994402546 ) ;
#1833 = DIRECTION ( 'NONE',  ( 0.000000000000000000, -0.007686366576370571094, 0.9999704594481048092 ) ) ;
#1834 = FACE_OUTER_BOUND ( 'NONE', #4604, .T. ) ;
#1835 = EDGE_CURVE ( 'NONE', #2036, #3922, #3721, .T. ) ;
#1836 = ADVANCED_FACE ( 'NONE', ( #1071 ), #2911, .T. ) ;
#1837 = ORIENTED_EDGE ( 'NONE', *, *, #4669, .F. ) ;
#1838 = DIRECTION ( 'NONE',  ( 0.0005383705042709667097, 0.9999703145309752905, 0.007686365462452107548 ) ) ;
#1839 = CIRCLE ( 'NONE', #3388, 3.049999999999681854 ) ;
#1840 = DIRECTION ( 'NONE',  ( 0.0005383705042709668181, 0.9999703145309754015, 0.007686365462452108416 ) ) ;
#1841 = EDGE_LOOP ( 'NONE', ( #4722, #1156, #818, #3026 ) ) ;
#1842 = CONICAL_SURFACE ( 'NONE', #2617, 2.600000000000054712, 0.8229227423153522292 ) ;
#1843 = ORIENTED_EDGE ( 'NONE', *, *, #1425, .T. ) ;
#1844 = AXIS2_PLACEMENT_3D ( 'NONE', #4123, #789, #3381 ) ;
#1845 = AXIS2_PLACEMENT_3D ( 'NONE', #3480, #2004, #2654 ) ;
#1846 = DIRECTION ( 'NONE',  ( 0.0005383705042709668181, 0.9999703145309754015, 0.007686365462452108416 ) ) ;
#1847 = EDGE_CURVE ( 'NONE', #1536, #2422, #3555, .T. ) ;
#1848 = DIRECTION ( 'NONE',  ( 0.000000000000000000, -0.007686366576372154896, 0.9999704594481048092 ) ) ;
#1849 = FACE_OUTER_BOUND ( 'NONE', #325, .T. ) ;
#1850 = UNCERTAINTY_MEASURE_WITH_UNIT (LENGTH_MEASURE( 1.000000000000000082E-05 ), #2899, 'distance_accuracy_value', 'NONE');
#1851 = ORIENTED_EDGE ( 'NONE', *, *, #178, .F. ) ;
#1852 = AXIS2_PLACEMENT_3D ( 'NONE', #975, #2818, #329 ) ;
#1853 = EDGE_LOOP ( 'NONE', ( #3440, #3176, #4104, #4245 ) ) ;
#1854 = AXIS2_PLACEMENT_3D ( 'NONE', #4314, #2875, #4368 ) ;
#1855 = CARTESIAN_POINT ( 'NONE',  ( 0.09391958004158987294, 36.52520498021680595, 3.360329952924349328 ) ) ;
#1856 = DIRECTION ( 'NONE',  ( 0.0005383705042709667097, 0.9999703145309752905, 0.007686365462452107548 ) ) ;
#1857 = ADVANCED_FACE ( 'NONE', ( #368 ), #4257, .T. ) ;
#1858 = FACE_OUTER_BOUND ( 'NONE', #635, .T. ) ;
#1859 = CYLINDRICAL_SURFACE ( 'NONE', #3148, 3.049999999999672085 ) ;
#1860 = ORIENTED_EDGE ( 'NONE', *, *, #1905, .T. ) ;
#1861 = AXIS2_PLACEMENT_3D ( 'NONE', #3962, #19, #276 ) ;
#1862 = CARTESIAN_POINT ( 'NONE',  ( 0.08818859081181339155, 25.92388355070931283, -2.371325006027431126 ) ) ;
#1863 = DIRECTION ( 'NONE',  ( 0.000000000000000000, -0.007686366576372160100, 0.9999704594481048092 ) ) ;
#1864 = EDGE_CURVE ( 'NONE', #2097, #2041, #4428, .T. ) ;
#1865 = ADVANCED_FACE ( 'NONE', ( #320 ), #4011, .T. ) ;
#1866 = ORIENTED_EDGE ( 'NONE', *, *, #1391, .F. ) ;
#1867 = CONICAL_SURFACE ( 'NONE', #4575, 2.600000000000023626, 0.8194320838113186012 ) ;
#1868 = CONICAL_SURFACE ( 'NONE', #240, 2.600000000000009859, 0.8229227423153443466 ) ;
#1869 = CARTESIAN_POINT ( 'NONE',  ( 0.08796385633809231108, 25.50992021183375513, -2.824520267637577575 ) ) ;
#1870 = ORIENTED_EDGE ( 'NONE', *, *, #3595, .T. ) ;
#1871 = ORIENTED_EDGE ( 'NONE', *, *, #827, .T. ) ;
#1872 = LINE ( 'NONE', #780, #2783 ) ;
#1873 = DIRECTION ( 'NONE',  ( 0.000000000000000000, -0.007686366576370584104, 0.9999704594481048092 ) ) ;
#1874 = DIRECTION ( 'NONE',  ( -0.0005383705042709668181, -0.9999703145309754015, -0.007686365462452108416 ) ) ;
#1875 = ORIENTED_EDGE ( 'NONE', *, *, #3991, .F. ) ;
#1876 = ORIENTED_EDGE ( 'NONE', *, *, #1200, .T. ) ;
#1877 = DIRECTION ( 'NONE',  ( 0.000000000000000000, -0.007686366576371572029, 0.9999704594481046982 ) ) ;
#1878 = VECTOR ( 'NONE', #2052, 999.9999999999998863 ) ;
#1879 = LINE ( 'NONE', #1826, #1439 ) ;
#1880 = CYLINDRICAL_SURFACE ( 'NONE', #440, 2.599999999999830447 ) ;
#1881 = EDGE_LOOP ( 'NONE', ( #946, #4034 ) ) ;
#1882 = CONICAL_SURFACE ( 'NONE', #2800, 2.600000000000010747, 0.8194320838113442473 ) ;
#1883 = ADVANCED_FACE ( 'NONE', ( #1799 ), #3953, .T. ) ;
#1884 = DIRECTION ( 'NONE',  ( 5.361196235892420379E-21, -0.007686366576371192992, 0.9999704594481046982 ) ) ;
#1885 = DIRECTION ( 'NONE',  ( 0.000000000000000000, -0.007686366576370571094, 0.9999704594481048092 ) ) ;
#1886 = CARTESIAN_POINT ( 'NONE',  ( 0.07768770933782059851, 6.376374365629284391, 3.092891611689895015 ) ) ;
#1887 = ORIENTED_EDGE ( 'NONE', *, *, #2928, .F. ) ;
#1888 = EDGE_CURVE ( 'NONE', #199, #1421, #1006, .T. ) ;
#1889 = DIRECTION ( 'NONE',  ( 0.0005383705042709668181, 0.9999703145309754015, 0.007686365462452108416 ) ) ;
#1890 = ORIENTED_EDGE ( 'NONE', *, *, #1828, .T. ) ;
#1891 = ADVANCED_FACE ( 'NONE', ( #707 ), #2575, .T. ) ;
#1892 = ORIENTED_EDGE ( 'NONE', *, *, #2093, .T. ) ;
#1893 = CIRCLE ( 'NONE', #4143, 2.599999999999644373 ) ;
#1894 = CARTESIAN_POINT ( 'NONE',  ( 0.09696137339072120886, 42.22192409343266206, -2.696061884845924350 ) ) ;
#1895 = CYLINDRICAL_SURFACE ( 'NONE', #3831, 3.050000000000020695 ) ;
#1896 = STYLED_ITEM ( 'NONE', ( #1018 ), #3021 ) ;
#1897 = ORIENTED_EDGE ( 'NONE', *, *, #4664, .F. ) ;
#1898 = ORIENTED_EDGE ( 'NONE', *, *, #1629, .T. ) ;
#1899 = VECTOR ( 'NONE', #1856, 1000.000000000000114 ) ;
#1900 = CARTESIAN_POINT ( 'NONE',  ( 0.09090736185838145522, 30.95374908599216823, 0.2674143341228925608 ) ) ;
#1901 = CARTESIAN_POINT ( 'NONE',  ( 0.08782926371202455507, 25.23648421514305440, 0.2234680423136229666 ) ) ;
#1902 = ORIENTED_EDGE ( 'NONE', *, *, #2981, .F. ) ;
#1903 = AXIS2_PLACEMENT_3D ( 'NONE', #3761, #2282, #3373 ) ;
#1904 = AXIS2_PLACEMENT_3D ( 'NONE', #3208, #4698, #3237 ) ;
#1905 = EDGE_CURVE ( 'NONE', #3082, #1514, #776, .T. ) ;
#1906 = FACE_OUTER_BOUND ( 'NONE', #1568, .T. ) ;
#1907 = DIRECTION ( 'NONE',  ( 0.0005383705042709667097, 0.9999703145309752905, 0.007686365462452107548 ) ) ;
#1908 = ADVANCED_FACE ( 'NONE', ( #2837 ), #1398, .T. ) ;
#1909 = ORIENTED_EDGE ( 'NONE', *, *, #518, .T. ) ;
#1910 = DIRECTION ( 'NONE',  ( 0.0005383705042709668181, 0.9999703145309754015, 0.007686365462452108416 ) ) ;
#1911 = EDGE_CURVE ( 'NONE', #584, #199, #4331, .T. ) ;
#1912 = CARTESIAN_POINT ( 'NONE',  ( 0.07600523060178093759, 3.274504473541141270, 0.05465522845314434164 ) ) ;
#1913 = VERTEX_POINT ( 'NONE', #2482 ) ;
#1914 = ADVANCED_FACE ( 'NONE', ( #1780 ), #3086, .T. ) ;
#1915 = ORIENTED_EDGE ( 'NONE', *, *, #2679, .F. ) ;
#1916 = CARTESIAN_POINT ( 'NONE',  ( 0.09629779653239452231, 40.96595186023358082, 0.3443740683156943927 ) ) ;
#1917 = AXIS2_PLACEMENT_3D ( 'NONE', #3547, #3967, #3624 ) ;
#1918 = DIRECTION ( 'NONE',  ( 0.000000000000000000, 0.007686366576370552012, -0.9999704594481048092 ) ) ;
#1919 = ORIENTED_EDGE ( 'NONE', *, *, #969, .T. ) ;
#1920 = AXIS2_PLACEMENT_3D ( 'NONE', #2460, #2022, #3568 ) ;
#1921 = ORIENTED_EDGE ( 'NONE', *, *, #2920, .F. ) ;
#1922 = VECTOR ( 'NONE', #3508, 1000.000000000000114 ) ;
#1923 = DIRECTION ( 'NONE',  ( 0.0005383705042709668181, 0.9999703145309754015, 0.007686365462452108416 ) ) ;
#1924 = VECTOR ( 'NONE', #2294, 1000.000000000000000 ) ;
#1925 = AXIS2_PLACEMENT_3D ( 'NONE', #4342, #1011, #2495 ) ;
#1926 = FACE_OUTER_BOUND ( 'NONE', #679, .T. ) ;
#1927 = EDGE_LOOP ( 'NONE', ( #4448, #1097, #4277, #4293 ) ) ;
#1928 = PLANE ( 'NONE',  #2182 ) ;
#1929 = DIRECTION ( 'NONE',  ( 0.0005383705042709668181, 0.9999703145309754015, 0.007686365462452108416 ) ) ;
#1930 = ORIENTED_EDGE ( 'NONE', *, *, #4455, .F. ) ;
#1931 = EDGE_CURVE ( 'NONE', #3434, #2785, #2529, .T. ) ;
#1932 = EDGE_CURVE ( 'NONE', #380, #3420, #1872, .T. ) ;
#1933 = CARTESIAN_POINT ( 'NONE',  ( 0.09459254317192858363, 37.77516787338052495, 3.369937909752409588 ) ) ;
#1934 = DIRECTION ( 'NONE',  ( 0.0005383705042709668181, 0.9999703145309754015, 0.007686365462452108416 ) ) ;
#1935 = LINE ( 'NONE', #3752, #1770 ) ;
#1936 = CIRCLE ( 'NONE', #3793, 2.600000000000010747 ) ;
#1937 = EDGE_LOOP ( 'NONE', ( #2451, #2929, #1159, #2199 ) ) ;
#1938 = EDGE_LOOP ( 'NONE', ( #771, #3712, #3027, #3375 ) ) ;
#1939 = DIRECTION ( 'NONE',  ( 0.000000000000000000, -0.007686366576371266718, 0.9999704594481048092 ) ) ;
#1940 = CARTESIAN_POINT ( 'NONE',  ( 0.07946551751917452222, 9.721541492400987750, -2.484091950775890734 ) ) ;
#1941 = ORIENTED_EDGE ( 'NONE', *, *, #3287, .F. ) ;
#1942 = ORIENTED_EDGE ( 'NONE', *, *, #710, .F. ) ;
#1943 = EDGE_CURVE ( 'NONE', #122, #1180, #393, .T. ) ;
#1944 = FACE_OUTER_BOUND ( 'NONE', #1494, .T. ) ;
#1945 = DIRECTION ( 'NONE',  ( 0.000000000000000000, 0.007686366576372090711, -0.9999704594481048092 ) ) ;
#1946 = CARTESIAN_POINT ( 'NONE',  ( 0.09696137339072083416, 42.17503725731680220, 3.403757917787062492 ) ) ;
#1947 = ORIENTED_EDGE ( 'NONE', *, *, #2806, .F. ) ;
#1948 = EDGE_CURVE ( 'NONE', #4267, #4041, #2094, .T. ) ;
#1949 = VECTOR ( 'NONE', #1763, 1000.000000000000000 ) ;
#1950 = DIRECTION ( 'NONE',  ( 0.0005383705042709667097, 0.9999703145309752905, 0.007686365462452107548 ) ) ;
#1951 = DIRECTION ( 'NONE',  ( 0.000000000000000000, 0.007686366576371803615, -0.9999704594481048092 ) ) ;
#1952 = CONICAL_SURFACE ( 'NONE', #4668, 3.049999999999649880, 0.4372049776245687247 ) ;
#1953 = ORIENTED_EDGE ( 'NONE', *, *, #1170, .F. ) ;
#1954 = CARTESIAN_POINT ( 'NONE',  ( 0.09696137339072083416, 42.19848067537473923, 0.3538480164704669306 ) ) ;
#1955 = CARTESIAN_POINT ( 'NONE',  ( 0.09167437768778452511, 32.39839017969513435, -2.321558104534327871 ) ) ;
#1956 = DIRECTION ( 'NONE',  ( -0.0003661357369575320717, -0.6856963141577465670, 0.7278876497750893515 ) ) ;
#1957 = DIRECTION ( 'NONE',  ( 0.0005383705042709668181, 0.9999703145309754015, 0.007686365462452108416 ) ) ;
#1958 = ORIENTED_EDGE ( 'NONE', *, *, #1864, .F. ) ;
#1959 = EDGE_LOOP ( 'NONE', ( #3418, #1636, #110, #4742 ) ) ;
#1960 = CARTESIAN_POINT ( 'NONE',  ( 0.08202159189720190091, 14.47274786519813006, -2.909358526428970304 ) ) ;
#1961 = FACE_OUTER_BOUND ( 'NONE', #510, .T. ) ;
#1962 = ADVANCED_FACE ( 'NONE', ( #4130 ), #1626, .T. ) ;
#1963 = ORIENTED_EDGE ( 'NONE', *, *, #500, .T. ) ;
#1964 = ORIENTED_EDGE ( 'NONE', *, *, #4211, .T. ) ;
#1965 = CYLINDRICAL_SURFACE ( 'NONE', #1274, 3.049999999999672085 ) ;
#1966 = CARTESIAN_POINT ( 'NONE',  ( 0.08932324186137649558, 28.01140183796653460, 0.2447977064719277784 ) ) ;
#1967 = LINE ( 'NONE', #4160, #1922 ) ;
#1968 = EDGE_CURVE ( 'NONE', #4079, #815, #4113, .T. ) ;
#1969 = ORIENTED_EDGE ( 'NONE', *, *, #3686, .F. ) ;
#1970 = CIRCLE ( 'NONE', #1821, 2.600000000000107558 ) ;
#1971 = DIRECTION ( 'NONE',  ( 0.000000000000000000, 0.007686366576372133212, -0.9999704594481048092 ) ) ;
#1972 = DIRECTION ( 'NONE',  ( -0.0005383705042709668181, -0.9999703145309754015, -0.007686365462452108416 ) ) ;
#1973 = DIRECTION ( 'NONE',  ( 0.0005383705042709668181, 0.9999703145309754015, 0.007686365462452108416 ) ) ;
#1974 = CONICAL_SURFACE ( 'NONE', #4696, 2.600000000000081357, 0.8229227423153512300 ) ;
#1975 = DIRECTION ( 'NONE',  ( 0.000000000000000000, -0.007686366576370185985, 0.9999704594481046982 ) ) ;
#1976 = EDGE_CURVE ( 'NONE', #2404, #473, #2403, .T. ) ;
#1977 = DIRECTION ( 'NONE',  ( 0.0005383705042709667097, 0.9999703145309752905, 0.007686365462452107548 ) ) ;
#1978 = CARTESIAN_POINT ( 'NONE',  ( 0.07600523060178134005, 3.248953129796305461, 3.378799177375162444 ) ) ;
#1979 = CARTESIAN_POINT ( 'NONE',  ( 0.09158705462002353359, 32.21621160808752649, 0.2771183705192383773 ) ) ;
#1980 = ORIENTED_EDGE ( 'NONE', *, *, #2619, .T. ) ;
#1981 = ORIENTED_EDGE ( 'NONE', *, *, #2961, .F. ) ;
#1982 = DIRECTION ( 'NONE',  ( 0.0005383705042709668181, 0.9999703145309754015, 0.007686365462452108416 ) ) ;
#1983 = LINE ( 'NONE', #552, #3056 ) ;
#1984 = AXIS2_PLACEMENT_3D ( 'NONE', #3875, #4602, #2030 ) ;
#1985 = ORIENTED_EDGE ( 'NONE', *, *, #4468, .F. ) ;
#1986 = ADVANCED_FACE ( 'NONE', ( #3416 ), #3252, .T. ) ;
#1987 = ORIENTED_EDGE ( 'NONE', *, *, #4286, .F. ) ;
#1988 = CONICAL_SURFACE ( 'NONE', #4550, 2.600000000000014744, 0.8194320838113278160 ) ;
#1989 = EDGE_CURVE ( 'NONE', #3311, #1600, #3049, .T. ) ;
#1990 = CARTESIAN_POINT ( 'NONE',  ( 0.08159685889820424143, 13.66040463329521160, 0.1344874225936801559 ) ) ;
#1991 = CARTESIAN_POINT ( 'NONE',  ( 0.09000293462301860170, 29.27386436006189285, 0.2545017428682735394 ) ) ;
#1992 = CIRCLE ( 'NONE', #3384, 3.049999999999626787 ) ;
#1993 = ORIENTED_EDGE ( 'NONE', *, *, #105, .F. ) ;
#1994 = CIRCLE ( 'NONE', #1216, 5.749043723672117245 ) ;
#1995 = ORIENTED_EDGE ( 'NONE', *, *, #537, .F. ) ;
#1996 = CIRCLE ( 'NONE', #443, 3.049999999999811973 ) ;
#1997 = CONICAL_SURFACE ( 'NONE', #377, 2.600000000000120437, 0.8229227423153600007 ) ;
#1998 = AXIS2_PLACEMENT_3D ( 'NONE', #1737, #3212, #288 ) ;
#1999 = DIRECTION ( 'NONE',  ( 0.000000000000000000, 0.007686366576371841779, -0.9999704594481048092 ) ) ;
#2000 = CARTESIAN_POINT ( 'NONE',  ( 0.09696137339072120886, 42.22192409343266917, -2.696061884846089107 ) ) ;
#2001 = DIRECTION ( 'NONE',  ( -0.0003766781054527068161, -0.7051342696047018244, 0.7090737055783753462 ) ) ;
#2002 = AXIS2_PLACEMENT_3D ( 'NONE', #2051, #981, #2418 ) ;
#2003 = CARTESIAN_POINT ( 'NONE',  ( 0.09427890714137869554, 37.23604773384098365, -2.284372996733588401 ) ) ;
#2004 = DIRECTION ( 'NONE',  ( 0.0005383705042709668181, 0.9999703145309754015, 0.007686365462452108416 ) ) ;
#2005 = DIRECTION ( 'NONE',  ( 0.000000000000000000, -0.007686366576372128008, 0.9999704594481048092 ) ) ;
#2006 = DIRECTION ( 'NONE',  ( -0.0005383705042709668181, -0.9999703145309754015, -0.007686365462452108416 ) ) ;
#2007 = CARTESIAN_POINT ( 'NONE',  ( 0.09696137339072083416, 42.19848067537473923, 0.3538480164704669306 ) ) ;
#2008 = ORIENTED_EDGE ( 'NONE', *, *, #2586, .T. ) ;
#2009 = EDGE_LOOP ( 'NONE', ( #297, #3853, #4174, #4690 ) ) ;
#2010 = DIRECTION ( 'NONE',  ( 0.000000000000000000, -0.007686366576371601519, 0.9999704594481046982 ) ) ;
#2011 = LINE ( 'NONE', #913, #200 ) ;
#2012 = AXIS2_PLACEMENT_3D ( 'NONE', #1580, #1510, #3436 ) ;
#2013 = ORIENTED_EDGE ( 'NONE', *, *, #3419, .F. ) ;
#2014 = CIRCLE ( 'NONE', #924, 2.588226473094626723 ) ;
#2015 = ORIENTED_EDGE ( 'NONE', *, *, #3741, .F. ) ;
#2016 = CONICAL_SURFACE ( 'NONE', #3725, 2.600000000000008971, 0.8229227423153487875 ) ;
#2017 = AXIS2_PLACEMENT_3D ( 'NONE', #4657, #1328, #1601 ) ;
#2018 = CARTESIAN_POINT ( 'NONE',  ( 0.07709550178312216118, 5.324619197801744086, -3.187805738268047584 ) ) ;
#2019 = FACE_OUTER_BOUND ( 'NONE', #2406, .T. ) ;
#2020 = ORIENTED_EDGE ( 'NONE', *, *, #3173, .F. ) ;
#2021 = EDGE_LOOP ( 'NONE', ( #2556, #892, #233, #2973 ) ) ;
#2022 = DIRECTION ( 'NONE',  ( 0.0005383705042709668181, 0.9999703145309754015, 0.007686365462452108416 ) ) ;
#2023 = DIRECTION ( 'NONE',  ( 0.000000000000000000, -0.007686366576371193859, 0.9999704594481046982 ) ) ;
#2024 = EDGE_CURVE ( 'NONE', #1589, #1266, #59, .T. ) ;
#2025 = DIRECTION ( 'NONE',  ( 0.000000000000000000, -0.007686366576371879943, 0.9999704594481046982 ) ) ;
#2026 = ADVANCED_FACE ( 'NONE', ( #3759 ), #3868, .T. ) ;
#2027 = LINE ( 'NONE', #3501, #3628 ) ;
#2028 = CARTESIAN_POINT ( 'NONE',  ( 0.09032172179580370830, 29.88596476443603578, -2.340870097758313673 ) ) ;
#2029 = CARTESIAN_POINT ( 'NONE',  ( 0.09032172179580340299, 29.86598021133747594, 0.2590530968063649020 ) ) ;
#2030 = DIRECTION ( 'NONE',  ( 0.000000000000000000, -0.007686366576371571162, 0.9999704594481046982 ) ) ;
#2031 = VERTEX_POINT ( 'NONE', #2682 ) ;
#2032 = ORIENTED_EDGE ( 'NONE', *, *, #4350, .F. ) ;
#2033 = DIRECTION ( 'NONE',  ( 0.000000000000000000, -0.007686366576370531195, 0.9999704594481046982 ) ) ;
#2034 = CYLINDRICAL_SURFACE ( 'NONE', #4154, 3.049999999999672085 ) ;
#2035 = EDGE_CURVE ( 'NONE', #1241, #2332, #839, .T. ) ;
#2036 = VERTEX_POINT ( 'NONE', #3010 ) ;
#2037 = ADVANCED_FACE ( 'NONE', ( #2658 ), #3805, .T. ) ;
#2038 = VERTEX_POINT ( 'NONE', #1960 ) ;
#2039 = DIRECTION ( 'NONE',  ( -0.0005383705042709668181, -0.9999703145309754015, -0.007686365462452108416 ) ) ;
#2040 = VERTEX_POINT ( 'NONE', #102 ) ;
#2041 = VERTEX_POINT ( 'NONE', #4153 ) ;
#2042 = VECTOR ( 'NONE', #1838, 1000.000000000000114 ) ;
#2043 = CARTESIAN_POINT ( 'NONE',  ( 0.07973351725404988211, 10.19943061038351750, 0.1078843216719994058 ) ) ;
#2044 = ADVANCED_FACE ( 'NONE', ( #4519 ), #816, .T. ) ;
#2045 = CARTESIAN_POINT ( 'NONE',  ( 0.09696137339072083416, 42.17503725731680220, 3.403757917787036291 ) ) ;
#2046 = CIRCLE ( 'NONE', #3598, 3.050000000000082867 ) ;
#2047 = CARTESIAN_POINT ( 'NONE',  ( 0.08828264351087711237, 26.05860809195284489, 2.829864182182044274 ) ) ;
#2048 = ADVANCED_FACE ( 'NONE', ( #2596 ), #2302, .T. ) ;
#2049 = VECTOR ( 'NONE', #4784, 1000.000000000000114 ) ;
#2050 = CARTESIAN_POINT ( 'NONE',  ( 0.09360594401103967954, 35.96610028757869770, 0.3059422410034338680 ) ) ;
#2051 = CARTESIAN_POINT ( 'NONE',  ( 0.09593846943260600502, 40.29853707776590710, 0.3392439220918080922 ) ) ;
#2052 = DIRECTION ( 'NONE',  ( -0.0003661357369576263431, -0.6744259999067395706, -0.7383423573075139634 ) ) ;
#2053 = FACE_OUTER_BOUND ( 'NONE', #1184, .T. ) ;
#2054 = VERTEX_POINT ( 'NONE', #4082 ) ;
#2055 = ORIENTED_EDGE ( 'NONE', *, *, #4412, .F. ) ;
#2056 = ADVANCED_FACE ( 'NONE', ( #1163 ), #3642, .T. ) ;
#2057 = DIRECTION ( 'NONE',  ( 0.000000000000000000, -0.007686366576371458405, 0.9999704594481046982 ) ) ;
#2058 = EDGE_CURVE ( 'NONE', #2785, #355, #3168, .T. ) ;
#2059 = DIRECTION ( 'NONE',  ( 0.000000000000000000, -0.007686366576371841779, 0.9999704594481048092 ) ) ;
#2060 = CIRCLE ( 'NONE', #1904, 3.050000000000042899 ) ;
#2061 = DIRECTION ( 'NONE',  ( 0.000000000000000000, -0.007686366576371266718, 0.9999704594481048092 ) ) ;
#2062 = ORIENTED_EDGE ( 'NONE', *, *, #2603, .T. ) ;
#2063 = ORIENTED_EDGE ( 'NONE', *, *, #2, .T. ) ;
#2064 = DIRECTION ( 'NONE',  ( 0.0003675112634931536186, 0.6769991864990221320, 0.7359836726552656527 ) ) ;
#2065 = EDGE_CURVE ( 'NONE', #4040, #1348, #884, .T. ) ;
#2066 = CARTESIAN_POINT ( 'NONE',  ( 0.09696137339072083416, 42.19848067537473923, 0.3538480164704669306 ) ) ;
#2067 = ORIENTED_EDGE ( 'NONE', *, *, #3937, .T. ) ;
#2068 = EDGE_CURVE ( 'NONE', #866, #4756, #4427, .T. ) ;
#2069 = ORIENTED_EDGE ( 'NONE', *, *, #3471, .T. ) ;
#2070 = AXIS2_PLACEMENT_3D ( 'NONE', #2972, #45, #2994 ) ;
#2071 = DIRECTION ( 'NONE',  ( 0.0005383705042709668181, 0.9999703145309754015, 0.007686365462452108416 ) ) ;
#2072 = CIRCLE ( 'NONE', #4486, 2.600000000000014744 ) ;
#2073 = AXIS2_PLACEMENT_3D ( 'NONE', #3324, #1776, #650 ) ;
#2074 = CARTESIAN_POINT ( 'NONE',  ( 0.09666526961337180979, 41.64849700238274011, 0.3496205154661185532 ) ) ;
#2075 = DIRECTION ( 'NONE',  ( 0.0005383705042709668181, 0.9999703145309754015, 0.007686365462452108416 ) ) ;
#2076 = VECTOR ( 'NONE', #4465, 1000.000000000000114 ) ;
#2077 = AXIS2_PLACEMENT_3D ( 'NONE', #2697, #119, #854 ) ;
#2078 = LINE ( 'NONE', #2494, #4384 ) ;
#2079 = DIRECTION ( 'NONE',  ( 0.0005383705042709668181, 0.9999703145309754015, 0.007686365462452108416 ) ) ;
#2080 = CARTESIAN_POINT ( 'NONE',  ( 0.07330426533923867227, -1.695907503470937661, -6.015917654234749001 ) ) ;
#2081 = DIRECTION ( 'NONE',  ( 0.000000000000000000, -0.007686366576370185985, 0.9999704594481046982 ) ) ;
#2082 = CARTESIAN_POINT ( 'NONE',  ( 0.09696137339072083416, 42.19848067537473923, 0.3538480164704669306 ) ) ;
#2083 = ORIENTED_EDGE ( 'NONE', *, *, #1388, .T. ) ;
#2084 = ORIENTED_EDGE ( 'NONE', *, *, #4258, .T. ) ;
#2085 = EDGE_CURVE ( 'NONE', #4079, #2673, #4296, .T. ) ;
#2086 = EDGE_CURVE ( 'NONE', #4756, #2040, #2087, .T. ) ;
#2087 = LINE ( 'NONE', #1259, #2696 ) ;
#2088 = DIRECTION ( 'NONE',  ( 0.000000000000000000, -0.007686366576372156631, 0.9999704594481048092 ) ) ;
#2089 = FACE_OUTER_BOUND ( 'NONE', #2372, .T. ) ;
#2090 = EDGE_LOOP ( 'NONE', ( #1118, #4761, #3978, #2015 ) ) ;
#2091 = VERTEX_POINT ( 'NONE', #1236 ) ;
#2092 = ADVANCED_FACE ( 'NONE', ( #497 ), #1868, .T. ) ;
#2093 = EDGE_CURVE ( 'NONE', #2811, #1811, #1401, .T. ) ;
#2094 = CIRCLE ( 'NONE', #701, 3.049999999999637001 ) ;
#2095 = DIRECTION ( 'NONE',  ( 0.0005383705042709668181, 0.9999703145309754015, 0.007686365462452108416 ) ) ;
#2096 = CYLINDRICAL_SURFACE ( 'NONE', #973, 2.600000000000010303 ) ;
#2097 = VERTEX_POINT ( 'NONE', #3849 ) ;
#2098 = VERTEX_POINT ( 'NONE', #1305 ) ;
#2099 = AXIS2_PLACEMENT_3D ( 'NONE', #4269, #2374, #528 ) ;
#2100 = DIRECTION ( 'NONE',  ( 0.000000000000000000, -0.007686366576371838309, 0.9999704594481046982 ) ) ;
#2101 = CARTESIAN_POINT ( 'NONE',  ( 0.09653067698730442847, 41.42041056849264891, -2.502216885326595808 ) ) ;
#2102 = DIRECTION ( 'NONE',  ( 0.0005383705042709668181, 0.9999703145309754015, 0.007686365462452108416 ) ) ;
#2103 = CARTESIAN_POINT ( 'NONE',  ( 0.09190069065057375475, 32.79875971878359309, 0.2815961811234173329 ) ) ;
#2104 = LINE ( 'NONE', #2439, #3078 ) ;
#2105 = CARTESIAN_POINT ( 'NONE',  ( 0.09696137339072120886, 42.22192409343266917, -2.696061884846128631 ) ) ;
#2106 = CYLINDRICAL_SURFACE ( 'NONE', #442, 3.049999999999812861 ) ;
#2107 = DIRECTION ( 'NONE',  ( -0.0004268318688752345308, -0.7881137751890937571, -0.6155294429771417386 ) ) ;
#2108 = ORIENTED_EDGE ( 'NONE', *, *, #500, .F. ) ;
#2109 = AXIS2_PLACEMENT_3D ( 'NONE', #143, #1618, #3088 ) ;
#2110 = DIRECTION ( 'NONE',  ( 0.000000000000000000, -0.007686366576371332637, 0.9999704594481046982 ) ) ;
#2111 = SURFACE_STYLE_USAGE ( .BOTH. , #2907 ) ;
#2112 = DIRECTION ( 'NONE',  ( 0.000000000000000000, -0.007686366576371624938, 0.9999704594481046982 ) ) ;
#2113 = EDGE_LOOP ( 'NONE', ( #553, #4238, #934, #2780 ) ) ;
#2114 = VECTOR ( 'NONE', #2396, 1000.000000000000114 ) ;
#2115 = ORIENTED_EDGE ( 'NONE', *, *, #3646, .T. ) ;
#2116 = CARTESIAN_POINT ( 'NONE',  ( 0.08728416357645020496, 24.22401427168046695, 0.2156855972828904122 ) ) ;
#2117 = EDGE_CURVE ( 'NONE', #180, #3936, #2488, .T. ) ;
#2118 = DIRECTION ( 'NONE',  ( 0.0005383705042709668181, 0.9999703145309754015, 0.007686365462452108416 ) ) ;
#2119 = ORIENTED_EDGE ( 'NONE', *, *, #1390, .T. ) ;
#2120 = EDGE_CURVE ( 'NONE', #2332, #4710, #392, .T. ) ;
#2121 = ORIENTED_EDGE ( 'NONE', *, *, #2993, .T. ) ;
#2122 = CARTESIAN_POINT ( 'NONE',  ( 0.09696137339072083416, 42.19848067537473923, 0.3538480164704669306 ) ) ;
#2123 = LINE ( 'NONE', #3596, #2788 ) ;
#2124 = CARTESIAN_POINT ( 'NONE',  ( 0.07768770933782022381, 6.422712464702381219, -2.935539345860531224 ) ) ;
#2125 = DIRECTION ( 'NONE',  ( 0.0003946991537759756601, 0.7278875427734664560, 0.6856964118965354071 ) ) ;
#2126 = DIRECTION ( 'NONE',  ( -0.0005383546005137565624, -0.9999998550871515013, 0.000000000000000000 ) ) ;
#2127 = AXIS2_PLACEMENT_3D ( 'NONE', #1597, #1934, #3411 ) ;
#2128 = DIRECTION ( 'NONE',  ( 0.000000000000000000, -0.007686366576370663034, 0.9999704594481048092 ) ) ;
#2129 = CYLINDRICAL_SURFACE ( 'NONE', #1378, 3.049999999999876366 ) ;
#2130 = CARTESIAN_POINT ( 'NONE',  ( 0.09696137339072083416, 42.19848067537473923, 0.3538480164704669306 ) ) ;
#2131 = EDGE_LOOP ( 'NONE', ( #62, #3175, #3495, #494 ) ) ;
#2132 = AXIS2_PLACEMENT_3D ( 'NONE', #1473, #4090, #2468 ) ;
#2133 = ADVANCED_FACE ( 'NONE', ( #2754 ), #3143, .T. ) ;
#2134 = LINE ( 'NONE', #3273, #4071 ) ;
#2135 = EDGE_CURVE ( 'NONE', #815, #2710, #221, .T. ) ;
#2136 = LINE ( 'NONE', #1485, #2898 ) ;
#2137 = DIRECTION ( 'NONE',  ( 0.0005383705042709668181, 0.9999703145309754015, 0.007686365462452108416 ) ) ;
#2138 = AXIS2_PLACEMENT_3D ( 'NONE', #1800, #2218, #2171 ) ;
#2139 = ORIENTED_EDGE ( 'NONE', *, *, #1358, .F. ) ;
#2140 = VERTEX_POINT ( 'NONE', #2781 ) ;
#2141 = DIRECTION ( 'NONE',  ( -0.0005380837891095443821, -0.9991869488288283030, -0.04031317099872185755 ) ) ;
#2142 = AXIS2_PLACEMENT_3D ( 'NONE', #3085, #4577, #4204 ) ;
#2143 = CARTESIAN_POINT ( 'NONE',  ( 0.09696137339072083416, 42.17849612227617229, 2.953771211035566946 ) ) ;
#2144 = DIRECTION ( 'NONE',  ( 0.0003675112634932464263, 0.6882329383424991009, -0.7254896880837942152 ) ) ;
#2145 = EDGE_CURVE ( 'NONE', #1217, #128, #3898, .T. ) ;
#2146 = ORIENTED_EDGE ( 'NONE', *, *, #3780, .T. ) ;
#2147 = ORIENTED_EDGE ( 'NONE', *, *, #4045, .T. ) ;
#2148 = CIRCLE ( 'NONE', #2449, 3.049999999999668976 ) ;
#2149 = EDGE_CURVE ( 'NONE', #4181, #3338, #3260, .T. ) ;
#2150 = DIRECTION ( 'NONE',  ( 0.000000000000000000, -0.007686366576370610125, 0.9999704594481048092 ) ) ;
#2151 = DIRECTION ( 'NONE',  ( 0.0005383705042709668181, 0.9999703145309754015, 0.007686365462452108416 ) ) ;
#2152 = AXIS2_PLACEMENT_3D ( 'NONE', #189, #2778, #4264 ) ;
#2153 = AXIS2_PLACEMENT_3D ( 'NONE', #1215, #603, #4637 ) ;
#2154 = DIRECTION ( 'NONE',  ( 0.0005383705042709668181, 0.9999703145309754015, 0.007686365462452108416 ) ) ;
#2155 = DIRECTION ( 'NONE',  ( 0.000000000000000000, -0.007686366576372035200, 0.9999704594481046982 ) ) ;
#2156 = LINE ( 'NONE', #4370, #4712 ) ;
#2157 = DIRECTION ( 'NONE',  ( 0.000000000000000000, -0.007686366576371111460, 0.9999704594481046982 ) ) ;
#2158 = CONICAL_SURFACE ( 'NONE', #3152, 2.600000000000006750, 0.8194320838113103855 ) ;
#2159 = ORIENTED_EDGE ( 'NONE', *, *, #1200, .F. ) ;
#2160 = AXIS2_PLACEMENT_3D ( 'NONE', #1307, #4681, #1588 ) ;
#2161 = ADVANCED_FACE ( 'NONE', ( #193 ), #2871, .T. ) ;
#2162 = CARTESIAN_POINT ( 'NONE',  ( 0.08796385633809229720, 25.48647679377582165, 0.2253896336792361732 ) ) ;
#2163 = CONICAL_SURFACE ( 'NONE', #3782, 2.600000000000006750, 0.8194320838113103855 ) ;
#2164 = AXIS2_PLACEMENT_3D ( 'NONE', #592, #2079, #4000 ) ;
#2165 = DIRECTION ( 'NONE',  ( 0.0005383705042709668181, 0.9999703145309754015, 0.007686365462452108416 ) ) ;
#2166 = FACE_OUTER_BOUND ( 'NONE', #3554, .T. ) ;
#2167 = ORIENTED_EDGE ( 'NONE', *, *, #970, .F. ) ;
#2168 = EDGE_CURVE ( 'NONE', #3359, #3276, #618, .T. ) ;
#2169 = ORIENTED_EDGE ( 'NONE', *, *, #2301, .F. ) ;
#2170 = DIRECTION ( 'NONE',  ( 0.0005383705042709667097, 0.9999703145309752905, 0.007686365462452107548 ) ) ;
#2171 = DIRECTION ( 'NONE',  ( 0.000000000000000000, -0.007686366576371193859, 0.9999704594481046982 ) ) ;
#2172 = CARTESIAN_POINT ( 'NONE',  ( 0.08760295074923502012, 24.81613012295605358, 0.2202369512209818303 ) ) ;
#2173 = ORIENTED_EDGE ( 'NONE', *, *, #916, .T. ) ;
#2174 = ORIENTED_EDGE ( 'NONE', *, *, #134, .F. ) ;
#2175 = CYLINDRICAL_SURFACE ( 'NONE', #1104, 2.599999999999882405 ) ;
#2176 = CIRCLE ( 'NONE', #4347, 2.850000000000003197 ) ;
#2177 = CARTESIAN_POINT ( 'NONE',  ( 0.08090372065830743475, 12.37296845641618503, 0.1245914238612419872 ) ) ;
#2178 = CARTESIAN_POINT ( 'NONE',  ( 0.09540009892833503646, 39.29856676323491627, 0.3315575566293558762 ) ) ;
#2179 = AXIS2_PLACEMENT_3D ( 'NONE', #2623, #3784, #453 ) ;
#2180 = VERTEX_POINT ( 'NONE', #2447 ) ;
#2181 = EDGE_CURVE ( 'NONE', #1573, #2916, #2638, .T. ) ;
#2182 = AXIS2_PLACEMENT_3D ( 'NONE', #3380, #73, #1547 ) ;
#2183 = PRODUCT_CONTEXT ( 'NONE', #883, 'mechanical' ) ;
#2184 = CARTESIAN_POINT ( 'NONE',  ( 0.09696137339072118111, 42.22038682011739752, -2.496067792956634168 ) ) ;
#2185 = FACE_OUTER_BOUND ( 'NONE', #2612, .T. ) ;
#2186 = EDGE_LOOP ( 'NONE', ( #2020, #81, #2995, #3292 ) ) ;
#2187 = CARTESIAN_POINT ( 'NONE',  ( 0.09540009892833503646, 39.29856676323491627, 0.3315575566293558762 ) ) ;
#2188 = DIRECTION ( 'NONE',  ( 0.0005383705042709667097, 0.9999703145309752905, 0.007686365462452107548 ) ) ;
#2189 = DIRECTION ( 'NONE',  ( 0.0005383705042709668181, 0.9999703145309754015, 0.007686365462452108416 ) ) ;
#2190 = ORIENTED_EDGE ( 'NONE', *, *, #2664, .F. ) ;
#2191 = EDGE_LOOP ( 'NONE', ( #1313, #1668, #2661, #3462 ) ) ;
#2192 = VECTOR ( 'NONE', #2853, 1000.000000000000114 ) ;
#2193 = DIRECTION ( 'NONE',  ( -0.0003661357369576284573, -0.6744259999067435674, -0.7383423573075102997 ) ) ;
#2194 = FACE_OUTER_BOUND ( 'NONE', #99, .T. ) ;
#2195 = CYLINDRICAL_SURFACE ( 'NONE', #4312, 3.324242148869746227 ) ;
#2196 = CIRCLE ( 'NONE', #2342, 3.049999999999643219 ) ;
#2197 = VERTEX_POINT ( 'NONE', #3926 ) ;
#2198 = CIRCLE ( 'NONE', #1727, 2.600000000000018741 ) ;
#2199 = ORIENTED_EDGE ( 'NONE', *, *, #2597, .F. ) ;
#2200 = AXIS2_PLACEMENT_3D ( 'NONE', #608, #2095, #4274 ) ;
#2201 = CARTESIAN_POINT ( 'NONE',  ( 0.09203528327664185771, 33.02530887935839132, 3.333427673805776426 ) ) ;
#2202 = CARTESIAN_POINT ( 'NONE',  ( 0.09696137339072083416, 42.19848067537473923, 0.3538480164704669306 ) ) ;
#2203 = CARTESIAN_POINT ( 'NONE',  ( 0.08896233627251952381, 27.36103972024532638, -2.360278170551035171 ) ) ;
#2204 = ORIENTED_EDGE ( 'NONE', *, *, #2959, .T. ) ;
#2205 = DIRECTION ( 'NONE',  ( 0.0005383705042709667097, 0.9999703145309752905, 0.007686365462452107548 ) ) ;
#2206 = DIRECTION ( 'NONE',  ( 0.000000000000000000, -0.007686366576371945862, 0.9999704594481046982 ) ) ;
#2207 = ORIENTED_EDGE ( 'NONE', *, *, #2085, .F. ) ;
#2208 = EDGE_CURVE ( 'NONE', #1266, #1508, #4354, .T. ) ;
#2209 = AXIS2_PLACEMENT_3D ( 'NONE', #1722, #498, #2088 ) ;
#2210 = CARTESIAN_POINT ( 'NONE',  ( 0.09203528327664149689, 33.04875229741632836, 0.2835177724890302620 ) ) ;
#2211 = DIRECTION ( 'NONE',  ( 0.0005383705042709668181, 0.9999703145309754015, 0.007686365462452108416 ) ) ;
#2212 = ORIENTED_EDGE ( 'NONE', *, *, #1388, .F. ) ;
#2213 = ORIENTED_EDGE ( 'NONE', *, *, #1538, .T. ) ;
#2214 = VECTOR ( 'NONE', #3689, 1000.000000000000114 ) ;
#2215 = EDGE_CURVE ( 'NONE', #1437, #4571, #845, .T. ) ;
#2216 = CARTESIAN_POINT ( 'NONE',  ( 0.08692325798759292788, 23.55366760086069178, 0.2105329148246360138 ) ) ;
#2217 = AXIS2_PLACEMENT_3D ( 'NONE', #864, #2375, #4323 ) ;
#2218 = DIRECTION ( 'NONE',  ( 0.0005383705042709668181, 0.9999703145309754015, 0.007686365462452109283 ) ) ;
#2219 = DIRECTION ( 'NONE',  ( 0.0005383705042709668181, 0.9999703145309754015, 0.007686365462452108416 ) ) ;
#2220 = EDGE_LOOP ( 'NONE', ( #3773, #2753, #441, #4210 ) ) ;
#2221 = ORIENTED_EDGE ( 'NONE', *, *, #918, .F. ) ;
#2222 = VECTOR ( 'NONE', #3159, 1000.000000000000114 ) ;
#2223 = DIRECTION ( 'NONE',  ( 0.0005383705042709668181, 0.9999703145309754015, 0.007686365462452108416 ) ) ;
#2224 = LINE ( 'NONE', #3767, #135 ) ;
#2225 = ORIENTED_EDGE ( 'NONE', *, *, #4605, .T. ) ;
#2226 = EDGE_CURVE ( 'NONE', #355, #2785, #4117, .T. ) ;
#2227 = AXIS2_PLACEMENT_3D ( 'NONE', #925, #4647, #3966 ) ;
#2228 = DIRECTION ( 'NONE',  ( 0.0005383705042709668181, 0.9999703145309754015, 0.007686365462452108416 ) ) ;
#2229 = CARTESIAN_POINT ( 'NONE',  ( 0.09696137339072083416, 42.19848067537473923, 0.3538480164704669306 ) ) ;
#2230 = ORIENTED_EDGE ( 'NONE', *, *, #1581, .T. ) ;
#2231 = AXIS2_PLACEMENT_3D ( 'NONE', #196, #1674, #1189 ) ;
#2232 = DIRECTION ( 'NONE',  ( 0.000000000000000000, -0.007686366576371027326, 0.9999704594481048092 ) ) ;
#2233 = ORIENTED_EDGE ( 'NONE', *, *, #2215, .F. ) ;
#2234 = AXIS2_PLACEMENT_3D ( 'NONE', #296, #2549, #4375 ) ;
#2235 = ORIENTED_EDGE ( 'NONE', *, *, #2308, .T. ) ;
#2236 = VECTOR ( 'NONE', #948, 1000.000000000000114 ) ;
#2237 = CONICAL_SURFACE ( 'NONE', #1075, 2.681280545876500110, 0.7958701389078833843 ) ;
#2238 = DIRECTION ( 'NONE',  ( 0.0005383705042709667097, 0.9999703145309752905, 0.007686365462452107548 ) ) ;
#2239 = LINE ( 'NONE', #3227, #424 ) ;
#2240 = LINE ( 'NONE', #2723, #1258 ) ;
#2241 = ORIENTED_EDGE ( 'NONE', *, *, #3830, .F. ) ;
#2242 = ORIENTED_EDGE ( 'NONE', *, *, #1170, .T. ) ;
#2244 = ADVANCED_FACE ( 'NONE', ( #4322 ), #3337, .T. ) ;
#2243 = AXIS2_PLACEMENT_3D ( 'NONE', #48, #1522, #4438 ) ;
#2245 = DIRECTION ( 'NONE',  ( 0.000000000000000000, -0.007686366576372395155, 0.9999704594481048092 ) ) ;
#2246 = CARTESIAN_POINT ( 'NONE',  ( 0.09100141455744581442, 31.14842728653141180, -2.331166061362171416 ) ) ;
#2247 = CARTESIAN_POINT ( 'NONE',  ( 0.08579579040965487624, 21.43606393518498976, 3.244345857295188651 ) ) ;
#2248 = ORIENTED_EDGE ( 'NONE', *, *, #1556, .T. ) ;
#2249 = CONICAL_SURFACE ( 'NONE', #923, 3.049999999999637001, 0.8630653151111223886 ) ;
#2250 = AXIS2_PLACEMENT_3D ( 'NONE', #797, #2262, #1939 ) ;
#2251 = LINE ( 'NONE', #31, #1237 ) ;
#2252 = CARTESIAN_POINT ( 'NONE',  ( 0.09696137339072120886, 42.22192409343266917, -2.696061884846269852 ) ) ;
#2253 = ORIENTED_EDGE ( 'NONE', *, *, #4046, .F. ) ;
#2254 = CONICAL_SURFACE ( 'NONE', #2487, 1.734702437071700576, 0.8857545953870540334 ) ;
#2255 = AXIS2_PLACEMENT_3D ( 'NONE', #4607, #1648, #2057 ) ;
#2256 = DIRECTION ( 'NONE',  ( -0.0005383705042709668181, -0.9999703145309754015, -0.007686365462452108416 ) ) ;
#2257 = ADVANCED_FACE ( 'NONE', ( #1064 ), #3957, .T. ) ;
#2258 = CYLINDRICAL_SURFACE ( 'NONE', #3989, 3.049999999999672085 ) ;
#2259 = DIRECTION ( 'NONE',  ( 0.0005383705042709668181, 0.9999703145309754015, 0.007686365462452108416 ) ) ;
#2260 = ORIENTED_EDGE ( 'NONE', *, *, #2619, .F. ) ;
#2261 = EDGE_LOOP ( 'NONE', ( #2285, #4780, #922, #2225 ) ) ;
#2262 = DIRECTION ( 'NONE',  ( 0.0005383705042709668181, 0.9999703145309754015, 0.007686365462452108416 ) ) ;
#2263 = CARTESIAN_POINT ( 'NONE',  ( 0.09100141455744550911, 31.12844273343284840, 0.2687571332027108295 ) ) ;
#2264 = EDGE_LOOP ( 'NONE', ( #1332, #2479, #1462, #3305 ) ) ;
#2265 = ORIENTED_EDGE ( 'NONE', *, *, #4619, .F. ) ;
#2266 = EDGE_CURVE ( 'NONE', #2031, #2815, #2704, .T. ) ;
#2267 = DIRECTION ( 'NONE',  ( 0.0005383705042709668181, 0.9999703145309754015, 0.007686365462452108416 ) ) ;
#2268 = AXIS2_PLACEMENT_3D ( 'NONE', #545, #1689, #953 ) ;
#2269 = CARTESIAN_POINT ( 'NONE',  ( 0.08750889805017128542, 24.66142102861394747, -2.381029042423791431 ) ) ;
#2270 = ORIENTED_EDGE ( 'NONE', *, *, #4330, .F. ) ;
#2271 = EDGE_CURVE ( 'NONE', #814, #1655, #1243, .T. ) ;
#2272 = DIRECTION ( 'NONE',  ( 0.9999998550785896834, -0.0005383546005091475106, -4.138113049610003943E-06 ) ) ;
#2273 = FACE_OUTER_BOUND ( 'NONE', #55, .T. ) ;
#2274 = VERTEX_POINT ( 'NONE', #4777 ) ;
#2275 = DIRECTION ( 'NONE',  ( 0.000000000000000000, -0.007686366576371330903, 0.9999704594481046982 ) ) ;
#2276 = DIRECTION ( 'NONE',  ( 0.0005383705042709668181, 0.9999703145309754015, 0.007686365462452108416 ) ) ;
#2277 = VERTEX_POINT ( 'NONE', #1352 ) ;
#2278 = ORIENTED_EDGE ( 'NONE', *, *, #3179, .F. ) ;
#2279 = CIRCLE ( 'NONE', #2358, 2.599999999999687894 ) ;
#2280 = EDGE_CURVE ( 'NONE', #3359, #3037, #989, .T. ) ;
#2281 = CARTESIAN_POINT ( 'NONE',  ( 0.09696137339072083416, 42.17849612227617939, 2.953771211035383981 ) ) ;
#2282 = DIRECTION ( 'NONE',  ( 0.0005383705042709668181, 0.9999703145309754015, 0.007686365462452108416 ) ) ;
#2283 = VECTOR ( 'NONE', #3636, 1000.000000000000114 ) ;
#2284 = ORIENTED_EDGE ( 'NONE', *, *, #481, .F. ) ;
#2285 = ORIENTED_EDGE ( 'NONE', *, *, #1760, .F. ) ;
#2286 = VECTOR ( 'NONE', #2141, 1000.000000000000227 ) ;
#2287 = VECTOR ( 'NONE', #345, 1000.000000000000114 ) ;
#2288 = DIRECTION ( 'NONE',  ( 0.0005383705042709668181, 0.9999703145309754015, 0.007686365462452108416 ) ) ;
#2289 = CARTESIAN_POINT ( 'NONE',  ( 0.09696137339072083416, 42.17657453063208095, 3.203763825897568029 ) ) ;
#2290 = EDGE_LOOP ( 'NONE', ( #940, #4524, #3990, #4603 ) ) ;
#2291 = ADVANCED_FACE ( 'NONE', ( #625 ), #3247, .T. ) ;
#2292 = AXIS2_PLACEMENT_3D ( 'NONE', #4340, #4729, #3548 ) ;
#2293 = FACE_OUTER_BOUND ( 'NONE', #4055, .T. ) ;
#2294 = DIRECTION ( 'NONE',  ( -0.0003934186969052750585, -0.7254895814240169827, -0.6882330364541748846 ) ) ;
#2295 = ORIENTED_EDGE ( 'NONE', *, *, #4556, .T. ) ;
#2296 = CYLINDRICAL_SURFACE ( 'NONE', #1303, 3.050000000000013145 ) ;
#2297 = LINE ( 'NONE', #3776, #2734 ) ;
#2298 = CARTESIAN_POINT ( 'NONE',  ( 0.08624356522595082175, 22.29120507876533708, 0.2008288784282902528 ) ) ;
#2299 = ORIENTED_EDGE ( 'NONE', *, *, #672, .F. ) ;
#2300 = ORIENTED_EDGE ( 'NONE', *, *, #3907, .F. ) ;
#2301 = EDGE_CURVE ( 'NONE', #4040, #972, #4351, .T. ) ;
#2302 = CYLINDRICAL_SURFACE ( 'NONE', #2179, 3.050000000000003819 ) ;
#2303 = VECTOR ( 'NONE', #4043, 1000.000000000000114 ) ;
#2304 = AXIS2_PLACEMENT_3D ( 'NONE', #2571, #2211, #4447 ) ;
#2305 = LINE ( 'NONE', #1511, #4387 ) ;
#2306 = EDGE_CURVE ( 'NONE', #473, #3828, #3219, .T. ) ;
#2307 = AXIS2_PLACEMENT_3D ( 'NONE', #1289, #1632, #3538 ) ;
#2308 = EDGE_CURVE ( 'NONE', #3430, #3121, #3207, .T. ) ;
#2309 = EDGE_LOOP ( 'NONE', ( #4655, #4363, #2627, #1211 ) ) ;
#2310 = ORIENTED_EDGE ( 'NONE', *, *, #537, .T. ) ;
#2311 = AXIS2_PLACEMENT_3D ( 'NONE', #188, #3526, #1278 ) ;
#2312 = AXIS2_PLACEMENT_3D ( 'NONE', #3274, #2189, #724 ) ;
#2313 = DIRECTION ( 'NONE',  ( 0.0005383705042709668181, 0.9999703145309754015, 0.007686365462452108416 ) ) ;
#2314 = AXIS2_PLACEMENT_3D ( 'NONE', #182, #4283, #1658 ) ;
#2315 = AXIS2_PLACEMENT_3D ( 'NONE', #1322, #4626, #1032 ) ;
#2316 = CARTESIAN_POINT ( 'NONE',  ( 0.09391958004159026152, 36.57209181633267292, -2.739489849709124236 ) ) ;
#2317 = EDGE_LOOP ( 'NONE', ( #1909, #4535, #3560, #1449 ) ) ;
#2318 = EDGE_CURVE ( 'NONE', #2657, #4709, #2361, .T. ) ;
#2319 = DIRECTION ( 'NONE',  ( 0.000000000000000000, 0.007686366576372036068, -0.9999704594481046982 ) ) ;
#2320 = DIRECTION ( 'NONE',  ( 0.0005383705042709668181, 0.9999703145309754015, 0.007686365462452108416 ) ) ;
#2321 = VERTEX_POINT ( 'NONE', #3556 ) ;
#2322 = EDGE_CURVE ( 'NONE', #1526, #3075, #3750, .T. ) ;
#2323 = CARTESIAN_POINT ( 'NONE',  ( 0.09495187027171710092, 38.46602607390612860, 0.3251581546595641026 ) ) ;
#2324 = FACE_OUTER_BOUND ( 'NONE', #373, .T. ) ;
#2325 = CARTESIAN_POINT ( 'NONE',  ( 0.09696137339072113948, 42.21846522847330618, -2.246075178094488312 ) ) ;
#2326 = CARTESIAN_POINT ( 'NONE',  ( 0.09270824640698019370, 34.32215860863798440, -2.756784171999651534 ) ) ;
#2327 = ORIENTED_EDGE ( 'NONE', *, *, #3451, .F. ) ;
#2328 = VERTEX_POINT ( 'NONE', #1381 ) ;
#2329 = DIRECTION ( 'NONE',  ( 0.0005383705042709667097, 0.9999703145309752905, 0.007686365462452107548 ) ) ;
#2330 = EDGE_CURVE ( 'NONE', #1803, #3922, #2477, .T. ) ;
#2331 = CARTESIAN_POINT ( 'NONE',  ( 0.09696137339072120886, 42.22192409343266206, -2.696061884845924350 ) ) ;
#2332 = VERTEX_POINT ( 'NONE', #1721 ) ;
#2333 = ORIENTED_EDGE ( 'NONE', *, *, #398, .T. ) ;
#2334 = EDGE_CURVE ( 'NONE', #217, #1021, #3194, .T. ) ;
#2335 = CARTESIAN_POINT ( 'NONE',  ( 0.09696137339072083416, 42.19848067537473923, 0.3538480164704669306 ) ) ;
#2336 = CARTESIAN_POINT ( 'NONE',  ( 0.09696137339072083416, 42.19848067537473923, 0.3538480164704669306 ) ) ;
#2337 = ORIENTED_EDGE ( 'NONE', *, *, #2586, .F. ) ;
#2338 = EDGE_CURVE ( 'NONE', #1266, #1654, #2134, .T. ) ;
#2339 = CONICAL_SURFACE ( 'NONE', #1174, 2.599999999999634603, 0.8194320838113332561 ) ;
#2340 = DIRECTION ( 'NONE',  ( -0.0003766781054527938233, -0.6941508717558005914, -0.7198294418501279823 ) ) ;
#2341 = LINE ( 'NONE', #1293, #522 ) ;
#2342 = AXIS2_PLACEMENT_3D ( 'NONE', #3481, #41, #1228 ) ;
#2343 = AXIS2_PLACEMENT_3D ( 'NONE', #2894, #3621, #4433 ) ;
#2344 = DIRECTION ( 'NONE',  ( 0.000000000000000000, -0.007686366576372462810, 0.9999704594481048092 ) ) ;
#2345 = DIRECTION ( 'NONE',  ( 0.000000000000000000, 0.007686366576372079436, -0.9999704594481048092 ) ) ;
#2346 = CARTESIAN_POINT ( 'NONE',  ( 0.07731084998483053750, 5.699564194994143129, 0.07329567709096507233 ) ) ;
#2347 = LINE ( 'NONE', #2369, #1725 ) ;
#2348 = DIRECTION ( 'NONE',  ( -0.0003661357369576218978, -0.6744259999067312439, -0.7383423573075215129 ) ) ;
#2349 = DIRECTION ( 'NONE',  ( 0.0005383705042709668181, 0.9999703145309754015, 0.007686365462452108416 ) ) ;
#2350 = ORIENTED_EDGE ( 'NONE', *, *, #129, .F. ) ;
#2351 = ORIENTED_EDGE ( 'NONE', *, *, #202, .F. ) ;
#2352 = EDGE_CURVE ( 'NONE', #1536, #2054, #3607, .T. ) ;
#2353 = CARTESIAN_POINT ( 'NONE',  ( 0.09696137339072083416, 42.19848067537473923, 0.3538480164704669306 ) ) ;
#2354 = DIRECTION ( 'NONE',  ( -0.0003766781054526986304, -0.6941508717556225116, -0.7198294418502998449 ) ) ;
#2355 = ORIENTED_EDGE ( 'NONE', *, *, #4581, .F. ) ;
#2356 = ORIENTED_EDGE ( 'NONE', *, *, #1269, .T. ) ;
#2357 = LINE ( 'NONE', #867, #1069 ) ;
#2358 = AXIS2_PLACEMENT_3D ( 'NONE', #1795, #1090, #2859 ) ;
#2359 = CYLINDRICAL_SURFACE ( 'NONE', #2373, 3.049999999999918998 ) ;
#2360 = ORIENTED_EDGE ( 'NONE', *, *, #616, .T. ) ;
#2361 = CIRCLE ( 'NONE', #2900, 3.050000000000008260 ) ;
#2362 = CONICAL_SURFACE ( 'NONE', #3911, 2.599999999999809575, 0.8229227423153526733 ) ;
#2363 = LINE ( 'NONE', #3180, #1631 ) ;
#2364 = CARTESIAN_POINT ( 'NONE',  ( 0.08043339890960202188, 11.47594860121563265, 3.167786498089576686 ) ) ;
#2365 = EDGE_CURVE ( 'NONE', #3833, #573, #1813, .T. ) ;
#2366 = CARTESIAN_POINT ( 'NONE',  ( 0.08760295074923502012, 24.79614556985749019, 2.820160145785713279 ) ) ;
#2367 = AXIS2_PLACEMENT_3D ( 'NONE', #3450, #2075, #874 ) ;
#2368 = CARTESIAN_POINT ( 'NONE',  ( 0.09022766909673965441, 29.67130201079825014, 2.857633492291673960 ) ) ;
#2369 = CARTESIAN_POINT ( 'NONE',  ( 0.09696137339072083416, 42.17503725731680220, 3.403757917787048726 ) ) ;
#2370 = CARTESIAN_POINT ( 'NONE',  ( 0.07731084998483091220, 5.722323963775775013, -2.887673750969526054 ) ) ;
#2371 = EDGE_LOOP ( 'NONE', ( #4547, #1964, #2063, #2510 ) ) ;
#2372 = EDGE_LOOP ( 'NONE', ( #1042, #396, #2423, #4192 ) ) ;
#2373 = AXIS2_PLACEMENT_3D ( 'NONE', #3516, #3540, #3906 ) ;
#2374 = DIRECTION ( 'NONE',  ( 0.0005383705042709668181, 0.9999703145309754015, 0.007686365462452108416 ) ) ;
#2375 = DIRECTION ( 'NONE',  ( 0.0005383705042709668181, 0.9999703145309754015, 0.007686365462452108416 ) ) ;
#2376 = VECTOR ( 'NONE', #2107, 999.9999999999998863 ) ;
#2377 = EDGE_CURVE ( 'NONE', #2909, #1573, #2524, .T. ) ;
#2378 = ORIENTED_EDGE ( 'NONE', *, *, #556, .F. ) ;
#2379 = ORIENTED_EDGE ( 'NONE', *, *, #2687, .T. ) ;
#2380 = CIRCLE ( 'NONE', #676, 2.599999999999606626 ) ;
#2381 = CYLINDRICAL_SURFACE ( 'NONE', #2580, 3.050000000000003819 ) ;
#2382 = ADVANCED_FACE ( 'NONE', ( #773 ), #1659, .T. ) ;
#2383 = CARTESIAN_POINT ( 'NONE',  ( 0.09696137339072083416, 42.19848067537473923, 0.3538480164704669306 ) ) ;
#2384 = CIRCLE ( 'NONE', #899, 3.049999999999663647 ) ;
#2385 = EDGE_LOOP ( 'NONE', ( #2810, #1870, #915, #4306 ) ) ;
#2386 = AXIS2_PLACEMENT_3D ( 'NONE', #1791, #3189, #3579 ) ;
#2387 = ORIENTED_EDGE ( 'NONE', *, *, #2, .F. ) ;
#2388 = VECTOR ( 'NONE', #2702, 1000.000000000000000 ) ;
#2389 = CARTESIAN_POINT ( 'NONE',  ( 0.08896233627251920462, 27.34105516714676298, 0.2396450240136733800 ) ) ;
#2390 = CIRCLE ( 'NONE', #601, 3.050000000000003819 ) ;
#2391 = CARTESIAN_POINT ( 'NONE',  ( 0.09495187027171740624, 38.44604152080756165, 2.925081349224646576 ) ) ;
#2392 = CYLINDRICAL_SURFACE ( 'NONE', #2367, 2.599999999999925482 ) ;
#2393 = ADVANCED_FACE ( 'NONE', ( #831 ), #3125, .T. ) ;
#2394 = CARTESIAN_POINT ( 'NONE',  ( 0.08660447081480811271, 22.98499516764304573, -2.843928340430299073 ) ) ;
#2395 = CYLINDRICAL_SURFACE ( 'NONE', #4337, 2.599999999999844658 ) ;
#2396 = DIRECTION ( 'NONE',  ( 0.0003675112634933423239, 0.6882329383426759595, -0.7254896880836264605 ) ) ;
#2397 = CARTESIAN_POINT ( 'NONE',  ( 0.09696137339072083416, 42.17503725731680220, 3.403757917786921716 ) ) ;
#2398 = FACE_OUTER_BOUND ( 'NONE', #2601, .T. ) ;
#2399 = VERTEX_POINT ( 'NONE', #4188 ) ;
#2400 = VERTEX_POINT ( 'NONE', #2394 ) ;
#2401 = CARTESIAN_POINT ( 'NONE',  ( 0.08282914765360796516, 15.94925991893665973, 0.1520809230810993007 ) ) ;
#2402 = CARTESIAN_POINT ( 'NONE',  ( 0.07806456869081022931, 7.119400991925161293, -2.502050796657635079 ) ) ;
#2403 = CIRCLE ( 'NONE', #2012, 2.600000000000014744 ) ;
#2404 = VERTEX_POINT ( 'NONE', #2003 ) ;
#2405 = VECTOR ( 'NONE', #1167, 1000.000000000000114 ) ;
#2406 = EDGE_LOOP ( 'NONE', ( #2457, #4472, #3882, #2602 ) ) ;
#2407 = CIRCLE ( 'NONE', #3483, 1.949999999999999956 ) ;
#2408 = ADVANCED_FACE ( 'NONE', ( #2772 ), #4769, .T. ) ;
#2409 = DIRECTION ( 'NONE',  ( 0.0005383705042709668181, 0.9999703145309754015, 0.007686365462452108416 ) ) ;
#2410 = DIRECTION ( 'NONE',  ( 0.000000000000000000, -0.007686366576371330903, 0.9999704594481046982 ) ) ;
#2411 = ORIENTED_EDGE ( 'NONE', *, *, #194, .T. ) ;
#2412 = ORIENTED_EDGE ( 'NONE', *, *, #949, .T. ) ;
#2413 = EDGE_CURVE ( 'NONE', #1460, #1824, #1349, .T. ) ;
#2414 = FACE_OUTER_BOUND ( 'NONE', #4735, .T. ) ;
#2415 = LINE ( 'NONE', #1248, #306 ) ;
#2416 = AXIS2_PLACEMENT_3D ( 'NONE', #3362, #2518, #2155 ) ;
#2417 = CARTESIAN_POINT ( 'NONE',  ( 0.09696137339072083416, 42.19848067537473923, 0.3538480164704669306 ) ) ;
#2418 = DIRECTION ( 'NONE',  ( 0.000000000000000000, -0.007686366576371624938, 0.9999704594481046982 ) ) ;
#2419 = AXIS2_PLACEMENT_3D ( 'NONE', #3352, #4600, #4233 ) ;
#2420 = FACE_OUTER_BOUND ( 'NONE', #366, .T. ) ;
#2421 = DIRECTION ( 'NONE',  ( 0.0005383705042709668181, 0.9999703145309754015, 0.007686365462452108416 ) ) ;
#2422 = VERTEX_POINT ( 'NONE', #2822 ) ;
#2423 = ORIENTED_EDGE ( 'NONE', *, *, #557, .T. ) ;
#2424 = CARTESIAN_POINT ( 'NONE',  ( 0.08818859081181307236, 25.90389899761074943, 0.2285981885375094613 ) ) ;
#2425 = DIRECTION ( 'NONE',  ( 0.0005383705042709668181, 0.9999703145309754015, 0.007686365462452108416 ) ) ;
#2426 = CARTESIAN_POINT ( 'NONE',  ( 0.08090372065830743475, 12.37296845641618503, 0.1245914238612419872 ) ) ;
#2427 = ORIENTED_EDGE ( 'NONE', *, *, #3374, .F. ) ;
#2428 = ORIENTED_EDGE ( 'NONE', *, *, #730, .T. ) ;
#2429 = DIRECTION ( 'NONE',  ( 0.0005383705042709668181, 0.9999703145309754015, 0.007686365462452108416 ) ) ;
#2430 = DIRECTION ( 'NONE',  ( 0.0005383705042709668181, 0.9999703145309754015, 0.007686365462452108416 ) ) ;
#2431 = ORIENTED_EDGE ( 'NONE', *, *, #2266, .T. ) ;
#2432 = CIRCLE ( 'NONE', #3748, 3.049999999999653877 ) ;
#2433 = DIRECTION ( 'NONE',  ( 0.0005383705042709668181, 0.9999703145309754015, 0.007686365462452108416 ) ) ;
#2434 = EDGE_CURVE ( 'NONE', #3778, #52, #1120, .T. ) ;
#2435 = FACE_OUTER_BOUND ( 'NONE', #4456, .T. ) ;
#2436 = CIRCLE ( 'NONE', #3051, 2.610657367153374597 ) ;
#2437 = CARTESIAN_POINT ( 'NONE',  ( 0.09391958004158987294, 36.54864839827474299, 0.3104200516076126570 ) ) ;
#2438 = VECTOR ( 'NONE', #2354, 1000.000000000000114 ) ;
#2439 = CARTESIAN_POINT ( 'NONE',  ( 0.09696137339072113948, 42.21846522847330618, -2.246075178094503411 ) ) ;
#2440 = CARTESIAN_POINT ( 'NONE',  ( 0.08782926371202455507, 25.21304079708512447, 3.273377943630218390 ) ) ;
#2441 = LINE ( 'NONE', #4291, #222 ) ;
#2442 = DIRECTION ( 'NONE',  ( 0.0005383705042709668181, 0.9999703145309754015, 0.007686365462452108416 ) ) ;
#2443 = ORIENTED_EDGE ( 'NONE', *, *, #2770, .T. ) ;
#2444 = EDGE_CURVE ( 'NONE', #3201, #4570, #3827, .T. ) ;
#2445 = ORIENTED_EDGE ( 'NONE', *, *, #4229, .F. ) ;
#2446 = VECTOR ( 'NONE', #163, 1000.000000000000114 ) ;
#2447 = CARTESIAN_POINT ( 'NONE',  ( 0.08714957095038246282, 23.95057827498977687, 3.263673907233885618 ) ) ;
#2448 = FACE_OUTER_BOUND ( 'NONE', #3965, .T. ) ;
#2449 = AXIS2_PLACEMENT_3D ( 'NONE', #1704, #232, #2410 ) ;
#2450 = CARTESIAN_POINT ( 'NONE',  ( 0.09629779653239482762, 40.98593641333214777, -2.255549126249378755 ) ) ;
#2451 = ORIENTED_EDGE ( 'NONE', *, *, #2840, .F. ) ;
#2452 = ORIENTED_EDGE ( 'NONE', *, *, #1976, .T. ) ;
#2453 = AXIS2_PLACEMENT_3D ( 'NONE', #1979, #493, #3090 ) ;
#2454 = CARTESIAN_POINT ( 'NONE',  ( 0.09696137339072083416, 42.19848067537473923, 0.3538480164704669306 ) ) ;
#2455 = VECTOR ( 'NONE', #1346, 999.9999999999998863 ) ;
#2456 = DIRECTION ( 'NONE',  ( 0.000000000000000000, -0.007686366576371180849, 0.9999704594481046982 ) ) ;
#2457 = ORIENTED_EDGE ( 'NONE', *, *, #607, .F. ) ;
#2458 = EDGE_LOOP ( 'NONE', ( #725, #3638, #3881, #501 ) ) ;
#2459 = VECTOR ( 'NONE', #3402, 1000.000000000000114 ) ;
#2460 = CARTESIAN_POINT ( 'NONE',  ( 0.08159685889820424143, 13.66040463329521160, 0.1344874225936801559 ) ) ;
#2461 = CIRCLE ( 'NONE', #3004, 3.050000000000016698 ) ;
#2462 = CIRCLE ( 'NONE', #2312, 3.050000000000082867 ) ;
#2463 = LINE ( 'NONE', #1004, #4265 ) ;
#2464 = FACE_OUTER_BOUND ( 'NONE', #3489, .T. ) ;
#2465 = CARTESIAN_POINT ( 'NONE',  ( 0.09405417266765761508, 36.79864097690748537, 0.3123416429732256971 ) ) ;
#2466 = AXIS2_PLACEMENT_3D ( 'NONE', #770, #1525, #3407 ) ;
#2467 = CIRCLE ( 'NONE', #1925, 3.049999999999662315 ) ;
#2468 = DIRECTION ( 'NONE',  ( 0.000000000000000000, -0.007686366576372115865, 0.9999704594481048092 ) ) ;
#2469 = CARTESIAN_POINT ( 'NONE',  ( 0.09540009892833539729, 39.27512334517698633, 3.381467457946081279 ) ) ;
#2470 = DIRECTION ( 'NONE',  ( 0.0005383705042709668181, 0.9999703145309754015, 0.007686365462452108416 ) ) ;
#2471 = CARTESIAN_POINT ( 'NONE',  ( 0.09562483340205579774, 39.71598896706984050, 0.3347661114876291366 ) ) ;
#2472 = CONICAL_SURFACE ( 'NONE', #4566, 2.599999999999657252, 0.8194320838113405836 ) ;
#2473 = CYLINDRICAL_SURFACE ( 'NONE', #362, 2.600000000000023626 ) ;
#2474 = ORIENTED_EDGE ( 'NONE', *, *, #1771, .F. ) ;
#2475 = ORIENTED_EDGE ( 'NONE', *, *, #4259, .F. ) ;
#2476 = EDGE_CURVE ( 'NONE', #3566, #1804, #350, .T. ) ;
#2477 = LINE ( 'NONE', #648, #117 ) ;
#2478 = FACE_OUTER_BOUND ( 'NONE', #1454, .T. ) ;
#2479 = ORIENTED_EDGE ( 'NONE', *, *, #3158, .T. ) ;
#2480 = VERTEX_POINT ( 'NONE', #2970 ) ;
#2481 = EDGE_CURVE ( 'NONE', #3822, #2916, #591, .T. ) ;
#2482 = CARTESIAN_POINT ( 'NONE',  ( 0.08850895647366664731, 26.47550331918048627, 3.283081980026551161 ) ) ;
#2483 = CARTESIAN_POINT ( 'NONE',  ( 0.07833375394294538052, 7.599507792602988587, 0.08789977146962403565 ) ) ;
#2484 = DIRECTION ( 'NONE',  ( 0.000000000000000000, -0.007686366576371613663, 0.9999704594481046982 ) ) ;
#2485 = VERTEX_POINT ( 'NONE', #4313 ) ;
#2486 = VERTEX_POINT ( 'NONE', #4288 ) ;
#2487 = AXIS2_PLACEMENT_3D ( 'NONE', #828, #3406, #2319 ) ;
#2488 = CIRCLE ( 'NONE', #3558, 2.600000000000107558 ) ;
#2489 = ADVANCED_FACE ( 'NONE', ( #2606 ), #3574, .T. ) ;
#2490 = LINE ( 'NONE', #2817, #4018 ) ;
#2491 = DIRECTION ( 'NONE',  ( 0.0005383705042709668181, 0.9999703145309754015, 0.007686365462452108416 ) ) ;
#2492 = DIRECTION ( 'NONE',  ( 0.0005383705042709668181, 0.9999703145309754015, 0.007686365462452108416 ) ) ;
#2493 = EDGE_CURVE ( 'NONE', #464, #432, #3946, .T. ) ;
#2494 = CARTESIAN_POINT ( 'NONE',  ( 0.09696137339072083416, 42.17503725731680220, 3.403757917787203269 ) ) ;
#2495 = DIRECTION ( 'NONE',  ( 0.000000000000000000, -0.007686366576371348250, 0.9999704594481046982 ) ) ;
#2496 = DIRECTION ( 'NONE',  ( 0.0005383705042709668181, 0.9999703145309754015, 0.007686365462452108416 ) ) ;
#2497 = DIRECTION ( 'NONE',  ( -0.0003661357369576280778, -0.6744259999067427902, -0.7383423573075110768 ) ) ;
#2498 = DIRECTION ( 'NONE',  ( 0.0005383705042709668181, 0.9999703145309754015, 0.007686365462452108416 ) ) ;
#2499 = EDGE_LOOP ( 'NONE', ( #2922, #2980, #4294, #2427 ) ) ;
#2500 = AXIS2_PLACEMENT_3D ( 'NONE', #3873, #620, #3602 ) ;
#2501 = DIRECTION ( 'NONE',  ( 0.000000000000000000, -0.007686366576371913770, 0.9999704594481046982 ) ) ;
#2502 = CARTESIAN_POINT ( 'NONE',  ( 0.09696137339072083416, 42.19848067537473923, 0.3538480164704669306 ) ) ;
#2503 = EDGE_CURVE ( 'NONE', #1438, #3828, #2078, .T. ) ;
#2504 = EDGE_LOOP ( 'NONE', ( #2356, #4639, #2159, #1941 ) ) ;
#2505 = ORIENTED_EDGE ( 'NONE', *, *, #3648, .F. ) ;
#2506 = CARTESIAN_POINT ( 'NONE',  ( 0.08692325798759323319, 23.57365215395925517, -2.389390279740108980 ) ) ;
#2507 = LINE ( 'NONE', #756, #124 ) ;
#2508 = DIRECTION ( 'NONE',  ( 0.000000000000000000, -0.007686366576371395955, 0.9999704594481046982 ) ) ;
#2509 = ORIENTED_EDGE ( 'NONE', *, *, #4166, .T. ) ;
#2510 = ORIENTED_EDGE ( 'NONE', *, *, #400, .F. ) ;
#2511 = CARTESIAN_POINT ( 'NONE',  ( 0.07731084998483053750, 5.699564194994143129, 0.07329567709096507233 ) ) ;
#2512 = CARTESIAN_POINT ( 'NONE',  ( 0.08760295074923502012, 24.81613012295605358, 0.2202369512209818303 ) ) ;
#2513 = ADVANCED_FACE ( 'NONE', ( #715 ), #1123, .T. ) ;
#2514 = DIRECTION ( 'NONE',  ( 0.000000000000000000, -0.007686366576371591978, 0.9999704594481046982 ) ) ;
#2515 = AXIS2_PLACEMENT_3D ( 'NONE', #4126, #3366, #2275 ) ;
#2516 = DIRECTION ( 'NONE',  ( 0.0005383705042709668181, 0.9999703145309754015, 0.007686365462452108416 ) ) ;
#2517 = CIRCLE ( 'NONE', #192, 3.049999999999668976 ) ;
#2518 = DIRECTION ( 'NONE',  ( 0.0005383705042709668181, 0.9999703145309754015, 0.007686365462452108416 ) ) ;
#2519 = DIRECTION ( 'NONE',  ( -0.0005383705042709668181, -0.9999703145309754015, -0.007686365462452108416 ) ) ;
#2520 = CARTESIAN_POINT ( 'NONE',  ( 0.09696137339072083416, 42.17503725731680220, 3.403757917787075371 ) ) ;
#2521 = AXIS2_PLACEMENT_3D ( 'NONE', #1990, #1264, #1728 ) ;
#2522 = VECTOR ( 'NONE', #1244, 1000.000000000000000 ) ;
#2523 = ORIENTED_EDGE ( 'NONE', *, *, #1805, .F. ) ;
#2524 = LINE ( 'NONE', #4006, #1819 ) ;
#2525 = CARTESIAN_POINT ( 'NONE',  ( 0.08090372065830743475, 12.39230208851268067, -2.390649135932796820 ) ) ;
#2526 = FACE_OUTER_BOUND ( 'NONE', #965, .T. ) ;
#2527 = VERTEX_POINT ( 'NONE', #764 ) ;
#2528 = ORIENTED_EDGE ( 'NONE', *, *, #2024, .T. ) ;
#2529 = LINE ( 'NONE', #683, #4423 ) ;
#2530 = CIRCLE ( 'NONE', #581, 3.050000000000057110 ) ;
#2531 = CARTESIAN_POINT ( 'NONE',  ( 0.09136232014630314702, 31.77534598619467232, 3.323819716977500338 ) ) ;
#2532 = LINE ( 'NONE', #1802, #3916 ) ;
#2533 = EDGE_LOOP ( 'NONE', ( #3390, #3198, #509, #2862 ) ) ;
#2534 = EDGE_LOOP ( 'NONE', ( #3504, #2978, #1487, #1099 ) ) ;
#2535 = FACE_OUTER_BOUND ( 'NONE', #2113, .T. ) ;
#2536 = CARTESIAN_POINT ( 'NONE',  ( 0.09257365378091284014, 34.07216603000523492, -2.758705763365261632 ) ) ;
#2537 = DIRECTION ( 'NONE',  ( 0.000000000000000000, -0.007686366576371028193, 0.9999704594481046982 ) ) ;
#2538 = CIRCLE ( 'NONE', #3458, 3.049999999999655653 ) ;
#2539 = EDGE_CURVE ( 'NONE', #1337, #759, #422, .T. ) ;
#2540 = DIRECTION ( 'NONE',  ( -0.0005383705042709668181, -0.9999703145309754015, -0.007686365462452108416 ) ) ;
#2541 = DIRECTION ( 'NONE',  ( -0.0005383705042709668181, -0.9999703145309754015, -0.007686365462452108416 ) ) ;
#2542 = CONICAL_SURFACE ( 'NONE', #1767, 2.515314863583299143, 0.7958701389077978972 ) ;
#2543 = ORIENTED_EDGE ( 'NONE', *, *, #969, .F. ) ;
#2544 = CONICAL_SURFACE ( 'NONE', #4487, 2.600000000000014300, 0.8229227423153443466 ) ;
#2545 = EDGE_CURVE ( 'NONE', #4501, #4181, #1879, .T. ) ;
#2546 = DIRECTION ( 'NONE',  ( 0.0005383705042709668181, 0.9999703145309754015, 0.007686365462452108416 ) ) ;
#2547 = CIRCLE ( 'NONE', #1382, 5.749043723672117245 ) ;
#2548 = AXIS2_PLACEMENT_3D ( 'NONE', #1912, #2349, #3389 ) ;
#2549 = DIRECTION ( 'NONE',  ( 0.0005383705042709668181, 0.9999703145309754015, 0.007686365462452108416 ) ) ;
#2550 = VERTEX_POINT ( 'NONE', #2246 ) ;
#2551 = ORIENTED_EDGE ( 'NONE', *, *, #3404, .F. ) ;
#2552 = EDGE_CURVE ( 'NONE', #1197, #573, #2046, .T. ) ;
#2553 = DIRECTION ( 'NONE',  ( 0.000000000000000000, -0.007686366576371192992, 0.9999704594481046982 ) ) ;
#2554 = CARTESIAN_POINT ( 'NONE',  ( 0.08954797633509725685, 28.42882404180145173, 0.2480062613302009555 ) ) ;
#2555 = DIRECTION ( 'NONE',  ( 0.000000000000000000, -0.007686366576372128008, 0.9999704594481048092 ) ) ;
#2556 = ORIENTED_EDGE ( 'NONE', *, *, #680, .F. ) ;
#2557 = ORIENTED_EDGE ( 'NONE', *, *, #2503, .F. ) ;
#2558 = FACE_OUTER_BOUND ( 'NONE', #2504, .T. ) ;
#2559 = CARTESIAN_POINT ( 'NONE',  ( 0.09032172179580340299, 29.84599565823891609, 2.858976291371043477 ) ) ;
#2560 = AXIS2_PLACEMENT_3D ( 'NONE', #1820, #2864, #4782 ) ;
#2561 = ORIENTED_EDGE ( 'NONE', *, *, #2701, .F. ) ;
#2562 = EDGE_CURVE ( 'NONE', #217, #3960, #2595, .T. ) ;
#2563 = DIRECTION ( 'NONE',  ( 0.000000000000000000, -0.007686366576371601519, 0.9999704594481046982 ) ) ;
#2564 = LINE ( 'NONE', #512, #1624 ) ;
#2565 = LINE ( 'NONE', #4027, #4328 ) ;
#2566 = EDGE_CURVE ( 'NONE', #1108, #4403, #3696, .T. ) ;
#2567 = ADVANCED_FACE ( 'NONE', ( #3811 ), #2741, .T. ) ;
#2568 = EDGE_LOOP ( 'NONE', ( #3897, #1752, #3561, #3306 ) ) ;
#2569 = DIRECTION ( 'NONE',  ( 0.0005383705042709668181, 0.9999703145309754015, 0.007686365462452108416 ) ) ;
#2570 = CARTESIAN_POINT ( 'NONE',  ( 0.07709550178312216118, 5.324619197801744086, -3.187805738268047584 ) ) ;
#2571 = CARTESIAN_POINT ( 'NONE',  ( 0.09472713579799632577, 38.04860387007120437, 0.3219495998012907867 ) ) ;
#2572 = ORIENTED_EDGE ( 'NONE', *, *, #1484, .T. ) ;
#2573 = EDGE_LOOP ( 'NONE', ( #2827, #555, #1816, #2715 ) ) ;
#2574 = PRODUCT_DEFINITION ( 'UNKNOWN', '', #4644, #4765 ) ;
#2575 = CYLINDRICAL_SURFACE ( 'NONE', #1316, 3.049999999999889244 ) ;
#2576 = FACE_OUTER_BOUND ( 'NONE', #4150, .T. ) ;
#2577 = CARTESIAN_POINT ( 'NONE',  ( 0.09526550630226728045, 39.04857418460217389, 0.3296359652637428916 ) ) ;
#2578 = ORIENTED_EDGE ( 'NONE', *, *, #962, .T. ) ;
#2579 = ORIENTED_EDGE ( 'NONE', *, *, #1234, .T. ) ;
#2580 = AXIS2_PLACEMENT_3D ( 'NONE', #153, #4248, #3124 ) ;
#2581 = DIRECTION ( 'NONE',  ( 0.0005383705042709668181, 0.9999703145309754015, 0.007686365462452108416 ) ) ;
#2582 = DIRECTION ( 'NONE',  ( 0.0005383705042709668181, 0.9999703145309754015, 0.007686365462452108416 ) ) ;
#2583 = CARTESIAN_POINT ( 'NONE',  ( 0.08728416357645020496, 24.24745768973840043, -2.834224304033939656 ) ) ;
#2584 = ORIENTED_EDGE ( 'NONE', *, *, #1638, .F. ) ;
#2585 = CARTESIAN_POINT ( 'NONE',  ( 0.09653067698730408153, 41.39850442374999062, 0.3476989241005055131 ) ) ;
#2586 = EDGE_CURVE ( 'NONE', #4710, #2332, #4610, .T. ) ;
#2587 = DIRECTION ( 'NONE',  ( 0.0005383705042709668181, 0.9999703145309754015, 0.007686365462452108416 ) ) ;
#2588 = CARTESIAN_POINT ( 'NONE',  ( 0.07424213811048605005, -0.02581794157722333560, 3.353627342877023132 ) ) ;
#2589 = ORIENTED_EDGE ( 'NONE', *, *, #693, .F. ) ;
#2590 = CONICAL_SURFACE ( 'NONE', #488, 3.049999999999637001, 0.8630653151111223886 ) ;
#2591 = DIRECTION ( 'NONE',  ( 0.000000000000000000, -0.007686366576369910164, 0.9999704594481048092 ) ) ;
#2592 = CARTESIAN_POINT ( 'NONE',  ( 0.08401356276300409043, 18.12575119284688085, 3.218900828415102389 ) ) ;
#2593 = ORIENTED_EDGE ( 'NONE', *, *, #3115, .T. ) ;
#2594 = ORIENTED_EDGE ( 'NONE', *, *, #3843, .T. ) ;
#2595 = CIRCLE ( 'NONE', #2983, 2.599999999999635047 ) ;
#2596 = FACE_OUTER_BOUND ( 'NONE', #3528, .T. ) ;
#2597 = EDGE_CURVE ( 'NONE', #1421, #199, #4145, .T. ) ;
#2598 = VECTOR ( 'NONE', #4521, 1000.000000000000114 ) ;
#2599 = LINE ( 'NONE', #684, #197 ) ;
#2600 = DIRECTION ( 'NONE',  ( -0.0005383705042709668181, -0.9999703145309754015, -0.007686365462452108416 ) ) ;
#2601 = EDGE_LOOP ( 'NONE', ( #4334, #2804, #205, #2764 ) ) ;
#2602 = ORIENTED_EDGE ( 'NONE', *, *, #958, .F. ) ;
#2603 = EDGE_CURVE ( 'NONE', #2180, #1803, #2517, .T. ) ;
#2604 = AXIS2_PLACEMENT_3D ( 'NONE', #1712, #1400, #617 ) ;
#2605 = CARTESIAN_POINT ( 'NONE',  ( 0.08062182858609748259, 11.82593821130192424, 3.170476726001425494 ) ) ;
#2606 = FACE_OUTER_BOUND ( 'NONE', #2836, .T. ) ;
#2607 = DIRECTION ( 'NONE',  ( 0.000000000000000000, -0.007686366576369991696, 0.9999704594481048092 ) ) ;
#2608 = ORIENTED_EDGE ( 'NONE', *, *, #2024, .F. ) ;
#2609 = VECTOR ( 'NONE', #4734, 1000.000000000000114 ) ;
#2610 = CARTESIAN_POINT ( 'NONE',  ( 0.09293298088070095497, 34.71613739441496449, 0.2963342841753686119 ) ) ;
#2611 = CARTESIAN_POINT ( 'NONE',  ( 0.08202159189720151233, 14.44930444714019657, 0.1405513748874211155 ) ) ;
#2612 = EDGE_LOOP ( 'NONE', ( #4762, #4253, #4409, #1037 ) ) ;
#2613 = AXIS2_PLACEMENT_3D ( 'NONE', #1003, #2433, #1365 ) ;
#2614 = DIRECTION ( 'NONE',  ( 0.000000000000000000, 0.007686366576371748971, -0.9999704594481048092 ) ) ;
#2615 = CONICAL_SURFACE ( 'NONE', #4788, 2.588226473094626279, 0.7958701389078310928 ) ;
#2616 = EDGE_LOOP ( 'NONE', ( #4062, #3763, #1137, #1887 ) ) ;
#2617 = AXIS2_PLACEMENT_3D ( 'NONE', #4659, #1330, #1066 ) ;
#2618 = ORIENTED_EDGE ( 'NONE', *, *, #4367, .F. ) ;
#2619 = EDGE_CURVE ( 'NONE', #1508, #651, #4304, .T. ) ;
#2620 = EDGE_CURVE ( 'NONE', #2626, #1777, #2436, .T. ) ;
#2621 = AXIS2_PLACEMENT_3D ( 'NONE', #3429, #4185, #850 ) ;
#2622 = AXIS2_PLACEMENT_3D ( 'NONE', #4232, #4578, #902 ) ;
#2623 = CARTESIAN_POINT ( 'NONE',  ( 0.09696137339072083416, 42.19848067537473923, 0.3538480164704669306 ) ) ;
#2624 = DIRECTION ( 'NONE',  ( 0.0005383705042709668181, 0.9999703145309754015, 0.007686365462452108416 ) ) ;
#2625 = DIRECTION ( 'NONE',  ( 0.0005383705042709667097, 0.9999703145309752905, 0.007686365462452107548 ) ) ;
#2626 = VERTEX_POINT ( 'NONE', #4012 ) ;
#2627 = ORIENTED_EDGE ( 'NONE', *, *, #2774, .F. ) ;
#2628 = DIRECTION ( 'NONE',  ( 0.0005383705042709668181, 0.9999703145309754015, 0.007686365462452108416 ) ) ;
#2629 = CARTESIAN_POINT ( 'NONE',  ( 0.09696137339072083416, 42.17849612227617229, 2.953771211035436828 ) ) ;
#2630 = VERTEX_POINT ( 'NONE', #1392 ) ;
#2631 = CARTESIAN_POINT ( 'NONE',  ( 0.07225016724468345808, -3.727033386072724497, 3.497602359785472181 ) ) ;
#2632 = LINE ( 'NONE', #788, #3876 ) ;
#2633 = LINE ( 'NONE', #2672, #1924 ) ;
#2634 = EDGE_CURVE ( 'NONE', #2197, #4049, #959, .T. ) ;
#2635 = ADVANCED_FACE ( 'NONE', ( #2194 ), #4764, .T. ) ;
#2636 = ORIENTED_EDGE ( 'NONE', *, *, #3969, .F. ) ;
#2637 = ADVANCED_FACE ( 'NONE', ( #2576 ), #4613, .T. ) ;
#2638 = CIRCLE ( 'NONE', #3485, 3.049999999999644551 ) ;
#2639 = DIRECTION ( 'NONE',  ( 0.000000000000000000, -0.007686366576371326566, 0.9999704594481048092 ) ) ;
#2640 = EDGE_LOOP ( 'NONE', ( #1651, #1726, #741, #4422 ) ) ;
#2641 = ORIENTED_EDGE ( 'NONE', *, *, #4166, .F. ) ;
#2642 = EDGE_CURVE ( 'NONE', #2140, #1063, #2239, .T. ) ;
#2643 = EDGE_CURVE ( 'NONE', #1526, #4775, #1491, .T. ) ;
#2644 = CARTESIAN_POINT ( 'NONE',  ( 0.09270824640698020758, 34.29871519058005447, 0.2931257293170954625 ) ) ;
#2645 = ORIENTED_EDGE ( 'NONE', *, *, #957, .T. ) ;
#2646 = ORIENTED_EDGE ( 'NONE', *, *, #4614, .T. ) ;
#2647 = DIRECTION ( 'NONE',  ( 0.000000000000000000, 0.007686366576372154029, -0.9999704594481048092 ) ) ;
#2648 = AXIS2_PLACEMENT_3D ( 'NONE', #2610, #2540, #4488 ) ;
#2649 = CARTESIAN_POINT ( 'NONE',  ( 0.09696137339072083416, 42.17849612227617229, 2.953771211035421729 ) ) ;
#2650 = EDGE_LOOP ( 'NONE', ( #722, #2936, #914, #3017 ) ) ;
#2651 = CARTESIAN_POINT ( 'NONE',  ( 0.07362301203057505794, -1.118147704208257931, -4.153474765779777478 ) ) ;
#2652 = DIRECTION ( 'NONE',  ( 0.0003946991537760635347, 0.7383422518210184249, -0.6744260992788209119 ) ) ;
#2653 = EDGE_LOOP ( 'NONE', ( #4124, #792, #2584, #4087 ) ) ;
#2654 = DIRECTION ( 'NONE',  ( 0.000000000000000000, -0.007686366576371028193, 0.9999704594481046982 ) ) ;
#2655 = CARTESIAN_POINT ( 'NONE',  ( 0.09696137339072083416, 42.19848067537473923, 0.3538480164704669306 ) ) ;
#2656 = ORIENTED_EDGE ( 'NONE', *, *, #2642, .T. ) ;
#2657 = VERTEX_POINT ( 'NONE', #1465 ) ;
#2658 = FACE_OUTER_BOUND ( 'NONE', #2021, .T. ) ;
#2659 = DIRECTION ( 'NONE',  ( 0.0005383705042709668181, 0.9999703145309754015, 0.007686365462452108416 ) ) ;
#2660 = AXIS2_PLACEMENT_3D ( 'NONE', #3871, #853, #2345 ) ;
#2661 = ORIENTED_EDGE ( 'NONE', *, *, #228, .F. ) ;
#2662 = ORIENTED_EDGE ( 'NONE', *, *, #412, .F. ) ;
#2663 = VECTOR ( 'NONE', #150, 1000.000000000000114 ) ;
#2664 = EDGE_CURVE ( 'NONE', #2550, #3762, #3757, .T. ) ;
#2665 = DIRECTION ( 'NONE',  ( -0.9999998550785896834, 0.0005383546005091465348, 4.138113049732464578E-06 ) ) ;
#2666 = DIRECTION ( 'NONE',  ( 0.0005383705042709667097, 0.9999703145309752905, 0.007686365462452107548 ) ) ;
#2667 = EDGE_LOOP ( 'NONE', ( #1579, #26, #3006, #3484 ) ) ;
#2668 = CIRCLE ( 'NONE', #2604, 2.600000000000081357 ) ;
#2669 = EDGE_CURVE ( 'NONE', #314, #3639, #1072, .T. ) ;
#2670 = AXIS2_PLACEMENT_3D ( 'NONE', #3599, #287, #1370 ) ;
#2671 = DIRECTION ( 'NONE',  ( 0.0005383705042709668181, 0.9999703145309754015, 0.007686365462452108416 ) ) ;
#2672 = CARTESIAN_POINT ( 'NONE',  ( 0.08624356522595082175, 22.31118963186390047, -2.399094316136469285 ) ) ;
#2673 = VERTEX_POINT ( 'NONE', #4429 ) ;
#2674 = EDGE_CURVE ( 'NONE', #2038, #1573, #2599, .T. ) ;
#2675 = ADVANCED_FACE ( 'NONE', ( #2865 ), #661, .T. ) ;
#2676 = CARTESIAN_POINT ( 'NONE',  ( 0.09696137339072083416, 42.19848067537473923, 0.3538480164704669306 ) ) ;
#2677 = DIRECTION ( 'NONE',  ( 0.0005383705042709668181, 0.9999703145309754015, 0.007686365462452108416 ) ) ;
#2678 = ORIENTED_EDGE ( 'NONE', *, *, #2711, .F. ) ;
#2679 = EDGE_CURVE ( 'NONE', #3435, #1217, #2507, .T. ) ;
#2680 = AXIS2_PLACEMENT_3D ( 'NONE', #25, #2947, #786 ) ;
#2681 = ORIENTED_EDGE ( 'NONE', *, *, #4662, .T. ) ;
#2682 = CARTESIAN_POINT ( 'NONE',  ( 0.09000293462301894865, 29.25042094200395937, 3.304411644185051955 ) ) ;
#2683 = CONICAL_SURFACE ( 'NONE', #596, 2.599999999999606182, 0.8194320838113309247 ) ;
#2684 = AXIS2_PLACEMENT_3D ( 'NONE', #4494, #3412, #1178 ) ;
#2685 = DIRECTION ( 'NONE',  ( 0.0005383705042709668181, 0.9999703145309754015, 0.007686365462452108416 ) ) ;
#2686 = EDGE_LOOP ( 'NONE', ( #1829, #1919, #1969, #3147 ) ) ;
#2687 = EDGE_CURVE ( 'NONE', #1804, #1529, #4380, .T. ) ;
#2688 = ORIENTED_EDGE ( 'NONE', *, *, #2897, .F. ) ;
#2689 = DIRECTION ( 'NONE',  ( 0.000000000000000000, -0.007686366576370185985, 0.9999704594481046982 ) ) ;
#2690 = AXIS2_PLACEMENT_3D ( 'NONE', #3264, #2491, #692 ) ;
#2691 = LINE ( 'NONE', #1723, #1682 ) ;
#2692 = EDGE_LOOP ( 'NONE', ( #2169, #2147, #2242, #168 ) ) ;
#2693 = CARTESIAN_POINT ( 'NONE',  ( 0.07946551751917421691, 9.721541492400987750, -2.484091950775890734 ) ) ;
#2694 = FACE_BOUND ( 'NONE', #1881, .T. ) ;
#2695 = DIRECTION ( 'NONE',  ( 0.0005383705042709668181, 0.9999703145309754015, 0.007686365462452108416 ) ) ;
#2696 = VECTOR ( 'NONE', #3824, 1000.000000000000114 ) ;
#2697 = CARTESIAN_POINT ( 'NONE',  ( 0.08954797633509725685, 28.42882404180145173, 0.2480062613302009555 ) ) ;
#2698 = EDGE_CURVE ( 'NONE', #1021, #1241, #1194, .T. ) ;
#2699 = CARTESIAN_POINT ( 'NONE',  ( 0.08864354909973440333, 26.77238273392911339, -2.814816231241218603 ) ) ;
#2700 = CARTESIAN_POINT ( 'NONE',  ( 0.09696137339072083416, 42.19848067537473923, 0.3538480164704669306 ) ) ;
#2701 = EDGE_CURVE ( 'NONE', #1493, #1362, #3600, .T. ) ;
#2702 = DIRECTION ( 'NONE',  ( 0.0003675112634932368853, 0.6882329383424815594, -0.7254896880838108686 ) ) ;
#2703 = ORIENTED_EDGE ( 'NONE', *, *, #2943, .T. ) ;
#2704 = CIRCLE ( 'NONE', #540, 3.050000000000057110 ) ;
#2705 = ORIENTED_EDGE ( 'NONE', *, *, #3097, .T. ) ;
#2706 = DIRECTION ( 'NONE',  ( 0.000000000000000000, -0.007686366576370610125, 0.9999704594481048092 ) ) ;
#2707 = CYLINDRICAL_SURFACE ( 'NONE', #2217, 2.599999999999830447 ) ;
#2708 = ORIENTED_EDGE ( 'NONE', *, *, #3421, .F. ) ;
#2709 = EDGE_CURVE ( 'NONE', #1152, #671, #496, .T. ) ;
#2710 = VERTEX_POINT ( 'NONE', #2531 ) ;
#2711 = EDGE_CURVE ( 'NONE', #4144, #2527, #322, .T. ) ;
#2712 = DIRECTION ( 'NONE',  ( -0.0005383705042709668181, -0.9999703145309754015, -0.007686365462452108416 ) ) ;
#2713 = AXIS2_PLACEMENT_3D ( 'NONE', #558, #2409, #4615 ) ;
#2714 = DIRECTION ( 'NONE',  ( 0.0005383705042709668181, 0.9999703145309754015, 0.007686365462452108416 ) ) ;
#2715 = ORIENTED_EDGE ( 'NONE', *, *, #2887, .F. ) ;
#2716 = AXIS2_PLACEMENT_3D ( 'NONE', #4675, #1012, #212 ) ;
#2717 = DIRECTION ( 'NONE',  ( 0.0005383705042709668181, 0.9999703145309754015, 0.007686365462452108416 ) ) ;
#2718 = DIRECTION ( 'NONE',  ( 0.000000000000000000, 0.007686366576372103722, -0.9999704594481048092 ) ) ;
#2719 = AXIS2_PLACEMENT_3D ( 'NONE', #2914, #1096, #4333 ) ;
#2720 = FACE_OUTER_BOUND ( 'NONE', #2290, .T. ) ;
#2721 = EDGE_CURVE ( 'NONE', #1421, #4272, #3716, .T. ) ;
#2722 = CYLINDRICAL_SURFACE ( 'NONE', #1845, 2.850000000000002753 ) ;
#2723 = CARTESIAN_POINT ( 'NONE',  ( 0.09696137339072113948, 42.21846522847330618, -2.246075178094613545 ) ) ;
#2724 = CARTESIAN_POINT ( 'NONE',  ( 0.08646987818874035669, 22.71155917095235210, 0.2040599695209314446 ) ) ;
#2725 = CARTESIAN_POINT ( 'NONE',  ( 0.07992194693054484322, 10.57286363852752054, -2.939335351732522472 ) ) ;
#2726 = ORIENTED_EDGE ( 'NONE', *, *, #4091, .F. ) ;
#2727 = ORIENTED_EDGE ( 'NONE', *, *, #3775, .F. ) ;
#2728 = CARTESIAN_POINT ( 'NONE',  ( 0.08964202903416129686, 28.60351768924211768, 0.2493490604100191688 ) ) ;
#2729 = FACE_OUTER_BOUND ( 'NONE', #3902, .T. ) ;
#2730 = ORIENTED_EDGE ( 'NONE', *, *, #2065, .T. ) ;
#2731 = EDGE_LOOP ( 'NONE', ( #3117, #3652, #4300, #2055 ) ) ;
#2732 = ADVANCED_FACE ( 'NONE', ( #84 ), #2362, .T. ) ;
#2733 = CARTESIAN_POINT ( 'NONE',  ( 0.07424213811048645251, 0.02528474591245027936, -3.294660554967046906 ) ) ;
#2734 = VECTOR ( 'NONE', #1956, 1000.000000000000000 ) ;
#2735 = CARTESIAN_POINT ( 'NONE',  ( 0.08714957095038246282, 23.97402169304770325, 0.2137640059172772056 ) ) ;
#2736 = CARTESIAN_POINT ( 'NONE',  ( 0.08750889805017098011, 24.64143647551538407, 0.2188941521411635893 ) ) ;
#2737 = ORIENTED_EDGE ( 'NONE', *, *, #3184, .T. ) ;
#2738 = ORIENTED_EDGE ( 'NONE', *, *, #1239, .F. ) ;
#2739 = EDGE_CURVE ( 'NONE', #711, #122, #3806, .T. ) ;
#2740 = EDGE_CURVE ( 'NONE', #473, #4570, #3029, .T. ) ;
#2741 = CONICAL_SURFACE ( 'NONE', #4606, 2.600000000000023181, 0.8229227423153600007 ) ;
#2742 = EDGE_CURVE ( 'NONE', #1460, #2180, #1559, .T. ) ;
#2743 = DIRECTION ( 'NONE',  ( 0.000000000000000000, -0.007686366576371344780, 0.9999704594481046982 ) ) ;
#2744 = VECTOR ( 'NONE', #729, 1000.000000000000114 ) ;
#2745 = FACE_OUTER_BOUND ( 'NONE', #3753, .T. ) ;
#2746 = LINE ( 'NONE', #210, #2222 ) ;
#2747 = ADVANCED_FACE ( 'NONE', ( #782 ), #3372, .T. ) ;
#2748 = CIRCLE ( 'NONE', #1286, 2.599999999999674127 ) ;
#2749 = DIRECTION ( 'NONE',  ( -0.0005383705042709668181, -0.9999703145309754015, -0.007686365462452108416 ) ) ;
#2750 = DIRECTION ( 'NONE',  ( 0.000000000000000000, 0.007686366576370053279, -0.9999704594481048092 ) ) ;
#2751 = DIRECTION ( 'NONE',  ( 0.000000000000000000, -0.007686366576371193859, 0.9999704594481046982 ) ) ;
#2752 = ORIENTED_EDGE ( 'NONE', *, *, #3490, .T. ) ;
#2753 = ORIENTED_EDGE ( 'NONE', *, *, #2829, .F. ) ;
#2754 = FACE_OUTER_BOUND ( 'NONE', #1002, .T. ) ;
#2755 = CARTESIAN_POINT ( 'NONE',  ( 0.08340770384649467961, 17.03720476049134191, -1.574310169669207227 ) ) ;
#2756 = ADVANCED_FACE ( 'NONE', ( #3351 ), #283, .T. ) ;
#2757 = VERTEX_POINT ( 'NONE', #4176 ) ;
#2758 = ORIENTED_EDGE ( 'NONE', *, *, #3854, .F. ) ;
#2759 = EDGE_CURVE ( 'NONE', #2710, #324, #882, .T. ) ;
#2760 = AXIS2_PLACEMENT_3D ( 'NONE', #2074, #309, #2537 ) ;
#2761 = FACE_OUTER_BOUND ( 'NONE', #1326, .T. ) ;
#2762 = ORIENTED_EDGE ( 'NONE', *, *, #970, .T. ) ;
#2763 = AXIS2_PLACEMENT_3D ( 'NONE', #2700, #1301, #2081 ) ;
#2764 = ORIENTED_EDGE ( 'NONE', *, *, #2271, .F. ) ;
#2765 = CIRCLE ( 'NONE', #988, 2.599999999999999645 ) ;
#2766 = DIRECTION ( 'NONE',  ( 0.0005383705042709668181, 0.9999703145309754015, 0.007686365462452108416 ) ) ;
#2767 = AXIS2_PLACEMENT_3D ( 'NONE', #94, #2998, #3747 ) ;
#2768 = AXIS2_PLACEMENT_3D ( 'NONE', #2676, #1227, #1975 ) ;
#2769 = DIRECTION ( 'NONE',  ( 0.0005383705042709667097, 0.9999703145309752905, 0.007686365462452107548 ) ) ;
#2770 = EDGE_CURVE ( 'NONE', #2399, #2098, #742, .T. ) ;
#2771 = LINE ( 'NONE', #2047, #2446 ) ;
#2772 = FACE_OUTER_BOUND ( 'NONE', #678, .T. ) ;
#2773 = DIRECTION ( 'NONE',  ( 0.0005383705042709668181, 0.9999703145309754015, 0.007686365462452108416 ) ) ;
#2774 = EDGE_CURVE ( 'NONE', #432, #4403, #4219, .T. ) ;
#2775 = DIRECTION ( 'NONE',  ( 0.0003675112634931473302, 0.6769991864990103636, 0.7359836726552766439 ) ) ;
#2776 = DIRECTION ( 'NONE',  ( 0.0005383705042709667097, 0.9999703145309752905, 0.007686365462452107548 ) ) ;
#2777 = EDGE_CURVE ( 'NONE', #3762, #2550, #1661, .T. ) ;
#2778 = DIRECTION ( 'NONE',  ( 0.0005383705042709668181, 0.9999703145309754015, 0.007686365462452108416 ) ) ;
#2779 = ORIENTED_EDGE ( 'NONE', *, *, #1105, .T. ) ;
#2780 = ORIENTED_EDGE ( 'NONE', *, *, #844, .F. ) ;
#2781 = CARTESIAN_POINT ( 'NONE',  ( 0.07973351725404988211, 10.17598719232558402, 3.157794222988390409 ) ) ;
#2782 = FACE_OUTER_BOUND ( 'NONE', #2616, .T. ) ;
#2783 = VECTOR ( 'NONE', #4538, 1000.000000000000114 ) ;
#2784 = DIRECTION ( 'NONE',  ( 0.0005383705042709668181, 0.9999703145309754015, 0.007686365462452108416 ) ) ;
#2785 = VERTEX_POINT ( 'NONE', #455 ) ;
#2786 = VECTOR ( 'NONE', #3650, 1000.000000000000000 ) ;
#2787 = ORIENTED_EDGE ( 'NONE', *, *, #1968, .F. ) ;
#2788 = VECTOR ( 'NONE', #4595, 1000.000000000000114 ) ;
#2789 = EDGE_CURVE ( 'NONE', #4775, #2527, #4151, .T. ) ;
#2790 = DIRECTION ( 'NONE',  ( 0.0005383705042709668181, 0.9999703145309754015, 0.007686365462452108416 ) ) ;
#2791 = ADVANCED_FACE ( 'NONE', ( #3395 ), #1895, .T. ) ;
#2792 = LINE ( 'NONE', #2813, #3446 ) ;
#2793 = ORIENTED_EDGE ( 'NONE', *, *, #3595, .F. ) ;
#2794 = ORIENTED_EDGE ( 'NONE', *, *, #1550, .T. ) ;
#2795 = CARTESIAN_POINT ( 'NONE',  ( 0.08964202903416129686, 28.58353313614355429, 2.849272254974711593 ) ) ;
#2796 = DIRECTION ( 'NONE',  ( 0.0005383705042709668181, 0.9999703145309754015, 0.007686365462452108416 ) ) ;
#2797 = CIRCLE ( 'NONE', #4442, 3.049999999999844835 ) ;
#2798 = DIRECTION ( 'NONE',  ( -0.0003934186969051914665, -0.7359835675162860191, 0.6769992862387148591 ) ) ;
#2799 = CYLINDRICAL_SURFACE ( 'NONE', #3465, 3.050000000000020695 ) ;
#2800 = AXIS2_PLACEMENT_3D ( 'NONE', #2987, #757, #2005 ) ;
#2801 = CARTESIAN_POINT ( 'NONE',  ( 0.09360594401103998485, 35.94611573448013075, 2.905865435568524724 ) ) ;
#2802 = CARTESIAN_POINT ( 'NONE',  ( 0.07424213811048606393, -0.0002665978323726503341, 0.02948339395498833157 ) ) ;
#2803 = DIRECTION ( 'NONE',  ( 0.000000000000000000, -0.007686366576372156631, 0.9999704594481048092 ) ) ;
#2804 = ORIENTED_EDGE ( 'NONE', *, *, #4279, .T. ) ;
#2805 = ORIENTED_EDGE ( 'NONE', *, *, #1477, .T. ) ;
#2806 = EDGE_CURVE ( 'NONE', #1043, #4127, #2305, .T. ) ;
#2807 = CARTESIAN_POINT ( 'NONE',  ( 0.09360594401103967954, 35.98608484067726465, -2.293980953561657099 ) ) ;
#2808 = DIRECTION ( 'NONE',  ( 0.0003946991537760607700, 0.7383422518210134289, -0.6744260992788263520 ) ) ;
#2809 = DIRECTION ( 'NONE',  ( -0.0005383705042709668181, -0.9999703145309754015, -0.007686365462452108416 ) ) ;
#2810 = ORIENTED_EDGE ( 'NONE', *, *, #164, .T. ) ;
#2811 = VERTEX_POINT ( 'NONE', #3011 ) ;
#2812 = CARTESIAN_POINT ( 'NONE',  ( 0.09090736185838145522, 30.95374908599216823, 0.2674143341228925608 ) ) ;
#2813 = CARTESIAN_POINT ( 'NONE',  ( 0.08954797633509725685, 28.44880859490001868, -2.351916933234939222 ) ) ;
#2814 = ORIENTED_EDGE ( 'NONE', *, *, #1528, .T. ) ;
#2815 = VERTEX_POINT ( 'NONE', #478 ) ;
#2816 = AXIS2_PLACEMENT_3D ( 'NONE', #812, #3345, #79 ) ;
#2817 = CARTESIAN_POINT ( 'NONE',  ( 0.08090372065830775394, 12.39230208851268067, -2.390649135932796820 ) ) ;
#2818 = DIRECTION ( 'NONE',  ( 0.0005383705042709668181, 0.9999703145309754015, 0.007686365462452108416 ) ) ;
#2819 = ADVANCED_FACE ( 'NONE', ( #1961 ), #3437, .T. ) ;
#2820 = AXIS2_PLACEMENT_3D ( 'NONE', #1017, #4705, #3979 ) ;
#2821 = CARTESIAN_POINT ( 'NONE',  ( 0.07946551751917421691, 9.681753377491240542, 2.692208080136479165 ) ) ;
#2822 = CARTESIAN_POINT ( 'NONE',  ( 0.09324661691125153695, 35.32212892316896102, -2.749097806537192490 ) ) ;
#2823 = DIRECTION ( 'NONE',  ( 0.0004385684392865326795, 0.8190558181052874920, -0.5737136694254392211 ) ) ;
#2824 = DIRECTION ( 'NONE',  ( 0.0005383705042709668181, 0.9999703145309754015, 0.007686365462452108416 ) ) ;
#2825 = DIRECTION ( 'NONE',  ( 0.000000000000000000, -0.007686366576371077633, 0.9999704594481046982 ) ) ;
#2826 = CARTESIAN_POINT ( 'NONE',  ( 0.07768770933782022381, 6.399543415165832805, 0.07867613291468161796 ) ) ;
#2827 = ORIENTED_EDGE ( 'NONE', *, *, #833, .T. ) ;
#2828 = ORIENTED_EDGE ( 'NONE', *, *, #282, .T. ) ;
#2829 = EDGE_CURVE ( 'NONE', #3833, #3229, #3518, .T. ) ;
#2830 = DIRECTION ( 'NONE',  ( 0.000000000000000000, -0.007686366576371077633, 0.9999704594481046982 ) ) ;
#2831 = LINE ( 'NONE', #2402, #1355 ) ;
#2832 = ADVANCED_FACE ( 'NONE', ( #3074 ), #2707, .T. ) ;
#2833 = AXIS2_PLACEMENT_3D ( 'NONE', #2172, #4785, #1466 ) ;
#2834 = DIRECTION ( 'NONE',  ( 0.0005383705042709668181, 0.9999703145309754015, 0.007686365462452108416 ) ) ;
#2835 = ORIENTED_EDGE ( 'NONE', *, *, #3036, .F. ) ;
#2836 = EDGE_LOOP ( 'NONE', ( #2207, #4133, #2360, #2727 ) ) ;
#2837 = FACE_OUTER_BOUND ( 'NONE', #2186, .T. ) ;
#2838 = CIRCLE ( 'NONE', #2613, 2.588226473094630720 ) ;
#2839 = CARTESIAN_POINT ( 'NONE',  ( 0.09270824640698056840, 34.27527177252211743, 3.343035630633837130 ) ) ;
#2840 = EDGE_CURVE ( 'NONE', #3877, #1421, #2831, .T. ) ;
#2841 = ORIENTED_EDGE ( 'NONE', *, *, #2306, .T. ) ;
#2842 = ORIENTED_EDGE ( 'NONE', *, *, #172, .T. ) ;
#2843 = AXIS2_PLACEMENT_3D ( 'NONE', #3236, #2151, #1028 ) ;
#2844 = DIRECTION ( 'NONE',  ( 0.000000000000000000, -0.007686366576372131477, 0.9999704594481048092 ) ) ;
#2845 = VECTOR ( 'NONE', #3976, 1000.000000000000114 ) ;
#2846 = DIRECTION ( 'NONE',  ( 0.0005383705042709668181, 0.9999703145309754015, 0.007686365462452108416 ) ) ;
#2847 = LINE ( 'NONE', #2821, #58 ) ;
#2848 = CONICAL_SURFACE ( 'NONE', #687, 2.600000000000018741, 0.8229227423153433474 ) ;
#2849 = AXIS2_PLACEMENT_3D ( 'NONE', #80, #1552, #3025 ) ;
#2850 = EDGE_CURVE ( 'NONE', #180, #2036, #602, .T. ) ;
#2851 = DIRECTION ( 'NONE',  ( 0.0005383705042709668181, 0.9999703145309754015, 0.007686365462452108416 ) ) ;
#2852 = CARTESIAN_POINT ( 'NONE',  ( 0.09696137339072083416, 42.19848067537473923, 0.3538480164704669306 ) ) ;
#2853 = DIRECTION ( 'NONE',  ( 0.0005383705042709667097, 0.9999703145309752905, 0.007686365462452107548 ) ) ;
#2854 = CARTESIAN_POINT ( 'NONE',  ( 0.09190069065057375475, 32.77531630072565605, 3.331506082440055305 ) ) ;
#2855 = FACE_OUTER_BOUND ( 'NONE', #2317, .T. ) ;
#2856 = ORIENTED_EDGE ( 'NONE', *, *, #1312, .F. ) ;
#2857 = DIRECTION ( 'NONE',  ( 0.0005383705042709667097, 0.9999703145309752905, 0.007686365462452107548 ) ) ;
#2858 = EDGE_CURVE ( 'NONE', #759, #712, #4215, .T. ) ;
#2859 = DIRECTION ( 'NONE',  ( 0.000000000000000000, -0.007686366576371748104, 0.9999704594481048092 ) ) ;
#2860 = DIRECTION ( 'NONE',  ( 0.0005383705042709667097, 0.9999703145309752905, 0.007686365462452107548 ) ) ;
#2861 = ORIENTED_EDGE ( 'NONE', *, *, #2181, .T. ) ;
#2862 = ORIENTED_EDGE ( 'NONE', *, *, #2181, .F. ) ;
#2863 = VECTOR ( 'NONE', #2193, 1000.000000000000114 ) ;
#2864 = DIRECTION ( 'NONE',  ( 0.0005383705042709668181, 0.9999703145309754015, 0.007686365462452108416 ) ) ;
#2865 = FACE_OUTER_BOUND ( 'NONE', #3257, .T. ) ;
#2866 = EDGE_CURVE ( 'NONE', #3936, #180, #1970, .T. ) ;
#2867 = CARTESIAN_POINT ( 'NONE',  ( 0.09369326707880065719, 36.14827885918629846, -2.292734234050120445 ) ) ;
#2868 = VERTEX_POINT ( 'NONE', #4297 ) ;
#2869 = VERTEX_POINT ( 'NONE', #3096 ) ;
#2870 = AXIS2_PLACEMENT_3D ( 'NONE', #3474, #4202, #871 ) ;
#2871 = CONICAL_SURFACE ( 'NONE', #159, 2.600000000000031175, 0.8194320838110665806 ) ;
#2872 = CARTESIAN_POINT ( 'NONE',  ( 0.08121403614079492073, 12.92590555728554591, 3.178931728010132129 ) ) ;
#2873 = CYLINDRICAL_SURFACE ( 'NONE', #1224, 3.049999999999672085 ) ;
#2874 = DIRECTION ( 'NONE',  ( 0.000000000000000000, 0.007686366576370584104, -0.9999704594481048092 ) ) ;
#2875 = DIRECTION ( 'NONE',  ( 0.0005383705042709668181, 0.9999703145309754015, 0.007686365462452108416 ) ) ;
#2876 = DIRECTION ( 'NONE',  ( 0.000000000000000000, -0.007686366576371787135, 0.9999704594481048092 ) ) ;
#2877 = DIRECTION ( 'NONE',  ( 0.0005383705042709668181, 0.9999703145309754015, 0.007686365462452108416 ) ) ;
#2878 = CARTESIAN_POINT ( 'NONE',  ( 0.09226001775036225816, 33.46617450125125970, 0.2867263273473035778 ) ) ;
#2879 = ORIENTED_EDGE ( 'NONE', *, *, #2991, .T. ) ;
#2880 = EDGE_CURVE ( 'NONE', #3435, #1180, #1285, .T. ) ;
#2881 = AXIS2_PLACEMENT_3D ( 'NONE', #50, #3677, #1885 ) ;
#2882 = DIRECTION ( 'NONE',  ( 0.000000000000000000, -0.007686366576371490497, 0.9999704594481046982 ) ) ;
#2883 = CARTESIAN_POINT ( 'NONE',  ( 0.08682920528852887398, 23.35898940032146243, 2.809113310309787614 ) ) ;
#2884 = CARTESIAN_POINT ( 'NONE',  ( 0.09503919333947775938, 38.60823553931660967, 2.926328068736185006 ) ) ;
#2885 = ORIENTED_EDGE ( 'NONE', *, *, #2322, .T. ) ;
#2886 = ORIENTED_EDGE ( 'NONE', *, *, #3968, .T. ) ;
#2887 = EDGE_CURVE ( 'NONE', #1308, #4267, #1983, .T. ) ;
#2888 = DIRECTION ( 'NONE',  ( -0.0005383705042709668181, -0.9999703145309754015, -0.007686365462452108416 ) ) ;
#2889 = CARTESIAN_POINT ( 'NONE',  ( 0.09629779653239452231, 40.96595186023358082, 0.3443740683156943927 ) ) ;
#2890 = CARTESIAN_POINT ( 'NONE',  ( 0.09653067698730408153, 41.37659827900733234, 3.197614733527606834 ) ) ;
#2891 = ORIENTED_EDGE ( 'NONE', *, *, #2215, .T. ) ;
#2892 = VERTEX_POINT ( 'NONE', #3825 ) ;
#2893 = EDGE_CURVE ( 'NONE', #717, #1769, #3880, .T. ) ;
#2894 = CARTESIAN_POINT ( 'NONE',  ( 0.09696137339072083416, 42.19848067537473923, 0.3538480164704669306 ) ) ;
#2895 = LINE ( 'NONE', #1055, #4352 ) ;
#2896 = CARTESIAN_POINT ( 'NONE',  ( 0.08964202903416129686, 28.60351768924211768, 0.2493490604100191688 ) ) ;
#2897 = EDGE_CURVE ( 'NONE', #1655, #814, #964, .T. ) ;
#2898 = VECTOR ( 'NONE', #2188, 1000.000000000000114 ) ;
#2899 =( LENGTH_UNIT ( ) NAMED_UNIT ( * ) SI_UNIT ( .MILLI., .METRE. ) );
#2900 = AXIS2_PLACEMENT_3D ( 'NONE', #2187, #2569, #1794 ) ;
#2901 = DIRECTION ( 'NONE',  ( 0.000000000000000000, -0.007686366576371463609, 0.9999704594481046982 ) ) ;
#2902 = DIRECTION ( 'NONE',  ( 0.000000000000000000, 0.007686366576372133212, -0.9999704594481048092 ) ) ;
#2903 = DIRECTION ( 'NONE',  ( 0.0005383705042709668181, 0.9999703145309754015, 0.007686365462452108416 ) ) ;
#2904 = AXIS2_PLACEMENT_3D ( 'NONE', #4114, #2267, #3033 ) ;
#2905 = ORIENTED_EDGE ( 'NONE', *, *, #3356, .F. ) ;
#2906 = AXIS2_PLACEMENT_3D ( 'NONE', #3615, #303, #3644 ) ;
#2907 = SURFACE_SIDE_STYLE ('',( #3220 ) ) ;
#2908 = FACE_OUTER_BOUND ( 'NONE', #4266, .T. ) ;
#2909 = VERTEX_POINT ( 'NONE', #2755 ) ;
#2910 = EDGE_LOOP ( 'NONE', ( #3536, #1980, #4584, #280 ) ) ;
#2911 = PLANE ( 'NONE',  #1554 ) ;
#2912 = ADVANCED_FACE ( 'NONE', ( #4636 ), #3520, .T. ) ;
#2913 = DIRECTION ( 'NONE',  ( 0.000000000000000000, 0.007686366576371192992, -0.9999704594481046982 ) ) ;
#2914 = CARTESIAN_POINT ( 'NONE',  ( 0.09338120953731891827, 35.54867808374376636, 0.3027336861451605521 ) ) ;
#2915 = EDGE_LOOP ( 'NONE', ( #2505, #1622, #4631, #91 ) ) ;
#2916 = VERTEX_POINT ( 'NONE', #3852 ) ;
#2917 = CARTESIAN_POINT ( 'NONE',  ( 0.09360594401103967954, 35.96610028757869770, 0.3059422410034338680 ) ) ;
#2918 = ADVANCED_FACE ( 'NONE', ( #2729 ), #2034, .T. ) ;
#2919 = CARTESIAN_POINT ( 'NONE',  ( 0.08202159189720151233, 14.42586102908227019, 3.190461276203812258 ) ) ;
#2920 = EDGE_CURVE ( 'NONE', #3566, #3364, #2011, .T. ) ;
#2921 = CIRCLE ( 'NONE', #1917, 3.049999999999658318 ) ;
#2922 = ORIENTED_EDGE ( 'NONE', *, *, #3544, .F. ) ;
#2923 = CIRCLE ( 'NONE', #3231, 2.600000000000001421 ) ;
#2924 = AXIS2_PLACEMENT_3D ( 'NONE', #3710, #1796, #3637 ) ;
#2925 = VECTOR ( 'NONE', #252, 1000.000000000000000 ) ;
#2926 = DIRECTION ( 'NONE',  ( 0.0005383705042709668181, 0.9999703145309754015, 0.007686365462452108416 ) ) ;
#2927 = DIRECTION ( 'NONE',  ( 0.000000000000000000, -0.007686366576372115865, 0.9999704594481048092 ) ) ;
#2928 = EDGE_CURVE ( 'NONE', #1646, #3338, #3461, .T. ) ;
#2929 = ORIENTED_EDGE ( 'NONE', *, *, #3419, .T. ) ;
#2930 = ADVANCED_FACE ( 'NONE', ( #2782 ), #1446, .T. ) ;
#2931 = CARTESIAN_POINT ( 'NONE',  ( 0.09696137339072083416, 42.19848067537473923, 0.3538480164704669306 ) ) ;
#2932 = CIRCLE ( 'NONE', #2621, 3.049999999999844835 ) ;
#2933 = AXIS2_PLACEMENT_3D ( 'NONE', #4674, #3601, #567 ) ;
#2934 =( NAMED_UNIT ( * ) SI_UNIT ( $, .STERADIAN. ) SOLID_ANGLE_UNIT ( ) );
#2935 = DIRECTION ( 'NONE',  ( 0.000000000000000000, -0.007686366576372462810, 0.9999704594481048092 ) ) ;
#2936 = ORIENTED_EDGE ( 'NONE', *, *, #3421, .T. ) ;
#2937 = ORIENTED_EDGE ( 'NONE', *, *, #598, .F. ) ;
#2938 = CARTESIAN_POINT ( 'NONE',  ( 0.08986834199695083181, 29.02387178142912916, 0.2525801515026603328 ) ) ;
#2939 = CARTESIAN_POINT ( 'NONE',  ( 0.09100141455744550911, 31.12844273343284840, 0.2687571332027108295 ) ) ;
#2940 = CARTESIAN_POINT ( 'NONE',  ( 0.09427890714137837636, 37.19607862764384976, 2.915473392396586316 ) ) ;
#2941 = ORIENTED_EDGE ( 'NONE', *, *, #141, .T. ) ;
#2942 = ORIENTED_EDGE ( 'NONE', *, *, #634, .F. ) ;
#2943 = EDGE_CURVE ( 'NONE', #1437, #2892, #1329, .T. ) ;
#2944 = DIRECTION ( 'NONE',  ( 0.0005383705042709668181, 0.9999703145309754015, 0.007686365462452108416 ) ) ;
#2945 = DIRECTION ( 'NONE',  ( 0.0005383705042709668181, 0.9999703145309754015, 0.007686365462452108416 ) ) ;
#2946 = DIRECTION ( 'NONE',  ( 0.0005383705042709668181, 0.9999703145309754015, 0.007686365462452108416 ) ) ;
#2947 = DIRECTION ( 'NONE',  ( 0.0005383705042709668181, 0.9999703145309754015, 0.007686365462452108416 ) ) ;
#2948 = AXIS2_PLACEMENT_3D ( 'NONE', #2728, #3487, #2706 ) ;
#2949 = EDGE_LOOP ( 'NONE', ( #3030, #535, #686, #750 ) ) ;
#2950 = ADVANCED_FACE ( 'NONE', ( #2448 ), #3927, .T. ) ;
#2951 = CARTESIAN_POINT ( 'NONE',  ( 0.07362301203057454446, -1.150232459543010455, 0.02064407367316831513 ) ) ;
#2952 = DIRECTION ( 'NONE',  ( 0.0005383705042709668181, 0.9999703145309754015, 0.007686365462452108416 ) ) ;
#2953 = CARTESIAN_POINT ( 'NONE',  ( 0.09696137339072120886, 42.22192409343266917, -2.696061884846141510 ) ) ;
#2954 = ORIENTED_EDGE ( 'NONE', *, *, #3925, .T. ) ;
#2955 = ADVANCED_FACE ( 'NONE', ( #3557 ), #3195, .T. ) ;
#2956 = DIRECTION ( 'NONE',  ( 0.000000000000000000, -0.007686366576371325698, 0.9999704594481046982 ) ) ;
#2957 = DIRECTION ( 'NONE',  ( 0.0005383705042709668181, 0.9999703145309754015, 0.007686365462452108416 ) ) ;
#2958 = VERTEX_POINT ( 'NONE', #4609 ) ;
#2959 = EDGE_CURVE ( 'NONE', #4570, #4501, #295, .T. ) ;
#2960 = ORIENTED_EDGE ( 'NONE', *, *, #833, .F. ) ;
#2961 = EDGE_CURVE ( 'NONE', #3420, #1422, #626, .T. ) ;
#2962 = CARTESIAN_POINT ( 'NONE',  ( 0.09696137339072083416, 42.19848067537473923, 0.3538480164704669306 ) ) ;
#2963 = DIRECTION ( 'NONE',  ( 0.000000000000000000, -0.007686366576371027326, 0.9999704594481048092 ) ) ;
#2964 = CARTESIAN_POINT ( 'NONE',  ( 0.09696137339072083416, 42.17849612227617229, 2.953771211035459476 ) ) ;
#2965 = CIRCLE ( 'NONE', #3657, 3.496661811361257755 ) ;
#2966 = EDGE_LOOP ( 'NONE', ( #1080, #1256, #2284, #169 ) ) ;
#2967 = VECTOR ( 'NONE', #1121, 1000.000000000000114 ) ;
#2968 = ORIENTED_EDGE ( 'NONE', *, *, #3843, .F. ) ;
#2969 = DIRECTION ( 'NONE',  ( 0.000000000000000000, -0.007686366576372115865, 0.9999704594481048092 ) ) ;
#2970 = CARTESIAN_POINT ( 'NONE',  ( 0.09495187027171710092, 38.44604152080756165, 2.925081349224647020 ) ) ;
#2971 = DIRECTION ( 'NONE',  ( 0.0005383705042709668181, 0.9999703145309754015, 0.007686365462452108416 ) ) ;
#2972 = CARTESIAN_POINT ( 'NONE',  ( 0.09234734081812293049, 33.62836851976029351, 0.2879730468588412307 ) ) ;
#2973 = ORIENTED_EDGE ( 'NONE', *, *, #3756, .F. ) ;
#2974 = FACE_OUTER_BOUND ( 'NONE', #12, .T. ) ;
#2975 = CARTESIAN_POINT ( 'NONE',  ( 0.09696137339072083416, 42.19848067537473923, 0.3538480164704669306 ) ) ;
#2976 = DIRECTION ( 'NONE',  ( 0.000000000000000000, -0.007686366576372135814, 0.9999704594481048092 ) ) ;
#2977 = EDGE_CURVE ( 'NONE', #132, #2041, #2136, .T. ) ;
#2978 = ORIENTED_EDGE ( 'NONE', *, *, #2135, .T. ) ;
#2979 = FACE_OUTER_BOUND ( 'NONE', #2573, .T. ) ;
#2980 = ORIENTED_EDGE ( 'NONE', *, *, #3218, .T. ) ;
#2981 = EDGE_CURVE ( 'NONE', #2400, #1233, #4684, .T. ) ;
#2982 = ORIENTED_EDGE ( 'NONE', *, *, #481, .T. ) ;
#2983 = AXIS2_PLACEMENT_3D ( 'NONE', #4459, #2582, #4065 ) ;
#2984 = CARTESIAN_POINT ( 'NONE',  ( 0.09696137339072120886, 42.22192409343266917, -2.696061884846102874 ) ) ;
#2985 = AXIS2_PLACEMENT_3D ( 'NONE', #61, #103, #1582 ) ;
#2986 = CARTESIAN_POINT ( 'NONE',  ( 0.09158705462002353359, 32.21621160808752649, 0.2771183705192383773 ) ) ;
#2987 = CARTESIAN_POINT ( 'NONE',  ( 0.09503919333947775938, 38.62822009241517662, 0.3264048741711018109 ) ) ;
#2988 = ORIENTED_EDGE ( 'NONE', *, *, #3370, .F. ) ;
#2989 = ORIENTED_EDGE ( 'NONE', *, *, #2266, .F. ) ;
#2990 = AXIS2_PLACEMENT_3D ( 'NONE', #4624, #3915, #1319 ) ;
#2991 = EDGE_CURVE ( 'NONE', #799, #2868, #2279, .T. ) ;
#2992 = CYLINDRICAL_SURFACE ( 'NONE', #4737, 3.050000000000008260 ) ;
#2993 = EDGE_CURVE ( 'NONE', #2527, #4775, #2432, .T. ) ;
#2994 = DIRECTION ( 'NONE',  ( 0.000000000000000000, -0.007686366576372076834, 0.9999704594481048092 ) ) ;
#2995 = ORIENTED_EDGE ( 'NONE', *, *, #2742, .T. ) ;
#2996 = VECTOR ( 'NONE', #3228, 1000.000000000000000 ) ;
#2997 = DIRECTION ( 'NONE',  ( 0.000000000000000000, -0.007686366576372507045, 0.9999704594481048092 ) ) ;
#2998 = DIRECTION ( 'NONE',  ( -0.0005383705042709668181, -0.9999703145309754015, -0.007686365462452108416 ) ) ;
#2999 = EDGE_CURVE ( 'NONE', #1778, #2657, #3980, .T. ) ;
#3000 = ORIENTED_EDGE ( 'NONE', *, *, #1208, .F. ) ;
#3001 = CONICAL_SURFACE ( 'NONE', #2070, 2.600000000000028066, 0.8194320838113350325 ) ;
#3002 = AXIS2_PLACEMENT_3D ( 'NONE', #258, #1732, #3205 ) ;
#3003 = DIRECTION ( 'NONE',  ( 0.0005383705042709668181, 0.9999703145309754015, 0.007686365462452108416 ) ) ;
#3004 = AXIS2_PLACEMENT_3D ( 'NONE', #3455, #4580, #1254 ) ;
#3005 = CARTESIAN_POINT ( 'NONE',  ( 0.09696137339072083416, 42.19848067537473923, 0.3538480164704669306 ) ) ;
#3006 = ORIENTED_EDGE ( 'NONE', *, *, #3141, .T. ) ;
#3007 = AXIS2_PLACEMENT_3D ( 'NONE', #2426, #577, #2061 ) ;
#3008 = ORIENTED_EDGE ( 'NONE', *, *, #1616, .T. ) ;
#3009 = AXIS2_PLACEMENT_3D ( 'NONE', #3161, #3186, #2126 ) ;
#3010 = CARTESIAN_POINT ( 'NONE',  ( 0.08728416357645057966, 24.20057085362253346, 3.265595498599717317 ) ) ;
#3011 = CARTESIAN_POINT ( 'NONE',  ( 0.08646987818874073140, 22.73500258901028914, -2.845849931795690235 ) ) ;
#3012 = EDGE_LOOP ( 'NONE', ( #3656, #4193, #3517, #341 ) ) ;
#3013 = ORIENTED_EDGE ( 'NONE', *, *, #1321, .T. ) ;
#3014 = DIRECTION ( 'NONE',  ( 0.000000000000000000, -0.007686366576370701198, 0.9999704594481048092 ) ) ;
#3015 = DIRECTION ( 'NONE',  ( 0.0005383705042709667097, 0.9999703145309752905, 0.007686365462452107548 ) ) ;
#3016 = CARTESIAN_POINT ( 'NONE',  ( 0.09696137339072083416, 42.19848067537473923, 0.3538480164704669306 ) ) ;
#3017 = ORIENTED_EDGE ( 'NONE', *, *, #2086, .F. ) ;
#3018 = AXIS2_PLACEMENT_3D ( 'NONE', #2962, #4452, #1115 ) ;
#3019 = CARTESIAN_POINT ( 'NONE',  ( 0.09696137339072120886, 42.22192409343266917, -2.696061884846256085 ) ) ;
#3020 = DIRECTION ( 'NONE',  ( 0.0005383705042709668181, 0.9999703145309754015, 0.007686365462452108416 ) ) ;
#3021 = MANIFOLD_SOLID_BREP ( 'Revolve6', #4540 ) ;
#3022 = EDGE_LOOP ( 'NONE', ( #2310, #987, #495, #250 ) ) ;
#3023 = VECTOR ( 'NONE', #1950, 1000.000000000000114 ) ;
#3024 = CARTESIAN_POINT ( 'NONE',  ( 0.09190069065057375475, 32.79875971878359309, 0.2815961811234173329 ) ) ;
#3025 = DIRECTION ( 'NONE',  ( 0.000000000000000000, 0.007686366576370584104, -0.9999704594481048092 ) ) ;
#3026 = ORIENTED_EDGE ( 'NONE', *, *, #3646, .F. ) ;
#3027 = ORIENTED_EDGE ( 'NONE', *, *, #49, .T. ) ;
#3028 = DIRECTION ( 'NONE',  ( 0.0005383705042709668181, 0.9999703145309754015, 0.007686365462452108416 ) ) ;
#3029 = LINE ( 'NONE', #3785, #3999 ) ;
#3030 = ORIENTED_EDGE ( 'NONE', *, *, #1358, .T. ) ;
#3031 = CONICAL_SURFACE ( 'NONE', #2268, 2.600000000000028066, 0.8194320838113350325 ) ;
#3032 = ORIENTED_EDGE ( 'NONE', *, *, #3348, .F. ) ;
#3033 = DIRECTION ( 'NONE',  ( 0.000000000000000000, -0.007686366576372089844, 0.9999704594481048092 ) ) ;
#3034 = AXIS2_PLACEMENT_3D ( 'NONE', #3717, #2600, #2750 ) ;
#3035 = DIRECTION ( 'NONE',  ( 0.000000000000000000, -0.007686366576370610125, 0.9999704594481048092 ) ) ;
#3036 = EDGE_CURVE ( 'NONE', #3376, #128, #4706, .T. ) ;
#3037 = VERTEX_POINT ( 'NONE', #2570 ) ;
#3038 = EDGE_CURVE ( 'NONE', #3922, #2036, #1513, .T. ) ;
#3039 = EDGE_CURVE ( 'NONE', #2180, #2036, #1434, .T. ) ;
#3040 = FACE_OUTER_BOUND ( 'NONE', #3543, .T. ) ;
#3041 = DIRECTION ( 'NONE',  ( 0.0005383705042709668181, 0.9999703145309754015, 0.007686365462452108416 ) ) ;
#3042 = ORIENTED_EDGE ( 'NONE', *, *, #2669, .T. ) ;
#3043 = CARTESIAN_POINT ( 'NONE',  ( 0.09696137339072083416, 42.19848067537473923, 0.3538480164704669306 ) ) ;
#3044 = EDGE_CURVE ( 'NONE', #3727, #1589, #4069, .T. ) ;
#3045 = CARTESIAN_POINT ( 'NONE',  ( 0.08886828357345516460, 27.14637696660753718, 2.838225419498785485 ) ) ;
#3046 = FACE_OUTER_BOUND ( 'NONE', #1025, .T. ) ;
#3047 = EDGE_LOOP ( 'NONE', ( #4656, #3409, #3319, #3354 ) ) ;
#3048 = ORIENTED_EDGE ( 'NONE', *, *, #228, .T. ) ;
#3049 = LINE ( 'NONE', #4474, #1478 ) ;
#3050 = CARTESIAN_POINT ( 'NONE',  ( 0.08159685889820424143, 13.68101393846491298, -2.546713916775708686 ) ) ;
#3051 = AXIS2_PLACEMENT_3D ( 'NONE', #4084, #3278, #2963 ) ;
#3052 = ORIENTED_EDGE ( 'NONE', *, *, #4258, .F. ) ;
#3053 = EDGE_LOOP ( 'NONE', ( #4009, #281, #3886, #4110 ) ) ;
#3054 = AXIS2_PLACEMENT_3D ( 'NONE', #2812, #2039, #4302 ) ;
#3055 = ADVANCED_FACE ( 'NONE', ( #1814 ), #3512, .T. ) ;
#3056 = VECTOR ( 'NONE', #1625, 1000.000000000000114 ) ;
#3057 = CARTESIAN_POINT ( 'NONE',  ( 0.08016539917472648158, 11.00160884383638837, 0.1140503397814820047 ) ) ;
#3058 = DIRECTION ( 'NONE',  ( 0.000000000000000000, 0.007686366576371192125, -0.9999704594481046982 ) ) ;
#3059 = EDGE_LOOP ( 'NONE', ( #4437, #3829 ) ) ;
#3060 = CIRCLE ( 'NONE', #3685, 3.050000000000017142 ) ;
#3061 = EDGE_CURVE ( 'NONE', #2041, #1422, #4766, .T. ) ;
#3062 = TOROIDAL_SURFACE ( 'NONE', #4699, 2.524242148869762392, 4.000000000000000888 ) ;
#3063 = DIRECTION ( 'NONE',  ( 0.0003675112634932367226, 0.6882329383424812264, -0.7254896880838112017 ) ) ;
#3064 = LINE ( 'NONE', #2391, #2236 ) ;
#3065 = CARTESIAN_POINT ( 'NONE',  ( 0.09054803475859293793, 30.26289088546655393, 3.312194089215548587 ) ) ;
#3066 = CIRCLE ( 'NONE', #133, 3.324242148869728908 ) ;
#3067 = DIRECTION ( 'NONE',  ( 0.000000000000000000, -0.007686366576372128875, 0.9999704594481048092 ) ) ;
#3068 = DIRECTION ( 'NONE',  ( 0.0003500007916671753878, 0.6559324820035159487, -0.7548194860707776455 ) ) ;
#3069 = CARTESIAN_POINT ( 'NONE',  ( 0.07362301203057454446, -1.150232459543010455, 0.02064407367316831513 ) ) ;
#3070 = EDGE_LOOP ( 'NONE', ( #251, #3280, #2968, #2300 ) ) ;
#3071 = ORIENTED_EDGE ( 'NONE', *, *, #1758, .T. ) ;
#3072 = CARTESIAN_POINT ( 'NONE',  ( 0.09472713579799632577, 38.04860387007120437, 0.3219495998012907867 ) ) ;
#3073 = AXIS2_PLACEMENT_3D ( 'NONE', #3584, #2834, #249 ) ;
#3074 = FACE_OUTER_BOUND ( 'NONE', #1604, .T. ) ;
#3075 = VERTEX_POINT ( 'NONE', #993 ) ;
#3076 = VERTEX_POINT ( 'NONE', #3956 ) ;
#3077 = AXIS2_PLACEMENT_3D ( 'NONE', #3838, #4596, #4622 ) ;
#3078 = VECTOR ( 'NONE', #310, 1000.000000000000114 ) ;
#3079 = DIRECTION ( 'NONE',  ( 0.000000000000000000, -0.007686366576372101120, 0.9999704594481048092 ) ) ;
#3080 = CYLINDRICAL_SURFACE ( 'NONE', #503, 3.049999999999812861 ) ;
#3081 = AXIS2_PLACEMENT_3D ( 'NONE', #3266, #4070, #404 ) ;
#3082 = VERTEX_POINT ( 'NONE', #2883 ) ;
#3083 = CARTESIAN_POINT ( 'NONE',  ( 0.09562483340205579774, 39.71598896706984050, 0.3347661114876291366 ) ) ;
#3084 = DIRECTION ( 'NONE',  ( -0.0005383705042709668181, -0.9999703145309754015, -0.007686365462452108416 ) ) ;
#3085 = CARTESIAN_POINT ( 'NONE',  ( 0.08090372065830743475, 12.37296845641618503, 0.1245914238612419872 ) ) ;
#3086 = CONICAL_SURFACE ( 'NONE', #4182, 3.258123115929019153, 0.03263765701241265471 ) ;
#3087 = DIRECTION ( 'NONE',  ( 0.0005383705042709668181, 0.9999703145309754015, 0.007686365462452108416 ) ) ;
#3088 = DIRECTION ( 'NONE',  ( 0.000000000000000000, 0.007686366576372079436, -0.9999704594481048092 ) ) ;
#3089 = LINE ( 'NONE', #144, #3313 ) ;
#3090 = DIRECTION ( 'NONE',  ( 0.000000000000000000, -0.007686366576370053279, 0.9999704594481048092 ) ) ;
#3091 = AXIS2_PLACEMENT_3D ( 'NONE', #739, #4066, #4750 ) ;
#3092 = ORIENTED_EDGE ( 'NONE', *, *, #2413, .T. ) ;
#3093 = VECTOR ( 'NONE', #937, 1000.000000000000114 ) ;
#3094 = ORIENTED_EDGE ( 'NONE', *, *, #111, .F. ) ;
#3095 = DIRECTION ( 'NONE',  ( 0.0005383705042709667097, 0.9999703145309752905, 0.007686365462452107548 ) ) ;
#3096 = CARTESIAN_POINT ( 'NONE',  ( 0.09459254317192895833, 37.82205470949639192, -2.729881892881054650 ) ) ;
#3097 = EDGE_CURVE ( 'NONE', #2040, #3076, #1893, .T. ) ;
#3098 = ADVANCED_FACE ( 'NONE', ( #429 ), #568, .T. ) ;
#3099 = EDGE_LOOP ( 'NONE', ( #1338, #3413, #1753, #870 ) ) ;
#3100 = ORIENTED_EDGE ( 'NONE', *, *, #2739, .T. ) ;
#3101 = CARTESIAN_POINT ( 'NONE',  ( 0.09593846943260600502, 40.27509365970797717, 3.389153823408531441 ) ) ;
#3102 = DIRECTION ( 'NONE',  ( 0.000000000000000000, -0.007686366576372067293, 0.9999704594481048092 ) ) ;
#3103 = ADVANCED_FACE ( 'NONE', ( #774 ), #2258, .T. ) ;
#3104 = EDGE_LOOP ( 'NONE', ( #2960, #4402, #3847, #3258 ) ) ;
#3105 = ORIENTED_EDGE ( 'NONE', *, *, #3339, .T. ) ;
#3106 = VECTOR ( 'NONE', #2775, 1000.000000000000114 ) ;
#3107 = CARTESIAN_POINT ( 'NONE',  ( 0.07731084998483053750, 5.699564194994143129, 0.07329567709096507233 ) ) ;
#3108 = CARTESIAN_POINT ( 'NONE',  ( 0.09203528327664149689, 33.04875229741632836, 0.2835177724890302620 ) ) ;
#3109 = LINE ( 'NONE', #4255, #4335 ) ;
#3110 = LINE ( 'NONE', #1273, #1750 ) ;
#3111 = ADVANCED_FACE ( 'NONE', ( #2979 ), #2590, .T. ) ;
#3112 = CARTESIAN_POINT ( 'NONE',  ( 0.08159685889820424143, 13.66040463329521160, 0.1344874225936801559 ) ) ;
#3113 = CARTESIAN_POINT ( 'NONE',  ( 0.07806456869080991012, 7.079644278749883668, 2.670163974134431406 ) ) ;
#3114 = CARTESIAN_POINT ( 'NONE',  ( 0.09696137339072083416, 42.17849612227617229, 2.953771211035464805 ) ) ;
#3115 = EDGE_CURVE ( 'NONE', #3936, #3778, #3801, .T. ) ;
#3116 = CARTESIAN_POINT ( 'NONE',  ( 0.09696137339072083416, 42.19848067537473923, 0.3538480164704669306 ) ) ;
#3117 = ORIENTED_EDGE ( 'NONE', *, *, #4717, .F. ) ;
#3118 = ORIENTED_EDGE ( 'NONE', *, *, #907, .T. ) ;
#3119 = DIRECTION ( 'NONE',  ( 0.000000000000000000, -0.007686366576371841779, 0.9999704594481048092 ) ) ;
#3120 = DIRECTION ( 'NONE',  ( 0.000000000000000000, -0.007686366576372102855, 0.9999704594481048092 ) ) ;
#3121 = VERTEX_POINT ( 'NONE', #1869 ) ;
#3122 = EDGE_LOOP ( 'NONE', ( #3165, #2013, #823, #447 ) ) ;
#3123 = CIRCLE ( 'NONE', #873, 2.600000000000041833 ) ;
#3124 = DIRECTION ( 'NONE',  ( 0.000000000000000000, -0.007686366576371624938, 0.9999704594481046982 ) ) ;
#3125 = CONICAL_SURFACE ( 'NONE', #3676, 2.600000000000018741, 0.8229227423153433474 ) ;
#3126 = CYLINDRICAL_SURFACE ( 'NONE', #1129, 2.850000000000002753 ) ;
#3127 = ORIENTED_EDGE ( 'NONE', *, *, #2977, .T. ) ;
#3128 = CIRCLE ( 'NONE', #3246, 3.049999999999616573 ) ;
#3129 = VERTEX_POINT ( 'NONE', #793 ) ;
#3130 = ADVANCED_FACE ( 'NONE', ( #1202 ), #1586, .T. ) ;
#3131 = DIRECTION ( 'NONE',  ( 0.0005383705042709668181, 0.9999703145309754015, 0.007686365462452108416 ) ) ;
#3132 = LINE ( 'NONE', #2000, #229 ) ;
#3133 = LINE ( 'NONE', #4597, #3835 ) ;
#3134 = CIRCLE ( 'NONE', #744, 3.050000000000013145 ) ;
#3135 = FACE_OUTER_BOUND ( 'NONE', #4513, .T. ) ;
#3136 = CARTESIAN_POINT ( 'NONE',  ( 0.08557483722538988813, 21.02904205351538636, 2.801861633833545362 ) ) ;
#3137 = DIRECTION ( 'NONE',  ( 0.0005383705042709668181, 0.9999703145309754015, 0.007686365462452108416 ) ) ;
#3138 = DIRECTION ( 'NONE',  ( 0.0005383705042709668181, 0.9999703145309754015, 0.007686365462452108416 ) ) ;
#3139 = EDGE_LOOP ( 'NONE', ( #1000, #4157, #2241, #2475 ) ) ;
#3140 = ORIENTED_EDGE ( 'NONE', *, *, #4614, .F. ) ;
#3141 = EDGE_CURVE ( 'NONE', #268, #4272, #1738, .T. ) ;
#3142 = CIRCLE ( 'NONE', #131, 3.049999999999812861 ) ;
#3143 = CYLINDRICAL_SURFACE ( 'NONE', #18, 3.049999999999902567 ) ;
#3144 = DIRECTION ( 'NONE',  ( 0.0005383705042709667097, 0.9999703145309752905, 0.007686365462452107548 ) ) ;
#3145 = DIRECTION ( 'NONE',  ( 0.000000000000000000, -0.007686366576369910164, 0.9999704594481048092 ) ) ;
#3146 = ORIENTED_EDGE ( 'NONE', *, *, #3333, .T. ) ;
#3147 = ORIENTED_EDGE ( 'NONE', *, *, #4556, .F. ) ;
#3148 = AXIS2_PLACEMENT_3D ( 'NONE', #3016, #4507, #1499 ) ;
#3149 = CARTESIAN_POINT ( 'NONE',  ( 0.09526550630226766903, 39.07201760266011092, -2.720273936052985064 ) ) ;
#3150 = DIRECTION ( 'NONE',  ( -0.0003766781054527943112, -0.6941508717558017016, -0.7198294418501269831 ) ) ;
#3151 = ORIENTED_EDGE ( 'NONE', *, *, #162, .T. ) ;
#3152 = AXIS2_PLACEMENT_3D ( 'NONE', #3631, #1453, #4702 ) ;
#3153 = EDGE_LOOP ( 'NONE', ( #3647, #127, #2265, #1627 ) ) ;
#3154 = CYLINDRICAL_SURFACE ( 'NONE', #2227, 3.049999999999823519 ) ;
#3155 = CIRCLE ( 'NONE', #75, 2.599999999999999645 ) ;
#3156 = CIRCLE ( 'NONE', #689, 2.600000000000010303 ) ;
#3157 = DIRECTION ( 'NONE',  ( 0.0005383705042709668181, 0.9999703145309754015, 0.007686365462452108416 ) ) ;
#3158 = EDGE_CURVE ( 'NONE', #1803, #2180, #4462, .T. ) ;
#3159 = DIRECTION ( 'NONE',  ( 0.0003946991537759025307, 0.7278875427733294545, 0.6856964118966807353 ) ) ;
#3160 = DIRECTION ( 'NONE',  ( 0.000000000000000000, 0.007686366576372103722, -0.9999704594481048092 ) ) ;
#3161 = CARTESIAN_POINT ( 'NONE',  ( 0.07362301203057454446, -1.182317214877762757, 4.194762913126114157 ) ) ;
#3162 = LINE ( 'NONE', #1715, #1327 ) ;
#3163 = LINE ( 'NONE', #933, #3233 ) ;
#3164 = CYLINDRICAL_SURFACE ( 'NONE', #3452, 2.600000000000014744 ) ;
#3165 = ORIENTED_EDGE ( 'NONE', *, *, #1818, .F. ) ;
#3166 = CARTESIAN_POINT ( 'NONE',  ( 0.08750889805017098011, 24.64143647551538407, 0.2188941521411635893 ) ) ;
#3167 = CARTESIAN_POINT ( 'NONE',  ( 0.08750889805017098011, 24.64143647551538407, 0.2188941521411635893 ) ) ;
#3168 = CIRCLE ( 'NONE', #3794, 3.049999999999668532 ) ;
#3169 = FACE_OUTER_BOUND ( 'NONE', #4178, .T. ) ;
#3170 = ORIENTED_EDGE ( 'NONE', *, *, #2562, .T. ) ;
#3171 = ORIENTED_EDGE ( 'NONE', *, *, #2308, .F. ) ;
#3172 = FACE_OUTER_BOUND ( 'NONE', #3692, .T. ) ;
#3173 = EDGE_CURVE ( 'NONE', #1824, #1803, #3751, .T. ) ;
#3174 = LINE ( 'NONE', #4591, #3299 ) ;
#3175 = ORIENTED_EDGE ( 'NONE', *, *, #4373, .T. ) ;
#3176 = ORIENTED_EDGE ( 'NONE', *, *, #4664, .T. ) ;
#3177 = AXIS2_PLACEMENT_3D ( 'NONE', #801, #4179, #2245 ) ;
#3178 = FACE_OUTER_BOUND ( 'NONE', #549, .T. ) ;
#3179 = EDGE_CURVE ( 'NONE', #1043, #1412, #3123, .T. ) ;
#3180 = CARTESIAN_POINT ( 'NONE',  ( 0.09226001775036256347, 33.44618994815269275, 2.886649521912403316 ) ) ;
#3181 = DIRECTION ( 'NONE',  ( 0.000000000000000000, -0.007686366576370653493, 0.9999704594481048092 ) ) ;
#3182 = CONICAL_SURFACE ( 'NONE', #2109, 2.600000000000027178, 0.8229227423153433474 ) ;
#3183 = FACE_OUTER_BOUND ( 'NONE', #2220, .T. ) ;
#3184 = EDGE_CURVE ( 'NONE', #787, #2630, #4530, .T. ) ;
#3185 = DIRECTION ( 'NONE',  ( 0.0005383705042709667097, 0.9999703145309752905, 0.007686365462452107548 ) ) ;
#3186 = DIRECTION ( 'NONE',  ( -0.9999998550785896834, 0.0005383546005091465348, 4.138113049732464578E-06 ) ) ;
#3187 = AXIS2_PLACEMENT_3D ( 'NONE', #2577, #1024, #2484 ) ;
#3188 = DIRECTION ( 'NONE',  ( -0.0004592816190789629212, -0.8490600863112410801, -0.5282960901743851689 ) ) ;
#3189 = DIRECTION ( 'NONE',  ( 0.0005383705042709668181, 0.9999703145309754015, 0.007686365462452108416 ) ) ;
#3190 = CARTESIAN_POINT ( 'NONE',  ( 0.09696137339072083416, 42.17849612227617229, 2.953771211035558508 ) ) ;
#3191 = ORIENTED_EDGE ( 'NONE', *, *, #3858, .T. ) ;
#3192 = ORIENTED_EDGE ( 'NONE', *, *, #3758, .F. ) ;
#3193 = EDGE_CURVE ( 'NONE', #3420, #132, #47, .T. ) ;
#3194 = LINE ( 'NONE', #4738, #1044 ) ;
#3195 = CYLINDRICAL_SURFACE ( 'NONE', #115, 2.600000000000019185 ) ;
#3196 = DIRECTION ( 'NONE',  ( 0.0005383705042709668181, 0.9999703145309754015, 0.007686365462452108416 ) ) ;
#3197 = ORIENTED_EDGE ( 'NONE', *, *, #3287, .T. ) ;
#3198 = ORIENTED_EDGE ( 'NONE', *, *, #905, .T. ) ;
#3199 = DIRECTION ( 'NONE',  ( 0.000000000000000000, -0.007686366576372131477, 0.9999704594481048092 ) ) ;
#3200 = CARTESIAN_POINT ( 'NONE',  ( 0.09571215646981677538, 39.89816753867744836, -2.263910363565909467 ) ) ;
#3201 = VERTEX_POINT ( 'NONE', #4515 ) ;
#3202 = EDGE_LOOP ( 'NONE', ( #2062, #3541, #46, #469 ) ) ;
#3203 = ADVANCED_FACE ( 'NONE', ( #1576 ), #1177, .T. ) ;
#3204 = VECTOR ( 'NONE', #1135, 1000.000000000000114 ) ;
#3205 = DIRECTION ( 'NONE',  ( 0.000000000000000000, 0.007686366576370552012, -0.9999704594481048092 ) ) ;
#3206 = DIRECTION ( 'NONE',  ( 0.0005383705042709668181, 0.9999703145309754015, 0.007686365462452108416 ) ) ;
#3207 = CIRCLE ( 'NONE', #4216, 3.050000000000095746 ) ;
#3208 = CARTESIAN_POINT ( 'NONE',  ( 0.09068262738466068007, 30.53632688215724755, 0.2642057792646193004 ) ) ;
#3209 = EDGE_CURVE ( 'NONE', #3082, #1233, #2297, .T. ) ;
#3210 = AXIS2_PLACEMENT_3D ( 'NONE', #1238, #4132, #1918 ) ;
#3211 = CARTESIAN_POINT ( 'NONE',  ( 0.09022766909673934910, 29.69128656389681709, 0.2577102977265467998 ) ) ;
#3212 = DIRECTION ( 'NONE',  ( 0.0005383705042709668181, 0.9999703145309754015, 0.007686365462452108416 ) ) ;
#3213 = LINE ( 'NONE', #2028, #791 ) ;
#3214 = CARTESIAN_POINT ( 'NONE',  ( 0.08796385633809267190, 25.46303337571788816, 3.275299534996053197 ) ) ;
#3215 = LINE ( 'NONE', #2520, #4088 ) ;
#3216 = ORIENTED_EDGE ( 'NONE', *, *, #1489, .T. ) ;
#3217 = VECTOR ( 'NONE', #1759, 1000.000000000000114 ) ;
#3218 = EDGE_CURVE ( 'NONE', #4134, #1438, #4212, .T. ) ;
#3219 = LINE ( 'NONE', #1089, #3290 ) ;
#3220 = SURFACE_STYLE_FILL_AREA ( #3681 ) ;
#3221 = VECTOR ( 'NONE', #253, 1000.000000000000114 ) ;
#3222 = LINE ( 'NONE', #317, #4555 ) ;
#3223 = ORIENTED_EDGE ( 'NONE', *, *, #1377, .F. ) ;
#3224 = EDGE_LOOP ( 'NONE', ( #2886, #292, #2032, #3718 ) ) ;
#3225 = DIRECTION ( 'NONE',  ( 0.000000000000000000, -0.007686366576371913770, 0.9999704594481046982 ) ) ;
#3226 = AXIS2_PLACEMENT_3D ( 'NONE', #3116, #1717, #1645 ) ;
#3227 = CARTESIAN_POINT ( 'NONE',  ( 0.09696137339072083416, 42.17503725731680930, 3.403757917786858211 ) ) ;
#3228 = DIRECTION ( 'NONE',  ( -0.0003661357369576276441, -0.6744259999067421241, -0.7383423573075116320 ) ) ;
#3229 = VERTEX_POINT ( 'NONE', #3045 ) ;
#3230 = ORIENTED_EDGE ( 'NONE', *, *, #3036, .T. ) ;
#3231 = AXIS2_PLACEMENT_3D ( 'NONE', #1005, #2846, #4339 ) ;
#3232 = CARTESIAN_POINT ( 'NONE',  ( 0.08624356522595114094, 22.31118963186390047, -2.399094316136469285 ) ) ;
#3233 = VECTOR ( 'NONE', #521, 1000.000000000000114 ) ;
#3234 = CIRCLE ( 'NONE', #682, 2.600000000000023181 ) ;
#3235 = CARTESIAN_POINT ( 'NONE',  ( 0.09607306205867412185, 40.52508623834071955, 3.391075414774141539 ) ) ;
#3236 = CARTESIAN_POINT ( 'NONE',  ( 0.09696137339072083416, 42.19848067537473923, 0.3538480164704669306 ) ) ;
#3237 = DIRECTION ( 'NONE',  ( 0.000000000000000000, -0.007686366576371526059, 0.9999704594481046982 ) ) ;
#3238 = AXIS2_PLACEMENT_3D ( 'NONE', #114, #3448, #1592 ) ;
#3239 = VECTOR ( 'NONE', #4700, 1000.000000000000114 ) ;
#3240 = CARTESIAN_POINT ( 'NONE',  ( 0.09562483340205611693, 39.69600441397127355, 2.934689306052710833 ) ) ;
#3241 = DIRECTION ( 'NONE',  ( 0.000000000000000000, -0.007686366576371077633, 0.9999704594481046982 ) ) ;
#3242 = CARTESIAN_POINT ( 'NONE',  ( 0.08016539917472678689, 11.02150290129126198, -2.474099675674699128 ) ) ;
#3243 = CARTESIAN_POINT ( 'NONE',  ( 0.09696137339072084804, 42.21713707875341726, -2.073287363144199702 ) ) ;
#3244 = AXIS2_PLACEMENT_3D ( 'NONE', #667, #2154, #3629 ) ;
#3245 = ORIENTED_EDGE ( 'NONE', *, *, #607, .T. ) ;
#3246 = AXIS2_PLACEMENT_3D ( 'NONE', #2938, #4714, #3587 ) ;
#3247 = CYLINDRICAL_SURFACE ( 'NONE', #4303, 3.049999999999889244 ) ;
#3248 = DIRECTION ( 'NONE',  ( -0.0005383705042709668181, -0.9999703145309754015, -0.007686365462452108416 ) ) ;
#3249 = DIRECTION ( 'NONE',  ( -0.0005383705042709668181, -0.9999703145309754015, -0.007686365462452108416 ) ) ;
#3250 = ORIENTED_EDGE ( 'NONE', *, *, #1581, .F. ) ;
#3251 = ORIENTED_EDGE ( 'NONE', *, *, #4520, .T. ) ;
#3252 = CONICAL_SURFACE ( 'NONE', #1158, 2.588226473094626279, 0.7958701389078310928 ) ;
#3253 = CARTESIAN_POINT ( 'NONE',  ( 0.07709550178312216118, 5.299576069181764382, 0.07022113090598426643 ) ) ;
#3254 = CARTESIAN_POINT ( 'NONE',  ( 0.07433904480125512471, 0.1991303092669139130, -2.493300641625337821 ) ) ;
#3255 = AXIS2_PLACEMENT_3D ( 'NONE', #846, #2628, #1518 ) ;
#3256 = DIRECTION ( 'NONE',  ( 0.0005383705042709668181, 0.9999703145309754015, 0.007686365462452108416 ) ) ;
#3257 = EDGE_LOOP ( 'NONE', ( #2758, #3909, #4562, #4517 ) ) ;
#3258 = ORIENTED_EDGE ( 'NONE', *, *, #2377, .F. ) ;
#3259 = AXIS2_PLACEMENT_3D ( 'NONE', #4141, #445, #1999 ) ;
#3260 = CIRCLE ( 'NONE', #4183, 3.050000000000013145 ) ;
#3261 = ADVANCED_FACE ( 'NONE', ( #4446 ), #3850, .T. ) ;
#3262 = DIRECTION ( 'NONE',  ( 0.000000000000000000, -0.007686366576372507045, 0.9999704594481048092 ) ) ;
#3263 = ADVANCED_FACE ( 'NONE', ( #3874 ), #2615, .T. ) ;
#3264 = CARTESIAN_POINT ( 'NONE',  ( 0.09234734081812293049, 33.62836851976029351, 0.2879730468588412307 ) ) ;
#3265 = EDGE_CURVE ( 'NONE', #2958, #787, #3089, .T. ) ;
#3266 = CARTESIAN_POINT ( 'NONE',  ( 0.08016539917472648158, 11.00160884383638837, 0.1140503397814820047 ) ) ;
#3267 = CARTESIAN_POINT ( 'NONE',  ( 0.09653067698730408153, 41.39850442374999062, 0.3476989241005055131 ) ) ;
#3268 = DIRECTION ( 'NONE',  ( 0.000000000000000000, -0.007686366576371582437, 0.9999704594481046982 ) ) ;
#3269 = FACE_OUTER_BOUND ( 'NONE', #1482, .T. ) ;
#3270 = ORIENTED_EDGE ( 'NONE', *, *, #207, .T. ) ;
#3271 = ADVANCED_FACE ( 'NONE', ( #4559 ), #3542, .T. ) ;
#3272 = CONICAL_SURFACE ( 'NONE', #406, 2.599999999999674571, 0.8194320838113239303 ) ;
#3273 = CARTESIAN_POINT ( 'NONE',  ( 0.08964202903416129686, 28.58353313614355429, 2.849272254974712926 ) ) ;
#3274 = CARTESIAN_POINT ( 'NONE',  ( 0.08864354909973440333, 26.74893931587117990, 0.2350936700755819619 ) ) ;
#3275 = ORIENTED_EDGE ( 'NONE', *, *, #2999, .F. ) ;
#3276 = VERTEX_POINT ( 'NONE', #546 ) ;
#3277 = DIRECTION ( 'NONE',  ( 0.000000000000000000, -0.007686366576371582437, 0.9999704594481046982 ) ) ;
#3278 = DIRECTION ( 'NONE',  ( 0.0005383705042709668181, 0.9999703145309754015, 0.007686365462452108416 ) ) ;
#3279 = DIRECTION ( 'NONE',  ( 0.0005383705042709667097, 0.9999703145309752905, 0.007686365462452107548 ) ) ;
#3280 = ORIENTED_EDGE ( 'NONE', *, *, #2999, .T. ) ;
#3281 = ORIENTED_EDGE ( 'NONE', *, *, #1199, .T. ) ;
#3282 = ADVANCED_FACE ( 'NONE', ( #1690 ), #1324, .T. ) ;
#3283 = LINE ( 'NONE', #4385, #257 ) ;
#3284 = CARTESIAN_POINT ( 'NONE',  ( 0.07806456869081022931, 7.119400991925161293, -2.502050796657635523 ) ) ;
#3285 = ORIENTED_EDGE ( 'NONE', *, *, #1390, .F. ) ;
#3286 = ADVANCED_FACE ( 'NONE', ( #4263 ), #2683, .T. ) ;
#3287 = EDGE_CURVE ( 'NONE', #3276, #3505, #3163, .T. ) ;
#3288 = AXIS2_PLACEMENT_3D ( 'NONE', #748, #121, #2614 ) ;
#3289 = CARTESIAN_POINT ( 'NONE',  ( 0.08818859081181305848, 25.88391444451218604, 2.828521383102450049 ) ) ;
#3290 = VECTOR ( 'NONE', #674, 1000.000000000000114 ) ;
#3291 = FACE_OUTER_BOUND ( 'NONE', #623, .T. ) ;
#3292 = ORIENTED_EDGE ( 'NONE', *, *, #3158, .F. ) ;
#3293 = AXIS2_PLACEMENT_3D ( 'NONE', #2939, #3328, #4400 ) ;
#3294 = DIRECTION ( 'NONE',  ( 0.0005383705042709668181, 0.9999703145309754015, 0.007686365462452108416 ) ) ;
#3295 = DIRECTION ( 'NONE',  ( 0.000000000000000000, 0.007686366576371192125, -0.9999704594481046982 ) ) ;
#3296 = CARTESIAN_POINT ( 'NONE',  ( 0.08682920528852887398, 23.37897395342002937, 0.2091901157448178006 ) ) ;
#3297 = VERTEX_POINT ( 'NONE', #3820 ) ;
#3298 = EDGE_LOOP ( 'NONE', ( #1205, #4201, #4393, #942 ) ) ;
#3299 = VECTOR ( 'NONE', #3467, 1000.000000000000114 ) ;
#3300 = EDGE_CURVE ( 'NONE', #1500, #1240, #1994, .T. ) ;
#3301 = DIRECTION ( 'NONE',  ( 0.000000000000000000, -0.007686366576372045609, 0.9999704594481046982 ) ) ;
#3302 = VECTOR ( 'NONE', #2144, 1000.000000000000000 ) ;
#3303 = CARTESIAN_POINT ( 'NONE',  ( 0.08818859081181307236, 25.92388355070931283, -2.371325006027655391 ) ) ;
#3304 = EDGE_CURVE ( 'NONE', #3822, #2038, #3622, .T. ) ;
#3305 = ORIENTED_EDGE ( 'NONE', *, *, #3038, .F. ) ;
#3306 = ORIENTED_EDGE ( 'NONE', *, *, #1282, .F. ) ;
#3307 = AXIS2_PLACEMENT_3D ( 'NONE', #4703, #1766, #3977 ) ;
#3308 = CARTESIAN_POINT ( 'NONE',  ( 0.07600523060178093759, 3.300055817285977966, -3.269488720468872955 ) ) ;
#3309 = DIRECTION ( 'NONE',  ( 0.0005383705042709667097, 0.9999703145309752905, 0.007686365462452107548 ) ) ;
#3310 = DIRECTION ( 'NONE',  ( 0.0005383705042709668181, 0.9999703145309754015, 0.007686365462452108416 ) ) ;
#3311 = VERTEX_POINT ( 'NONE', #1665 ) ;
#3312 = APPLICATION_CONTEXT ( 'automotive_design' ) ;
#3313 = VECTOR ( 'NONE', #1229, 1000.000000000000114 ) ;
#3314 = VECTOR ( 'NONE', #1091, 1000.000000000000114 ) ;
#3315 = CARTESIAN_POINT ( 'NONE',  ( 0.09696137339072113948, 42.21846522847329908, -2.246075178094463443 ) ) ;
#3316 = CARTESIAN_POINT ( 'NONE',  ( 0.09032172179580340299, 29.84599565823891609, 2.858976291371042144 ) ) ;
#3317 = CARTESIAN_POINT ( 'NONE',  ( 0.09571215646981647007, 39.87818298557888141, 0.3360128309991667894 ) ) ;
#3318 = CONICAL_SURFACE ( 'NONE', #1844, 2.681280545876500110, 0.7958701389078833843 ) ;
#3319 = ORIENTED_EDGE ( 'NONE', *, *, #2226, .T. ) ;
#3320 = CIRCLE ( 'NONE', #77, 2.600000000000014744 ) ;
#3321 = AXIS2_PLACEMENT_3D ( 'NONE', #3651, #2102, #3181 ) ;
#3322 = CIRCLE ( 'NONE', #2002, 3.050000000000003819 ) ;
#3323 = CARTESIAN_POINT ( 'NONE',  ( 0.08954797633509725685, 28.42882404180145173, 0.2480062613302009555 ) ) ;
#3324 = CARTESIAN_POINT ( 'NONE',  ( 0.09090736185838145522, 30.95374908599216823, 0.2674143341228925608 ) ) ;
#3325 = ORIENTED_EDGE ( 'NONE', *, *, #4718, .F. ) ;
#3326 = ORIENTED_EDGE ( 'NONE', *, *, #2149, .F. ) ;
#3327 = DIRECTION ( 'NONE',  ( -0.0005383705042709668181, -0.9999703145309754015, -0.007686365462452109283 ) ) ;
#3328 = DIRECTION ( 'NONE',  ( 0.0005383705042709668181, 0.9999703145309754015, 0.007686365462452108416 ) ) ;
#3329 = DIRECTION ( 'NONE',  ( 0.000000000000000000, -0.007686366576372011782, 0.9999704594481046982 ) ) ;
#3330 = ORIENTED_EDGE ( 'NONE', *, *, #1931, .F. ) ;
#3331 = ORIENTED_EDGE ( 'NONE', *, *, #1699, .F. ) ;
#3332 = AXIS2_PLACEMENT_3D ( 'NONE', #2216, #1416, #3984 ) ;
#3333 = EDGE_CURVE ( 'NONE', #1811, #2811, #1839, .T. ) ;
#3334 = LINE ( 'NONE', #691, #1333 ) ;
#3335 = CYLINDRICAL_SURFACE ( 'NONE', #3530, 2.600000000000000977 ) ;
#3336 = FACE_OUTER_BOUND ( 'NONE', #3224, .T. ) ;
#3337 = CONICAL_SURFACE ( 'NONE', #1162, 2.588226473094634272, 0.7478735844795341148 ) ;
#3338 = VERTEX_POINT ( 'NONE', #3551 ) ;
#3339 = EDGE_CURVE ( 'NONE', #1043, #3762, #167, .T. ) ;
#3340 = DIRECTION ( 'NONE',  ( 0.0005383705042709668181, 0.9999703145309754015, 0.007686365462452108416 ) ) ;
#3341 = DIRECTION ( 'NONE',  ( 0.0005383705042709668181, 0.9999703145309754015, 0.007686365462452108416 ) ) ;
#3342 = CARTESIAN_POINT ( 'NONE',  ( 0.07876563586362227143, 8.421580083510724180, -2.494084225877082339 ) ) ;
#3343 = ORIENTED_EDGE ( 'NONE', *, *, #2887, .T. ) ;
#3344 = EDGE_CURVE ( 'NONE', #1514, #2400, #2441, .T. ) ;
#3345 = DIRECTION ( 'NONE',  ( 0.0005383705042709668181, 0.9999703145309754015, 0.007686365462452108416 ) ) ;
#3346 = EDGE_LOOP ( 'NONE', ( #1413, #2146, #2954, #2905 ) ) ;
#3347 = EDGE_LOOP ( 'NONE', ( #190, #3216, #431, #226 ) ) ;
#3348 = EDGE_CURVE ( 'NONE', #3938, #2630, #954, .T. ) ;
#3349 = AXIS2_PLACEMENT_3D ( 'NONE', #3919, #4732, #1033 ) ;
#3350 = DIRECTION ( 'NONE',  ( 0.000000000000000000, -0.007686366576371945862, 0.9999704594481046982 ) ) ;
#3351 = FACE_OUTER_BOUND ( 'NONE', #1406, .T. ) ;
#3352 = CARTESIAN_POINT ( 'NONE',  ( 0.09696137339072084804, 42.19848067537476766, 0.3538480164704671527 ) ) ;
#3353 = VECTOR ( 'NONE', #3068, 1000.000000000000114 ) ;
#3354 = ORIENTED_EDGE ( 'NONE', *, *, #1040, .F. ) ;
#3355 = ORIENTED_EDGE ( 'NONE', *, *, #4135, .F. ) ;
#3356 = EDGE_CURVE ( 'NONE', #3311, #106, #1296, .T. ) ;
#3357 = LINE ( 'NONE', #1148, #2405 ) ;
#3358 = CARTESIAN_POINT ( 'NONE',  ( 0.07973351725404988211, 10.19943061038351750, 0.1078843216719994058 ) ) ;
#3359 = VERTEX_POINT ( 'NONE', #2370 ) ;
#3360 = ADVANCED_FACE ( 'NONE', ( #492 ), #4020, .T. ) ;
#3361 = CYLINDRICAL_SURFACE ( 'NONE', #8, 3.050000000000013145 ) ;
#3362 = CARTESIAN_POINT ( 'NONE',  ( 0.08340770384649445757, 17.02387120165908030, 0.1603410233351285352 ) ) ;
#3363 = CARTESIAN_POINT ( 'NONE',  ( 0.09696137339072083416, 42.19848067537473923, 0.3538480164704669306 ) ) ;
#3364 = VERTEX_POINT ( 'NONE', #1978 ) ;
#3365 = CIRCLE ( 'NONE', #2160, 6.032189146123717371 ) ;
#3366 = DIRECTION ( 'NONE',  ( 0.0005383705042709668181, 0.9999703145309754015, 0.007686365462452108416 ) ) ;
#3367 = DIRECTION ( 'NONE',  ( 0.000000000000000000, -0.007686366576371204268, 0.9999704594481046982 ) ) ;
#3368 = ORIENTED_EDGE ( 'NONE', *, *, #4376, .T. ) ;
#3369 = ORIENTED_EDGE ( 'NONE', *, *, #3510, .F. ) ;
#3370 = EDGE_CURVE ( 'NONE', #3936, #3922, #1619, .T. ) ;
#3371 = DIRECTION ( 'NONE',  ( 0.0005383705042709668181, 0.9999703145309754015, 0.007686365462452108416 ) ) ;
#3372 = CONICAL_SURFACE ( 'NONE', #3210, 2.600000000000092459, 0.8229227423153453458 ) ;
#3373 = DIRECTION ( 'NONE',  ( 0.000000000000000000, -0.007686366576371369067, 0.9999704594481046982 ) ) ;
#3374 = EDGE_CURVE ( 'NONE', #2091, #3828, #2461, .T. ) ;
#3375 = ORIENTED_EDGE ( 'NONE', *, *, #949, .F. ) ;
#3376 = VERTEX_POINT ( 'NONE', #4207 ) ;
#3377 = CARTESIAN_POINT ( 'NONE',  ( 0.09696137339072083416, 42.17503725731680220, 3.403757917787022969 ) ) ;
#3378 = DIRECTION ( 'NONE',  ( 0.0005383705042709667097, 0.9999703145309752905, 0.007686365462452107548 ) ) ;
#3379 = ORIENTED_EDGE ( 'NONE', *, *, #3625, .F. ) ;
#3380 = CARTESIAN_POINT ( 'NONE',  ( 0.01133269911518773078, 21.04914849164703128, 0.1912816941620101574 ) ) ;
#3381 = DIRECTION ( 'NONE',  ( 0.000000000000000000, 0.007686366576371340444, -0.9999704594481046982 ) ) ;
#3382 = ORIENTED_EDGE ( 'NONE', *, *, #2086, .T. ) ;
#3383 = AXIS2_PLACEMENT_3D ( 'NONE', #4116, #3310, #1827 ) ;
#3384 = AXIS2_PLACEMENT_3D ( 'NONE', #181, #3131, #1291 ) ;
#3385 = CARTESIAN_POINT ( 'NONE',  ( 0.07709550178312216118, 5.299576069181764382, 0.07022113090598426643 ) ) ;
#3386 = ADVANCED_FACE ( 'NONE', ( #2053 ), #2158, .T. ) ;
#3387 = DIRECTION ( 'NONE',  ( 0.000000000000000000, -0.007686366576372117600, 0.9999704594481046982 ) ) ;
#3388 = AXIS2_PLACEMENT_3D ( 'NONE', #2724, #4191, #904 ) ;
#3389 = DIRECTION ( 'NONE',  ( 0.000000000000000000, -0.007686366576371245034, 0.9999704594481046982 ) ) ;
#3390 = ORIENTED_EDGE ( 'NONE', *, *, #2674, .F. ) ;
#3391 = ORIENTED_EDGE ( 'NONE', *, *, #2552, .T. ) ;
#3392 = VECTOR ( 'NONE', #1907, 1000.000000000000114 ) ;
#3393 = DIRECTION ( 'NONE',  ( 0.0005383705042709668181, 0.9999703145309754015, 0.007686365462452108416 ) ) ;
#3394 = ADVANCED_FACE ( 'NONE', ( #3291 ), #2542, .T. ) ;
#3395 = FACE_OUTER_BOUND ( 'NONE', #4443, .T. ) ;
#3396 = EDGE_CURVE ( 'NONE', #4144, #2038, #334, .T. ) ;
#3397 = EDGE_LOOP ( 'NONE', ( #2233, #2703, #888, #3895 ) ) ;
#3398 = ORIENTED_EDGE ( 'NONE', *, *, #1556, .F. ) ;
#3399 = CIRCLE ( 'NONE', #3081, 2.588226473094626723 ) ;
#3400 = ADVANCED_FACE ( 'NONE', ( #2185 ), #2106, .T. ) ;
#3401 = CARTESIAN_POINT ( 'NONE',  ( 0.08760295074923532543, 24.83611467605461698, -2.379686243343748231 ) ) ;
#3402 = DIRECTION ( 'NONE',  ( 0.0005383705042709667097, 0.9999703145309752905, 0.007686365462452107548 ) ) ;
#3403 = ORIENTED_EDGE ( 'NONE', *, *, #3741, .T. ) ;
#3404 = EDGE_CURVE ( 'NONE', #3699, #1488, #3678, .T. ) ;
#3405 = VECTOR ( 'NONE', #668, 1000.000000000000000 ) ;
#3406 = DIRECTION ( 'NONE',  ( -0.0005383705042709668181, -0.9999703145309754015, -0.007686365462452108416 ) ) ;
#3407 = DIRECTION ( 'NONE',  ( 0.000000000000000000, -0.007686366576372128008, 0.9999704594481048092 ) ) ;
#3408 = VECTOR ( 'NONE', #44, 1000.000000000000114 ) ;
#3409 = ORIENTED_EDGE ( 'NONE', *, *, #444, .T. ) ;
#3410 = LINE ( 'NONE', #449, #230 ) ;
#3411 = DIRECTION ( 'NONE',  ( 0.000000000000000000, -0.007686366576371591111, 0.9999704594481046982 ) ) ;
#3412 = DIRECTION ( 'NONE',  ( 0.0005383705042709668181, 0.9999703145309754015, 0.007686365462452108416 ) ) ;
#3413 = ORIENTED_EDGE ( 'NONE', *, *, #1931, .T. ) ;
#3414 = ORIENTED_EDGE ( 'NONE', *, *, #1035, .T. ) ;
#3415 = EDGE_CURVE ( 'NONE', #3727, #1508, #2565, .T. ) ;
#3416 = FACE_OUTER_BOUND ( 'NONE', #2261, .T. ) ;
#3417 = CARTESIAN_POINT ( 'NONE',  ( 0.08692325798759292788, 23.53368304776212838, 2.810456109389382728 ) ) ;
#3418 = ORIENTED_EDGE ( 'NONE', *, *, #2634, .F. ) ;
#3419 = EDGE_CURVE ( 'NONE', #3877, #584, #1147, .T. ) ;
#3420 = VERTEX_POINT ( 'NONE', #2854 ) ;
#3421 = EDGE_CURVE ( 'NONE', #866, #3076, #3655, .T. ) ;
#3422 = CARTESIAN_POINT ( 'NONE',  ( 0.08954797633509725685, 28.40883948870289188, 2.847929455895117812 ) ) ;
#3423 = VECTOR ( 'NONE', #834, 1000.000000000000114 ) ;
#3424 = CONICAL_SURFACE ( 'NONE', #476, 2.961056899315490210, 0.07592182246143358570 ) ;
#3425 = DIRECTION ( 'NONE',  ( 0.0005383705042709667097, 0.9999703145309752905, 0.007686365462452107548 ) ) ;
#3426 = EDGE_LOOP ( 'NONE', ( #4086, #95, #2572, #2641 ) ) ;
#3427 = EDGE_CURVE ( 'NONE', #4570, #3201, #2072, .T. ) ;
#3428 = CARTESIAN_POINT ( 'NONE',  ( 0.08624356522595082175, 22.29120507876533708, 0.2008288784282902528 ) ) ;
#3429 = CARTESIAN_POINT ( 'NONE',  ( 0.08579579040965487624, 21.45950735324291614, 0.1944359559787333658 ) ) ;
#3430 = VERTEX_POINT ( 'NONE', #3214 ) ;
#3431 = CARTESIAN_POINT ( 'NONE',  ( 0.08850895647366703589, 26.52239015529634969, -2.816737822606613761 ) ) ;
#3432 = DIRECTION ( 'NONE',  ( 0.0005383705042709668181, 0.9999703145309754015, 0.007686365462452108416 ) ) ;
#3433 = CARTESIAN_POINT ( 'NONE',  ( 0.09090736185838145522, 30.95374908599216823, 0.2674143341228925608 ) ) ;
#3434 = VERTEX_POINT ( 'NONE', #645 ) ;
#3435 = VERTEX_POINT ( 'NONE', #3242 ) ;
#3436 = DIRECTION ( 'NONE',  ( 0.000000000000000000, -0.007686366576372115865, 0.9999704594481048092 ) ) ;
#3437 = CYLINDRICAL_SURFACE ( 'NONE', #1441, 2.599999999999925482 ) ;
#3438 = AXIS2_PLACEMENT_3D ( 'NONE', #2889, #657, #1848 ) ;
#3439 = EDGE_CURVE ( 'NONE', #2811, #2400, #4415, .T. ) ;
#3440 = ORIENTED_EDGE ( 'NONE', *, *, #3592, .T. ) ;
#3441 = ORIENTED_EDGE ( 'NONE', *, *, #1943, .F. ) ;
#3442 = AXIS2_PLACEMENT_3D ( 'NONE', #1602, #394, #1873 ) ;
#3443 = DIRECTION ( 'NONE',  ( 0.000000000000000000, -0.007686366576371613663, 0.9999704594481048092 ) ) ;
#3444 = ADVANCED_FACE ( 'NONE', ( #1084 ), #2129, .T. ) ;
#3445 = ORIENTED_EDGE ( 'NONE', *, *, #2866, .T. ) ;
#3446 = VECTOR ( 'NONE', #4275, 1000.000000000000114 ) ;
#3447 = CARTESIAN_POINT ( 'NONE',  ( 0.09696137339072083416, 42.17849612227617229, 2.953771211035546962 ) ) ;
#3448 = DIRECTION ( 'NONE',  ( 0.0005383705042709668181, 0.9999703145309754015, 0.007686365462452108416 ) ) ;
#3449 = AXIS2_PLACEMENT_3D ( 'NONE', #2177, #2946, #4435 ) ;
#3450 = CARTESIAN_POINT ( 'NONE',  ( 0.09696137339072083416, 42.19848067537473923, 0.3538480164704669306 ) ) ;
#3451 = EDGE_CURVE ( 'NONE', #2404, #2091, #290, .T. ) ;
#3452 = AXIS2_PLACEMENT_3D ( 'NONE', #2007, #3921, #594 ) ;
#3453 = FACE_OUTER_BOUND ( 'NONE', #4786, .T. ) ;
#3454 = DIRECTION ( 'NONE',  ( 0.0005383705042709668181, 0.9999703145309754015, 0.007686365462452108416 ) ) ;
#3455 = CARTESIAN_POINT ( 'NONE',  ( 0.09405417266765761508, 36.79864097690748537, 0.3123416429732256971 ) ) ;
#3456 = CARTESIAN_POINT ( 'NONE',  ( 0.09122772752023504406, 31.54879682561985987, 0.2719882242953520768 ) ) ;
#3457 = ORIENTED_EDGE ( 'NONE', *, *, #2961, .T. ) ;
#3458 = AXIS2_PLACEMENT_3D ( 'NONE', #1901, #740, #4138 ) ;
#3459 = DIRECTION ( 'NONE',  ( 0.000000000000000000, -0.007686366576370550277, 0.9999704594481048092 ) ) ;
#3460 = VECTOR ( 'NONE', #2497, 1000.000000000000000 ) ;
#3461 = LINE ( 'NONE', #1306, #4388 ) ;
#3462 = ORIENTED_EDGE ( 'NONE', *, *, #616, .F. ) ;
#3463 = ORIENTED_EDGE ( 'NONE', *, *, #1932, .F. ) ;
#3464 = CONICAL_SURFACE ( 'NONE', #2466, 2.600000000000010747, 0.8194320838113442473 ) ;
#3465 = AXIS2_PLACEMENT_3D ( 'NONE', #2852, #1688, #4652 ) ;
#3466 = CYLINDRICAL_SURFACE ( 'NONE', #104, 3.049999999999672085 ) ;
#3467 = DIRECTION ( 'NONE',  ( -0.0003661357369575378722, -0.6856963141577572252, 0.7278876497750792485 ) ) ;
#3468 = AXIS2_PLACEMENT_3D ( 'NONE', #3549, #931, #241 ) ;
#3469 = ORIENTED_EDGE ( 'NONE', *, *, #3758, .T. ) ;
#3470 = ORIENTED_EDGE ( 'NONE', *, *, #3908, .T. ) ;
#3471 = EDGE_CURVE ( 'NONE', #2480, #1646, #71, .T. ) ;
#3472 = ADVANCED_FACE ( 'NONE', ( #266 ), #4676, .T. ) ;
#3473 = CYLINDRICAL_SURFACE ( 'NONE', #895, 3.049999999999736033 ) ;
#3474 = CARTESIAN_POINT ( 'NONE',  ( 0.09653067698730408153, 41.39850442374999062, 0.3476989241005055131 ) ) ;
#3475 = CARTESIAN_POINT ( 'NONE',  ( 0.08954797633509756216, 28.44880859490001868, -2.351916933234716289 ) ) ;
#3476 = CYLINDRICAL_SURFACE ( 'NONE', #4158, 2.599999999999897504 ) ;
#3477 = EDGE_CURVE ( 'NONE', #3960, #1241, #2156, .T. ) ;
#3478 = ADVANCED_FACE ( 'NONE', ( #983 ), #3777, .T. ) ;
#3479 = AXIS2_PLACEMENT_3D ( 'NONE', #1749, #3613, #3277 ) ;
#3480 = CARTESIAN_POINT ( 'NONE',  ( 0.09696137339072083416, 42.19848067537473923, 0.3538480164704669306 ) ) ;
#3481 = CARTESIAN_POINT ( 'NONE',  ( 0.08850895647366664731, 26.49894673723841620, 0.2331720787099687831 ) ) ;
#3482 = DIRECTION ( 'NONE',  ( 0.0005383705042709668181, 0.9999703145309754015, 0.007686365462452108416 ) ) ;
#3483 = AXIS2_PLACEMENT_3D ( 'NONE', #2651, #2272, #1639 ) ;
#3484 = ORIENTED_EDGE ( 'NONE', *, *, #282, .F. ) ;
#3485 = AXIS2_PLACEMENT_3D ( 'NONE', #2401, #4585, #3879 ) ;
#3486 = ORIENTED_EDGE ( 'NONE', *, *, #4081, .F. ) ;
#3487 = DIRECTION ( 'NONE',  ( 0.0005383705042709668181, 0.9999703145309754015, 0.007686365462452108416 ) ) ;
#3488 = DIRECTION ( 'NONE',  ( 0.0005383705042709668181, 0.9999703145309754015, 0.007686365462452108416 ) ) ;
#3489 = EDGE_LOOP ( 'NONE', ( #1544, #4362, #1085, #1930 ) ) ;
#3490 = EDGE_CURVE ( 'NONE', #2422, #1536, #1463, .T. ) ;
#3491 = ORIENTED_EDGE ( 'NONE', *, *, #3756, .T. ) ;
#3492 = ADVANCED_FACE ( 'NONE', ( #1060 ), #32, .T. ) ;
#3493 = FACE_OUTER_BOUND ( 'NONE', #15, .T. ) ;
#3494 = DIRECTION ( 'NONE',  ( 0.0005383705042709668181, 0.9999703145309754015, 0.007686365462452108416 ) ) ;
#3495 = ORIENTED_EDGE ( 'NONE', *, *, #719, .F. ) ;
#3496 = CIRCLE ( 'NONE', #632, 6.032189146123717371 ) ;
#3497 = DIRECTION ( 'NONE',  ( 0.000000000000000000, -0.007686366576370569359, 0.9999704594481048092 ) ) ;
#3498 = ADVANCED_FACE ( 'NONE', ( #3704 ), #2163, .T. ) ;
#3499 = FACE_OUTER_BOUND ( 'NONE', #2653, .T. ) ;
#3500 = DIRECTION ( 'NONE',  ( 0.0005383705042709668181, 0.9999703145309754015, 0.007686365462452108416 ) ) ;
#3501 = CARTESIAN_POINT ( 'NONE',  ( 0.09696137339072083416, 42.17503725731680930, 3.403757917786858211 ) ) ;
#3502 = CARTESIAN_POINT ( 'NONE',  ( 0.09022766909673966829, 29.71127111699538403, -2.342212896838356428 ) ) ;
#3503 = DIRECTION ( 'NONE',  ( 0.0005383705042709668181, 0.9999703145309754015, 0.007686365462452108416 ) ) ;
#3504 = ORIENTED_EDGE ( 'NONE', *, *, #1132, .F. ) ;
#3505 = VERTEX_POINT ( 'NONE', #1886 ) ;
#3506 = CARTESIAN_POINT ( 'NONE',  ( 0.07922206527499246753, 9.249458811579090778, 0.1005822744826699311 ) ) ;
#3507 = DIRECTION ( 'NONE',  ( 0.0003675112634931569254, 0.6769991864990282382, 0.7359836726552602126 ) ) ;
#3508 = DIRECTION ( 'NONE',  ( -0.0003661357369576284573, -0.6744259999067435674, -0.7383423573075102997 ) ) ;
#3509 = EDGE_LOOP ( 'NONE', ( #3414, #4061, #4236, #2351 ) ) ;
#3510 = EDGE_CURVE ( 'NONE', #3434, #4356, #4721, .T. ) ;
#3511 = ORIENTED_EDGE ( 'NONE', *, *, #1226, .T. ) ;
#3512 = CONICAL_SURFACE ( 'NONE', #1117, 2.588226473094630276, 0.7958701389075837351 ) ;
#3513 = ADVANCED_FACE ( 'NONE', ( #2273 ), #3464, .T. ) ;
#3514 = FACE_OUTER_BOUND ( 'NONE', #2090, .T. ) ;
#3515 = AXIS2_PLACEMENT_3D ( 'NONE', #1298, #3817, #543 ) ;
#3516 = CARTESIAN_POINT ( 'NONE',  ( 0.09696137339072083416, 42.19848067537473923, 0.3538480164704669306 ) ) ;
#3517 = ORIENTED_EDGE ( 'NONE', *, *, #2322, .F. ) ;
#3518 = CIRCLE ( 'NONE', #3442, 2.600000000000081357 ) ;
#3519 = DIRECTION ( 'NONE',  ( 0.0005383705042709668181, 0.9999703145309754015, 0.007686365462452108416 ) ) ;
#3520 = CONICAL_SURFACE ( 'NONE', #3760, 2.599999999999644373, 0.8194320838113324790 ) ;
#3521 = FACE_OUTER_BOUND ( 'NONE', #319, .T. ) ;
#3522 = DIRECTION ( 'NONE',  ( 0.0005383705042709668181, 0.9999703145309754015, 0.007686365462452108416 ) ) ;
#3523 = AXIS2_PLACEMENT_3D ( 'NONE', #2417, #1973, #566 ) ;
#3524 = DIRECTION ( 'NONE',  ( 0.0003675112634932330364, 0.6882329383424744540, -0.7254896880838176410 ) ) ;
#3525 = CARTESIAN_POINT ( 'NONE',  ( 0.08692325798759292788, 23.55366760086069178, 0.2105329148246360138 ) ) ;
#3526 = DIRECTION ( 'NONE',  ( 0.0005383705042709668181, 0.9999703145309754015, 0.007686365462452108416 ) ) ;
#3527 = CARTESIAN_POINT ( 'NONE',  ( 0.07225016724468390217, -3.673280137121283317, -3.495514676297641010 ) ) ;
#3528 = EDGE_LOOP ( 'NONE', ( #837, #3931, #3403, #3803 ) ) ;
#3529 = ORIENTED_EDGE ( 'NONE', *, *, #4358, .T. ) ;
#3530 = AXIS2_PLACEMENT_3D ( 'NONE', #1498, #2971, #2803 ) ;
#3531 = CARTESIAN_POINT ( 'NONE',  ( 0.09495187027171710092, 38.46602607390612860, 0.3251581546595641026 ) ) ;
#3532 = CARTESIAN_POINT ( 'NONE',  ( 0.08016539917472648158, 11.02150290129126198, -2.474099675674699128 ) ) ;
#3533 = VECTOR ( 'NONE', #638, 1000.000000000000000 ) ;
#3534 = CARTESIAN_POINT ( 'NONE',  ( 0.08159685889820457450, 13.68101393846491298, -2.546713916775708686 ) ) ;
#3535 = EDGE_LOOP ( 'NONE', ( #2139, #2814, #4527, #2678 ) ) ;
#3536 = ORIENTED_EDGE ( 'NONE', *, *, #2208, .T. ) ;
#3537 = ADVANCED_FACE ( 'NONE', ( #809 ), #1481, .T. ) ;
#3538 = DIRECTION ( 'NONE',  ( 0.000000000000000000, -0.007686366576372102855, 0.9999704594481048092 ) ) ;
#3539 = DIRECTION ( 'NONE',  ( 0.000000000000000000, -0.007686366576371321362, 0.9999704594481046982 ) ) ;
#3540 = DIRECTION ( 'NONE',  ( 0.0005383705042709668181, 0.9999703145309754015, 0.007686365462452108416 ) ) ;
#3541 = ORIENTED_EDGE ( 'NONE', *, *, #2330, .T. ) ;
#3542 = CONICAL_SURFACE ( 'NONE', #2311, 2.599999999999606182, 0.8194320838113309247 ) ;
#3543 = EDGE_LOOP ( 'NONE', ( #4574, #1357, #2337, #848 ) ) ;
#3544 = EDGE_CURVE ( 'NONE', #4134, #2091, #384, .T. ) ;
#3545 = DIRECTION ( 'NONE',  ( 0.0005383705042709668181, 0.9999703145309754015, 0.007686365462452108416 ) ) ;
#3546 = CONICAL_SURFACE ( 'NONE', #4726, 2.600000000000014300, 0.8229227423153443466 ) ;
#3547 = CARTESIAN_POINT ( 'NONE',  ( 0.08043339890960202188, 11.49939201927355903, 0.1178765967731854186 ) ) ;
#3548 = DIRECTION ( 'NONE',  ( 0.000000000000000000, -0.007686366576371748971, 0.9999704594481048092 ) ) ;
#3549 = CARTESIAN_POINT ( 'NONE',  ( 0.09293298088070095497, 34.71613739441496449, 0.2963342841753686119 ) ) ;
#3550 = CARTESIAN_POINT ( 'NONE',  ( 0.07330426533923782573, -1.742273120506052209, 0.01609329769245527661 ) ) ;
#3551 = CARTESIAN_POINT ( 'NONE',  ( 0.09472713579799632577, 38.07204728812913430, -2.727960301515443664 ) ) ;
#3552 = CARTESIAN_POINT ( 'NONE',  ( 0.08864354909973476415, 26.72549589781324642, 3.285003571392385524 ) ) ;
#3553 = ORIENTED_EDGE ( 'NONE', *, *, #4581, .T. ) ;
#3554 = EDGE_LOOP ( 'NONE', ( #3618, #3923, #4667, #152 ) ) ;
#3555 = CIRCLE ( 'NONE', #3479, 3.050000000000020695 ) ;
#3556 = CARTESIAN_POINT ( 'NONE',  ( 0.09653067698730408153, 41.37659827900733234, 3.197614733527606390 ) ) ;
#3557 = FACE_OUTER_BOUND ( 'NONE', #1394, .T. ) ;
#3558 = AXIS2_PLACEMENT_3D ( 'NONE', #3166, #1284, #3119 ) ;
#3559 = CYLINDRICAL_SURFACE ( 'NONE', #3073, 3.049999999999863043 ) ;
#3560 = ORIENTED_EDGE ( 'NONE', *, *, #2552, .F. ) ;
#3561 = ORIENTED_EDGE ( 'NONE', *, *, #2920, .T. ) ;
#3562 = LINE ( 'NONE', #177, #4056 ) ;
#3563 = CARTESIAN_POINT ( 'NONE',  ( 0.08964202903416161605, 28.62350224234067753, -2.350574134154674422 ) ) ;
#3564 = DIRECTION ( 'NONE',  ( 0.0005383705042709668181, 0.9999703145309754015, 0.007686365462452108416 ) ) ;
#3565 = EDGE_CURVE ( 'NONE', #4041, #2399, #1173, .T. ) ;
#3566 = VERTEX_POINT ( 'NONE', #2588 ) ;
#3567 = AXIS2_PLACEMENT_3D ( 'NONE', #108, #2288, #3079 ) ;
#3568 = DIRECTION ( 'NONE',  ( 0.000000000000000000, -0.007686366576371340444, 0.9999704594481046982 ) ) ;
#3569 = DIRECTION ( 'NONE',  ( 0.0005383705042709668181, 0.9999703145309754015, 0.007686365462452108416 ) ) ;
#3570 = CARTESIAN_POINT ( 'NONE',  ( 0.09167437768778420593, 32.37840562659656740, 0.2783650900307759746 ) ) ;
#3571 = ADVANCED_FACE ( 'NONE', ( #4165 ), #3856, .T. ) ;
#3572 = CONICAL_SURFACE ( 'NONE', #2419, 2.427207080651393678, 0.6553711341238910304 ) ;
#3573 = LINE ( 'NONE', #1245, #585 ) ;
#3574 = CYLINDRICAL_SURFACE ( 'NONE', #1275, 2.599999999999920153 ) ;
#3575 = LINE ( 'NONE', #264, #1078 ) ;
#3576 = AXIS2_PLACEMENT_3D ( 'NONE', #631, #2118, #3987 ) ;
#3577 = ADVANCED_FACE ( 'NONE', ( #446 ), #1107, .T. ) ;
#3578 = CARTESIAN_POINT ( 'NONE',  ( 0.09571215646981647007, 39.85819843248031447, 2.935936025564248375 ) ) ;
#3579 = DIRECTION ( 'NONE',  ( 0.000000000000000000, -0.007686366576372128875, 0.9999704594481048092 ) ) ;
#3580 = DIRECTION ( 'NONE',  ( 0.0005383705042709667097, 0.9999703145309752905, 0.007686365462452107548 ) ) ;
#3581 = VERTEX_POINT ( 'NONE', #4440 ) ;
#3582 = DIRECTION ( 'NONE',  ( 0.0005383705042709668181, 0.9999703145309754015, 0.007686365462452108416 ) ) ;
#3583 =( LENGTH_UNIT ( ) NAMED_UNIT ( * ) SI_UNIT ( .MILLI., .METRE. ) );
#3584 = CARTESIAN_POINT ( 'NONE',  ( 0.09696137339072083416, 42.19848067537473923, 0.3538480164704669306 ) ) ;
#3585 = ORIENTED_EDGE ( 'NONE', *, *, #3415, .T. ) ;
#3586 = ORIENTED_EDGE ( 'NONE', *, *, #1818, .T. ) ;
#3587 = DIRECTION ( 'NONE',  ( 0.000000000000000000, -0.007686366576371463609, 0.9999704594481046982 ) ) ;
#3588 = ADVANCED_FACE ( 'NONE', ( #4073 ), #4172, .T. ) ;
#3589 = CARTESIAN_POINT ( 'NONE',  ( 0.07922206527499282835, 9.226015393521160846, 3.150492175799057382 ) ) ;
#3590 = ORIENTED_EDGE ( 'NONE', *, *, #2444, .T. ) ;
#3591 = ORIENTED_EDGE ( 'NONE', *, *, #1616, .F. ) ;
#3592 = EDGE_CURVE ( 'NONE', #2485, #4495, #3155, .T. ) ;
#3593 = AXIS2_PLACEMENT_3D ( 'NONE', #2655, #4147, #2591 ) ;
#3594 = DIRECTION ( 'NONE',  ( 0.0005383705042709668181, 0.9999703145309754015, 0.007686365462452108416 ) ) ;
#3595 = EDGE_CURVE ( 'NONE', #1493, #3434, #426, .T. ) ;
#3596 = CARTESIAN_POINT ( 'NONE',  ( 0.09696137339072120886, 42.22192409343266917, -2.696061884846115309 ) ) ;
#3597 = FACE_OUTER_BOUND ( 'NONE', #3617, .T. ) ;
#3598 = AXIS2_PLACEMENT_3D ( 'NONE', #738, #1101, #3 ) ;
#3599 = CARTESIAN_POINT ( 'NONE',  ( 0.07876563586362196612, 8.401686026055850576, 0.09406578957910646799 ) ) ;
#3600 = CIRCLE ( 'NONE', #2906, 2.588226473094634716 ) ;
#3601 = DIRECTION ( 'NONE',  ( 0.0005383705042709668181, 0.9999703145309754015, 0.007686365462452108416 ) ) ;
#3602 = DIRECTION ( 'NONE',  ( 0.000000000000000000, -0.007686366576371803615, 0.9999704594481048092 ) ) ;
#3603 = CARTESIAN_POINT ( 'NONE',  ( 0.09696137339072083416, 42.17503725731680930, 3.403757917786858211 ) ) ;
#3604 = DIRECTION ( 'NONE',  ( 0.000000000000000000, -0.007686366576371979689, 0.9999704594481046982 ) ) ;
#3605 = EDGE_LOOP ( 'NONE', ( #3711, #3585, #57, #2608 ) ) ;
#3606 = ADVANCED_FACE ( 'NONE', ( #1131 ), #1220, .T. ) ;
#3607 = LINE ( 'NONE', #1409, #3997 ) ;
#3608 = CARTESIAN_POINT ( 'NONE',  ( 0.07946551751917421691, 9.701647434946114146, 0.1040580646802941878 ) ) ;
#3609 = DIRECTION ( 'NONE',  ( 0.000000000000000000, 0.007686366576371803615, -0.9999704594481048092 ) ) ;
#3610 = ORIENTED_EDGE ( 'NONE', *, *, #2739, .F. ) ;
#3611 = ORIENTED_EDGE ( 'NONE', *, *, #3510, .T. ) ;
#3612 = ADVANCED_FACE ( 'NONE', ( #1834 ), #990, .T. ) ;
#3613 = DIRECTION ( 'NONE',  ( 0.0005383705042709668181, 0.9999703145309754015, 0.007686365462452108416 ) ) ;
#3614 = AXIS2_PLACEMENT_3D ( 'NONE', #2130, #646, #3604 ) ;
#3615 = CARTESIAN_POINT ( 'NONE',  ( 0.07876563586362196612, 8.401686026055850576, 0.09406578957910646799 ) ) ;
#3616 = DIRECTION ( 'NONE',  ( 0.0005383705042709668181, 0.9999703145309754015, 0.007686365462452108416 ) ) ;
#3617 = EDGE_LOOP ( 'NONE', ( #2260, #1783, #4630, #3930 ) ) ;
#3618 = ORIENTED_EDGE ( 'NONE', *, *, #1905, .F. ) ;
#3619 = CONICAL_SURFACE ( 'NONE', #4707, 2.599999999999621281, 0.8194320838113244854 ) ;
#3620 = AXIS2_PLACEMENT_3D ( 'NONE', #2389, #1657, #3497 ) ;
#3621 = DIRECTION ( 'NONE',  ( 0.0005383705042709668181, 0.9999703145309754015, 0.007686365462452108416 ) ) ;
#3622 = CIRCLE ( 'NONE', #3932, 3.049999999999649880 ) ;
#3623 = AXIS2_PLACEMENT_3D ( 'NONE', #2336, #2784, #3145 ) ;
#3624 = DIRECTION ( 'NONE',  ( 0.000000000000000000, -0.007686366576371357791, 0.9999704594481046982 ) ) ;
#3625 = EDGE_CURVE ( 'NONE', #799, #787, #2633, .T. ) ;
#3626 = ADVANCED_FACE ( 'NONE', ( #51 ), #3318, .T. ) ;
#3627 = AXIS2_PLACEMENT_3D ( 'NONE', #2611, #2320, #1571 ) ;
#3628 = VECTOR ( 'NONE', #4170, 1000.000000000000114 ) ;
#3629 = DIRECTION ( 'NONE',  ( 0.000000000000000000, -0.007686366576371277994, 0.9999704594481046982 ) ) ;
#3630 = CARTESIAN_POINT ( 'NONE',  ( 0.09158705462002354747, 32.19622705498896664, 2.877041565084231145 ) ) ;
#3631 = CARTESIAN_POINT ( 'NONE',  ( 0.09571215646981647007, 39.87818298557888141, 0.3360128309991667894 ) ) ;
#3632 = DIRECTION ( 'NONE',  ( 0.000000000000000000, -0.007686366576372077701, 0.9999704594481048092 ) ) ;
#3633 = EDGE_CURVE ( 'NONE', #1021, #4710, #74, .T. ) ;
#3634 = ORIENTED_EDGE ( 'NONE', *, *, #4349, .F. ) ;
#3635 = ADVANCED_FACE ( 'NONE', ( #4552 ), #1997, .T. ) ;
#3636 = DIRECTION ( 'NONE',  ( -0.0004322132489561776440, -0.7982108402268722758, -0.6023780106677351087 ) ) ;
#3637 = DIRECTION ( 'NONE',  ( 0.000000000000000000, -0.007686366576371026459, 0.9999704594481048092 ) ) ;
#3638 = ORIENTED_EDGE ( 'NONE', *, *, #1321, .F. ) ;
#3639 = VERTEX_POINT ( 'NONE', #898 ) ;
#3640 = EDGE_CURVE ( 'NONE', #717, #390, #1611, .T. ) ;
#3641 = CIRCLE ( 'NONE', #699, 3.049999999999649880 ) ;
#3642 = CONICAL_SURFACE ( 'NONE', #1087, 2.600000000000019185, 0.8194320838113278160 ) ;
#3643 = CARTESIAN_POINT ( 'NONE',  ( 0.08646987818874035669, 22.68811575289442217, 3.253969870837552847 ) ) ;
#3644 = DIRECTION ( 'NONE',  ( 0.000000000000000000, -0.007686366576371179114, 0.9999704594481046982 ) ) ;
#3645 = CARTESIAN_POINT ( 'NONE',  ( 0.09369326707880035188, 36.12829430608773151, 0.3071889605149714653 ) ) ;
#3646 = EDGE_CURVE ( 'NONE', #106, #4127, #3109, .T. ) ;
#3647 = ORIENTED_EDGE ( 'NONE', *, *, #3427, .T. ) ;
#3648 = EDGE_CURVE ( 'NONE', #2480, #4181, #3064, .T. ) ;
#3649 = VERTEX_POINT ( 'NONE', #1271 ) ;
#3650 = DIRECTION ( 'NONE',  ( 0.0003675112634932425231, 0.6882329383424918845, -0.7254896880838010986 ) ) ;
#3651 = CARTESIAN_POINT ( 'NONE',  ( 0.09032172179580340299, 29.86598021133747594, 0.2590530968063649020 ) ) ;
#3652 = ORIENTED_EDGE ( 'NONE', *, *, #958, .T. ) ;
#3653 = ADVANCED_FACE ( 'NONE', ( #2745 ), #4228, .T. ) ;
#3654 = DIRECTION ( 'NONE',  ( 0.000000000000000000, -0.007686366576371379475, 0.9999704594481046982 ) ) ;
#3655 = LINE ( 'NONE', #696, #139 ) ;
#3656 = ORIENTED_EDGE ( 'NONE', *, *, #4140, .T. ) ;
#3657 = AXIS2_PLACEMENT_3D ( 'NONE', #4108, #4190, #3800 ) ;
#3658 = ADVANCED_FACE ( 'NONE', ( #3521 ), #2848, .T. ) ;
#3659 = AXIS2_PLACEMENT_3D ( 'NONE', #4406, #3594, #2969 ) ;
#3660 = DIRECTION ( 'NONE',  ( 0.0005383705042709667097, 0.9999703145309752905, 0.007686365462452107548 ) ) ;
#3661 = DIRECTION ( 'NONE',  ( 0.0005383705042709668181, 0.9999703145309754015, 0.007686365462452108416 ) ) ;
#3662 = CYLINDRICAL_SURFACE ( 'NONE', #4789, 2.599999999999897504 ) ;
#3663 = ORIENTED_EDGE ( 'NONE', *, *, #2306, .F. ) ;
#3664 = CIRCLE ( 'NONE', #1574, 3.050000000000042899 ) ;
#3665 = ORIENTED_EDGE ( 'NONE', *, *, #673, .F. ) ;
#3666 = CARTESIAN_POINT ( 'NONE',  ( 0.07731084998483053750, 5.699564194994143129, 0.07329567709096507233 ) ) ;
#3667 = LINE ( 'NONE', #3303, #2996 ) ;
#3668 = ORIENTED_EDGE ( 'NONE', *, *, #2120, .F. ) ;
#3669 = EDGE_LOOP ( 'NONE', ( #1232, #1707, #1287, #747 ) ) ;
#3670 = ADVANCED_FACE ( 'NONE', ( #161, #2694 ), #3796, .T. ) ;
#3671 = DIRECTION ( 'NONE',  ( -0.0003766781054525910775, -0.7051342696044884395, 0.7090737055785876208 ) ) ;
#3672 = DIRECTION ( 'NONE',  ( 0.0005383705042709667097, 0.9999703145309752905, 0.007686365462452107548 ) ) ;
#3673 = DIRECTION ( 'NONE',  ( 0.0005383705042709668181, 0.9999703145309754015, 0.007686365462452108416 ) ) ;
#3674 = ORIENTED_EDGE ( 'NONE', *, *, #1976, .F. ) ;
#3675 = FACE_OUTER_BOUND ( 'NONE', #2686, .T. ) ;
#3676 = AXIS2_PLACEMENT_3D ( 'NONE', #2050, #1594, #3160 ) ;
#3677 = DIRECTION ( 'NONE',  ( 0.0005383705042709668181, 0.9999703145309754015, 0.007686365462452108416 ) ) ;
#3678 = LINE ( 'NONE', #3603, #3700 ) ;
#3679 = EDGE_LOOP ( 'NONE', ( #3736, #1467, #3197, #437 ) ) ;
#3680 = VECTOR ( 'NONE', #4539, 1000.000000000000000 ) ;
#3681 = FILL_AREA_STYLE ('',( #1775 ) ) ;
#3682 = FACE_OUTER_BOUND ( 'NONE', #4377, .T. ) ;
#3683 = ORIENTED_EDGE ( 'NONE', *, *, #2701, .T. ) ;
#3684 = ORIENTED_EDGE ( 'NONE', *, *, #3961, .F. ) ;
#3685 = AXIS2_PLACEMENT_3D ( 'NONE', #2437, #3500, #950 ) ;
#3686 = EDGE_CURVE ( 'NONE', #1240, #1500, #2547, .T. ) ;
#3687 = DIRECTION ( 'NONE',  ( 0.0005383705042709668181, 0.9999703145309754015, 0.007686365462452108416 ) ) ;
#3688 = AXIS2_PLACEMENT_3D ( 'NONE', #3645, #708, #3690 ) ;
#3689 = DIRECTION ( 'NONE',  ( 0.0003675112634932408426, 0.6882329383424887759, -0.7254896880838039852 ) ) ;
#3690 = DIRECTION ( 'NONE',  ( 0.000000000000000000, -0.007686366576372101120, 0.9999704594481048092 ) ) ;
#3691 = ORIENTED_EDGE ( 'NONE', *, *, #1587, .F. ) ;
#3692 = EDGE_LOOP ( 'NONE', ( #2278, #1817, #42, #2856 ) ) ;
#3693 = ADVANCED_FACE ( 'NONE', ( #3499 ), #4410, .T. ) ;
#3694 = CIRCLE ( 'NONE', #367, 2.961056899315490210 ) ;
#3695 = DIRECTION ( 'NONE',  ( 0.0005383705042709668181, 0.9999703145309754015, 0.007686365462452108416 ) ) ;
#3696 = LINE ( 'NONE', #462, #1517 ) ;
#3697 = CARTESIAN_POINT ( 'NONE',  ( 0.09696137339072083416, 42.17503725731680930, 3.403757917786858211 ) ) ;
#3698 = AXIS2_PLACEMENT_3D ( 'NONE', #627, #483, #847 ) ;
#3699 = VERTEX_POINT ( 'NONE', #2364 ) ;
#3700 = VECTOR ( 'NONE', #4774, 1000.000000000000114 ) ;
#3701 = CIRCLE ( 'NONE', #1609, 3.049999999999662315 ) ;
#3702 = FACE_OUTER_BOUND ( 'NONE', #365, .T. ) ;
#3703 = CARTESIAN_POINT ( 'NONE',  ( 0.09369326707880035188, 36.10830975298916456, 2.907112155080062710 ) ) ;
#3704 = FACE_OUTER_BOUND ( 'NONE', #1927, .T. ) ;
#3705 = EDGE_CURVE ( 'NONE', #651, #2815, #3132, .T. ) ;
#3706 = AXIS2_PLACEMENT_3D ( 'NONE', #1504, #3020, #4529 ) ;
#3707 = ORIENTED_EDGE ( 'NONE', *, *, #1768, .T. ) ;
#3708 = CIRCLE ( 'NONE', #3468, 2.600000000000023181 ) ;
#3709 = DIRECTION ( 'NONE',  ( 0.0005383705042709668181, 0.9999703145309754015, 0.007686365462452108416 ) ) ;
#3710 = CARTESIAN_POINT ( 'NONE',  ( 0.08557483722538988813, 21.04910852304463376, 0.1912813869396050304 ) ) ;
#3711 = ORIENTED_EDGE ( 'NONE', *, *, #4498, .T. ) ;
#3712 = ORIENTED_EDGE ( 'NONE', *, *, #129, .T. ) ;
#3713 = EDGE_CURVE ( 'NONE', #2958, #3938, #2932, .T. ) ;
#3714 = CARTESIAN_POINT ( 'NONE',  ( 0.09369326707880035188, 36.12829430608773151, 0.3071889605149714653 ) ) ;
#3715 = EDGE_CURVE ( 'NONE', #911, #814, #2341, .T. ) ;
#3716 = LINE ( 'NONE', #2331, #1746 ) ;
#3717 = CARTESIAN_POINT ( 'NONE',  ( 0.09158705462002353359, 32.21621160808752649, 0.2771183705192383773 ) ) ;
#3718 = ORIENTED_EDGE ( 'NONE', *, *, #2642, .F. ) ;
#3719 = ORIENTED_EDGE ( 'NONE', *, *, #109, .T. ) ;
#3720 = AXIS2_PLACEMENT_3D ( 'NONE', #2975, #720, #2997 ) ;
#3721 = CIRCLE ( 'NONE', #87, 3.050000000000109068 ) ;
#3722 = DIRECTION ( 'NONE',  ( 0.000000000000000000, -0.007686366576372077701, 0.9999704594481048092 ) ) ;
#3723 = DIRECTION ( 'NONE',  ( 0.0005383705042709668181, 0.9999703145309754015, 0.007686365462452108416 ) ) ;
#3724 = ADVANCED_FACE ( 'NONE', ( #486 ), #1149, .T. ) ;
#3725 = AXIS2_PLACEMENT_3D ( 'NONE', #3083, #485, #1971 ) ;
#3726 = DIRECTION ( 'NONE',  ( 0.0003675112634931487939, 0.6769991864990130281, 0.7359836726552740904 ) ) ;
#3727 = VERTEX_POINT ( 'NONE', #3475 ) ;
#3728 = DIRECTION ( 'NONE',  ( 0.0005383705042709667097, 0.9999703145309752905, 0.007686365462452107548 ) ) ;
#3729 = CARTESIAN_POINT ( 'NONE',  ( 0.08121403614079492073, 12.94934897534347229, 0.1290218266937409319 ) ) ;
#3730 = CARTESIAN_POINT ( 'NONE',  ( 0.08624356522595082175, 22.29120507876533708, 0.2008288784282902528 ) ) ;
#3731 = ORIENTED_EDGE ( 'NONE', *, *, #2698, .F. ) ;
#3732 = DIRECTION ( 'NONE',  ( 0.000000000000000000, 0.007686366576371143552, -0.9999704594481046982 ) ) ;
#3733 = DIRECTION ( 'NONE',  ( 0.0005383705042709668181, 0.9999703145309754015, 0.007686365462452108416 ) ) ;
#3734 = CARTESIAN_POINT ( 'NONE',  ( 0.08401356276300409043, 18.14919461090481079, 0.1689909270984939760 ) ) ;
#3735 = ORIENTED_EDGE ( 'NONE', *, *, #2943, .F. ) ;
#3736 = ORIENTED_EDGE ( 'NONE', *, *, #38, .F. ) ;
#3737 = CARTESIAN_POINT ( 'NONE',  ( 0.07922206527499246753, 9.249458811579090778, 0.1005822744826699311 ) ) ;
#3738 = CARTESIAN_POINT ( 'NONE',  ( 0.08557483722538988813, 21.04910852304464086, 0.1912813869396050859 ) ) ;
#3739 = EDGE_LOOP ( 'NONE', ( #234, #1871, #1169, #1650 ) ) ;
#3740 = ORIENTED_EDGE ( 'NONE', *, *, #2850, .F. ) ;
#3741 = EDGE_CURVE ( 'NONE', #1769, #1092, #2415, .T. ) ;
#3742 = FACE_OUTER_BOUND ( 'NONE', #2191, .T. ) ;
#3743 = LINE ( 'NONE', #2629, #1761 ) ;
#3744 = ORIENTED_EDGE ( 'NONE', *, *, #27, .T. ) ;
#3745 = LINE ( 'NONE', #3315, #1779 ) ;
#3746 = DIRECTION ( 'NONE',  ( 0.0005383705042709668181, 0.9999703145309754015, 0.007686365462452108416 ) ) ;
#3747 = DIRECTION ( 'NONE',  ( 0.000000000000000000, 0.007686366576370532062, -0.9999704594481046982 ) ) ;
#3748 = AXIS2_PLACEMENT_3D ( 'NONE', #4052, #2165, #675 ) ;
#3749 = ORIENTED_EDGE ( 'NONE', *, *, #4643, .T. ) ;
#3750 = CIRCLE ( 'NONE', #2820, 3.049999999999654321 ) ;
#3751 = LINE ( 'NONE', #450, #1812 ) ;
#3752 = CARTESIAN_POINT ( 'NONE',  ( 0.09696137339072120886, 42.22192409343266917, -2.696061884846265411 ) ) ;
#3753 = EDGE_LOOP ( 'NONE', ( #2726, #4542, #3042, #3192 ) ) ;
#3754 = ADVANCED_FACE ( 'NONE', ( #209 ), #872, .T. ) ;
#3755 = ORIENTED_EDGE ( 'NONE', *, *, #148, .T. ) ;
#3756 = EDGE_CURVE ( 'NONE', #3121, #3430, #906, .T. ) ;
#3757 = CIRCLE ( 'NONE', #3293, 2.599999999999810019 ) ;
#3758 = EDGE_CURVE ( 'NONE', #1719, #3639, #1468, .T. ) ;
#3759 = FACE_OUTER_BOUND ( 'NONE', #1959, .T. ) ;
#3760 = AXIS2_PLACEMENT_3D ( 'NONE', #885, #195, #4242 ) ;
#3761 = CARTESIAN_POINT ( 'NONE',  ( 0.08140246581729000674, 13.29933858542976743, 0.1317120546056027020 ) ) ;
#3762 = VERTEX_POINT ( 'NONE', #4408 ) ;
#3763 = ORIENTED_EDGE ( 'NONE', *, *, #3648, .T. ) ;
#3764 = EDGE_CURVE ( 'NONE', #711, #4661, #381, .T. ) ;
#3765 = VECTOR ( 'NONE', #2001, 1000.000000000000114 ) ;
#3766 = DIRECTION ( 'NONE',  ( 0.0005383705042709668181, 0.9999703145309754015, 0.007686365462452108416 ) ) ;
#3767 = CARTESIAN_POINT ( 'NONE',  ( 0.09696137339072113948, 42.21846522847330618, -2.246075178094606439 ) ) ;
#3768 = ORIENTED_EDGE ( 'NONE', *, *, #2893, .F. ) ;
#3769 = ADVANCED_FACE ( 'NONE', ( #2435 ), #2472, .T. ) ;
#3770 = ADVANCED_FACE ( 'NONE', ( #2464 ), #2873, .T. ) ;
#3771 = CARTESIAN_POINT ( 'NONE',  ( 0.09593846943260637972, 40.32198049582384414, -2.710665979224915034 ) ) ;
#3772 = DIRECTION ( 'NONE',  ( 0.0005383705042709668181, 0.9999703145309754015, 0.007686365462452108416 ) ) ;
#3773 = ORIENTED_EDGE ( 'NONE', *, *, #930, .F. ) ;
#3774 = DIRECTION ( 'NONE',  ( 0.0005383705042709668181, 0.9999703145309754015, 0.007686365462452108416 ) ) ;
#3775 = EDGE_CURVE ( 'NONE', #2673, #380, #997, .T. ) ;
#3776 = CARTESIAN_POINT ( 'NONE',  ( 0.08682920528852917930, 23.35898940032145887, 2.809113310310010991 ) ) ;
#3777 = CONICAL_SURFACE ( 'NONE', #825, 2.600000000000008971, 0.8229227423153487875 ) ;
#3778 = VERTEX_POINT ( 'NONE', #4695 ) ;
#3779 = AXIS2_PLACEMENT_3D ( 'NONE', #2502, #2276, #472 ) ;
#3780 = EDGE_CURVE ( 'NONE', #712, #783, #606, .T. ) ;
#3781 = ORIENTED_EDGE ( 'NONE', *, *, #3173, .T. ) ;
#3782 = AXIS2_PLACEMENT_3D ( 'NONE', #3317, #1929, #11 ) ;
#3783 = AXIS2_PLACEMENT_3D ( 'NONE', #2346, #3818, #490 ) ;
#3784 = DIRECTION ( 'NONE',  ( 0.0005383705042709668181, 0.9999703145309754015, 0.007686365462452108416 ) ) ;
#3785 = CARTESIAN_POINT ( 'NONE',  ( 0.09696137339072083416, 42.17849612227617229, 2.953771211035554067 ) ) ;
#3786 = ORIENTED_EDGE ( 'NONE', *, *, #1771, .T. ) ;
#3787 = PRODUCT_RELATED_PRODUCT_CATEGORY ( 'part', '', ( #1417 ) ) ;
#3788 = ORIENTED_EDGE ( 'NONE', *, *, #148, .F. ) ;
#3789 =( GEOMETRIC_REPRESENTATION_CONTEXT ( 3 ) GLOBAL_UNCERTAINTY_ASSIGNED_CONTEXT ( ( #1850 ) ) GLOBAL_UNIT_ASSIGNED_CONTEXT ( ( #2899, #30, #1058 ) ) REPRESENTATION_CONTEXT ( 'NONE', 'WORKASPACE' ) );
#3790 = CYLINDRICAL_SURFACE ( 'NONE', #4125, 2.600000000000027622 ) ;
#3791 = LINE ( 'NONE', #1354, #1687 ) ;
#3792 = ORIENTED_EDGE ( 'NONE', *, *, #2858, .F. ) ;
#3793 = AXIS2_PLACEMENT_3D ( 'NONE', #160, #2717, #849 ) ;
#3794 = AXIS2_PLACEMENT_3D ( 'NONE', #3737, #3371, #863 ) ;
#3795 = DIRECTION ( 'NONE',  ( 0.000000000000000000, -0.007686366576372011782, 0.9999704594481046982 ) ) ;
#3796 = PLANE ( 'NONE',  #765 ) ;
#3797 = EDGE_LOOP ( 'NONE', ( #3792, #4336, #307, #1599 ) ) ;
#3798 = EDGE_CURVE ( 'NONE', #4049, #2197, #2923, .T. ) ;
#3799 = DIRECTION ( 'NONE',  ( -0.0003661357369576247168, -0.6744259999067366840, -0.7383423573075166280 ) ) ;
#3800 = DIRECTION ( 'NONE',  ( 0.000000000000000000, -0.007686366576371156563, 0.9999704594481046982 ) ) ;
#3801 = LINE ( 'NONE', #2325, #3204 ) ;
#3802 = ORIENTED_EDGE ( 'NONE', *, *, #962, .F. ) ;
#3803 = ORIENTED_EDGE ( 'NONE', *, *, #4450, .F. ) ;
#3804 = EDGE_CURVE ( 'NONE', #3076, #4424, #663, .T. ) ;
#3805 = CYLINDRICAL_SURFACE ( 'NONE', #4503, 3.049999999999876366 ) ;
#3806 = LINE ( 'NONE', #1940, #3680 ) ;
#3807 = ORIENTED_EDGE ( 'NONE', *, *, #2709, .F. ) ;
#3808 = CIRCLE ( 'NONE', #554, 3.050000000000003819 ) ;
#3809 = VERTEX_POINT ( 'NONE', #2124 ) ;
#3810 = CARTESIAN_POINT ( 'NONE',  ( 0.09436623020913935400, 37.39824175235001746, -2.283126277222050859 ) ) ;
#3811 = FACE_OUTER_BOUND ( 'NONE', #2009, .T. ) ;
#3812 = CARTESIAN_POINT ( 'NONE',  ( 0.09360594401103998485, 35.98608484067726465, -2.293980953561657543 ) ) ;
#3813 = ORIENTED_EDGE ( 'NONE', *, *, #3764, .T. ) ;
#3814 = FACE_OUTER_BOUND ( 'NONE', #274, .T. ) ;
#3815 = DIRECTION ( 'NONE',  ( 0.000000000000000000, -0.007686366576371193859, 0.9999704594481046982 ) ) ;
#3816 = CARTESIAN_POINT ( 'NONE',  ( 0.08340770384649467961, 17.01053764282682224, 1.894992216339463909 ) ) ;
#3817 = DIRECTION ( 'NONE',  ( 0.0005383705042709668181, 0.9999703145309754015, 0.007686365462452108416 ) ) ;
#3818 = DIRECTION ( 'NONE',  ( -0.0005383705042709668181, -0.9999703145309754015, -0.007686365462452108416 ) ) ;
#3819 = FACE_OUTER_BOUND ( 'NONE', #4382, .T. ) ;
#3820 = CARTESIAN_POINT ( 'NONE',  ( 0.09607306205867374715, 40.57197307445658652, -2.708744387859304492 ) ) ;
#3821 = EDGE_LOOP ( 'NONE', ( #3735, #3634, #3511, #4682 ) ) ;
#3822 = VERTEX_POINT ( 'NONE', #2919 ) ;
#3823 = VECTOR ( 'NONE', #1384, 1000.000000000000114 ) ;
#3824 = DIRECTION ( 'NONE',  ( 0.0005383705042709667097, 0.9999703145309752905, 0.007686365462452107548 ) ) ;
#3825 = CARTESIAN_POINT ( 'NONE',  ( 0.09666526961337217061, 41.62659085764008182, 3.199536324893220041 ) ) ;
#3826 = ADVANCED_FACE ( 'NONE', ( #4365 ), #4309, .T. ) ;
#3827 = CIRCLE ( 'NONE', #2132, 2.600000000000014744 ) ;
#3828 = VERTEX_POINT ( 'NONE', #3943 ) ;
#3829 = ORIENTED_EDGE ( 'NONE', *, *, #4287, .F. ) ;
#3830 = EDGE_CURVE ( 'NONE', #3699, #1217, #2921, .T. ) ;
#3831 = AXIS2_PLACEMENT_3D ( 'NONE', #4476, #2659, #798 ) ;
#3832 = CARTESIAN_POINT ( 'NONE',  ( 0.09562483340205579774, 39.71598896706984050, 0.3347661114876291366 ) ) ;
#3833 = VERTEX_POINT ( 'NONE', #4727 ) ;
#3834 = EDGE_CURVE ( 'NONE', #2277, #2892, #1292, .T. ) ;
#3835 = VECTOR ( 'NONE', #138, 1000.000000000000000 ) ;
#3836 = CIRCLE ( 'NONE', #1754, 3.049999999999643219 ) ;
#3837 = DIRECTION ( 'NONE',  ( 0.0005383705042709667097, 0.9999703145309752905, 0.007686365462452107548 ) ) ;
#3838 = CARTESIAN_POINT ( 'NONE',  ( 0.09571215646981647007, 39.87818298557888141, 0.3360128309991667894 ) ) ;
#3839 = CYLINDRICAL_SURFACE ( 'NONE', #3523, 2.600000000000014744 ) ;
#3840 = DIRECTION ( 'NONE',  ( -0.0003661357369575352159, -0.6856963141577522292, 0.7278876497750839114 ) ) ;
#3841 = CARTESIAN_POINT ( 'NONE',  ( 0.08986834199695120651, 29.04731519948706264, -2.797329749813895816 ) ) ;
#3842 = CARTESIAN_POINT ( 'NONE',  ( 0.08750889805017098011, 24.66142102861395102, -2.381029042424016140 ) ) ;
#3843 = EDGE_CURVE ( 'NONE', #4709, #2657, #822, .T. ) ;
#3844 = DIRECTION ( 'NONE',  ( 0.0005383705042709667097, 0.9999703145309752905, 0.007686365462452107548 ) ) ;
#3845 = ORIENTED_EDGE ( 'NONE', *, *, #2643, .F. ) ;
#3846 = CONICAL_SURFACE ( 'NONE', #1213, 2.599999999999621281, 0.8194320838113244854 ) ;
#3847 = ORIENTED_EDGE ( 'NONE', *, *, #78, .T. ) ;
#3848 = CIRCLE ( 'NONE', #70, 3.049999999999603695 ) ;
#3849 = CARTESIAN_POINT ( 'NONE',  ( 0.09226001775036256347, 33.48615905434982665, -2.313196867217796715 ) ) ;
#3850 = CONICAL_SURFACE ( 'NONE', #4168, 2.588226473094630276, 0.7478735844795466603 ) ;
#3851 = AXIS2_PLACEMENT_3D ( 'NONE', #3734, #1957, #794 ) ;
#3852 = CARTESIAN_POINT ( 'NONE',  ( 0.08282914765360835374, 15.92581650087872980, 3.201990824397460855 ) ) ;
#3853 = ORIENTED_EDGE ( 'NONE', *, *, #4279, .F. ) ;
#3854 = EDGE_CURVE ( 'NONE', #1589, #4710, #260, .T. ) ;
#3855 = VERTEX_POINT ( 'NONE', #4751 ) ;
#3856 = CONICAL_SURFACE ( 'NONE', #2767, 2.427207080651393678, 0.6553711341238910304 ) ;
#3857 = CIRCLE ( 'NONE', #4724, 3.050000000000008260 ) ;
#3858 = EDGE_CURVE ( 'NONE', #783, #712, #2380, .T. ) ;
#3859 = FACE_OUTER_BOUND ( 'NONE', #605, .T. ) ;
#3860 = DIRECTION ( 'NONE',  ( 0.0005383705042709668181, 0.9999703145309754015, 0.007686365462452108416 ) ) ;
#3861 = CIRCLE ( 'NONE', #3244, 3.050000000000141487 ) ;
#3862 = ORIENTED_EDGE ( 'NONE', *, *, #4412, .T. ) ;
#3863 = LINE ( 'NONE', #4308, #976 ) ;
#3864 = DIRECTION ( 'NONE',  ( 0.0005383705042709668181, 0.9999703145309754015, 0.007686365462452108416 ) ) ;
#3865 = DIRECTION ( 'NONE',  ( 0.0005383705042709668181, 0.9999703145309754015, 0.007686365462452109283 ) ) ;
#3866 = DIRECTION ( 'NONE',  ( 0.0005383705042709668181, 0.9999703145309754015, 0.007686365462452108416 ) ) ;
#3867 = CIRCLE ( 'NONE', #4426, 3.049999999999616573 ) ;
#3868 = CONICAL_SURFACE ( 'NONE', #1787, 2.600000000000001865, 0.8229227423153433474 ) ;
#3869 = CIRCLE ( 'NONE', #4504, 3.050000000000024691 ) ;
#3870 = ADVANCED_FACE ( 'NONE', ( #3597 ), #3846, .T. ) ;
#3871 = CARTESIAN_POINT ( 'NONE',  ( 0.09226001775036225816, 33.46617450125125970, 0.2867263273473035778 ) ) ;
#3872 = CARTESIAN_POINT ( 'NONE',  ( 0.09696137339072083416, 42.19848067537473923, 0.3538480164704669306 ) ) ;
#3873 = CARTESIAN_POINT ( 'NONE',  ( 0.08682920528852887398, 23.37897395342002937, 0.2091901157448178006 ) ) ;
#3874 = FACE_OUTER_BOUND ( 'NONE', #3298, .T. ) ;
#3875 = CARTESIAN_POINT ( 'NONE',  ( 0.09696137339072083416, 42.19848067537473923, 0.3538480164704669306 ) ) ;
#3876 = VECTOR ( 'NONE', #3063, 1000.000000000000000 ) ;
#3877 = VERTEX_POINT ( 'NONE', #3284 ) ;
#3878 = EDGE_LOOP ( 'NONE', ( #3610, #3813, #629, #2212 ) ) ;
#3879 = DIRECTION ( 'NONE',  ( 0.000000000000000000, -0.007686366576371392485, 0.9999704594481046982 ) ) ;
#3880 = LINE ( 'NONE', #4586, #1127 ) ;
#3881 = ORIENTED_EDGE ( 'NONE', *, *, #672, .T. ) ;
#3882 = ORIENTED_EDGE ( 'NONE', *, *, #1251, .T. ) ;
#3883 = CARTESIAN_POINT ( 'NONE',  ( 0.08016539917472678689, 10.98171478638151477, 2.702200355237663221 ) ) ;
#3884 = DIRECTION ( 'NONE',  ( -0.0005383705042709668181, -0.9999703145309754015, -0.007686365462452108416 ) ) ;
#3885 = ORIENTED_EDGE ( 'NONE', *, *, #1282, .T. ) ;
#3886 = ORIENTED_EDGE ( 'NONE', *, *, #1888, .F. ) ;
#3887 = AXIS2_PLACEMENT_3D ( 'NONE', #3267, #2587, #4773 ) ;
#3888 = CARTESIAN_POINT ( 'NONE',  ( 0.07876563586362196612, 8.381791968600976972, 2.682215805035295109 ) ) ;
#3889 = DIRECTION ( 'NONE',  ( 0.0005383705042709667097, 0.9999703145309752905, 0.007686365462452107548 ) ) ;
#3890 = CARTESIAN_POINT ( 'NONE',  ( 0.07973351725405027068, 10.22287402844144388, -2.942025579644392153 ) ) ;
#3891 = CARTESIAN_POINT ( 'NONE',  ( 0.08932324186137685640, 27.98795841990860112, 3.294707607788718740 ) ) ;
#3892 = FACE_OUTER_BOUND ( 'NONE', #4678, .T. ) ;
#3893 = CARTESIAN_POINT ( 'NONE',  ( 0.08016539917472648158, 11.00160884383638837, 0.1140503397814820047 ) ) ;
#3894 = DIRECTION ( 'NONE',  ( 0.000000000000000000, -0.007686366576372045609, 0.9999704594481046982 ) ) ;
#3895 = ORIENTED_EDGE ( 'NONE', *, *, #1226, .F. ) ;
#3896 = ADVANCED_FACE ( 'NONE', ( #4771 ), #1371, .T. ) ;
#3897 = ORIENTED_EDGE ( 'NONE', *, *, #2687, .F. ) ;
#3898 = LINE ( 'NONE', #170, #1009 ) ;
#3899 = CARTESIAN_POINT ( 'NONE',  ( 0.09696137339072113948, 42.21846522847329908, -2.246075178094435909 ) ) ;
#3900 = ADVANCED_FACE ( 'NONE', ( #4092 ), #3619, .T. ) ;
#3901 = CARTESIAN_POINT ( 'NONE',  ( 0.09158705462002385278, 32.23619616118608633, -2.322804824045754390 ) ) ;
#3902 = EDGE_LOOP ( 'NONE', ( #3330, #3611, #3470, #995 ) ) ;
#3903 = ORIENTED_EDGE ( 'NONE', *, *, #3193, .F. ) ;
#3904 = CARTESIAN_POINT ( 'NONE',  ( 0.09068262738466068007, 30.53632688215724755, 0.2642057792646193004 ) ) ;
#3905 = AXIS2_PLACEMENT_3D ( 'NONE', #2483, #1633, #3539 ) ;
#3906 = DIRECTION ( 'NONE',  ( 0.000000000000000000, -0.007686366576371838309, 0.9999704594481046982 ) ) ;
#3907 = EDGE_CURVE ( 'NONE', #4357, #4709, #1567, .T. ) ;
#3908 = EDGE_CURVE ( 'NONE', #4356, #355, #4436, .T. ) ;
#3909 = ORIENTED_EDGE ( 'NONE', *, *, #3044, .F. ) ;
#3910 = ORIENTED_EDGE ( 'NONE', *, *, #1425, .F. ) ;
#3911 = AXIS2_PLACEMENT_3D ( 'NONE', #2986, #4155, #1210 ) ;
#3912 = CYLINDRICAL_SURFACE ( 'NONE', #1535, 2.600000000000010303 ) ;
#3913 = DIRECTION ( 'NONE',  ( 0.0005383705042709668181, 0.9999703145309754015, 0.007686365462452108416 ) ) ;
#3914 = AXIS2_PLACEMENT_3D ( 'NONE', #2465, #1342, #2514 ) ;
#3915 = DIRECTION ( 'NONE',  ( -0.0005383705042709668181, -0.9999703145309754015, -0.007686365462452108416 ) ) ;
#3916 = VECTOR ( 'NONE', #3279, 1000.000000000000114 ) ;
#3917 = EDGE_CURVE ( 'NONE', #180, #52, #354, .T. ) ;
#3918 = FACE_OUTER_BOUND ( 'NONE', #2131, .T. ) ;
#3919 = CARTESIAN_POINT ( 'NONE',  ( 0.09257365378091246544, 34.04872261194730498, 0.2912041379514823669 ) ) ;
#3920 = CARTESIAN_POINT ( 'NONE',  ( 0.09054803475859293793, 30.28633430352448386, 0.2622841878990061493 ) ) ;
#3921 = DIRECTION ( 'NONE',  ( 0.0005383705042709668181, 0.9999703145309754015, 0.007686365462452108416 ) ) ;
#3922 = VERTEX_POINT ( 'NONE', #2583 ) ;
#3923 = ORIENTED_EDGE ( 'NONE', *, *, #3209, .T. ) ;
#3924 = AXIS2_PLACEMENT_3D ( 'NONE', #4755, #2903, #4371 ) ;
#3925 = EDGE_CURVE ( 'NONE', #783, #106, #1079, .T. ) ;
#3926 = CARTESIAN_POINT ( 'NONE',  ( 0.09629779653239452231, 40.94596730713501387, 2.944297262880767541 ) ) ;
#3927 = CYLINDRICAL_SURFACE ( 'NONE', #2209, 2.600000000000000977 ) ;
#3928 = VECTOR ( 'NONE', #379, 1000.000000000000114 ) ;
#3929 = DIRECTION ( 'NONE',  ( 0.0003675112634932432279, 0.6882329383424931057, -0.7254896880837999884 ) ) ;
#3930 = ORIENTED_EDGE ( 'NONE', *, *, #1828, .F. ) ;
#3931 = ORIENTED_EDGE ( 'NONE', *, *, #4697, .T. ) ;
#3932 = AXIS2_PLACEMENT_3D ( 'NONE', #878, #3503, #1644 ) ;
#3933 = TOROIDAL_SURFACE ( 'NONE', #1297, 2.524242148869762392, 4.000000000000000888 ) ;
#3934 = DIRECTION ( 'NONE',  ( 0.000000000000000000, -0.007686366576371526059, 0.9999704594481046982 ) ) ;
#3935 = LINE ( 'NONE', #610, #3221 ) ;
#3936 = VERTEX_POINT ( 'NONE', #2269 ) ;
#3937 = EDGE_CURVE ( 'NONE', #3082, #1460, #3743, .T. ) ;
#3938 = VERTEX_POINT ( 'NONE', #2247 ) ;
#3939 = ADVANCED_FACE ( 'NONE', ( #1519 ), #4404, .T. ) ;
#3940 = ADVANCED_FACE ( 'NONE', ( #716 ), #1880, .T. ) ;
#3941 = DIRECTION ( 'NONE',  ( 0.000000000000000000, -0.007686366576372299746, 0.9999704594481046982 ) ) ;
#3942 = DIRECTION ( 'NONE',  ( 0.0005383705042709667097, 0.9999703145309752905, 0.007686365462452107548 ) ) ;
#3943 = CARTESIAN_POINT ( 'NONE',  ( 0.09405417266765797590, 36.77519755884955543, 3.362251544289959426 ) ) ;
#3944 = CARTESIAN_POINT ( 'NONE',  ( 0.08692325798759292788, 23.55366760086069178, 0.2105329148246360138 ) ) ;
#3945 = CONICAL_SURFACE ( 'NONE', #2307, 2.600000000000019185, 0.8194320838113278160 ) ;
#3946 = LINE ( 'NONE', #376, #1899 ) ;
#3947 = FACE_OUTER_BOUND ( 'NONE', #2966, .T. ) ;
#3948 = DIRECTION ( 'NONE',  ( 0.000000000000000000, -0.007686366576370887681, 0.9999704594481046982 ) ) ;
#3949 = DIRECTION ( 'NONE',  ( 0.0005383705042709667097, 0.9999703145309752905, 0.007686365462452107548 ) ) ;
#3950 = LINE ( 'NONE', #622, #293 ) ;
#3951 = ORIENTED_EDGE ( 'NONE', *, *, #693, .T. ) ;
#3952 = ORIENTED_EDGE ( 'NONE', *, *, #332, .F. ) ;
#3953 = CONICAL_SURFACE ( 'NONE', #1861, 2.588226473094626279, 0.7478735844797775867 ) ;
#3954 = CARTESIAN_POINT ( 'NONE',  ( 0.07876563586362196612, 8.401686026055850576, 0.09406578957910646799 ) ) ;
#3955 = CIRCLE ( 'NONE', #3091, 3.050000000000122391 ) ;
#3956 = CARTESIAN_POINT ( 'NONE',  ( 0.08828264351087743156, 26.09857719814996813, -2.369982206947391035 ) ) ;
#3957 = CONICAL_SURFACE ( 'NONE', #1483, 2.586183782692276889, 0.7478735844795416643 ) ;
#3958 = CARTESIAN_POINT ( 'NONE',  ( 0.07806456869080991012, 7.099522635337522480, 0.08405658873839809420 ) ) ;
#3959 = ORIENTED_EDGE ( 'NONE', *, *, #2117, .F. ) ;
#3960 = VERTEX_POINT ( 'NONE', #2203 ) ;
#3961 = EDGE_CURVE ( 'NONE', #2328, #3037, #755, .T. ) ;
#3962 = CARTESIAN_POINT ( 'NONE',  ( 0.08016539917472648158, 11.00160884383638837, 0.1140503397814820047 ) ) ;
#3963 = FACE_OUTER_BOUND ( 'NONE', #838, .T. ) ;
#3964 = ORIENTED_EDGE ( 'NONE', *, *, #3265, .T. ) ;
#3965 = EDGE_LOOP ( 'NONE', ( #1875, #86, #2333, #2270 ) ) ;
#3966 = DIRECTION ( 'NONE',  ( 0.000000000000000000, -0.007686366576372079436, 0.9999704594481046982 ) ) ;
#3967 = DIRECTION ( 'NONE',  ( 0.0005383705042709668181, 0.9999703145309754015, 0.007686365462452108416 ) ) ;
#3968 = EDGE_CURVE ( 'NONE', #2140, #122, #4163, .T. ) ;
#3969 = EDGE_CURVE ( 'NONE', #584, #3877, #1532, .T. ) ;
#3970 = AXIS2_PLACEMENT_3D ( 'NONE', #4369, #644, #2128 ) ;
#3971 = CARTESIAN_POINT ( 'NONE',  ( 0.08750889805017098011, 24.62145192241682068, 2.818817346706118609 ) ) ;
#3972 = CARTESIAN_POINT ( 'NONE',  ( 0.07424213811048605005, -0.0002665978323934670158, 0.02948339395498816851 ) ) ;
#3973 = FACE_OUTER_BOUND ( 'NONE', #107, .T. ) ;
#3974 = AXIS2_PLACEMENT_3D ( 'NONE', #731, #3616, #2555 ) ;
#3975 = CARTESIAN_POINT ( 'NONE',  ( 0.09032172179580370830, 29.88596476443603578, -2.340870097758315005 ) ) ;
#3976 = DIRECTION ( 'NONE',  ( 0.0005383705042709667097, 0.9999703145309752905, 0.007686365462452107548 ) ) ;
#3977 = DIRECTION ( 'NONE',  ( 0.000000000000000000, -0.007686366576372299746, 0.9999704594481046982 ) ) ;
#3978 = ORIENTED_EDGE ( 'NONE', *, *, #4122, .F. ) ;
#3979 = DIRECTION ( 'NONE',  ( 0.000000000000000000, -0.007686366576371368199, 0.9999704594481046982 ) ) ;
#3980 = LINE ( 'NONE', #703, #1188 ) ;
#3981 = DIRECTION ( 'NONE',  ( -0.0005383705042709668181, -0.9999703145309754015, -0.007686365462452108416 ) ) ;
#3982 = ORIENTED_EDGE ( 'NONE', *, *, #2093, .F. ) ;
#3983 = ORIENTED_EDGE ( 'NONE', *, *, #162, .F. ) ;
#3984 = DIRECTION ( 'NONE',  ( 0.000000000000000000, -0.007686366576371787135, 0.9999704594481048092 ) ) ;
#3985 = EDGE_CURVE ( 'NONE', #1309, #688, #2538, .T. ) ;
#3986 = DIRECTION ( 'NONE',  ( 0.000000000000000000, -0.007686366576371430649, 0.9999704594481046982 ) ) ;
#3987 = DIRECTION ( 'NONE',  ( 0.000000000000000000, -0.007686366576372067293, 0.9999704594481048092 ) ) ;
#3988 = UNCERTAINTY_MEASURE_WITH_UNIT (LENGTH_MEASURE( 1.000000000000000082E-05 ), #3583, 'distance_accuracy_value', 'NONE');
#3989 = AXIS2_PLACEMENT_3D ( 'NONE', #835, #3733, #386 ) ;
#3990 = ORIENTED_EDGE ( 'NONE', *, *, #2777, .F. ) ;
#3991 = EDGE_CURVE ( 'NONE', #4049, #4495, #2224, .T. ) ;
#3992 = ORIENTED_EDGE ( 'NONE', *, *, #1061, .T. ) ;
#3993 = AXIS2_PLACEMENT_3D ( 'NONE', #3323, #649, #13 ) ;
#3994 = DIRECTION ( 'NONE',  ( 0.000000000000000000, -0.007686366576372103722, 0.9999704594481048092 ) ) ;
#3995 = DIRECTION ( 'NONE',  ( 0.0005383705042709668181, 0.9999703145309754015, 0.007686365462452108416 ) ) ;
#3996 = ADVANCED_FACE ( 'NONE', ( #3336 ), #1859, .T. ) ;
#3997 = VECTOR ( 'NONE', #4758, 1000.000000000000114 ) ;
#3998 = DIRECTION ( 'NONE',  ( 0.000000000000000000, -0.007686366576372117600, 0.9999704594481046982 ) ) ;
#3999 = VECTOR ( 'NONE', #817, 1000.000000000000114 ) ;
#4000 = DIRECTION ( 'NONE',  ( 0.000000000000000000, -0.007686366576371026459, 0.9999704594481048092 ) ) ;
#4001 = DIRECTION ( 'NONE',  ( 0.0005383705042709668181, 0.9999703145309754015, 0.007686365462452108416 ) ) ;
#4002 = CARTESIAN_POINT ( 'NONE',  ( 0.09324661691125116225, 35.29868550511102399, 0.3008120947795475120 ) ) ;
#4003 = CARTESIAN_POINT ( 'NONE',  ( 0.09696137339072083416, 42.17849612227617229, 2.953771211035562505 ) ) ;
#4004 = ORIENTED_EDGE ( 'NONE', *, *, #4045, .F. ) ;
#4005 = AXIS2_PLACEMENT_3D ( 'NONE', #900, #589, #2025 ) ;
#4006 = CARTESIAN_POINT ( 'NONE',  ( 0.08340770384649445757, 17.03720476049134191, -1.574310169669206783 ) ) ;
#4007 = CARTESIAN_POINT ( 'NONE',  ( 0.09696137339072083416, 42.17503725731680220, 3.403757917787104681 ) ) ;
#4008 = CARTESIAN_POINT ( 'NONE',  ( 0.07852218361944021674, 7.972940820746756252, -2.959319901934907904 ) ) ;
#4009 = ORIENTED_EDGE ( 'NONE', *, *, #3969, .T. ) ;
#4010 = ORIENTED_EDGE ( 'NONE', *, *, #3061, .T. ) ;
#4011 = CYLINDRICAL_SURFACE ( 'NONE', #459, 3.049999999999836842 ) ;
#4012 = CARTESIAN_POINT ( 'NONE',  ( 0.08557483722538988813, 21.02904205351538636, 2.801861633833544918 ) ) ;
#4013 = ORIENTED_EDGE ( 'NONE', *, *, #1805, .T. ) ;
#4014 = EDGE_LOOP ( 'NONE', ( #4111, #3100, #1797, #2174 ) ) ;
#4015 = AXIS2_PLACEMENT_3D ( 'NONE', #4067, #3673, #1475 ) ;
#4016 = ADVANCED_FACE ( 'NONE', ( #1926 ), #3001, .T. ) ;
#4017 = ADVANCED_FACE ( 'NONE', ( #4483 ), #1988, .T. ) ;
#4018 = VECTOR ( 'NONE', #4338, 999.9999999999998863 ) ;
#4019 = CARTESIAN_POINT ( 'NONE',  ( 0.08692325798759292788, 23.53368304776212838, 2.810456109389384505 ) ) ;
#4020 = TOROIDAL_SURFACE ( 'NONE', #374, 4.174242148869766744, 1.949999999999999734 ) ;
#4021 = VECTOR ( 'NONE', #3425, 1000.000000000000114 ) ;
#4022 = FACE_OUTER_BOUND ( 'NONE', #3012, .T. ) ;
#4023 = CARTESIAN_POINT ( 'NONE',  ( 0.08954797633509756216, 28.40883948870288833, 2.847929455895340745 ) ) ;
#4024 = VECTOR ( 'NONE', #2652, 1000.000000000000000 ) ;
#4025 = AXIS2_PLACEMENT_3D ( 'NONE', #211, #2516, #642 ) ;
#4026 = CARTESIAN_POINT ( 'NONE',  ( 0.08986834199695083181, 29.02387178142912916, 0.2525801515026603328 ) ) ;
#4027 = CARTESIAN_POINT ( 'NONE',  ( 0.09696137339072113948, 42.21846522847329908, -2.246075178094450564 ) ) ;
#4028 = VERTEX_POINT ( 'NONE', #67 ) ;
#4029 = CARTESIAN_POINT ( 'NONE',  ( 0.07731084998483053750, 5.722323963775775013, -2.887673750969526054 ) ) ;
#4030 = CARTESIAN_POINT ( 'NONE',  ( 0.09696137339072083416, 42.17503725731680220, 3.403757917787075371 ) ) ;
#4031 = DIRECTION ( 'NONE',  ( 0.000000000000000000, -0.007686366576370550277, 0.9999704594481048092 ) ) ;
#4032 = ORIENTED_EDGE ( 'NONE', *, *, #2334, .F. ) ;
#4033 = EDGE_CURVE ( 'NONE', #2321, #2892, #803, .T. ) ;
#4034 = ORIENTED_EDGE ( 'NONE', *, *, #1076, .F. ) ;
#4035 = CIRCLE ( 'NONE', #1086, 3.049999999999654321 ) ;
#4036 = AXIS2_PLACEMENT_3D ( 'NONE', #754, #3393, #4106 ) ;
#4037 = CARTESIAN_POINT ( 'NONE',  ( 0.09226001775036225816, 33.48615905434982665, -2.313196867217796271 ) ) ;
#4038 = CARTESIAN_POINT ( 'NONE',  ( 0.09696137339072123662, 42.22403201911957638, -2.970295932451568088 ) ) ;
#4039 = DIRECTION ( 'NONE',  ( 0.0005383705042709667097, 0.9999703145309752905, 0.007686365462452107548 ) ) ;
#4040 = VERTEX_POINT ( 'NONE', #3812 ) ;
#4041 = VERTEX_POINT ( 'NONE', #963 ) ;
#4042 = DIRECTION ( 'NONE',  ( 0.0005383705042709667097, 0.9999703145309752905, 0.007686365462452107548 ) ) ;
#4043 = DIRECTION ( 'NONE',  ( 0.0005383705042709667097, 0.9999703145309752905, 0.007686365462452107548 ) ) ;
#4044 = ORIENTED_EDGE ( 'NONE', *, *, #29, .F. ) ;
#4045 = EDGE_CURVE ( 'NONE', #4040, #123, #1065, .T. ) ;
#4046 = EDGE_CURVE ( 'NONE', #1348, #2054, #4093, .T. ) ;
#4047 = DIRECTION ( 'NONE',  ( 0.000000000000000000, -0.007686366576371156563, 0.9999704594481046982 ) ) ;
#4048 = DIRECTION ( 'NONE',  ( 0.0005383705042709668181, 0.9999703145309754015, 0.007686365462452108416 ) ) ;
#4049 = VERTEX_POINT ( 'NONE', #2450 ) ;
#4050 = AXIS2_PLACEMENT_3D ( 'NONE', #326, #2944, #4364 ) ;
#4051 = DIRECTION ( 'NONE',  ( 0.0005383705042709668181, 0.9999703145309754015, 0.007686365462452108416 ) ) ;
#4052 = CARTESIAN_POINT ( 'NONE',  ( 0.08140246581729000674, 13.29933858542976743, 0.1317120546056027020 ) ) ;
#4053 = ADVANCED_FACE ( 'NONE', ( #2478 ), #978, .T. ) ;
#4054 = CARTESIAN_POINT ( 'NONE',  ( 0.09472713579799670047, 38.02516045201326733, 3.371859501118020574 ) ) ;
#4055 = EDGE_LOOP ( 'NONE', ( #3740, #4484, #1138, #705 ) ) ;
#4056 = VECTOR ( 'NONE', #2064, 1000.000000000000114 ) ;
#4057 = ORIENTED_EDGE ( 'NONE', *, *, #4198, .F. ) ;
#4058 = ADVANCED_FACE ( 'NONE', ( #4298 ), #216, .T. ) ;
#4059 = CARTESIAN_POINT ( 'NONE',  ( 0.08682920528852887398, 23.37897395342002937, 0.2091901157448178006 ) ) ;
#4060 = DIRECTION ( 'NONE',  ( 0.000000000000000000, 0.007686366576370624870, -0.9999704594481048092 ) ) ;
#4061 = ORIENTED_EDGE ( 'NONE', *, *, #1505, .T. ) ;
#4062 = ORIENTED_EDGE ( 'NONE', *, *, #3471, .F. ) ;
#4063 = LINE ( 'NONE', #662, #2967 ) ;
#4064 = EDGE_CURVE ( 'NONE', #814, #2422, #2691, .T. ) ;
#4065 = DIRECTION ( 'NONE',  ( 0.000000000000000000, -0.007686366576370569359, 0.9999704594481048092 ) ) ;
#4066 = DIRECTION ( 'NONE',  ( 0.0005383705042709668181, 0.9999703145309754015, 0.007686365462452108416 ) ) ;
#4067 = CARTESIAN_POINT ( 'NONE',  ( 0.07709550178312216118, 5.299576069181764382, 0.07022113090598426643 ) ) ;
#4068 = ORIENTED_EDGE ( 'NONE', *, *, #3209, .F. ) ;
#4069 = CIRCLE ( 'NONE', #3993, 2.600000000000067590 ) ;
#4070 = DIRECTION ( 'NONE',  ( 0.0005383705042709668181, 0.9999703145309754015, 0.007686365462452108416 ) ) ;
#4071 = VECTOR ( 'NONE', #337, 1000.000000000000000 ) ;
#4072 = CYLINDRICAL_SURFACE ( 'NONE', #3720, 2.599999999999882405 ) ;
#4073 = FACE_OUTER_BOUND ( 'NONE', #3509, .T. ) ;
#4074 = VERTEX_POINT ( 'NONE', #4180 ) ;
#4075 = EDGE_CURVE ( 'NONE', #4403, #432, #369, .T. ) ;
#4076 = VECTOR ( 'NONE', #576, 1000.000000000000114 ) ;
#4077 = DIRECTION ( 'NONE',  ( 0.0005383705042709668181, 0.9999703145309754015, 0.007686365462452108416 ) ) ;
#4078 = FACE_OUTER_BOUND ( 'NONE', #204, .T. ) ;
#4079 = VERTEX_POINT ( 'NONE', #3901 ) ;
#4080 = ORIENTED_EDGE ( 'NONE', *, *, #3925, .F. ) ;
#4081 = EDGE_CURVE ( 'NONE', #671, #3855, #3365, .T. ) ;
#4082 = CARTESIAN_POINT ( 'NONE',  ( 0.09338120953731927909, 35.52523466568583643, 3.352643587461897834 ) ) ;
#4083 = AXIS2_PLACEMENT_3D ( 'NONE', #2736, #3884, #4665 ) ;
#4084 = CARTESIAN_POINT ( 'NONE',  ( 0.08557483722538988813, 21.04910852304463376, 0.1912813869396050304 ) ) ;
#4085 = LINE ( 'NONE', #491, #1501 ) ;
#4086 = ORIENTED_EDGE ( 'NONE', *, *, #456, .F. ) ;
#4087 = ORIENTED_EDGE ( 'NONE', *, *, #27, .F. ) ;
#4088 = VECTOR ( 'NONE', #267, 1000.000000000000114 ) ;
#4089 = DIRECTION ( 'NONE',  ( -0.0003661357369575320717, -0.6856963141577465670, 0.7278876497750893515 ) ) ;
#4090 = DIRECTION ( 'NONE',  ( 0.0005383705042709668181, 0.9999703145309754015, 0.007686365462452108416 ) ) ;
#4091 = EDGE_CURVE ( 'NONE', #2097, #1719, #3791, .T. ) ;
#4092 = FACE_OUTER_BOUND ( 'NONE', #2910, .T. ) ;
#4093 = CIRCLE ( 'NONE', #2231, 3.050000000000020695 ) ;
#4094 = ORIENTED_EDGE ( 'NONE', *, *, #1186, .T. ) ;
#4095 = AXIS2_PLACEMENT_3D ( 'NONE', #4344, #2877, #1345 ) ;
#4096 = CIRCLE ( 'NONE', #3851, 3.049999999999637001 ) ;
#4097 = DIRECTION ( 'NONE',  ( 0.000000000000000000, -0.007686366576371411567, 0.9999704594481046982 ) ) ;
#4098 = DIRECTION ( 'NONE',  ( 0.000000000000000000, -0.007686366576370185985, 0.9999704594481046982 ) ) ;
#4099 = AXIS2_PLACEMENT_3D ( 'NONE', #2229, #4489, #2976 ) ;
#4100 = ORIENTED_EDGE ( 'NONE', *, *, #3565, .F. ) ;
#4101 = CIRCLE ( 'NONE', #2315, 3.049999999999629452 ) ;
#4102 = TOROIDAL_SURFACE ( 'NONE', #4251, 4.174242148869766744, 1.949999999999999734 ) ;
#4103 = CYLINDRICAL_SURFACE ( 'NONE', #219, 3.324242148869746227 ) ;
#4104 = ORIENTED_EDGE ( 'NONE', *, *, #907, .F. ) ;
#4105 = ORIENTED_EDGE ( 'NONE', *, *, #1203, .T. ) ;
#4106 = DIRECTION ( 'NONE',  ( 0.000000000000000000, -0.007686366576370053279, 0.9999704594481048092 ) ) ;
#4107 = DIRECTION ( 'NONE',  ( -0.0003766781054526784642, -0.6941508717555849861, -0.7198294418503360381 ) ) ;
#4108 = CARTESIAN_POINT ( 'NONE',  ( 0.07225016724468347196, -3.700156761597003907, 0.001043841743915397378 ) ) ;
#4109 = ADVANCED_FACE ( 'NONE', ( #821 ), #272, .T. ) ;
#4110 = ORIENTED_EDGE ( 'NONE', *, *, #1911, .F. ) ;
#4111 = ORIENTED_EDGE ( 'NONE', *, *, #1320, .T. ) ;
#4112 = ADVANCED_FACE ( 'NONE', ( #2089 ), #3559, .T. ) ;
#4113 = CIRCLE ( 'NONE', #4036, 2.599999999999809575 ) ;
#4114 = CARTESIAN_POINT ( 'NONE',  ( 0.09302030394846162731, 34.87833141292400541, 0.2975810036869062647 ) ) ;
#4115 = AXIS2_PLACEMENT_3D ( 'NONE', #3428, #113, #1591 ) ;
#4116 = CARTESIAN_POINT ( 'NONE',  ( 0.07946551751917421691, 9.701647434946114146, 0.1040580646802941878 ) ) ;
#4117 = CIRCLE ( 'NONE', #4740, 3.049999999999668532 ) ;
#4118 = ORIENTED_EDGE ( 'NONE', *, *, #3477, .F. ) ;
#4119 = DIRECTION ( 'NONE',  ( -0.0005383705042709668181, -0.9999703145309754015, -0.007686365462452108416 ) ) ;
#4120 = ADVANCED_FACE ( 'NONE', ( #225 ), #3933, .T. ) ;
#4122 = EDGE_CURVE ( 'NONE', #1092, #3297, #1537, .T. ) ;
#4121 = DIRECTION ( 'NONE',  ( 0.000000000000000000, -0.007686366576371560753, 0.9999704594481046982 ) ) ;
#4123 = CARTESIAN_POINT ( 'NONE',  ( 0.08159685889820424143, 13.66040463329521160, 0.1344874225936801559 ) ) ;
#4124 = ORIENTED_EDGE ( 'NONE', *, *, #465, .T. ) ;
#4125 = AXIS2_PLACEMENT_3D ( 'NONE', #2335, #1187, #3722 ) ;
#4126 = CARTESIAN_POINT ( 'NONE',  ( 0.08714957095038246282, 23.97402169304770325, 0.2137640059172772056 ) ) ;
#4127 = VERTEX_POINT ( 'NONE', #4526 ) ;
#4128 = EDGE_LOOP ( 'NONE', ( #2681, #1280, #2688, #2738 ) ) ;
#4129 = CONICAL_SURFACE ( 'NONE', #2648, 2.600000000000023181, 0.8229227423153600007 ) ;
#4130 = FACE_OUTER_BOUND ( 'NONE', #1938, .T. ) ;
#4131 = EDGE_CURVE ( 'NONE', #4049, #3297, #1967, .T. ) ;
#4132 = DIRECTION ( 'NONE',  ( -0.0005383705042709668181, -0.9999703145309754015, -0.007686365462452108416 ) ) ;
#4133 = ORIENTED_EDGE ( 'NONE', *, *, #1968, .T. ) ;
#4134 = VERTEX_POINT ( 'NONE', #2316 ) ;
#4135 = EDGE_CURVE ( 'NONE', #688, #3430, #939, .T. ) ;
#4136 = DIRECTION ( 'NONE',  ( 0.0003675112634932345000, 0.6882329383424771185, -0.7254896880838150874 ) ) ;
#4137 = CARTESIAN_POINT ( 'NONE',  ( 0.09293298088070095497, 34.71613739441496449, 0.2963342841753686119 ) ) ;
#4138 = DIRECTION ( 'NONE',  ( 0.000000000000000000, -0.007686366576371364730, 0.9999704594481046982 ) ) ;
#4139 = ORIENTED_EDGE ( 'NONE', *, *, #4046, .T. ) ;
#4140 = EDGE_CURVE ( 'NONE', #3581, #3376, #4713, .T. ) ;
#4141 = CARTESIAN_POINT ( 'NONE',  ( 0.08750889805017098011, 24.64143647551538407, 0.2188941521411635893 ) ) ;
#4142 = DIRECTION ( 'NONE',  ( 0.000000000000000000, 0.007686366576370663034, -0.9999704594481048092 ) ) ;
#4143 = AXIS2_PLACEMENT_3D ( 'NONE', #4778, #1457, #4469 ) ;
#4144 = VERTEX_POINT ( 'NONE', #3534 ) ;
#4145 = CIRCLE ( 'NONE', #3905, 3.049999999999672973 ) ;
#4146 = FACE_OUTER_BOUND ( 'NONE', #1701, .T. ) ;
#4147 = DIRECTION ( 'NONE',  ( 0.0005383705042709668181, 0.9999703145309754015, 0.007686365462452108416 ) ) ;
#4148 = FACE_OUTER_BOUND ( 'NONE', #2568, .T. ) ;
#4149 = ORIENTED_EDGE ( 'NONE', *, *, #762, .T. ) ;
#4150 = EDGE_LOOP ( 'NONE', ( #1635, #2779, #416, #659 ) ) ;
#4151 = CIRCLE ( 'NONE', #1903, 3.049999999999653877 ) ;
#4152 = ADVANCED_FACE ( 'NONE', ( #3169 ), #1842, .T. ) ;
#4153 = CARTESIAN_POINT ( 'NONE',  ( 0.09203528327664149689, 33.07219571547426540, -2.766392128827721120 ) ) ;
#4154 = AXIS2_PLACEMENT_3D ( 'NONE', #248, #4270, #938 ) ;
#4155 = DIRECTION ( 'NONE',  ( -0.0005383705042709668181, -0.9999703145309754015, -0.007686365462452108416 ) ) ;
#4156 = EDGE_LOOP ( 'NONE', ( #3170, #176, #3731, #4032 ) ) ;
#4157 = ORIENTED_EDGE ( 'NONE', *, *, #2679, .T. ) ;
#4158 = AXIS2_PLACEMENT_3D ( 'NONE', #4186, #2695, #2344 ) ;
#4159 = DIRECTION ( 'NONE',  ( -0.0005383546005137543940, -0.9999998550871516123, 0.000000000000000000 ) ) ;
#4160 = CARTESIAN_POINT ( 'NONE',  ( 0.09629779653239452231, 40.98593641333214777, -2.255549126249379643 ) ) ;
#4161 = ORIENTED_EDGE ( 'NONE', *, *, #342, .T. ) ;
#4162 = ADVANCED_FACE ( 'NONE', ( #2526 ), #2544, .T. ) ;
#4163 = CIRCLE ( 'NONE', #1455, 3.049999999999663647 ) ;
#4164 = LINE ( 'NONE', #3019, #3023 ) ;
#4165 = FACE_OUTER_BOUND ( 'NONE', #3397, .T. ) ;
#4166 = EDGE_CURVE ( 'NONE', #324, #2710, #1996, .T. ) ;
#4167 = ORIENTED_EDGE ( 'NONE', *, *, #2740, .F. ) ;
#4168 = AXIS2_PLACEMENT_3D ( 'NONE', #1109, #4077, #857 ) ;
#4169 = AXIS2_PLACEMENT_3D ( 'NONE', #3296, #3249, #3609 ) ;
#4170 = DIRECTION ( 'NONE',  ( 0.0005383705042709667097, 0.9999703145309752905, 0.007686365462452107548 ) ) ;
#4171 = DIRECTION ( 'NONE',  ( 0.000000000000000000, -0.007686366576371437588, 0.9999704594481046982 ) ) ;
#4172 = CONICAL_SURFACE ( 'NONE', #4, 2.599999999999687450, 0.8194320838113202665 ) ;
#4173 = ORIENTED_EDGE ( 'NONE', *, *, #730, .F. ) ;
#4174 = ORIENTED_EDGE ( 'NONE', *, *, #1122, .T. ) ;
#4175 = DIRECTION ( 'NONE',  ( 0.000000000000000000, -0.007686366576371411567, 0.9999704594481046982 ) ) ;
#4176 = CARTESIAN_POINT ( 'NONE',  ( 0.09369326707880035188, 36.10830975298916456, 2.907112155080065374 ) ) ;
#4177 = ORIENTED_EDGE ( 'NONE', *, *, #4081, .T. ) ;
#4178 = EDGE_LOOP ( 'NONE', ( #410, #4490, #2431, #198 ) ) ;
#4179 = DIRECTION ( 'NONE',  ( 0.0005383705042709668181, 0.9999703145309754015, 0.007686365462452108416 ) ) ;
#4180 = CARTESIAN_POINT ( 'NONE',  ( 0.09503919333947775938, 38.60823553931660967, 2.926328068736187671 ) ) ;
#4181 = VERTEX_POINT ( 'NONE', #4054 ) ;
#4182 = AXIS2_PLACEMENT_3D ( 'NONE', #3253, #2888, #4379 ) ;
#4183 = AXIS2_PLACEMENT_3D ( 'NONE', #3072, #960, #2010 ) ;
#4184 = CARTESIAN_POINT ( 'NONE',  ( 0.09090736185838145522, 30.93376453289360484, 2.867337528687890380 ) ) ;
#4185 = DIRECTION ( 'NONE',  ( 0.0005383705042709668181, 0.9999703145309754015, 0.007686365462452108416 ) ) ;
#4186 = CARTESIAN_POINT ( 'NONE',  ( 0.09696137339072083416, 42.19848067537473923, 0.3538480164704669306 ) ) ;
#4187 = ADVANCED_FACE ( 'NONE', ( #4078 ), #516, .T. ) ;
#4188 = CARTESIAN_POINT ( 'NONE',  ( 0.08557483722539027671, 21.07255194110257435, -2.858628514377003604 ) ) ;
#4189 = DIRECTION ( 'NONE',  ( 0.0005383705042709668181, 0.9999703145309754015, 0.007686365462452108416 ) ) ;
#4190 = DIRECTION ( 'NONE',  ( 0.0005383705042709668181, 0.9999703145309754015, 0.007686365462452108416 ) ) ;
#4191 = DIRECTION ( 'NONE',  ( 0.0005383705042709668181, 0.9999703145309754015, 0.007686365462452108416 ) ) ;
#4192 = ORIENTED_EDGE ( 'NONE', *, *, #4268, .F. ) ;
#4193 = ORIENTED_EDGE ( 'NONE', *, *, #1351, .T. ) ;
#4194 = CARTESIAN_POINT ( 'NONE',  ( 0.09696137339072084804, 42.19848067537476766, 0.3538480164704671527 ) ) ;
#4195 = DIRECTION ( 'NONE',  ( 0.0005383705042709667097, 0.9999703145309752905, 0.007686365462452107548 ) ) ;
#4196 = ORIENTED_EDGE ( 'NONE', *, *, #2058, .T. ) ;
#4197 = EDGE_LOOP ( 'NONE', ( #2636, #3586, #1876, #407 ) ) ;
#4198 = EDGE_CURVE ( 'NONE', #4074, #4357, #4741, .T. ) ;
#4199 = CYLINDRICAL_SURFACE ( 'NONE', #2200, 3.049999999999672085 ) ;
#4200 = CONICAL_SURFACE ( 'NONE', #34, 2.588226473094634272, 0.7958701389075822918 ) ;
#4201 = ORIENTED_EDGE ( 'NONE', *, *, #1760, .T. ) ;
#4202 = DIRECTION ( 'NONE',  ( 0.0005383705042709668181, 0.9999703145309754015, 0.007686365462452108416 ) ) ;
#4203 = DIRECTION ( 'NONE',  ( 0.0005383705042709667097, 0.9999703145309752905, 0.007686365462452107548 ) ) ;
#4204 = DIRECTION ( 'NONE',  ( 0.000000000000000000, -0.007686366576371266718, 0.9999704594481048092 ) ) ;
#4205 = FACE_OUTER_BOUND ( 'NONE', #1068, .T. ) ;
#4206 = DIRECTION ( 'NONE',  ( 0.0005383705042709667097, 0.9999703145309752905, 0.007686365462452107548 ) ) ;
#4207 = CARTESIAN_POINT ( 'NONE',  ( 0.08090372065830775394, 12.39230208851268067, -2.390649135932796820 ) ) ;
#4208 = CYLINDRICAL_SURFACE ( 'NONE', #1984, 3.050000000000025135 ) ;
#4209 = ORIENTED_EDGE ( 'NONE', *, *, #1160, .F. ) ;
#4210 = ORIENTED_EDGE ( 'NONE', *, *, #4268, .T. ) ;
#4211 = EDGE_CURVE ( 'NONE', #3076, #2040, #824, .T. ) ;
#4212 = CIRCLE ( 'NONE', #2127, 3.050000000000017142 ) ;
#4213 = CARTESIAN_POINT ( 'NONE',  ( 0.09696137339072113948, 42.21846522847330618, -2.246075178094525615 ) ) ;
#4214 = AXIS2_PLACEMENT_3D ( 'NONE', #4525, #2712, #2647 ) ;
#4215 = LINE ( 'NONE', #3899, #2663 ) ;
#4216 = AXIS2_PLACEMENT_3D ( 'NONE', #2162, #3294, #1743 ) ;
#4217 = EDGE_LOOP ( 'NONE', ( #3191, #4149, #3223, #4080 ) ) ;
#4218 = ORIENTED_EDGE ( 'NONE', *, *, #728, .F. ) ;
#4219 = CIRCLE ( 'NONE', #578, 3.050000000000025135 ) ;
#4220 = DIRECTION ( 'NONE',  ( -0.0003766781054526111895, -0.7051342696045255209, 0.7090737055785507614 ) ) ;
#4221 = DIRECTION ( 'NONE',  ( 0.0005383705042709668181, 0.9999703145309754015, 0.007686365462452108416 ) ) ;
#4222 = EDGE_LOOP ( 'NONE', ( #2793, #3683, #1185, #3369 ) ) ;
#4223 = EDGE_LOOP ( 'NONE', ( #2885, #3251, #1823, #3845 ) ) ;
#4224 = CIRCLE ( 'NONE', #2142, 2.515314863583299143 ) ;
#4225 = CARTESIAN_POINT ( 'NONE',  ( 0.09562483340205579774, 39.71598896706984050, 0.3347661114876291366 ) ) ;
#4226 = AXIS2_PLACEMENT_3D ( 'NONE', #4716, #3256, #4430 ) ;
#4227 = CARTESIAN_POINT ( 'NONE',  ( 0.09302030394846162731, 34.87833141292400541, 0.2975810036869062647 ) ) ;
#4228 = CYLINDRICAL_SURFACE ( 'NONE', #3238, 2.600000000000027622 ) ;
#4229 = EDGE_CURVE ( 'NONE', #4756, #866, #223, .T. ) ;
#4230 = FACE_OUTER_BOUND ( 'NONE', #859, .T. ) ;
#4231 = AXIS2_PLACEMENT_3D ( 'NONE', #2878, #2498, #3632 ) ;
#4232 = CARTESIAN_POINT ( 'NONE',  ( 0.09122772752023504406, 31.54879682561985987, 0.2719882242953520768 ) ) ;
#4233 = DIRECTION ( 'NONE',  ( 0.000000000000000000, 0.007686366576370532062, -0.9999704594481046982 ) ) ;
#4234 = DIRECTION ( 'NONE',  ( 0.0005383705042709668181, 0.9999703145309754015, 0.007686365462452108416 ) ) ;
#4235 = LINE ( 'NONE', #3190, #1755 ) ;
#4236 = ORIENTED_EDGE ( 'NONE', *, *, #3333, .F. ) ;
#4237 = AXIS2_PLACEMENT_3D ( 'NONE', #2178, #237, #1786 ) ;
#4238 = ORIENTED_EDGE ( 'NONE', *, *, #2597, .T. ) ;
#4239 = CIRCLE ( 'NONE', #3620, 2.599999999999635047 ) ;
#4240 = DIRECTION ( 'NONE',  ( 0.0005383705042709668181, 0.9999703145309754015, 0.007686365462452108416 ) ) ;
#4241 = VECTOR ( 'NONE', #387, 1000.000000000000000 ) ;
#4242 = DIRECTION ( 'NONE',  ( 0.000000000000000000, -0.007686366576370541603, 0.9999704594481048092 ) ) ;
#4243 = ADVANCED_FACE ( 'NONE', ( #3682 ), #761, .T. ) ;
#4244 = ORIENTED_EDGE ( 'NONE', *, *, #1539, .F. ) ;
#4245 = ORIENTED_EDGE ( 'NONE', *, *, #460, .F. ) ;
#4246 = AXIS2_PLACEMENT_3D ( 'NONE', #1318, #2796, #4386 ) ;
#4247 = VECTOR ( 'NONE', #3840, 1000.000000000000114 ) ;
#4248 = DIRECTION ( 'NONE',  ( 0.0005383705042709668181, 0.9999703145309754015, 0.007686365462452108416 ) ) ;
#4249 = ADVANCED_FACE ( 'NONE', ( #2166 ), #1070, .T. ) ;
#4250 = DIRECTION ( 'NONE',  ( 0.000000000000000000, -0.007686366576371490497, 0.9999704594481046982 ) ) ;
#4251 = AXIS2_PLACEMENT_3D ( 'NONE', #2951, #9, #1884 ) ;
#4252 = ORIENTED_EDGE ( 'NONE', *, *, #2334, .T. ) ;
#4253 = ORIENTED_EDGE ( 'NONE', *, *, #456, .T. ) ;
#4254 = FACE_OUTER_BOUND ( 'NONE', #647, .T. ) ;
#4255 = CARTESIAN_POINT ( 'NONE',  ( 0.09696137339072083416, 42.17503725731680220, 3.403757917787009646 ) ) ;
#4256 = DIRECTION ( 'NONE',  ( 0.000000000000000000, -0.007686366576371357791, 0.9999704594481046982 ) ) ;
#4257 = CONICAL_SURFACE ( 'NONE', #16, 2.961056899315490210, 0.07592182246143358570 ) ;
#4258 = EDGE_CURVE ( 'NONE', #2550, #2274, #3222, .T. ) ;
#4259 = EDGE_CURVE ( 'NONE', #82, #3699, #704, .T. ) ;
#4260 = AXIS2_PLACEMENT_3D ( 'NONE', #2122, #4749, #1785 ) ;
#4261 = CARTESIAN_POINT ( 'NONE',  ( 0.07946551751917421691, 9.681753377491240542, 2.692208080136479165 ) ) ;
#4262 = FACE_OUTER_BOUND ( 'NONE', #3053, .T. ) ;
#4263 = FACE_OUTER_BOUND ( 'NONE', #3346, .T. ) ;
#4264 = DIRECTION ( 'NONE',  ( 0.000000000000000000, -0.007686366576371356923, 0.9999704594481046982 ) ) ;
#4265 = VECTOR ( 'NONE', #3942, 1000.000000000000114 ) ;
#4266 = EDGE_LOOP ( 'NONE', ( #360, #2428, #2067, #318 ) ) ;
#4267 = VERTEX_POINT ( 'NONE', #2592 ) ;
#4268 = EDGE_CURVE ( 'NONE', #573, #1197, #2462, .T. ) ;
#4269 = CARTESIAN_POINT ( 'NONE',  ( 0.08646987818874035669, 22.71155917095235210, 0.2040599695209314446 ) ) ;
#4270 = DIRECTION ( 'NONE',  ( 0.0005383705042709668181, 0.9999703145309754015, 0.007686365462452108416 ) ) ;
#4271 = DIRECTION ( 'NONE',  ( 0.0005383705042709668181, 0.9999703145309754015, 0.007686365462452108416 ) ) ;
#4272 = VERTEX_POINT ( 'NONE', #4008 ) ;
#4273 = ORIENTED_EDGE ( 'NONE', *, *, #3705, .F. ) ;
#4274 = DIRECTION ( 'NONE',  ( 0.000000000000000000, -0.007686366576370185985, 0.9999704594481046982 ) ) ;
#4275 = DIRECTION ( 'NONE',  ( -0.0003661357369576233073, -0.6744259999067339084, -0.7383423573075190705 ) ) ;
#4276 = AXIS2_PLACEMENT_3D ( 'NONE', #1403, #2824, #3241 ) ;
#4277 = ORIENTED_EDGE ( 'NONE', *, *, #2893, .T. ) ;
#4278 = ORIENTED_EDGE ( 'NONE', *, *, #827, .F. ) ;
#4279 = EDGE_CURVE ( 'NONE', #911, #4028, #3234, .T. ) ;
#4280 = CIRCLE ( 'NONE', #3974, 2.600000000000010747 ) ;
#4281 = VECTOR ( 'NONE', #4042, 1000.000000000000114 ) ;
#4282 = CARTESIAN_POINT ( 'NONE',  ( 0.09696137339072083416, 42.19848067537473923, 0.3538480164704669306 ) ) ;
#4283 = DIRECTION ( 'NONE',  ( 0.0005383705042709668181, 0.9999703145309754015, 0.007686365462452108416 ) ) ;
#4284 = ADVANCED_FACE ( 'NONE', ( #2908 ), #3662, .T. ) ;
#4285 = CARTESIAN_POINT ( 'NONE',  ( 0.08624356522595114094, 22.27122052566677013, 2.800752072993049957 ) ) ;
#4286 = EDGE_CURVE ( 'NONE', #1412, #2550, #4395, .T. ) ;
#4287 = EDGE_CURVE ( 'NONE', #1777, #2626, #4407, .T. ) ;
#4288 = CARTESIAN_POINT ( 'NONE',  ( 0.09122772752023504406, 31.52535340756192639, 3.321898125611884467 ) ) ;
#4289 = LINE ( 'NONE', #3240, #3239 ) ;
#4290 = DIRECTION ( 'NONE',  ( -0.0003661357369575386853, -0.6856963141577586685, 0.7278876497750779162 ) ) ;
#4291 = CARTESIAN_POINT ( 'NONE',  ( 0.08682920528852887398, 23.39895850651859632, -2.390733078820375113 ) ) ;
#4292 = LINE ( 'NONE', #1620, #4315 ) ;
#4293 = ORIENTED_EDGE ( 'NONE', *, *, #4697, .F. ) ;
#4294 = ORIENTED_EDGE ( 'NONE', *, *, #2503, .T. ) ;
#4295 = EDGE_CURVE ( 'NONE', #3338, #4181, #4635, .T. ) ;
#4296 = LINE ( 'NONE', #4213, #841 ) ;
#4297 = CARTESIAN_POINT ( 'NONE',  ( 0.08624356522595082175, 22.27122052566677013, 2.800752072993051733 ) ) ;
#4298 = FACE_OUTER_BOUND ( 'NONE', #3122, .T. ) ;
#4299 = ORIENTED_EDGE ( 'NONE', *, *, #710, .T. ) ;
#4300 = ORIENTED_EDGE ( 'NONE', *, *, #4198, .T. ) ;
#4301 = AXIS2_PLACEMENT_3D ( 'NONE', #1507, #2677, #4171 ) ;
#4302 = DIRECTION ( 'NONE',  ( 0.000000000000000000, 0.007686366576370702933, -0.9999704594481048092 ) ) ;
#4303 = AXIS2_PLACEMENT_3D ( 'NONE', #2931, #723, #2501 ) ;
#4304 = LINE ( 'NONE', #3563, #2214 ) ;
#4305 = CARTESIAN_POINT ( 'NONE',  ( 0.07876563586362196612, 8.401686026055850576, 0.09406578957910646799 ) ) ;
#4306 = ORIENTED_EDGE ( 'NONE', *, *, #1561, .F. ) ;
#4307 = ORIENTED_EDGE ( 'NONE', *, *, #178, .T. ) ;
#4308 = CARTESIAN_POINT ( 'NONE',  ( 0.09090736185838145522, 30.97373363909073163, -2.332508860442220833 ) ) ;
#4309 = CYLINDRICAL_SURFACE ( 'NONE', #2843, 2.600000000000019185 ) ;
#4310 = EDGE_CURVE ( 'NONE', #2422, #1348, #1110, .T. ) ;
#4311 = DIRECTION ( 'NONE',  ( 0.0005383705042709668181, 0.9999703145309754015, 0.007686365462452108416 ) ) ;
#4312 = AXIS2_PLACEMENT_3D ( 'NONE', #4687, #1751, #1781 ) ;
#4313 = CARTESIAN_POINT ( 'NONE',  ( 0.09634163635231371425, 41.02739546518936464, 2.944923168042794526 ) ) ;
#4314 = CARTESIAN_POINT ( 'NONE',  ( 0.09571215646981647007, 39.87818298557888141, 0.3360128309991667894 ) ) ;
#4315 = VECTOR ( 'NONE', #908, 1000.000000000000114 ) ;
#4316 = CARTESIAN_POINT ( 'NONE',  ( 0.07946551751917452222, 9.721541492400987750, -2.484091950775890734 ) ) ;
#4317 = DIRECTION ( 'NONE',  ( 0.0003675112634932373732, 0.6882329383424825586, -0.7254896880838098694 ) ) ;
#4318 = ORIENTED_EDGE ( 'NONE', *, *, #2065, .F. ) ;
#4319 = ADVANCED_FACE ( 'NONE', ( #4355 ), #1019, .T. ) ;
#4320 = ORIENTED_EDGE ( 'NONE', *, *, #4259, .T. ) ;
#4321 = CONICAL_SURFACE ( 'NONE', #3924, 2.599999999999810019, 0.8194320838113335892 ) ;
#4322 = FACE_OUTER_BOUND ( 'NONE', #2385, .T. ) ;
#4323 = DIRECTION ( 'NONE',  ( 0.000000000000000000, -0.007686366576369991696, 0.9999704594481048092 ) ) ;
#4324 = AXIS2_PLACEMENT_3D ( 'NONE', #3958, #1698, #4546 ) ;
#4325 = DIRECTION ( 'NONE',  ( 1.677500783847220099E-21, -0.007686366576371191257, 0.9999704594481045872 ) ) ;
#4326 = ORIENTED_EDGE ( 'NONE', *, *, #697, .F. ) ;
#4327 = ORIENTED_EDGE ( 'NONE', *, *, #4450, .T. ) ;
#4328 = VECTOR ( 'NONE', #3949, 1000.000000000000114 ) ;
#4329 = AXIS2_PLACEMENT_3D ( 'NONE', #364, #2957, #2232 ) ;
#4330 = EDGE_CURVE ( 'NONE', #4495, #2485, #2765, .T. ) ;
#4331 = LINE ( 'NONE', #998, #238 ) ;
#4332 = ADVANCED_FACE ( 'NONE', ( #4148 ), #4103, .T. ) ;
#4333 = DIRECTION ( 'NONE',  ( 0.000000000000000000, -0.007686366576371582437, 0.9999704594481046982 ) ) ;
#4334 = ORIENTED_EDGE ( 'NONE', *, *, #3715, .F. ) ;
#4335 = VECTOR ( 'NONE', #4203, 1000.000000000000114 ) ;
#4336 = ORIENTED_EDGE ( 'NONE', *, *, #728, .T. ) ;
#4337 = AXIS2_PLACEMENT_3D ( 'NONE', #3872, #3087, #4533 ) ;
#4338 = DIRECTION ( 'NONE',  ( 0.0003946991537759857974, 0.7383422518208752061, -0.6744260992789775644 ) ) ;
#4339 = DIRECTION ( 'NONE',  ( 0.000000000000000000, -0.007686366576372154896, 0.9999704594481048092 ) ) ;
#4340 = CARTESIAN_POINT ( 'NONE',  ( 0.08624356522595082175, 22.29120507876533708, 0.2008288784282902528 ) ) ;
#4341 = DIRECTION ( 'NONE',  ( 0.0005383705042709668181, 0.9999703145309754015, 0.007686365462452108416 ) ) ;
#4342 = CARTESIAN_POINT ( 'NONE',  ( 0.07992194693054484322, 10.54942022046959060, 0.1105745495838594411 ) ) ;
#4343 = DIRECTION ( 'NONE',  ( 0.000000000000000000, -0.007686366576371624938, 0.9999704594481046982 ) ) ;
#4344 = CARTESIAN_POINT ( 'NONE',  ( 0.09696137339072083416, 42.19848067537473923, 0.3538480164704669306 ) ) ;
#4345 = CYLINDRICAL_SURFACE ( 'NONE', #3614, 3.049999999999863043 ) ;
#4346 = ORIENTED_EDGE ( 'NONE', *, *, #2068, .F. ) ;
#4347 = AXIS2_PLACEMENT_3D ( 'NONE', #4390, #1480, #769 ) ;
#4348 = VECTOR ( 'NONE', #2329, 1000.000000000000114 ) ;
#4349 = EDGE_CURVE ( 'NONE', #4571, #1437, #1461, .T. ) ;
#4350 = EDGE_CURVE ( 'NONE', #1063, #1180, #3701, .T. ) ;
#4351 = LINE ( 'NONE', #247, #655 ) ;
#4352 = VECTOR ( 'NONE', #1474, 1000.000000000000000 ) ;
#4353 = DIRECTION ( 'NONE',  ( 0.0003675112634931500407, 0.6769991864990153596, 0.7359836726552719810 ) ) ;
#4354 = CIRCLE ( 'NONE', #2948, 2.599999999999621281 ) ;
#4355 = FACE_OUTER_BOUND ( 'NONE', #1111, .T. ) ;
#4356 = VERTEX_POINT ( 'NONE', #1577 ) ;
#4357 = VERTEX_POINT ( 'NONE', #1231 ) ;
#4358 = EDGE_CURVE ( 'NONE', #4041, #4267, #4096, .T. ) ;
#4359 = DIRECTION ( 'NONE',  ( 0.0005383705042709668181, 0.9999703145309754015, 0.007686365462452108416 ) ) ;
#4360 = DIRECTION ( 'NONE',  ( 0.0005383705042709668181, 0.9999703145309754015, 0.007686365462452108416 ) ) ;
#4361 = LINE ( 'NONE', #4381, #1527 ) ;
#4362 = ORIENTED_EDGE ( 'NONE', *, *, #2721, .T. ) ;
#4363 = ORIENTED_EDGE ( 'NONE', *, *, #2566, .T. ) ;
#4364 = DIRECTION ( 'NONE',  ( 0.000000000000000000, -0.007686366576371028193, 0.9999704594481046982 ) ) ;
#4365 = FACE_OUTER_BOUND ( 'NONE', #2692, .T. ) ;
#4366 = CARTESIAN_POINT ( 'NONE',  ( 0.08090372065830775394, 12.35363482431968762, 2.639831983655280379 ) ) ;
#4367 = EDGE_CURVE ( 'NONE', #2869, #3338, #1935, .T. ) ;
#4368 = DIRECTION ( 'NONE',  ( 0.000000000000000000, -0.007686366576372139284, 0.9999704594481048092 ) ) ;
#4369 = CARTESIAN_POINT ( 'NONE',  ( 0.09022766909673934910, 29.69128656389681709, 0.2577102977265467998 ) ) ;
#4370 = CARTESIAN_POINT ( 'NONE',  ( 0.08896233627251952381, 27.36103972024532638, -2.360278170551033394 ) ) ;
#4371 = DIRECTION ( 'NONE',  ( 0.000000000000000000, -0.007686366576371386414, 0.9999704594481048092 ) ) ;
#4372 = ORIENTED_EDGE ( 'NONE', *, *, #2664, .T. ) ;
#4373 = EDGE_CURVE ( 'NONE', #1777, #2958, #836, .T. ) ;
#4374 = CARTESIAN_POINT ( 'NONE',  ( 0.08886828357345516460, 27.18634607280466398, -2.361620969631298639 ) ) ;
#4375 = DIRECTION ( 'NONE',  ( 0.000000000000000000, -0.007686366576370541603, 0.9999704594481048092 ) ) ;
#4376 = EDGE_CURVE ( 'NONE', #3364, #1529, #910, .T. ) ;
#4377 = EDGE_LOOP ( 'NONE', ( #1947, #3250, #4640, #2842 ) ) ;
#4378 = ORIENTED_EDGE ( 'NONE', *, *, #2858, .T. ) ;
#4379 = DIRECTION ( 'NONE',  ( 0.000000000000000000, 0.007686366576371143552, -0.9999704594481046982 ) ) ;
#4380 = LINE ( 'NONE', #4038, #2049 ) ;
#4381 = CARTESIAN_POINT ( 'NONE',  ( 0.07946551751917452222, 9.681753377491240542, 2.692208080136479165 ) ) ;
#4382 = EDGE_LOOP ( 'NONE', ( #246, #1675, #3281, #579 ) ) ;
#4383 = EDGE_LOOP ( 'NONE', ( #560, #2593, #548, #1146 ) ) ;
#4384 = VECTOR ( 'NONE', #3185, 1000.000000000000114 ) ;
#4385 = CARTESIAN_POINT ( 'NONE',  ( 0.09696137339072083416, 42.17503725731680220, 3.403757917787088250 ) ) ;
#4386 = DIRECTION ( 'NONE',  ( 0.000000000000000000, -0.007686366576371393353, 0.9999704594481046982 ) ) ;
#4387 = VECTOR ( 'NONE', #414, 1000.000000000000227 ) ;
#4388 = VECTOR ( 'NONE', #1353, 1000.000000000000000 ) ;
#4389 = ADVANCED_FACE ( 'NONE', ( #3046 ), #826, .T. ) ;
#4390 = CARTESIAN_POINT ( 'NONE',  ( 0.09653067698730408153, 41.39850442374999062, 0.3476989241005055131 ) ) ;
#4391 = DIRECTION ( 'NONE',  ( 0.0005383705042709667097, 0.9999703145309752905, 0.007686365462452107548 ) ) ;
#4392 = DIRECTION ( 'NONE',  ( 0.000000000000000000, -0.007686366576372076834, 0.9999704594481048092 ) ) ;
#4393 = ORIENTED_EDGE ( 'NONE', *, *, #4350, .T. ) ;
#4394 = DIRECTION ( 'NONE',  ( 0.000000000000000000, -0.007686366576371180849, 0.9999704594481046982 ) ) ;
#4395 = LINE ( 'NONE', #4421, #3314 ) ;
#4396 = ORIENTED_EDGE ( 'NONE', *, *, #235, .F. ) ;
#4397 = ORIENTED_EDGE ( 'NONE', *, *, #4349, .T. ) ;
#4398 = CARTESIAN_POINT ( 'NONE',  ( 0.07806456869081022931, 7.079644278749883668, 2.670163974134431850 ) ) ;
#4399 = ADVANCED_FACE ( 'NONE', ( #813 ), #1150, .T. ) ;
#4400 = DIRECTION ( 'NONE',  ( 0.000000000000000000, -0.007686366576371386414, 0.9999704594481048092 ) ) ;
#4401 = CARTESIAN_POINT ( 'NONE',  ( 0.09167437768778420593, 32.35842107349800045, 2.878288284595881930 ) ) ;
#4402 = ORIENTED_EDGE ( 'NONE', *, *, #118, .T. ) ;
#4403 = VERTEX_POINT ( 'NONE', #2326 ) ;
#4404 = CONICAL_SURFACE ( 'NONE', #3383, 2.588226473094630276, 0.7478735844795466603 ) ;
#4405 = CIRCLE ( 'NONE', #220, 2.600000000000009415 ) ;
#4406 = CARTESIAN_POINT ( 'NONE',  ( 0.09436623020913904869, 37.37825719925144341, 0.3167969173430365548 ) ) ;
#4407 = CIRCLE ( 'NONE', #4329, 2.610657367153374597 ) ;
#4408 = CARTESIAN_POINT ( 'NONE',  ( 0.09100141455744550911, 31.10845818033428500, 2.868680327767593852 ) ) ;
#4409 = ORIENTED_EDGE ( 'NONE', *, *, #2759, .F. ) ;
#4410 = CONICAL_SURFACE ( 'NONE', #2314, 2.599999999999657252, 0.8194320838113405836 ) ;
#4411 = AXIS2_PLACEMENT_3D ( 'NONE', #3043, #1176, #185 ) ;
#4412 = EDGE_CURVE ( 'NONE', #1778, #4357, #3857, .T. ) ;
#4413 = DIRECTION ( 'NONE',  ( 0.000000000000000000, 0.000000000000000000, 1.000000000000000000 ) ) ;
#4414 = DIRECTION ( 'NONE',  ( 0.000000000000000000, -0.007686366576371368199, 0.9999704594481046982 ) ) ;
#4415 = LINE ( 'NONE', #1375, #2845 ) ;
#4416 = VECTOR ( 'NONE', #2823, 1000.000000000000114 ) ;
#4417 = ORIENTED_EDGE ( 'NONE', *, *, #4131, .T. ) ;
#4418 = ADVANCED_FACE ( 'NONE', ( #876 ), #2395, .T. ) ;
#4419 = DIRECTION ( 'NONE',  ( 0.000000000000000000, -0.007686366576372088109, 0.9999704594481048092 ) ) ;
#4420 = CARTESIAN_POINT ( 'NONE',  ( 0.08660447081480811271, 22.96155174958511225, 0.2059815608865446235 ) ) ;
#4421 = CARTESIAN_POINT ( 'NONE',  ( 0.09696137339072113948, 42.21846522847330618, -2.246075178094530944 ) ) ;
#4422 = ORIENTED_EDGE ( 'NONE', *, *, #1234, .F. ) ;
#4423 = VECTOR ( 'NONE', #2170, 1000.000000000000114 ) ;
#4424 = VERTEX_POINT ( 'NONE', #3431 ) ;
#4425 = ADVANCED_FACE ( 'NONE', ( #1201 ), #1575, .T. ) ;
#4426 = AXIS2_PLACEMENT_3D ( 'NONE', #4026, #311, #2901 ) ;
#4427 = CIRCLE ( 'NONE', #1702, 2.600000000000092903 ) ;
#4428 = LINE ( 'NONE', #4037, #2863 ) ;
#4429 = CARTESIAN_POINT ( 'NONE',  ( 0.09167437768778452511, 32.39839017969513435, -2.321558104534325206 ) ) ;
#4430 = DIRECTION ( 'NONE',  ( 0.000000000000000000, -0.007686366576371591111, 0.9999704594481046982 ) ) ;
#4431 = ORIENTED_EDGE ( 'NONE', *, *, #2634, .T. ) ;
#4432 = ORIENTED_EDGE ( 'NONE', *, *, #518, .F. ) ;
#4433 = DIRECTION ( 'NONE',  ( 0.000000000000000000, -0.007686366576370185985, 0.9999704594481046982 ) ) ;
#4434 = CARTESIAN_POINT ( 'NONE',  ( 0.08760295074923502012, 24.81613012295605358, 0.2202369512209818303 ) ) ;
#4435 = DIRECTION ( 'NONE',  ( 0.000000000000000000, -0.007686366576371266718, 0.9999704594481048092 ) ) ;
#4436 = LINE ( 'NONE', #3697, #3928 ) ;
#4437 = ORIENTED_EDGE ( 'NONE', *, *, #2620, .F. ) ;
#4438 = DIRECTION ( 'NONE',  ( 0.000000000000000000, 0.007686366576371077633, -0.9999704594481046982 ) ) ;
#4439 = CARTESIAN_POINT ( 'NONE',  ( 0.08598422008614968470, 21.83294038138667048, -2.852783717425755761 ) ) ;
#4440 = CARTESIAN_POINT ( 'NONE',  ( 0.08090372065830743475, 12.35363482431968762, 2.639831983655280379 ) ) ;
#4441 = EDGE_CURVE ( 'NONE', #1646, #2480, #3156, .T. ) ;
#4442 = AXIS2_PLACEMENT_3D ( 'NONE', #1323, #2470, #3948 ) ;
#4443 = EDGE_LOOP ( 'NONE', ( #706, #2752, #1555, #2253 ) ) ;
#4444 = CONICAL_SURFACE ( 'NONE', #3034, 2.599999999999809575, 0.8229227423153526733 ) ;
#4445 = CONICAL_SURFACE ( 'NONE', #3659, 2.600000000000014744, 0.8194320838113278160 ) ;
#4446 = FACE_OUTER_BOUND ( 'NONE', #4014, .T. ) ;
#4447 = DIRECTION ( 'NONE',  ( 0.000000000000000000, -0.007686366576371601519, 0.9999704594481046982 ) ) ;
#4448 = ORIENTED_EDGE ( 'NONE', *, *, #417, .F. ) ;
#4449 = ORIENTED_EDGE ( 'NONE', *, *, #2434, .F. ) ;
#4450 = EDGE_CURVE ( 'NONE', #3297, #1092, #2390, .T. ) ;
#4451 = ADVANCED_FACE ( 'NONE', ( #3453 ), #2237, .T. ) ;
#4452 = DIRECTION ( 'NONE',  ( 0.0005383705042709668181, 0.9999703145309754015, 0.007686365462452108416 ) ) ;
#4453 = DIRECTION ( 'NONE',  ( -0.0005383705042709668181, -0.9999703145309754015, -0.007686365462452108416 ) ) ;
#4454 = DIRECTION ( 'NONE',  ( 0.0005383705042709668181, 0.9999703145309754015, 0.007686365462452108416 ) ) ;
#4455 = EDGE_CURVE ( 'NONE', #199, #268, #2027, .T. ) ;
#4456 = EDGE_LOOP ( 'NONE', ( #4244, #777, #3744, #474 ) ) ;
#4457 = ORIENTED_EDGE ( 'NONE', *, *, #3451, .T. ) ;
#4458 = FACE_OUTER_BOUND ( 'NONE', #4383, .T. ) ;
#4459 = CARTESIAN_POINT ( 'NONE',  ( 0.08896233627251920462, 27.34105516714676298, 0.2396450240136733800 ) ) ;
#4460 = CARTESIAN_POINT ( 'NONE',  ( 0.09696137339072083416, 42.19848067537473923, 0.3538480164704669306 ) ) ;
#4461 = ORIENTED_EDGE ( 'NONE', *, *, #639, .F. ) ;
#4462 = CIRCLE ( 'NONE', #2515, 3.049999999999668976 ) ;
#4463 = APPLICATION_PROTOCOL_DEFINITION ( 'draft international standard', 'automotive_design', 1998, #3312 ) ;
#4464 = CARTESIAN_POINT ( 'NONE',  ( 0.09562483340205611693, 39.73597352016840745, -2.265157083077451450 ) ) ;
#4465 = DIRECTION ( 'NONE',  ( 0.0005383705042709667097, 0.9999703145309752905, 0.007686365462452107548 ) ) ;
#4466 = EDGE_LOOP ( 'NONE', ( #935, #3719, #881, #3379 ) ) ;
#4467 = AXIS2_PLACEMENT_3D ( 'NONE', #4715, #4360, #3986 ) ;
#4468 = EDGE_CURVE ( 'NONE', #2486, #2274, #1774, .T. ) ;
#4469 = DIRECTION ( 'NONE',  ( 0.000000000000000000, -0.007686366576370541603, 0.9999704594481048092 ) ) ;
#4470 = CARTESIAN_POINT ( 'NONE',  ( 0.09634163635231371425, 41.04738001828793159, 0.3449999734777228211 ) ) ;
#4471 = ORIENTED_EDGE ( 'NONE', *, *, #3544, .T. ) ;
#4472 = ORIENTED_EDGE ( 'NONE', *, *, #4441, .T. ) ;
#4473 = CIRCLE ( 'NONE', #2670, 2.588226473094634716 ) ;
#4474 = CARTESIAN_POINT ( 'NONE',  ( 0.09696137339072120886, 42.22192409343266917, -2.696061884846075785 ) ) ;
#4475 = CIRCLE ( 'NONE', #3688, 2.600000000000019629 ) ;
#4476 = CARTESIAN_POINT ( 'NONE',  ( 0.09696137339072083416, 42.19848067537473923, 0.3538480164704669306 ) ) ;
#4477 = DIRECTION ( 'NONE',  ( 0.0005383705042709668181, 0.9999703145309754015, 0.007686365462452108416 ) ) ;
#4478 = ORIENTED_EDGE ( 'NONE', *, *, #4373, .F. ) ;
#4479 = ORIENTED_EDGE ( 'NONE', *, *, #1105, .F. ) ;
#4480 = ADVANCED_FACE ( 'NONE', ( #4205 ), #4557, .T. ) ;
#4481 = EDGE_CURVE ( 'NONE', #4079, #324, #832, .T. ) ;
#4482 = DIRECTION ( 'NONE',  ( 0.0005383705042709668181, 0.9999703145309754015, 0.007686365462452108416 ) ) ;
#4483 = FACE_OUTER_BOUND ( 'NONE', #3153, .T. ) ;
#4484 = ORIENTED_EDGE ( 'NONE', *, *, #2866, .F. ) ;
#4485 = CIRCLE ( 'NONE', #1920, 2.681280545876500110 ) ;
#4486 = AXIS2_PLACEMENT_3D ( 'NONE', #1429, #721, #2927 ) ;
#4487 = AXIS2_PLACEMENT_3D ( 'NONE', #1411, #3981, #339 ) ;
#4488 = DIRECTION ( 'NONE',  ( 0.000000000000000000, 0.007686366576372090711, -0.9999704594481048092 ) ) ;
#4489 = DIRECTION ( 'NONE',  ( 0.0005383705042709668181, 0.9999703145309754015, 0.007686365462452108416 ) ) ;
#4490 = ORIENTED_EDGE ( 'NONE', *, *, #4512, .T. ) ;
#4491 = CONICAL_SURFACE ( 'NONE', #3783, 2.961056899315490210, 0.6387905062299464864 ) ;
#4492 = ADVANCED_FACE ( 'NONE', ( #3135 ), #2296, .T. ) ;
#4493 = CARTESIAN_POINT ( 'NONE',  ( 0.07852218361944021674, 7.949497402688826320, 0.09058999938148221132 ) ) ;
#4494 = CARTESIAN_POINT ( 'NONE',  ( 0.09696137339072084804, 42.19848067537476766, 0.3538480164704671527 ) ) ;
#4495 = VERTEX_POINT ( 'NONE', #1252 ) ;
#4496 = EDGE_LOOP ( 'NONE', ( #4100, #3529, #2579, #298 ) ) ;
#4497 = ADVANCED_FACE ( 'NONE', ( #96 ), #2722, .T. ) ;
#4498 = EDGE_CURVE ( 'NONE', #1589, #3727, #1542, .T. ) ;
#4499 = DIRECTION ( 'NONE',  ( 0.0005383705042709668181, 0.9999703145309754015, 0.007686365462452108416 ) ) ;
#4500 = CARTESIAN_POINT ( 'NONE',  ( 0.09696137339072083416, 42.19848067537473923, 0.3538480164704669306 ) ) ;
#4501 = VERTEX_POINT ( 'NONE', #1933 ) ;
#4502 = ORIENTED_EDGE ( 'NONE', *, *, #2545, .T. ) ;
#4503 = AXIS2_PLACEMENT_3D ( 'NONE', #1558, #3028, #3350 ) ;
#4504 = AXIS2_PLACEMENT_3D ( 'NONE', #785, #4482, #1877 ) ;
#4505 = FACE_OUTER_BOUND ( 'NONE', #3022, .T. ) ;
#4506 = CONICAL_SURFACE ( 'NONE', #2870, 2.850000000000003197, 0.6187192198319830805 ) ;
#4507 = DIRECTION ( 'NONE',  ( 0.0005383705042709668181, 0.9999703145309754015, 0.007686365462452108416 ) ) ;
#4508 = ORIENTED_EDGE ( 'NONE', *, *, #3300, .F. ) ;
#4509 = ADVANCED_FACE ( 'NONE', ( #4146 ), #4491, .T. ) ;
#4510 = LINE ( 'NONE', #3447, #315 ) ;
#4511 = DIRECTION ( 'NONE',  ( 0.0005383705042709668181, 0.9999703145309754015, 0.007686365462452108416 ) ) ;
#4512 = EDGE_CURVE ( 'NONE', #1337, #2031, #811, .T. ) ;
#4513 = EDGE_LOOP ( 'NONE', ( #33, #1621, #3326, #1693 ) ) ;
#4514 = CIRCLE ( 'NONE', #2416, 1.734702437071700798 ) ;
#4515 = CARTESIAN_POINT ( 'NONE',  ( 0.09436623020913935400, 37.39824175235001746, -2.283126277222048195 ) ) ;
#4516 = DIRECTION ( 'NONE',  ( 0.0005383705042709668181, 0.9999703145309754015, 0.007686365462452108416 ) ) ;
#4517 = ORIENTED_EDGE ( 'NONE', *, *, #2120, .T. ) ;
#4518 = ORIENTED_EDGE ( 'NONE', *, *, #3858, .F. ) ;
#4519 = FACE_OUTER_BOUND ( 'NONE', #612, .T. ) ;
#4520 = EDGE_CURVE ( 'NONE', #3075, #2527, #3410, .T. ) ;
#4521 = DIRECTION ( 'NONE',  ( 0.0003675112634931515586, 0.6769991864990181352, 0.7359836726552693165 ) ) ;
#4522 = ADVANCED_FACE ( 'NONE', ( #165 ), #4563, .T. ) ;
#4523 = ORIENTED_EDGE ( 'NONE', *, *, #1699, .T. ) ;
#4524 = ORIENTED_EDGE ( 'NONE', *, *, #4286, .T. ) ;
#4525 = CARTESIAN_POINT ( 'NONE',  ( 0.09629779653239452231, 40.96595186023358082, 0.3443740683156943927 ) ) ;
#4526 = CARTESIAN_POINT ( 'NONE',  ( 0.09068262738466105477, 30.51288346409931407, 3.314115680581383394 ) ) ;
#4527 = ORIENTED_EDGE ( 'NONE', *, *, #2789, .T. ) ;
#4528 = CARTESIAN_POINT ( 'NONE',  ( 0.09696137339072083416, 42.19848067537473923, 0.3538480164704669306 ) ) ;
#4529 = DIRECTION ( 'NONE',  ( 0.000000000000000000, -0.007686366576371330903, 0.9999704594481046982 ) ) ;
#4530 = CIRCLE ( 'NONE', #4301, 3.049999999999626787 ) ;
#4531 = EDGE_LOOP ( 'NONE', ( #3684, #4161, #3368, #2523 ) ) ;
#4532 = VECTOR ( 'NONE', #3672, 1000.000000000000114 ) ;
#4533 = DIRECTION ( 'NONE',  ( 0.000000000000000000, -0.007686366576369950063, 0.9999704594481048092 ) ) ;
#4534 = DIRECTION ( 'NONE',  ( -0.0005383705042709668181, -0.9999703145309754015, -0.007686365462452108416 ) ) ;
#4535 = ORIENTED_EDGE ( 'NONE', *, *, #1081, .T. ) ;
#4536 = EDGE_LOOP ( 'NONE', ( #273, #3964, #1866, #3032 ) ) ;
#4537 = VECTOR ( 'NONE', #4107, 1000.000000000000000 ) ;
#4538 = DIRECTION ( 'NONE',  ( 0.0003675112634932527688, 0.6769991864992076502, 0.7359836726550951225 ) ) ;
#4539 = DIRECTION ( 'NONE',  ( 0.0003946991537760589268, 0.7383422518210099872, -0.6744260992788300157 ) ) ;
#4540 = CLOSED_SHELL ( 'NONE', ( #411, #1914, #2637, #1436, #4757, #709, #3770, #3724, #2244, #1670, #3055, #3261, #3996, #3263, #1883, #4425, #4623, #1112, #1630, #3626, #3606, #1569, #92, #3111, #3754, #4638, #1218, #4399, #3588, #54, #4249, #112, #735, #2291, #259, #1471, #3693, #3444, #2747, #1495, #4522, #1235, #4389, #4109, #790, #1030, #2756, #1192, #3900, #1124, #4152, #2832, #3271, #1261, #1782, #66, #1219, #3400, #2732, #1610, #505, #1350, #643, #1615, #4016, #1182, #806, #1153, #1563, #4548, #2393, #2955, #1735, #454, #4162, #56, #4017, #4492, #2930, #1339, #3513, #2513, #1046, #2044, #3386, #1705, #2026, #1114, #4720, #218, #3571, #4120, #4730, #3360, #269, #1836, #2635, #656, #4497, #1054, #2950, #1564, #2048, #3498, #3537, #3478, #1545, #550, #299, #2092, #4783, #1451, #1193, #4728, #3472, #2056, #3826, #3658, #2791, #1088, #1172, #2567, #4480, #752, #3653, #2408, #262, #2161, #2489, #508, #328, #3130, #2819, #4243, #4319, #3286, #3940, #3612, #1865, #3870, #4418, #2675, #666, #781, #3203, #184, #4112, #2912, #1546, #1368, #2037, #3769, #852, #1029, #1891, #1908, #4284, #3635, #2133, #174, #3098, #1267, #4187, #1016, #3577, #893, #1022, #3492, #641, #4451, #3282, #1962, #3394, #1685, #3896, #1986, #3103, #3939, #4053, #2918, #336, #613, #1426, #2257, #4058, #1857, #4509, #2382, #4332, #3670 ) ) ;
#4541 = ORIENTED_EDGE ( 'NONE', *, *, #2643, .T. ) ;
#4542 = ORIENTED_EDGE ( 'NONE', *, *, #1208, .T. ) ;
#4543 = VECTOR ( 'NONE', #3150, 1000.000000000000114 ) ;
#4544 = FACE_OUTER_BOUND ( 'NONE', #624, .T. ) ;
#4545 = CIRCLE ( 'NONE', #2453, 2.599999999999809575 ) ;
#4546 = DIRECTION ( 'NONE',  ( 0.000000000000000000, 0.007686366576371077633, -0.9999704594481046982 ) ) ;
#4547 = ORIENTED_EDGE ( 'NONE', *, *, #3804, .F. ) ;
#4548 = ADVANCED_FACE ( 'NONE', ( #3947 ), #2799, .T. ) ;
#4549 = CIRCLE ( 'NONE', #4231, 2.600000000000027622 ) ;
#4550 = AXIS2_PLACEMENT_3D ( 'NONE', #90, #1151, #439 ) ;
#4551 = FACE_OUTER_BOUND ( 'NONE', #1724, .T. ) ;
#4552 = FACE_OUTER_BOUND ( 'NONE', #1246, .T. ) ;
#4553 = CARTESIAN_POINT ( 'NONE',  ( 0.07876563586362227143, 8.381791968600976972, 2.682215805035295109 ) ) ;
#4554 = VECTOR ( 'NONE', #570, 1000.000000000000000 ) ;
#4555 = VECTOR ( 'NONE', #14, 1000.000000000000000 ) ;
#4556 = EDGE_CURVE ( 'NONE', #3855, #1240, #1383, .T. ) ;
#4557 = CYLINDRICAL_SURFACE ( 'NONE', #4411, 3.050000000000025135 ) ;
#4558 = CARTESIAN_POINT ( 'NONE',  ( 0.07768770933782022381, 6.399543415165832805, 0.07867613291468161796 ) ) ;
#4559 = FACE_OUTER_BOUND ( 'NONE', #4217, .T. ) ;
#4560 = VECTOR ( 'NONE', #1640, 1000.000000000000114 ) ;
#4561 = CARTESIAN_POINT ( 'NONE',  ( 0.07992194693054484322, 10.54942022046959060, 0.1105745495838594411 ) ) ;
#4562 = ORIENTED_EDGE ( 'NONE', *, *, #332, .T. ) ;
#4563 = CONICAL_SURFACE ( 'NONE', #4025, 2.599999999999644373, 0.8194320838113324790 ) ;
#4564 = EDGE_CURVE ( 'NONE', #4618, #4709, #4289, .T. ) ;
#4565 = ORIENTED_EDGE ( 'NONE', *, *, #4358, .F. ) ;
#4566 = AXIS2_PLACEMENT_3D ( 'NONE', #2512, #1807, #4671 ) ;
#4567 = CONICAL_SURFACE ( 'NONE', #2243, 2.586183782692276889, 0.5489060497522214588 ) ;
#4568 = DIRECTION ( 'NONE',  ( -0.0003661357369576284573, -0.6744259999067435674, -0.7383423573075102997 ) ) ;
#4569 = CARTESIAN_POINT ( 'NONE',  ( 0.09136232014630277232, 31.79878940425260581, 0.2739098156609651169 ) ) ;
#4570 = VERTEX_POINT ( 'NONE', #619 ) ;
#4571 = VERTEX_POINT ( 'NONE', #1373 ) ;
#4572 = CARTESIAN_POINT ( 'NONE',  ( 0.09696137339072083416, 42.19848067537473923, 0.3538480164704669306 ) ) ;
#4573 = LINE ( 'NONE', #891, #4543 ) ;
#4574 = ORIENTED_EDGE ( 'NONE', *, *, #2698, .T. ) ;
#4575 = AXIS2_PLACEMENT_3D ( 'NONE', #4227, #3864, #378 ) ;
#4576 = DIRECTION ( 'NONE',  ( 0.0005383705042709667097, 0.9999703145309752905, 0.007686365462452107548 ) ) ;
#4577 = DIRECTION ( 'NONE',  ( 0.0005383705042709668181, 0.9999703145309754015, 0.007686365462452108416 ) ) ;
#4578 = DIRECTION ( 'NONE',  ( 0.0005383705042709668181, 0.9999703145309754015, 0.007686365462452108416 ) ) ;
#4579 = LINE ( 'NONE', #2964, #3423 ) ;
#4580 = DIRECTION ( 'NONE',  ( 0.0005383705042709668181, 0.9999703145309754015, 0.007686365462452108416 ) ) ;
#4581 = EDGE_CURVE ( 'NONE', #128, #1488, #1221, .T. ) ;
#4582 = DIRECTION ( 'NONE',  ( 0.0005383705042709668181, 0.9999703145309754015, 0.007686365462452108416 ) ) ;
#4583 = ORIENTED_EDGE ( 'NONE', *, *, #3115, .F. ) ;
#4584 = ORIENTED_EDGE ( 'NONE', *, *, #862, .F. ) ;
#4585 = DIRECTION ( 'NONE',  ( 0.0005383705042709668181, 0.9999703145309754015, 0.007686365462452108416 ) ) ;
#4586 = CARTESIAN_POINT ( 'NONE',  ( 0.09571215646981647007, 39.85819843248031447, 2.935936025564245710 ) ) ;
#4587 = ORIENTED_EDGE ( 'NONE', *, *, #2829, .T. ) ;
#4588 = CIRCLE ( 'NONE', #2500, 2.600000000000120437 ) ;
#4589 = ORIENTED_EDGE ( 'NONE', *, *, #342, .F. ) ;
#4590 = LINE ( 'NONE', #917, #2925 ) ;
#4591 = CARTESIAN_POINT ( 'NONE',  ( 0.08818859081181339155, 25.88391444451218604, 2.828521383102674314 ) ) ;
#4592 = ORIENTED_EDGE ( 'NONE', *, *, #4033, .F. ) ;
#4593 = ORIENTED_EDGE ( 'NONE', *, *, #111, .T. ) ;
#4594 = CARTESIAN_POINT ( 'NONE',  ( 0.09696137339072083416, 42.19848067537473923, 0.3538480164704669306 ) ) ;
#4595 = DIRECTION ( 'NONE',  ( 0.0005383705042709667097, 0.9999703145309752905, 0.007686365462452107548 ) ) ;
#4596 = DIRECTION ( 'NONE',  ( 0.0005383705042709668181, 0.9999703145309754015, 0.007686365462452108416 ) ) ;
#4597 = CARTESIAN_POINT ( 'NONE',  ( 0.08760295074923502012, 24.79614556985749019, 2.820160145785711503 ) ) ;
#4598 = CARTESIAN_POINT ( 'NONE',  ( 0.09526550630226728045, 39.04857418460217389, 0.3296359652637428916 ) ) ;
#4599 = AXIS2_PLACEMENT_3D ( 'NONE', #4493, #1889, #2639 ) ;
#4600 = DIRECTION ( 'NONE',  ( -0.0005383705042709668181, -0.9999703145309754015, -0.007686365462452108416 ) ) ;
#4601 = DIRECTION ( 'NONE',  ( 0.000000000000000000, 0.007686366576371204268, -0.9999704594481046982 ) ) ;
#4602 = DIRECTION ( 'NONE',  ( 0.0005383705042709668181, 0.9999703145309754015, 0.007686365462452108416 ) ) ;
#4603 = ORIENTED_EDGE ( 'NONE', *, *, #3339, .F. ) ;
#4604 = EDGE_LOOP ( 'NONE', ( #698, #4218, #3071, #3270 ) ) ;
#4605 = EDGE_CURVE ( 'NONE', #1180, #1063, #2467, .T. ) ;
#4606 = AXIS2_PLACEMENT_3D ( 'NONE', #4137, #1566, #1945 ) ;
#4607 = CARTESIAN_POINT ( 'NONE',  ( 0.08932324186137649558, 28.01140183796653460, 0.2447977064719277784 ) ) ;
#4608 = AXIS2_PLACEMENT_3D ( 'NONE', #1900, #1923, #3014 ) ;
#4609 = CARTESIAN_POINT ( 'NONE',  ( 0.08579579040965525094, 21.48295077130084962, -2.855473945337721808 ) ) ;
#4610 = CIRCLE ( 'NONE', #1191, 3.050000000000069988 ) ;
#4611 = ORIENTED_EDGE ( 'NONE', *, *, #680, .T. ) ;
#4612 = EDGE_LOOP ( 'NONE', ( #1718, #2879, #146, #3982 ) ) ;
#4613 = CONICAL_SURFACE ( 'NONE', #4691, 2.961056899315490210, 0.6387905062299464864 ) ;
#4614 = EDGE_CURVE ( 'NONE', #1241, #1021, #4101, .T. ) ;
#4615 = DIRECTION ( 'NONE',  ( 0.000000000000000000, -0.007686366576370185985, 0.9999704594481046982 ) ) ;
#4616 = CARTESIAN_POINT ( 'NONE',  ( 0.09226001775036225816, 33.44618994815269986, 2.886649521912403760 ) ) ;
#4617 = ORIENTED_EDGE ( 'NONE', *, *, #3854, .T. ) ;
#4618 = VERTEX_POINT ( 'NONE', #1299 ) ;
#4619 = EDGE_CURVE ( 'NONE', #4501, #2869, #1694, .T. ) ;
#4620 = CIRCLE ( 'NONE', #4776, 3.049999999999808420 ) ;
#4621 = CARTESIAN_POINT ( 'NONE',  ( 0.07600523060178093759, 3.274504473541141270, 0.05465522845314434164 ) ) ;
#4622 = DIRECTION ( 'NONE',  ( 0.000000000000000000, -0.007686366576372139284, 0.9999704594481048092 ) ) ;
#4623 = ADVANCED_FACE ( 'NONE', ( #3973 ), #4641, .T. ) ;
#4624 = CARTESIAN_POINT ( 'NONE',  ( 0.08340770384649445757, 17.02387120165908030, 0.1603410233351285352 ) ) ;
#4625 = EDGE_CURVE ( 'NONE', #1514, #1824, #2104, .T. ) ;
#4626 = DIRECTION ( 'NONE',  ( 0.0005383705042709668181, 0.9999703145309754015, 0.007686365462452108416 ) ) ;
#4627 = LINE ( 'NONE', #2801, #1570 ) ;
#4628 = DIRECTION ( 'NONE',  ( 0.0005383705042709668181, 0.9999703145309754015, 0.007686365462452108416 ) ) ;
#4629 = CYLINDRICAL_SURFACE ( 'NONE', #3226, 2.600000000000023626 ) ;
#4630 = ORIENTED_EDGE ( 'NONE', *, *, #2338, .T. ) ;
#4631 = ORIENTED_EDGE ( 'NONE', *, *, #2928, .T. ) ;
#4632 = AXIS2_PLACEMENT_3D ( 'NONE', #4594, #1340, #2100 ) ;
#4633 = CARTESIAN_POINT ( 'NONE',  ( 0.09158705462002385278, 32.19622705498896664, 2.877041565084120567 ) ) ;
#4634 = VECTOR ( 'NONE', #243, 1000.000000000000114 ) ;
#4635 = CIRCLE ( 'NONE', #2304, 3.050000000000013145 ) ;
#4636 = FACE_OUTER_BOUND ( 'NONE', #2371, .T. ) ;
#4637 = DIRECTION ( 'NONE',  ( 0.000000000000000000, -0.007686366576372103722, 0.9999704594481048092 ) ) ;
#4638 = ADVANCED_FACE ( 'NONE', ( #3918 ), #992, .T. ) ;
#4639 = ORIENTED_EDGE ( 'NONE', *, *, #38, .T. ) ;
#4640 = ORIENTED_EDGE ( 'NONE', *, *, #1312, .T. ) ;
#4641 = CONICAL_SURFACE ( 'NONE', #525, 2.515314863583299143, 0.7958701389077978972 ) ;
#4642 = CARTESIAN_POINT ( 'NONE',  ( 0.09696137339072083416, 42.19848067537473923, 0.3538480164704669306 ) ) ;
#4643 = EDGE_CURVE ( 'NONE', #473, #2404, #3320, .T. ) ;
#4644 = PRODUCT_DEFINITION_FORMATION_WITH_SPECIFIED_SOURCE ( 'ANY', '', #1417, .NOT_KNOWN. ) ;
#4645 = EDGE_LOOP ( 'NONE', ( #1915, #2794, #4320, #4044 ) ) ;
#4646 = ORIENTED_EDGE ( 'NONE', *, *, #3991, .T. ) ;
#4647 = DIRECTION ( 'NONE',  ( 0.0005383705042709668181, 0.9999703145309754015, 0.007686365462452108416 ) ) ;
#4648 = CARTESIAN_POINT ( 'NONE',  ( 0.07424213811048605005, -0.0002665978323934670158, 0.02948339395498816851 ) ) ;
#4649 = DIRECTION ( 'NONE',  ( 0.000000000000000000, -0.007686366576371913770, 0.9999704594481046982 ) ) ;
#4650 = CYLINDRICAL_SURFACE ( 'NONE', #4005, 3.049999999999902567 ) ;
#4651 = VECTOR ( 'NONE', #1490, 1000.000000000000114 ) ;
#4652 = DIRECTION ( 'NONE',  ( 0.000000000000000000, -0.007686366576371582437, 0.9999704594481046982 ) ) ;
#4653 = CARTESIAN_POINT ( 'NONE',  ( 0.09629779653239482762, 40.94596730713501387, 2.944297262880768429 ) ) ;
#4654 = DIRECTION ( 'NONE',  ( 0.000000000000000000, -0.007686366576370655228, 0.9999704594481048092 ) ) ;
#4655 = ORIENTED_EDGE ( 'NONE', *, *, #718, .T. ) ;
#4656 = ORIENTED_EDGE ( 'NONE', *, *, #1320, .F. ) ;
#4657 = CARTESIAN_POINT ( 'NONE',  ( 0.07731084998483053750, 5.699564194994143129, 0.07329567709096507233 ) ) ;
#4658 = DIRECTION ( 'NONE',  ( 0.000000000000000000, 0.007686366576372130610, -0.9999704594481048092 ) ) ;
#4659 = CARTESIAN_POINT ( 'NONE',  ( 0.09022766909673934910, 29.69128656389681709, 0.2577102977265467998 ) ) ;
#4660 = ORIENTED_EDGE ( 'NONE', *, *, #4064, .F. ) ;
#4661 = VERTEX_POINT ( 'NONE', #4261 ) ;
#4662 = EDGE_CURVE ( 'NONE', #4028, #911, #3708, .T. ) ;
#4663 = CARTESIAN_POINT ( 'NONE',  ( 0.09495187027171740624, 38.48601062700470266, -2.274765039905518815 ) ) ;
#4664 = EDGE_CURVE ( 'NONE', #4495, #1074, #1714, .T. ) ;
#4665 = DIRECTION ( 'NONE',  ( 0.000000000000000000, 0.007686366576371841779, -0.9999704594481048092 ) ) ;
#4666 = ORIENTED_EDGE ( 'NONE', *, *, #2742, .F. ) ;
#4667 = ORIENTED_EDGE ( 'NONE', *, *, #1093, .T. ) ;
#4668 = AXIS2_PLACEMENT_3D ( 'NONE', #1277, #3454, #395 ) ;
#4669 = EDGE_CURVE ( 'NONE', #390, #717, #1154, .T. ) ;
#4670 = CARTESIAN_POINT ( 'NONE',  ( 0.08782926371202492977, 25.25992763320098788, -2.826441859002972734 ) ) ;
#4671 = DIRECTION ( 'NONE',  ( 0.000000000000000000, -0.007686366576371838309, 0.9999704594481048092 ) ) ;
#4672 = CARTESIAN_POINT ( 'NONE',  ( 0.07833375394294536664, 7.576064374545055102, 3.137809672786015192 ) ) ;
#4673 = EDGE_CURVE ( 'NONE', #2098, #2399, #3861, .T. ) ;
#4674 = CARTESIAN_POINT ( 'NONE',  ( 0.08062182858609709402, 11.84938162935985417, 0.1205668246850471470 ) ) ;
#4675 = CARTESIAN_POINT ( 'NONE',  ( 0.07709550178312216118, 5.299576069181764382, 0.07022113090598426643 ) ) ;
#4676 = CYLINDRICAL_SURFACE ( 'NONE', #4095, 3.050000000000017142 ) ;
#4677 = CARTESIAN_POINT ( 'NONE',  ( 0.08202159189720151233, 14.42586102908226664, 3.190461276203790053 ) ) ;
#4678 = EDGE_LOOP ( 'NONE', ( #4118, #2119, #4252, #3140 ) ) ;
#4679 = CARTESIAN_POINT ( 'NONE',  ( 0.07806456869080991012, 7.099522635337522480, 0.08405658873839809420 ) ) ;
#4680 = CARTESIAN_POINT ( 'NONE',  ( 0.09696137339072083416, 42.19848067537473923, 0.3538480164704669306 ) ) ;
#4681 = DIRECTION ( 'NONE',  ( 0.0005383705042709668181, 0.9999703145309754015, 0.007686365462452108416 ) ) ;
#4682 = ORIENTED_EDGE ( 'NONE', *, *, #3834, .T. ) ;
#4683 = EDGE_LOOP ( 'NONE', ( #4273, #1890, #2213, #733 ) ) ;
#4684 = CIRCLE ( 'NONE', #1432, 3.050000000000122391 ) ;
#4685 = CARTESIAN_POINT ( 'NONE',  ( 0.09234734081812323581, 33.64835307285886046, -2.311950147706256065 ) ) ;
#4686 = AXIS2_PLACEMENT_3D ( 'NONE', #2202, #2945, #263 ) ;
#4687 = CARTESIAN_POINT ( 'NONE',  ( 0.09696137339072083416, 42.19848067537473923, 0.3538480164704669306 ) ) ;
#4688 = CIRCLE ( 'NONE', #2521, 2.681280545876500110 ) ;
#4689 = ORIENTED_EDGE ( 'NONE', *, *, #1408, .F. ) ;
#4690 = ORIENTED_EDGE ( 'NONE', *, *, #4075, .T. ) ;
#4691 = AXIS2_PLACEMENT_3D ( 'NONE', #1442, #4453, #2913 ) ;
#4692 = ADVANCED_BREP_SHAPE_REPRESENTATION ( '1 mid L', ( #3021, #527 ), #3789 ) ;
#4693 = CYLINDRICAL_SURFACE ( 'NONE', #4632, 3.049999999999918998 ) ;
#4694 = DIRECTION ( 'NONE',  ( 0.000000000000000000, -0.007686366576371193859, 0.9999704594481046982 ) ) ;
#4695 = CARTESIAN_POINT ( 'NONE',  ( 0.08760295074923532543, 24.83611467605461698, -2.379686243343746455 ) ) ;
#4696 = AXIS2_PLACEMENT_3D ( 'NONE', #1007, #239, #2874 ) ;
#4697 = EDGE_CURVE ( 'NONE', #996, #1769, #3322, .T. ) ;
#4698 = DIRECTION ( 'NONE',  ( 0.0005383705042709668181, 0.9999703145309754015, 0.007686365462452108416 ) ) ;
#4699 = AXIS2_PLACEMENT_3D ( 'NONE', #1265, #4221, #920 ) ;
#4700 = DIRECTION ( 'NONE',  ( -0.0003661357369575365711, -0.6856963141577546716, 0.7278876497750816910 ) ) ;
#4701 = LINE ( 'NONE', #2105, #2192 ) ;
#4702 = DIRECTION ( 'NONE',  ( 0.000000000000000000, -0.007686366576372139284, 0.9999704594481048092 ) ) ;
#4703 = CARTESIAN_POINT ( 'NONE',  ( 0.09696137339072083416, 42.19848067537473923, 0.3538480164704669306 ) ) ;
#4704 = ORIENTED_EDGE ( 'NONE', *, *, #634, .T. ) ;
#4705 = DIRECTION ( 'NONE',  ( 0.0005383705042709668181, 0.9999703145309754015, 0.007686365462452108416 ) ) ;
#4706 = LINE ( 'NONE', #2525, #3823 ) ;
#4707 = AXIS2_PLACEMENT_3D ( 'NONE', #1168, #1102, #3035 ) ;
#4708 = CARTESIAN_POINT ( 'NONE',  ( 0.09293298088070095497, 34.71613739441496449, 0.2963342841753686119 ) ) ;
#4709 = VERTEX_POINT ( 'NONE', #2469 ) ;
#4710 = VERTEX_POINT ( 'NONE', #3891 ) ;
#4711 = CIRCLE ( 'NONE', #1294, 2.599999999999621281 ) ;
#4712 = VECTOR ( 'NONE', #4317, 1000.000000000000114 ) ;
#4713 = CIRCLE ( 'NONE', #3007, 2.515314863583299143 ) ;
#4714 = DIRECTION ( 'NONE',  ( 0.0005383705042709668181, 0.9999703145309754015, 0.007686365462452108416 ) ) ;
#4715 = CARTESIAN_POINT ( 'NONE',  ( 0.08918864923530873956, 27.76140925933377090, 0.2428761151063145718 ) ) ;
#4716 = CARTESIAN_POINT ( 'NONE',  ( 0.09696137339072083416, 42.19848067537473923, 0.3538480164704669306 ) ) ;
#4717 = EDGE_CURVE ( 'NONE', #3129, #1778, #3575, .T. ) ;
#4718 = EDGE_CURVE ( 'NONE', #3833, #3960, #3745, .T. ) ;
#4719 = VERTEX_POINT ( 'NONE', #2631 ) ;
#4720 = ADVANCED_FACE ( 'NONE', ( #423 ), #1470, .T. ) ;
#4721 = CIRCLE ( 'NONE', #3706, 3.049999999999668976 ) ;
#4722 = ORIENTED_EDGE ( 'NONE', *, *, #1377, .T. ) ;
#4723 = EDGE_CURVE ( 'NONE', #82, #3435, #3399, .T. ) ;
#4724 = AXIS2_PLACEMENT_3D ( 'NONE', #4598, #1617, #1276 ) ;
#4725 = CARTESIAN_POINT ( 'NONE',  ( 0.08964202903416161605, 28.62350224234067753, -2.350574134154676198 ) ) ;
#4726 = AXIS2_PLACEMENT_3D ( 'NONE', #743, #4119, #4752 ) ;
#4727 = CARTESIAN_POINT ( 'NONE',  ( 0.08886828357345548379, 27.18634607280466398, -2.361620969631075262 ) ) ;
#4728 = ADVANCED_FACE ( 'NONE', ( #2974 ), #3546, .T. ) ;
#4729 = DIRECTION ( 'NONE',  ( 0.0005383705042709668181, 0.9999703145309754015, 0.007686365462452108416 ) ) ;
#4730 = ADVANCED_FACE ( 'NONE', ( #3675 ), #4102, .T. ) ;
#4731 = CARTESIAN_POINT ( 'NONE',  ( 0.09427890714137837636, 37.21606318074241671, 0.3155501978314989575 ) ) ;
#4732 = DIRECTION ( 'NONE',  ( 0.0005383705042709668181, 0.9999703145309754015, 0.007686365462452108416 ) ) ;
#4733 = CARTESIAN_POINT ( 'NONE',  ( 0.08090372065830743475, 12.37296845641618503, 0.1245914238612419872 ) ) ;
#4734 = DIRECTION ( 'NONE',  ( 0.0005383705042709667097, 0.9999703145309752905, 0.007686365462452107548 ) ) ;
#4735 = EDGE_LOOP ( 'NONE', ( #4396, #4346, #1562, #3491 ) ) ;
#4736 = AXIS2_PLACEMENT_3D ( 'NONE', #4059, #1023, #727 ) ;
#4737 = AXIS2_PLACEMENT_3D ( 'NONE', #4572, #3766, #3443 ) ;
#4738 = CARTESIAN_POINT ( 'NONE',  ( 0.08896233627251920462, 27.32107061404820314, 2.839568218578380598 ) ) ;
#4739 = DIRECTION ( 'NONE',  ( 0.0005383705042709668181, 0.9999703145309754015, 0.007686365462452108416 ) ) ;
#4740 = AXIS2_PLACEMENT_3D ( 'NONE', #3506, #1671, #2110 ) ;
#4741 = LINE ( 'NONE', #2884, #4241 ) ;
#4742 = ORIENTED_EDGE ( 'NONE', *, *, #4131, .F. ) ;
#4743 = ORIENTED_EDGE ( 'NONE', *, *, #889, .F. ) ;
#4744 = CARTESIAN_POINT ( 'NONE',  ( 0.09696137339072083416, 42.19848067537473923, 0.3538480164704669306 ) ) ;
#4745 = DIRECTION ( 'NONE',  ( 0.9999998550785896834, -0.0005383546005091475106, -4.138113049610003943E-06 ) ) ;
#4746 = LINE ( 'NONE', #1729, #1207 ) ;
#4747 = ORIENTED_EDGE ( 'NONE', *, *, #918, .T. ) ;
#4748 = ORIENTED_EDGE ( 'NONE', *, *, #3404, .T. ) ;
#4749 = DIRECTION ( 'NONE',  ( 0.0005383705042709668181, 0.9999703145309754015, 0.007686365462452108416 ) ) ;
#4750 = DIRECTION ( 'NONE',  ( 0.000000000000000000, -0.007686366576371325698, 0.9999704594481046982 ) ) ;
#4751 = CARTESIAN_POINT ( 'NONE',  ( 0.07330426533923790899, -1.788638737541166535, 6.048104249619658646 ) ) ;
#4752 = DIRECTION ( 'NONE',  ( 0.000000000000000000, 0.007686366576372116732, -0.9999704594481048092 ) ) ;
#4753 = DIRECTION ( 'NONE',  ( 0.000000000000000000, -0.007686366576371326566, 0.9999704594481048092 ) ) ;
#4754 = CARTESIAN_POINT ( 'NONE',  ( 0.09696137339072083416, 42.19848067537473923, 0.3538480164704669306 ) ) ;
#4755 = CARTESIAN_POINT ( 'NONE',  ( 0.09100141455744550911, 31.12844273343284840, 0.2687571332027108295 ) ) ;
#4756 = VERTEX_POINT ( 'NONE', #3289 ) ;
#4757 = ADVANCED_FACE ( 'NONE', ( #1479 ), #4567, .T. ) ;
#4758 = DIRECTION ( 'NONE',  ( 0.0005383705042709667097, 0.9999703145309752905, 0.007686365462452107548 ) ) ;
#4759 = CARTESIAN_POINT ( 'NONE',  ( 0.08728416357645020496, 24.22401427168046695, 0.2156855972828904122 ) ) ;
#4760 = DIRECTION ( 'NONE',  ( 0.0005383705042709668181, 0.9999703145309754015, 0.007686365462452108416 ) ) ;
#4761 = ORIENTED_EDGE ( 'NONE', *, *, #1001, .T. ) ;
#4762 = ORIENTED_EDGE ( 'NONE', *, *, #4468, .T. ) ;
#4763 = LINE ( 'NONE', #4398, #1230 ) ;
#4764 = PLANE ( 'NONE',  #2138 ) ;
#4765 = PRODUCT_DEFINITION_CONTEXT ( 'detailed design', #3312, 'design' ) ;
#4766 = CIRCLE ( 'NONE', #1272, 3.050000000000029132 ) ;
#4767 = EDGE_LOOP ( 'NONE', ( #191, #1431, #734, #887 ) ) ;
#4768 = ORIENTED_EDGE ( 'NONE', *, *, #3764, .F. ) ;
#4769 = CONICAL_SURFACE ( 'NONE', #2660, 2.600000000000027178, 0.8229227423153433474 ) ;
#4770 = DIRECTION ( 'NONE',  ( 0.0005383705042709668181, 0.9999703145309754015, 0.007686365462452108416 ) ) ;
#4771 = FACE_OUTER_BOUND ( 'NONE', #4645, .T. ) ;
#4772 = ORIENTED_EDGE ( 'NONE', *, *, #2562, .F. ) ;
#4773 = DIRECTION ( 'NONE',  ( 0.000000000000000000, -0.007686366576371027326, 0.9999704594481046982 ) ) ;
#4774 = DIRECTION ( 'NONE',  ( 0.0005383705042709667097, 0.9999703145309752905, 0.007686365462452107548 ) ) ;
#4775 = VERTEX_POINT ( 'NONE', #694 ) ;
#4776 = AXIS2_PLACEMENT_3D ( 'NONE', #2103, #2492, #3998 ) ;
#4777 = CARTESIAN_POINT ( 'NONE',  ( 0.09122772752023541876, 31.57224024367778625, -2.777921677021180535 ) ) ;
#4778 = CARTESIAN_POINT ( 'NONE',  ( 0.08828264351087711237, 26.07859264505140473, 0.2299409876173275913 ) ) ;
#4779 = CARTESIAN_POINT ( 'NONE',  ( 0.09696137339072083416, 42.19848067537473923, 0.3538480164704669306 ) ) ;
#4780 = ORIENTED_EDGE ( 'NONE', *, *, #1550, .F. ) ;
#4781 = ORIENTED_EDGE ( 'NONE', *, *, #4564, .T. ) ;
#4782 = DIRECTION ( 'NONE',  ( 0.000000000000000000, -0.007686366576371321362, 0.9999704594481046982 ) ) ;
#4783 = ADVANCED_FACE ( 'NONE', ( #3702 ), #3361, .T. ) ;
#4784 = DIRECTION ( 'NONE',  ( 0.0005383705042709667097, 0.9999703145309752905, 0.007686365462452107548 ) ) ;
#4785 = DIRECTION ( 'NONE',  ( 0.0005383705042709668181, 0.9999703145309754015, 0.007686365462452108416 ) ) ;
#4786 = EDGE_LOOP ( 'NONE', ( #1073, #156, #921, #2121 ) ) ;
#4787 = ORIENTED_EDGE ( 'NONE', *, *, #2377, .T. ) ;
#4788 = AXIS2_PLACEMENT_3D ( 'NONE', #3893, #2006, #4601 ) ;
#4789 = AXIS2_PLACEMENT_3D ( 'NONE', #4779, #677, #2935 ) ;
ENDSEC;
END-ISO-10303-21;
