ISO-10303-21;
HEADER;
FILE_DESCRIPTION (( 'STEP AP214' ),
    '1' );
FILE_NAME ('1 SMALL NUT.STEP',
    '2024-10-24T09:40:31',
    ( '' ),
    ( '' ),
    'SwSTEP 2.0',
    'SolidWorks 2023',
    '' );
FILE_SCHEMA (( 'AUTOMOTIVE_DESIGN' ));
ENDSEC;

DATA;
#1 = ORIENTED_EDGE ( 'NONE', *, *, #3070, .F. ) ;
#2 = ORIENTED_EDGE ( 'NONE', *, *, #174, .F. ) ;
#3 = CARTESIAN_POINT ( 'NONE',  ( -2.250000000000480060, 0.000000000000000000, -2.698918212968115071 ) ) ;
#4 = DIRECTION ( 'NONE',  ( -0.000000000000000000, -0.000000000000000000, -1.000000000000000000 ) ) ;
#5 = CARTESIAN_POINT ( 'NONE',  ( 0.000000000000000000, 0.000000000000000000, 9.623381939944312791 ) ) ;
#6 = DIRECTION ( 'NONE',  ( -0.000000000000000000, -0.000000000000000000, -1.000000000000000000 ) ) ;
#7 = VERTEX_POINT ( 'NONE', #4667 ) ;
#8 = DIRECTION ( 'NONE',  ( -0.000000000000000000, -0.000000000000000000, -1.000000000000000000 ) ) ;
#9 = CARTESIAN_POINT ( 'NONE',  ( 0.000000000000000000, 0.000000000000000000, 22.34999999999998721 ) ) ;
#10 = ADVANCED_FACE ( 'NONE', ( #4082 ), #76, .T. ) ;
#11 = EDGE_CURVE ( 'NONE', #3884, #2662, #1109, .T. ) ;
#12 = VERTEX_POINT ( 'NONE', #5693 ) ;
#13 = ORIENTED_EDGE ( 'NONE', *, *, #1594, .T. ) ;
#14 = DIRECTION ( 'NONE',  ( -0.000000000000000000, -0.000000000000000000, -1.000000000000000000 ) ) ;
#15 = CARTESIAN_POINT ( 'NONE',  ( -2.250000000000671907, 2.755455298082367658E-16, 33.39999999999998437 ) ) ;
#16 = VERTEX_POINT ( 'NONE', #4531 ) ;
#17 = DIRECTION ( 'NONE',  ( -1.000000000000000000, 0.000000000000000000, 0.000000000000000000 ) ) ;
#18 = ADVANCED_FACE ( 'NONE', ( #2670 ), #5554, .T. ) ;
#19 = EDGE_CURVE ( 'NONE', #16, #5882, #1540, .T. ) ;
#20 = CARTESIAN_POINT ( 'NONE',  ( 0.000000000000000000, 0.000000000000000000, 31.94999999999992824 ) ) ;
#21 = VERTEX_POINT ( 'NONE', #1701 ) ;
#22 = CARTESIAN_POINT ( 'NONE',  ( 2.265437129225214008, 2.774360328975227403E-16, -2.698918212968115071 ) ) ;
#23 = ORIENTED_EDGE ( 'NONE', *, *, #3232, .T. ) ;
#24 = DIRECTION ( 'NONE',  ( -1.000000000000000000, 0.000000000000000000, 0.000000000000000000 ) ) ;
#25 = DIRECTION ( 'NONE',  ( -1.000000000000000000, 0.000000000000000000, 0.000000000000000000 ) ) ;
#26 = DIRECTION ( 'NONE',  ( -0.000000000000000000, -0.000000000000000000, -1.000000000000000000 ) ) ;
#27 = AXIS2_PLACEMENT_3D ( 'NONE', #6450, #2376, #1870 ) ;
#28 = ORIENTED_EDGE ( 'NONE', *, *, #998, .F. ) ;
#29 = ORIENTED_EDGE ( 'NONE', *, *, #2811, .F. ) ;
#30 = EDGE_CURVE ( 'NONE', #1958, #2396, #1669, .T. ) ;
#31 = ORIENTED_EDGE ( 'NONE', *, *, #1266, .F. ) ;
#32 = AXIS2_PLACEMENT_3D ( 'NONE', #2333, #3444, #6313 ) ;
#33 = CARTESIAN_POINT ( 'NONE',  ( 0.000000000000000000, 0.000000000000000000, -2.698918212968115071 ) ) ;
#34 = DIRECTION ( 'NONE',  ( -0.000000000000000000, -0.000000000000000000, -1.000000000000000000 ) ) ;
#35 = EDGE_CURVE ( 'NONE', #4080, #436, #54, .T. ) ;
#36 = FACE_OUTER_BOUND ( 'NONE', #6432, .T. ) ;
#37 = DIRECTION ( 'NONE',  ( -1.000000000000000000, 0.000000000000000000, 0.000000000000000000 ) ) ;
#38 = DIRECTION ( 'NONE',  ( -1.000000000000000000, 0.000000000000000000, 0.000000000000000000 ) ) ;
#39 = AXIS2_PLACEMENT_3D ( 'NONE', #4952, #407, #471 ) ;
#40 = DIRECTION ( 'NONE',  ( -0.000000000000000000, -0.000000000000000000, -1.000000000000000000 ) ) ;
#41 = ORIENTED_EDGE ( 'NONE', *, *, #258, .T. ) ;
#42 = VERTEX_POINT ( 'NONE', #2053 ) ;
#43 = DIRECTION ( 'NONE',  ( 1.000000000000000000, 0.000000000000000000, 0.000000000000000000 ) ) ;
#44 = CIRCLE ( 'NONE', #361, 0.8000000000000000444 ) ;
#45 = CARTESIAN_POINT ( 'NONE',  ( -2.349999999999997424, 0.000000000000000000, 9.150000000000000355 ) ) ;
#46 = ORIENTED_EDGE ( 'NONE', *, *, #1229, .F. ) ;
#47 = FACE_OUTER_BOUND ( 'NONE', #2552, .T. ) ;
#48 = VECTOR ( 'NONE', #2345, 1000.000000000000114 ) ;
#49 = DIRECTION ( 'NONE',  ( -0.000000000000000000, -0.000000000000000000, -1.000000000000000000 ) ) ;
#50 = VERTEX_POINT ( 'NONE', #4630 ) ;
#51 = CIRCLE ( 'NONE', #2874, 4.499999999999997335 ) ;
#52 = ORIENTED_EDGE ( 'NONE', *, *, #4199, .T. ) ;
#53 = CARTESIAN_POINT ( 'NONE',  ( 1.999999999999376943, 2.449293598293943191E-16, 31.54111742155134834 ) ) ;
#54 = LINE ( 'NONE', #4184, #6049 ) ;
#55 = EDGE_CURVE ( 'NONE', #4862, #6405, #2161, .T. ) ;
#56 = FACE_OUTER_BOUND ( 'NONE', #662, .T. ) ;
#57 = EDGE_CURVE ( 'NONE', #873, #912, #3831, .T. ) ;
#58 = AXIS2_PLACEMENT_3D ( 'NONE', #5568, #5041, #1506 ) ;
#59 = DIRECTION ( 'NONE',  ( -0.000000000000000000, -0.000000000000000000, -1.000000000000000000 ) ) ;
#60 = CARTESIAN_POINT ( 'NONE',  ( -1.999999999999275690, 0.000000000000000000, -2.698918212968115071 ) ) ;
#61 = DIRECTION ( 'NONE',  ( -0.000000000000000000, -0.000000000000000000, -1.000000000000000000 ) ) ;
#62 = ORIENTED_EDGE ( 'NONE', *, *, #6412, .F. ) ;
#63 = EDGE_CURVE ( 'NONE', #5894, #2932, #5197, .T. ) ;
#64 = ORIENTED_EDGE ( 'NONE', *, *, #2849, .T. ) ;
#65 = VERTEX_POINT ( 'NONE', #3123 ) ;
#66 = FACE_OUTER_BOUND ( 'NONE', #2736, .T. ) ;
#67 = CYLINDRICAL_SURFACE ( 'NONE', #3482, 1.999999999999331202 ) ;
#68 = VECTOR ( 'NONE', #5133, 1000.000000000000000 ) ;
#69 = DIRECTION ( 'NONE',  ( -1.000000000000000000, 0.000000000000000000, 0.000000000000000000 ) ) ;
#70 = AXIS2_PLACEMENT_3D ( 'NONE', #283, #3339, #831 ) ;
#71 = DIRECTION ( 'NONE',  ( -1.000000000000000000, 0.000000000000000000, 0.000000000000000000 ) ) ;
#72 = DIRECTION ( 'NONE',  ( -0.000000000000000000, -0.000000000000000000, -1.000000000000000000 ) ) ;
#73 = VECTOR ( 'NONE', #4408, 1000.000000000000000 ) ;
#74 = CARTESIAN_POINT ( 'NONE',  ( 0.000000000000000000, 0.000000000000000000, -2.698918212968115071 ) ) ;
#75 = CARTESIAN_POINT ( 'NONE',  ( 2.265437129225214008, 2.774360328975227403E-16, 11.56106853381298372 ) ) ;
#76 = CONICAL_SURFACE ( 'NONE', #292, 2.327585631254335485, 0.08552113334771467568 ) ;
#77 = ORIENTED_EDGE ( 'NONE', *, *, #123, .T. ) ;
#78 = ORIENTED_EDGE ( 'NONE', *, *, #5052, .F. ) ;
#79 = EDGE_CURVE ( 'NONE', #4753, #3625, #5125, .T. ) ;
#80 = LINE ( 'NONE', #5655, #4361 ) ;
#81 = DIRECTION ( 'NONE',  ( -0.000000000000000000, -0.000000000000000000, -1.000000000000000000 ) ) ;
#82 = ORIENTED_EDGE ( 'NONE', *, *, #19, .T. ) ;
#83 = DIRECTION ( 'NONE',  ( -1.000000000000000000, 0.000000000000000000, 0.000000000000000000 ) ) ;
#84 = AXIS2_PLACEMENT_3D ( 'NONE', #878, #3890, #6425 ) ;
#85 = AXIS2_PLACEMENT_3D ( 'NONE', #1317, #4854, #376 ) ;
#86 = CARTESIAN_POINT ( 'NONE',  ( 1.899999999999993916, 2.326828918379963476E-16, 8.523381939944311370 ) ) ;
#87 = ORIENTED_EDGE ( 'NONE', *, *, #4249, .T. ) ;
#88 = EDGE_LOOP ( 'NONE', ( #3961, #3412, #800, #5545 ) ) ;
#89 = AXIS2_PLACEMENT_3D ( 'NONE', #6462, #5410, #374 ) ;
#90 = FACE_OUTER_BOUND ( 'NONE', #4307, .T. ) ;
#91 = DIRECTION ( 'NONE',  ( -0.6927727648614062650, 0.000000000000000000, -0.7211559444851597389 ) ) ;
#92 = DIRECTION ( 'NONE',  ( -0.000000000000000000, -0.000000000000000000, -1.000000000000000000 ) ) ;
#93 = CIRCLE ( 'NONE', #2479, 2.265437129225214452 ) ;
#94 = EDGE_CURVE ( 'NONE', #4709, #873, #5057, .T. ) ;
#95 = PRODUCT ( '1 SMALL NUT', '1 SMALL NUT', '', ( #2269 ) ) ;
#96 = DIRECTION ( 'NONE',  ( -1.000000000000000000, 0.000000000000000000, 0.000000000000000000 ) ) ;
#97 = CIRCLE ( 'NONE', #1450, 1.999999999999251932 ) ;
#98 = ADVANCED_FACE ( 'NONE', ( #2145 ), #6456, .T. ) ;
#99 = CARTESIAN_POINT ( 'NONE',  ( 1.899999999999993472, 0.000000000000000000, 7.653271633436568244 ) ) ;
#100 = VECTOR ( 'NONE', #333, 1000.000000000000000 ) ;
#101 = AXIS2_PLACEMENT_3D ( 'NONE', #2023, #6136, #3033 ) ;
#102 = DIRECTION ( 'NONE',  ( 0.6927727648614868672, 8.484019490240818426E-17, -0.7211559444850822453 ) ) ;
#103 = ORIENTED_EDGE ( 'NONE', *, *, #4543, .T. ) ;
#104 = ORIENTED_EDGE ( 'NONE', *, *, #4593, .F. ) ;
#105 = AXIS2_PLACEMENT_3D ( 'NONE', #6167, #1127, #4668 ) ;
#106 = DIRECTION ( 'NONE',  ( -1.000000000000000000, 0.000000000000000000, 0.000000000000000000 ) ) ;
#107 = CARTESIAN_POINT ( 'NONE',  ( -1.999999999999326983, 0.000000000000000000, 27.41024260084538966 ) ) ;
#108 = CYLINDRICAL_SURFACE ( 'NONE', #1018, 1.999999999999389377 ) ;
#109 = ADVANCED_FACE ( 'NONE', ( #745 ), #4987, .T. ) ;
#110 = CARTESIAN_POINT ( 'NONE',  ( 1.899999999999988143, 2.326828918379956574E-16, -2.698918212968115071 ) ) ;
#111 = DIRECTION ( 'NONE',  ( -1.000000000000000000, 0.000000000000000000, 0.000000000000000000 ) ) ;
#112 = DIRECTION ( 'NONE',  ( -0.000000000000000000, -0.000000000000000000, -1.000000000000000000 ) ) ;
#113 = EDGE_CURVE ( 'NONE', #3651, #1791, #2706, .T. ) ;
#114 = VERTEX_POINT ( 'NONE', #3843 ) ;
#115 = ORIENTED_EDGE ( 'NONE', *, *, #5823, .T. ) ;
#116 = DIRECTION ( 'NONE',  ( -0.000000000000000000, -0.000000000000000000, -1.000000000000000000 ) ) ;
#117 = EDGE_CURVE ( 'NONE', #2848, #2134, #6309, .T. ) ;
#118 = DIRECTION ( 'NONE',  ( -0.000000000000000000, -0.000000000000000000, -1.000000000000000000 ) ) ;
#119 = ORIENTED_EDGE ( 'NONE', *, *, #6423, .T. ) ;
#120 = DIRECTION ( 'NONE',  ( 0.6927727648614062650, 8.484019490239831117E-17, -0.7211559444851597389 ) ) ;
#121 = FACE_OUTER_BOUND ( 'NONE', #1854, .T. ) ;
#122 = ORIENTED_EDGE ( 'NONE', *, *, #5866, .T. ) ;
#123 = EDGE_CURVE ( 'NONE', #4273, #1823, #1099, .T. ) ;
#124 = ORIENTED_EDGE ( 'NONE', *, *, #6073, .T. ) ;
#125 = FACE_OUTER_BOUND ( 'NONE', #3895, .T. ) ;
#126 = ORIENTED_EDGE ( 'NONE', *, *, #6213, .F. ) ;
#127 = LINE ( 'NONE', #3578, #6377 ) ;
#128 = FACE_OUTER_BOUND ( 'NONE', #5560, .T. ) ;
#129 = FACE_OUTER_BOUND ( 'NONE', #6219, .T. ) ;
#130 =( LENGTH_UNIT ( ) NAMED_UNIT ( * ) SI_UNIT ( .MILLI., .METRE. ) );
#131 = ORIENTED_EDGE ( 'NONE', *, *, #4845, .F. ) ;
#132 = ORIENTED_EDGE ( 'NONE', *, *, #5333, .T. ) ;
#133 = LINE ( 'NONE', #2616, #4662 ) ;
#134 = CIRCLE ( 'NONE', #1708, 2.250000000000297984 ) ;
#135 = FACE_OUTER_BOUND ( 'NONE', #4637, .T. ) ;
#136 = CARTESIAN_POINT ( 'NONE',  ( 0.000000000000000000, 0.000000000000000000, 18.61024260084479565 ) ) ;
#137 = EDGE_CURVE ( 'NONE', #4696, #377, #4871, .T. ) ;
#138 = LINE ( 'NONE', #497, #813 ) ;
#139 = AXIS2_PLACEMENT_3D ( 'NONE', #840, #480, #2828 ) ;
#140 = CARTESIAN_POINT ( 'NONE',  ( 1.999999999999346523, 0.000000000000000000, 24.34111742155135971 ) ) ;
#141 = EDGE_CURVE ( 'NONE', #6251, #4145, #5790, .T. ) ;
#142 = CARTESIAN_POINT ( 'NONE',  ( 0.000000000000000000, 0.000000000000000000, 33.54999999999993321 ) ) ;
#143 = CARTESIAN_POINT ( 'NONE',  ( 1.999999999999358957, 2.449293598293921498E-16, -2.698918212968115071 ) ) ;
#144 = ORIENTED_EDGE ( 'NONE', *, *, #5347, .T. ) ;
#145 = VERTEX_POINT ( 'NONE', #256 ) ;
#146 = DIRECTION ( 'NONE',  ( -0.000000000000000000, -0.000000000000000000, -1.000000000000000000 ) ) ;
#147 = ORIENTED_EDGE ( 'NONE', *, *, #1533, .T. ) ;
#148 = DIRECTION ( 'NONE',  ( -0.000000000000000000, -0.000000000000000000, -1.000000000000000000 ) ) ;
#149 = DIRECTION ( 'NONE',  ( -1.000000000000000000, 0.000000000000000000, 0.000000000000000000 ) ) ;
#150 = ORIENTED_EDGE ( 'NONE', *, *, #4319, .T. ) ;
#151 = VECTOR ( 'NONE', #40, 1000.000000000000000 ) ;
#152 = VERTEX_POINT ( 'NONE', #4768 ) ;
#153 = CARTESIAN_POINT ( 'NONE',  ( 1.999999999999335198, 2.449293598293891915E-16, 28.21024260084477930 ) ) ;
#154 = CARTESIAN_POINT ( 'NONE',  ( -1.899999999999990141, 0.000000000000000000, 7.423381939944311725 ) ) ;
#155 = CARTESIAN_POINT ( 'NONE',  ( 1.899999999999986366, 2.326828918379954108E-16, 6.323381939944311192 ) ) ;
#156 = DIRECTION ( 'NONE',  ( -0.6946583704589964769, 8.507111498835263269E-17, 0.7193398003386518580 ) ) ;
#157 = LINE ( 'NONE', #4085, #1072 ) ;
#158 = ORIENTED_EDGE ( 'NONE', *, *, #1057, .T. ) ;
#159 = EDGE_LOOP ( 'NONE', ( #4557, #3275, #4563, #2791 ) ) ;
#160 = CIRCLE ( 'NONE', #6237, 1.999999999999341194 ) ;
#161 = EDGE_CURVE ( 'NONE', #528, #2592, #4138, .T. ) ;
#162 = DIRECTION ( 'NONE',  ( -1.000000000000000000, 0.000000000000000000, 0.000000000000000000 ) ) ;
#163 = CARTESIAN_POINT ( 'NONE',  ( 0.000000000000000000, 0.000000000000000000, -2.698918212968115071 ) ) ;
#164 = CYLINDRICAL_SURFACE ( 'NONE', #3950, 2.250000000000281997 ) ;
#165 = VECTOR ( 'NONE', #1908, 1000.000000000000000 ) ;
#166 = CARTESIAN_POINT ( 'NONE',  ( -2.250000000000332623, 0.000000000000000000, 31.94999999999992824 ) ) ;
#167 = CARTESIAN_POINT ( 'NONE',  ( 2.250000000000280220, 2.755455298081887932E-16, 18.34999999999999076 ) ) ;
#168 = ADVANCED_FACE ( 'NONE', ( #4706 ), #290, .T. ) ;
#169 = EDGE_LOOP ( 'NONE', ( #4438, #876, #4788, #2250 ) ) ;
#170 = AXIS2_PLACEMENT_3D ( 'NONE', #33, #6141, #2123 ) ;
#171 = CARTESIAN_POINT ( 'NONE',  ( 0.000000000000000000, 0.000000000000000000, 27.41024260084538966 ) ) ;
#172 = AXIS2_PLACEMENT_3D ( 'NONE', #2196, #3804, #3209 ) ;
#173 = FACE_OUTER_BOUND ( 'NONE', #1091, .T. ) ;
#174 = EDGE_CURVE ( 'NONE', #379, #4228, #5822, .T. ) ;
#175 = VERTEX_POINT ( 'NONE', #2824 ) ;
#176 = AXIS2_PLACEMENT_3D ( 'NONE', #868, #3880, #390 ) ;
#177 = ORIENTED_EDGE ( 'NONE', *, *, #4233, .F. ) ;
#178 = CARTESIAN_POINT ( 'NONE',  ( 0.000000000000000000, 0.000000000000000000, 25.14111742155135332 ) ) ;
#179 = CARTESIAN_POINT ( 'NONE',  ( -2.350000000000035616, 0.000000000000000000, -2.698918212968115071 ) ) ;
#180 = EDGE_LOOP ( 'NONE', ( #5974, #6282, #4999, #2331 ) ) ;
#181 = DIRECTION ( 'NONE',  ( -1.000000000000000000, 0.000000000000000000, 0.000000000000000000 ) ) ;
#182 = DIRECTION ( 'NONE',  ( -0.000000000000000000, -0.000000000000000000, -1.000000000000000000 ) ) ;
#183 = VERTEX_POINT ( 'NONE', #3754 ) ;
#184 = EDGE_CURVE ( 'NONE', #4078, #5778, #1322, .T. ) ;
#185 = ORIENTED_EDGE ( 'NONE', *, *, #3265, .T. ) ;
#186 = CARTESIAN_POINT ( 'NONE',  ( 0.000000000000000000, 0.000000000000000000, 26.19999999999998153 ) ) ;
#187 = ORIENTED_EDGE ( 'NONE', *, *, #3913, .F. ) ;
#188 = CARTESIAN_POINT ( 'NONE',  ( 2.349999999999997424, 0.000000000000000000, 9.150000000000000355 ) ) ;
#189 = VECTOR ( 'NONE', #5913, 1000.000000000000114 ) ;
#190 = ADVANCED_FACE ( 'NONE', ( #6285 ), #1305, .T. ) ;
#191 = CARTESIAN_POINT ( 'NONE',  ( 1.999999999999364286, 2.449293598293927907E-16, -2.698918212968115071 ) ) ;
#192 = AXIS2_PLACEMENT_3D ( 'NONE', #5754, #2726, #1250 ) ;
#193 = AXIS2_PLACEMENT_3D ( 'NONE', #3394, #2349, #2451 ) ;
#194 = AXIS2_PLACEMENT_3D ( 'NONE', #2807, #360, #1200 ) ;
#195 = ORIENTED_EDGE ( 'NONE', *, *, #3307, .T. ) ;
#196 = VERTEX_POINT ( 'NONE', #5293 ) ;
#197 = CONICAL_SURFACE ( 'NONE', #2075, 2.250000000000638600, 0.7679448708775085120 ) ;
#198 = DIRECTION ( 'NONE',  ( -0.000000000000000000, -0.000000000000000000, -1.000000000000000000 ) ) ;
#199 = CIRCLE ( 'NONE', #4580, 1.999999999999301892 ) ;
#200 = CIRCLE ( 'NONE', #4803, 2.150000000000134026 ) ;
#201 = CARTESIAN_POINT ( 'NONE',  ( -1.999999999999343414, 0.000000000000000000, 29.01024260084526674 ) ) ;
#202 = EDGE_CURVE ( 'NONE', #2396, #4623, #5765, .T. ) ;
#203 = DIRECTION ( 'NONE',  ( -1.000000000000000000, 0.000000000000000000, 0.000000000000000000 ) ) ;
#204 = AXIS2_PLACEMENT_3D ( 'NONE', #3814, #4183, #2299 ) ;
#205 = ADVANCED_FACE ( 'NONE', ( #6227 ), #2792, .T. ) ;
#206 = VECTOR ( 'NONE', #5626, 1000.000000000000227 ) ;
#207 = FACE_OUTER_BOUND ( 'NONE', #3543, .T. ) ;
#208 = CARTESIAN_POINT ( 'NONE',  ( 0.000000000000000000, 0.000000000000000000, 11.56106853381298372 ) ) ;
#209 = ORIENTED_EDGE ( 'NONE', *, *, #3935, .T. ) ;
#210 = DIRECTION ( 'NONE',  ( -0.000000000000000000, -0.000000000000000000, -1.000000000000000000 ) ) ;
#211 = DIRECTION ( 'NONE',  ( -1.000000000000000000, 0.000000000000000000, 0.000000000000000000 ) ) ;
#212 = ADVANCED_FACE ( 'NONE', ( #5729 ), #281, .T. ) ;
#213 = ADVANCED_FACE ( 'NONE', ( #4732 ), #6342, .T. ) ;
#214 = ORIENTED_EDGE ( 'NONE', *, *, #4933, .T. ) ;
#215 = VERTEX_POINT ( 'NONE', #6255 ) ;
#216 = FACE_BOUND ( 'NONE', #2725, .T. ) ;
#217 = FACE_OUTER_BOUND ( 'NONE', #1196, .T. ) ;
#218 = ORIENTED_EDGE ( 'NONE', *, *, #2988, .T. ) ;
#219 = CARTESIAN_POINT ( 'NONE',  ( 0.000000000000000000, 0.000000000000000000, 33.39999999999998437 ) ) ;
#220 = EDGE_CURVE ( 'NONE', #5914, #1457, #1260, .T. ) ;
#221 = CARTESIAN_POINT ( 'NONE',  ( 0.000000000000000000, 0.000000000000000000, 8.753271633436568777 ) ) ;
#222 = ORIENTED_EDGE ( 'NONE', *, *, #4249, .F. ) ;
#223 = EDGE_LOOP ( 'NONE', ( #1112, #3453, #3277, #2040 ) ) ;
#224 = DIRECTION ( 'NONE',  ( -0.000000000000000000, -0.000000000000000000, -1.000000000000000000 ) ) ;
#225 = CARTESIAN_POINT ( 'NONE',  ( 2.250000000000632827, 2.755455298082319341E-16, 26.99999999999998224 ) ) ;
#226 = EDGE_CURVE ( 'NONE', #2096, #1726, #5499, .T. ) ;
#227 = EDGE_CURVE ( 'NONE', #3271, #2759, #4341, .T. ) ;
#228 = FACE_OUTER_BOUND ( 'NONE', #5085, .T. ) ;
#229 = ORIENTED_EDGE ( 'NONE', *, *, #1325, .T. ) ;
#230 = EDGE_LOOP ( 'NONE', ( #1706, #1755, #707, #5680 ) ) ;
#231 = CARTESIAN_POINT ( 'NONE',  ( -2.349999999999990319, 0.000000000000000000, -2.698918212968115071 ) ) ;
#232 = FACE_OUTER_BOUND ( 'NONE', #3870, .T. ) ;
#233 = FACE_OUTER_BOUND ( 'NONE', #3020, .T. ) ;
#234 = EDGE_CURVE ( 'NONE', #5713, #114, #4498, .T. ) ;
#235 = EDGE_CURVE ( 'NONE', #1650, #538, #4973, .T. ) ;
#236 = DIRECTION ( 'NONE',  ( -0.000000000000000000, -0.000000000000000000, -1.000000000000000000 ) ) ;
#237 = DIRECTION ( 'NONE',  ( -1.000000000000000000, 0.000000000000000000, 0.000000000000000000 ) ) ;
#238 = ORIENTED_EDGE ( 'NONE', *, *, #1543, .T. ) ;
#239 = FACE_OUTER_BOUND ( 'NONE', #4608, .T. ) ;
#240 = ORIENTED_EDGE ( 'NONE', *, *, #4714, .F. ) ;
#241 = CIRCLE ( 'NONE', #3052, 1.999999999999352074 ) ;
#242 = VERTEX_POINT ( 'NONE', #5419 ) ;
#243 = CARTESIAN_POINT ( 'NONE',  ( 1.999999999999352074, 2.449293598293917060E-16, 29.81024260084477717 ) ) ;
#244 = DIRECTION ( 'NONE',  ( -0.000000000000000000, -0.000000000000000000, -1.000000000000000000 ) ) ;
#245 = EDGE_CURVE ( 'NONE', #2940, #557, #2885, .T. ) ;
#246 = ORIENTED_EDGE ( 'NONE', *, *, #3125, .F. ) ;
#247 = CARTESIAN_POINT ( 'NONE',  ( 2.150000000000134026, 0.000000000000000000, 35.69644696862068400 ) ) ;
#248 = EDGE_CURVE ( 'NONE', #372, #2078, #3440, .T. ) ;
#249 = AXIS2_PLACEMENT_3D ( 'NONE', #4772, #2206, #5235 ) ;
#250 = ADVANCED_FACE ( 'NONE', ( #926 ), #3288, .T. ) ;
#251 = DIRECTION ( 'NONE',  ( 0.000000000000000000, 0.000000000000000000, 1.000000000000000000 ) ) ;
#252 = EDGE_CURVE ( 'NONE', #1039, #478, #5988, .T. ) ;
#253 = ORIENTED_EDGE ( 'NONE', *, *, #261, .T. ) ;
#254 = VERTEX_POINT ( 'NONE', #2460 ) ;
#255 = CARTESIAN_POINT ( 'NONE',  ( 0.000000000000000000, 0.000000000000000000, 8.050000000000000711 ) ) ;
#256 = CARTESIAN_POINT ( 'NONE',  ( 0.000000000000000000, 0.000000000000000000, -2.698918212968115071 ) ) ;
#257 = APPLICATION_PROTOCOL_DEFINITION ( 'draft international standard', 'automotive_design', 1998, #2262 ) ;
#258 = EDGE_CURVE ( 'NONE', #2541, #4627, #861, .T. ) ;
#259 = AXIS2_PLACEMENT_3D ( 'NONE', #4761, #4986, #6014 ) ;
#260 = DIRECTION ( 'NONE',  ( -0.000000000000000000, -0.000000000000000000, -1.000000000000000000 ) ) ;
#261 = EDGE_CURVE ( 'NONE', #3120, #4121, #1353, .T. ) ;
#262 = EDGE_CURVE ( 'NONE', #1457, #1678, #587, .T. ) ;
#263 = ORIENTED_EDGE ( 'NONE', *, *, #3419, .F. ) ;
#264 = AXIS2_PLACEMENT_3D ( 'NONE', #1079, #5044, #5679 ) ;
#265 = FACE_OUTER_BOUND ( 'NONE', #1060, .T. ) ;
#266 = DIRECTION ( 'NONE',  ( -0.000000000000000000, -0.000000000000000000, -1.000000000000000000 ) ) ;
#267 = DIRECTION ( 'NONE',  ( 1.000000000000000000, 0.000000000000000000, 0.000000000000000000 ) ) ;
#268 = AXIS2_PLACEMENT_3D ( 'NONE', #6109, #3069, #2512 ) ;
#269 = ADVANCED_FACE ( 'NONE', ( #6376 ), #2399, .T. ) ;
#270 = AXIS2_PLACEMENT_3D ( 'NONE', #498, #4021, #2485 ) ;
#271 = DIRECTION ( 'NONE',  ( -0.000000000000000000, -0.000000000000000000, -1.000000000000000000 ) ) ;
#272 = CARTESIAN_POINT ( 'NONE',  ( 1.999999999999368505, 0.000000000000000000, 30.74111742155134763 ) ) ;
#273 = EDGE_LOOP ( 'NONE', ( #2817, #1121, #3798, #6444 ) ) ;
#274 = DIRECTION ( 'NONE',  ( -0.000000000000000000, -0.000000000000000000, -1.000000000000000000 ) ) ;
#275 = CIRCLE ( 'NONE', #2147, 4.667188066030102611 ) ;
#276 = ORIENTED_EDGE ( 'NONE', *, *, #1358, .F. ) ;
#277 = ORIENTED_EDGE ( 'NONE', *, *, #5438, .T. ) ;
#278 = CARTESIAN_POINT ( 'NONE',  ( 1.999999999999352074, 0.000000000000000000, 25.94111742155135758 ) ) ;
#279 = CARTESIAN_POINT ( 'NONE',  ( 0.000000000000000000, 0.000000000000000000, -2.698918212968115071 ) ) ;
#280 = AXIS2_PLACEMENT_3D ( 'NONE', #2577, #5539, #162 ) ;
#281 = CONICAL_SURFACE ( 'NONE', #3923, 2.250000000000635936, 0.7679448708775218346 ) ;
#282 = ORIENTED_EDGE ( 'NONE', *, *, #4607, .F. ) ;
#283 = CARTESIAN_POINT ( 'NONE',  ( 0.000000000000000000, 0.000000000000000000, 25.54999999999993321 ) ) ;
#284 = CARTESIAN_POINT ( 'NONE',  ( 1.600000000000002087, 1.959434878635767695E-16, -2.698918212968115071 ) ) ;
#285 = FACE_OUTER_BOUND ( 'NONE', #4049, .T. ) ;
#286 = AXIS2_PLACEMENT_3D ( 'NONE', #488, #2118, #5003 ) ;
#287 = ORIENTED_EDGE ( 'NONE', *, *, #3970, .F. ) ;
#288 = ORIENTED_EDGE ( 'NONE', *, *, #5462, .T. ) ;
#289 = DIRECTION ( 'NONE',  ( -1.000000000000000000, 0.000000000000000000, 0.000000000000000000 ) ) ;
#290 = CYLINDRICAL_SURFACE ( 'NONE', #1203, 1.899999999999995692 ) ;
#291 = CARTESIAN_POINT ( 'NONE',  ( 1.999999999999310552, 2.449293598293874166E-16, 25.81024260084478072 ) ) ;
#292 = AXIS2_PLACEMENT_3D ( 'NONE', #4113, #5093, #1092 ) ;
#293 = FACE_OUTER_BOUND ( 'NONE', #6149, .T. ) ;
#294 = EDGE_LOOP ( 'NONE', ( #6413, #2501, #3242, #1638 ) ) ;
#295 = AXIS2_PLACEMENT_3D ( 'NONE', #4077, #1026, #992 ) ;
#296 = EDGE_CURVE ( 'NONE', #5544, #549, #2869, .T. ) ;
#297 = DIRECTION ( 'NONE',  ( -0.000000000000000000, -0.000000000000000000, -1.000000000000000000 ) ) ;
#298 = CIRCLE ( 'NONE', #2171, 2.349999999999990319 ) ;
#299 = DIRECTION ( 'NONE',  ( -1.000000000000000000, 0.000000000000000000, 0.000000000000000000 ) ) ;
#300 = AXIS2_PLACEMENT_3D ( 'NONE', #341, #5344, #2033 ) ;
#301 = CIRCLE ( 'NONE', #4678, 0.7999999999999999334 ) ;
#302 = CARTESIAN_POINT ( 'NONE',  ( -2.250000000000632827, 2.755455298082319834E-16, 26.99999999999998224 ) ) ;
#303 = DIRECTION ( 'NONE',  ( 1.000000000000000000, 0.000000000000000000, 0.000000000000000000 ) ) ;
#304 = AXIS2_PLACEMENT_3D ( 'NONE', #4887, #4423, #4391 ) ;
#305 = DIRECTION ( 'NONE',  ( -0.000000000000000000, -0.000000000000000000, -1.000000000000000000 ) ) ;
#306 = AXIS2_PLACEMENT_3D ( 'NONE', #3262, #5647, #1742 ) ;
#307 = ORIENTED_EDGE ( 'NONE', *, *, #5725, .F. ) ;
#308 = DIRECTION ( 'NONE',  ( -0.000000000000000000, -0.000000000000000000, -1.000000000000000000 ) ) ;
#309 = ADVANCED_FACE ( 'NONE', ( #6407 ), #3715, .T. ) ;
#310 = DIRECTION ( 'NONE',  ( -1.000000000000000000, 0.000000000000000000, 0.000000000000000000 ) ) ;
#311 = AXIS2_PLACEMENT_3D ( 'NONE', #5898, #1396, #2442 ) ;
#312 = EDGE_LOOP ( 'NONE', ( #4659, #6216, #2086, #2596 ) ) ;
#313 = ORIENTED_EDGE ( 'NONE', *, *, #5497, .T. ) ;
#314 = DIRECTION ( 'NONE',  ( -0.6927727648614883105, 0.000000000000000000, -0.7211559444850809131 ) ) ;
#315 = FACE_OUTER_BOUND ( 'NONE', #2870, .T. ) ;
#316 = ORIENTED_EDGE ( 'NONE', *, *, #3246, .T. ) ;
#317 = CARTESIAN_POINT ( 'NONE',  ( 0.000000000000000000, 0.000000000000000000, 19.79999999999999005 ) ) ;
#318 = VECTOR ( 'NONE', #314, 1000.000000000000000 ) ;
#319 = LINE ( 'NONE', #3836, #970 ) ;
#320 = CARTESIAN_POINT ( 'NONE',  ( 0.000000000000000000, 0.000000000000000000, 17.94111742155136824 ) ) ;
#321 = ORIENTED_EDGE ( 'NONE', *, *, #6321, .T. ) ;
#322 = ORIENTED_EDGE ( 'NONE', *, *, #3366, .T. ) ;
#323 = CYLINDRICAL_SURFACE ( 'NONE', #5213, 2.250000000000298428 ) ;
#324 = DIRECTION ( 'NONE',  ( -0.000000000000000000, -0.000000000000000000, -1.000000000000000000 ) ) ;
#325 = EDGE_CURVE ( 'NONE', #1958, #2541, #3186, .T. ) ;
#326 = LINE ( 'NONE', #5261, #350 ) ;
#327 = FACE_OUTER_BOUND ( 'NONE', #3204, .T. ) ;
#328 = ORIENTED_EDGE ( 'NONE', *, *, #4495, .T. ) ;
#329 = EDGE_CURVE ( 'NONE', #3027, #6332, #994, .T. ) ;
#330 = CARTESIAN_POINT ( 'NONE',  ( 0.000000000000000000, 0.000000000000000000, 20.59999999999999432 ) ) ;
#331 = CARTESIAN_POINT ( 'NONE',  ( 0.000000000000000000, 0.000000000000000000, -2.698918212968115071 ) ) ;
#332 = DIRECTION ( 'NONE',  ( -1.000000000000000000, 0.000000000000000000, 0.000000000000000000 ) ) ;
#333 = DIRECTION ( 'NONE',  ( -0.000000000000000000, -0.000000000000000000, -1.000000000000000000 ) ) ;
#334 = LINE ( 'NONE', #3331, #1094 ) ;
#335 = EDGE_LOOP ( 'NONE', ( #3659, #5986, #1342, #4208 ) ) ;
#336 = CARTESIAN_POINT ( 'NONE',  ( -1.999999999999342526, 0.000000000000000000, -2.698918212968115071 ) ) ;
#337 = EDGE_CURVE ( 'NONE', #152, #4281, #5956, .T. ) ;
#338 = EDGE_LOOP ( 'NONE', ( #3805, #1320, #6379, #4399 ) ) ;
#339 = ADVANCED_FACE ( 'NONE', ( #1484 ), #5482, .T. ) ;
#340 = VERTEX_POINT ( 'NONE', #3539 ) ;
#341 = CARTESIAN_POINT ( 'NONE',  ( 0.000000000000000000, 0.000000000000000000, 24.59999999999998366 ) ) ;
#342 = ADVANCED_FACE ( 'NONE', ( #2110 ), #4656, .T. ) ;
#343 = ORIENTED_EDGE ( 'NONE', *, *, #2986, .T. ) ;
#344 = FACE_OUTER_BOUND ( 'NONE', #5374, .T. ) ;
#345 = DIRECTION ( 'NONE',  ( -1.000000000000000000, 0.000000000000000000, 0.000000000000000000 ) ) ;
#346 = CONICAL_SURFACE ( 'NONE', #5466, 2.250000000000331291, 0.7679448708775038490 ) ;
#347 = CYLINDRICAL_SURFACE ( 'NONE', #6264, 1.999999999999352962 ) ;
#348 = ORIENTED_EDGE ( 'NONE', *, *, #4977, .F. ) ;
#349 = VERTEX_POINT ( 'NONE', #45 ) ;
#350 = VECTOR ( 'NONE', #3844, 1000.000000000000000 ) ;
#351 = LINE ( 'NONE', #1352, #4067 ) ;
#352 = DIRECTION ( 'NONE',  ( 0.6927727648613485334, 8.484019490239124840E-17, -0.7211559444852151390 ) ) ;
#353 = ORIENTED_EDGE ( 'NONE', *, *, #522, .F. ) ;
#354 = CIRCLE ( 'NONE', #2424, 1.999999999999357847 ) ;
#355 = DIRECTION ( 'NONE',  ( -0.000000000000000000, -0.000000000000000000, -1.000000000000000000 ) ) ;
#356 = CIRCLE ( 'NONE', #2434, 2.349999999999997424 ) ;
#357 = ORIENTED_EDGE ( 'NONE', *, *, #1849, .F. ) ;
#358 = DIRECTION ( 'NONE',  ( -0.7501110696304628123, 9.186211204279436761E-17, 0.6613118653236482736 ) ) ;
#359 = CARTESIAN_POINT ( 'NONE',  ( 1.999999999999414468, 2.449293598293989537E-16, -2.698918212968115071 ) ) ;
#360 = DIRECTION ( 'NONE',  ( -0.000000000000000000, -0.000000000000000000, -1.000000000000000000 ) ) ;
#361 = AXIS2_PLACEMENT_3D ( 'NONE', #951, #5947, #1451 ) ;
#362 = DIRECTION ( 'NONE',  ( -0.000000000000000000, -0.000000000000000000, -1.000000000000000000 ) ) ;
#363 = ORIENTED_EDGE ( 'NONE', *, *, #5399, .F. ) ;
#364 = VECTOR ( 'NONE', #3489, 1000.000000000000000 ) ;
#365 = DIRECTION ( 'NONE',  ( -1.000000000000000000, 0.000000000000000000, 0.000000000000000000 ) ) ;
#366 = ORIENTED_EDGE ( 'NONE', *, *, #859, .F. ) ;
#367 = EDGE_CURVE ( 'NONE', #5714, #2827, #6091, .T. ) ;
#368 = ORIENTED_EDGE ( 'NONE', *, *, #3234, .T. ) ;
#369 = DIRECTION ( 'NONE',  ( -0.000000000000000000, -0.000000000000000000, -1.000000000000000000 ) ) ;
#370 = AXIS2_PLACEMENT_3D ( 'NONE', #3161, #1580, #2578 ) ;
#371 = CARTESIAN_POINT ( 'NONE',  ( 2.349999999999997424, 2.877919977996276869E-16, 9.400000000000000355 ) ) ;
#372 = VERTEX_POINT ( 'NONE', #4074 ) ;
#373 = VECTOR ( 'NONE', #6398, 999.9999999999998863 ) ;
#374 = DIRECTION ( 'NONE',  ( -1.000000000000000000, 0.000000000000000000, 0.000000000000000000 ) ) ;
#375 = CYLINDRICAL_SURFACE ( 'NONE', #6316, 2.250000000000284661 ) ;
#376 = DIRECTION ( 'NONE',  ( -1.000000000000000000, 0.000000000000000000, 0.000000000000000000 ) ) ;
#377 = VERTEX_POINT ( 'NONE', #3568 ) ;
#378 = VECTOR ( 'NONE', #5902, 999.9999999999998863 ) ;
#379 = VERTEX_POINT ( 'NONE', #603 ) ;
#380 = VECTOR ( 'NONE', #382, 1000.000000000000000 ) ;
#381 = FACE_OUTER_BOUND ( 'NONE', #3175, .T. ) ;
#382 = DIRECTION ( 'NONE',  ( -0.000000000000000000, -0.000000000000000000, -1.000000000000000000 ) ) ;
#383 = VERTEX_POINT ( 'NONE', #4031 ) ;
#384 = ADVANCED_FACE ( 'NONE', ( #4621 ), #636, .T. ) ;
#385 = LINE ( 'NONE', #5889, #5045 ) ;
#386 = VECTOR ( 'NONE', #3308, 1000.000000000000000 ) ;
#387 = EDGE_LOOP ( 'NONE', ( #5993, #2852, #788, #6366 ) ) ;
#388 = FACE_OUTER_BOUND ( 'NONE', #4119, .T. ) ;
#389 = ORIENTED_EDGE ( 'NONE', *, *, #3239, .T. ) ;
#390 = DIRECTION ( 'NONE',  ( -1.000000000000000000, 0.000000000000000000, 0.000000000000000000 ) ) ;
#391 = CARTESIAN_POINT ( 'NONE',  ( 0.000000000000000000, 0.000000000000000000, 11.40000000000000036 ) ) ;
#392 = CARTESIAN_POINT ( 'NONE',  ( 2.250000000000463629, 2.755455298082112265E-16, -2.698918212968115071 ) ) ;
#393 = LINE ( 'NONE', #4942, #5603 ) ;
#394 = EDGE_CURVE ( 'NONE', #704, #2910, #1658, .T. ) ;
#395 = EDGE_LOOP ( 'NONE', ( #5446, #2184, #900, #240 ) ) ;
#396 = AXIS2_PLACEMENT_3D ( 'NONE', #3207, #5219, #1719 ) ;
#397 = DIRECTION ( 'NONE',  ( -1.000000000000000000, 0.000000000000000000, 0.000000000000000000 ) ) ;
#398 = VECTOR ( 'NONE', #952, 1000.000000000000000 ) ;
#399 = FACE_OUTER_BOUND ( 'NONE', #6415, .T. ) ;
#400 = AXIS2_PLACEMENT_3D ( 'NONE', #2004, #4951, #2876 ) ;
#401 = ORIENTED_EDGE ( 'NONE', *, *, #5730, .T. ) ;
#402 = CIRCLE ( 'NONE', #4686, 2.250000000000318412 ) ;
#403 = FACE_OUTER_BOUND ( 'NONE', #6272, .T. ) ;
#404 = CARTESIAN_POINT ( 'NONE',  ( 0.000000000000000000, 0.000000000000000000, -2.698918212968115071 ) ) ;
#405 = CYLINDRICAL_SURFACE ( 'NONE', #304, 1.999999999999405809 ) ;
#406 = AXIS2_PLACEMENT_3D ( 'NONE', #2532, #1059, #3057 ) ;
#407 = DIRECTION ( 'NONE',  ( -0.000000000000000000, -0.000000000000000000, -1.000000000000000000 ) ) ;
#408 = AXIS2_PLACEMENT_3D ( 'NONE', #4160, #236, #1241 ) ;
#409 = CARTESIAN_POINT ( 'NONE',  ( 2.150000000000002132, 2.632990618166812193E-16, 15.77723155024511570 ) ) ;
#410 = ORIENTED_EDGE ( 'NONE', *, *, #4095, .T. ) ;
#411 = EDGE_LOOP ( 'NONE', ( #3575, #4449, #28, #2274 ) ) ;
#412 = VECTOR ( 'NONE', #5987, 1000.000000000000000 ) ;
#413 = CARTESIAN_POINT ( 'NONE',  ( 0.000000000000000000, 0.000000000000000000, 34.99999999999999289 ) ) ;
#414 = DIRECTION ( 'NONE',  ( -1.000000000000000000, 0.000000000000000000, 0.000000000000000000 ) ) ;
#415 = VECTOR ( 'NONE', #5525, 1000.000000000000000 ) ;
#416 = VECTOR ( 'NONE', #1149, 1000.000000000000000 ) ;
#417 = ORIENTED_EDGE ( 'NONE', *, *, #4233, .T. ) ;
#418 = FACE_OUTER_BOUND ( 'NONE', #2574, .T. ) ;
#419 = DIRECTION ( 'NONE',  ( -1.000000000000000000, 0.000000000000000000, 0.000000000000000000 ) ) ;
#420 = ORIENTED_EDGE ( 'NONE', *, *, #1294, .F. ) ;
#421 = VERTEX_POINT ( 'NONE', #3081 ) ;
#422 = EDGE_CURVE ( 'NONE', #2827, #5966, #6246, .T. ) ;
#423 = CARTESIAN_POINT ( 'NONE',  ( -1.999999999999376943, 0.000000000000000000, 32.21024260084477930 ) ) ;
#424 = DIRECTION ( 'NONE',  ( -0.000000000000000000, -0.000000000000000000, -1.000000000000000000 ) ) ;
#425 = LINE ( 'NONE', #392, #920 ) ;
#426 = EDGE_CURVE ( 'NONE', #5719, #1555, #1418, .T. ) ;
#427 = EDGE_LOOP ( 'NONE', ( #6202, #6039, #2785, #1949 ) ) ;
#428 = CARTESIAN_POINT ( 'NONE',  ( 0.000000000000000000, 0.000000000000000000, 31.79999999999997939 ) ) ;
#429 = EDGE_CURVE ( 'NONE', #2130, #3643, #2524, .T. ) ;
#430 = CARTESIAN_POINT ( 'NONE',  ( 0.000000000000000000, 0.000000000000000000, 10.91658899635839752 ) ) ;
#431 = DIRECTION ( 'NONE',  ( -1.224646799147353207E-16, 1.000000000000000000, 0.000000000000000000 ) ) ;
#432 = EDGE_LOOP ( 'NONE', ( #2221, #2510, #448, #5843 ) ) ;
#433 = DIRECTION ( 'NONE',  ( 0.6946583704590054698, 0.000000000000000000, 0.7193398003386431983 ) ) ;
#434 = DIRECTION ( 'NONE',  ( -0.000000000000000000, -0.000000000000000000, -1.000000000000000000 ) ) ;
#435 = DIRECTION ( 'NONE',  ( -0.000000000000000000, -0.000000000000000000, -1.000000000000000000 ) ) ;
#436 = VERTEX_POINT ( 'NONE', #1515 ) ;
#437 = ORIENTED_EDGE ( 'NONE', *, *, #940, .F. ) ;
#438 = CARTESIAN_POINT ( 'NONE',  ( 0.000000000000000000, 0.000000000000000000, -2.698918212968115071 ) ) ;
#439 = DIRECTION ( 'NONE',  ( 0.6927727648613485334, 8.484019490239124840E-17, -0.7211559444852151390 ) ) ;
#440 = ORIENTED_EDGE ( 'NONE', *, *, #426, .F. ) ;
#441 = CYLINDRICAL_SURFACE ( 'NONE', #619, 1.999999999999303446 ) ;
#442 = VECTOR ( 'NONE', #2806, 999.9999999999998863 ) ;
#443 = DIRECTION ( 'NONE',  ( -1.000000000000000000, 0.000000000000000000, 0.000000000000000000 ) ) ;
#444 = AXIS2_PLACEMENT_3D ( 'NONE', #1225, #838, #1822 ) ;
#445 = ORIENTED_EDGE ( 'NONE', *, *, #5210, .F. ) ;
#446 = CARTESIAN_POINT ( 'NONE',  ( 0.000000000000000000, 0.000000000000000000, -2.698918212968115071 ) ) ;
#447 = VECTOR ( 'NONE', #5195, 1000.000000000000000 ) ;
#448 = ORIENTED_EDGE ( 'NONE', *, *, #422, .T. ) ;
#449 = DIRECTION ( 'NONE',  ( -0.000000000000000000, -0.000000000000000000, -1.000000000000000000 ) ) ;
#450 = EDGE_CURVE ( 'NONE', #577, #2984, #3293, .T. ) ;
#451 = ADVANCED_FACE ( 'NONE', ( #4523 ), #1845, .T. ) ;
#452 = ADVANCED_FACE ( 'NONE', ( #4592 ), #4346, .T. ) ;
#453 = CARTESIAN_POINT ( 'NONE',  ( 0.000000000000000000, 0.000000000000000000, -2.698918212968115071 ) ) ;
#454 = CONICAL_SURFACE ( 'NONE', #295, 1.999999999999310552, 0.7653268769995086318 ) ;
#455 = DIRECTION ( 'NONE',  ( -0.000000000000000000, -0.000000000000000000, -1.000000000000000000 ) ) ;
#456 = CYLINDRICAL_SURFACE ( 'NONE', #5429, 2.250000000000471623 ) ;
#457 = VECTOR ( 'NONE', #2005, 1000.000000000000000 ) ;
#458 = CARTESIAN_POINT ( 'NONE',  ( 2.250000000000288658, 2.755455298081898286E-16, 20.74999999999998934 ) ) ;
#459 = ORIENTED_EDGE ( 'NONE', *, *, #202, .T. ) ;
#460 = CARTESIAN_POINT ( 'NONE',  ( -1.999999999999285238, 0.000000000000000000, 23.41024260084478925 ) ) ;
#461 = DIRECTION ( 'NONE',  ( -0.000000000000000000, -0.000000000000000000, -1.000000000000000000 ) ) ;
#462 = AXIS2_PLACEMENT_3D ( 'NONE', #2637, #4823, #345 ) ;
#463 = ADVANCED_FACE ( 'NONE', ( #1558 ), #2980, .T. ) ;
#464 = ORIENTED_EDGE ( 'NONE', *, *, #3149, .F. ) ;
#465 = EDGE_CURVE ( 'NONE', #4384, #1185, #3604, .T. ) ;
#466 = DIRECTION ( 'NONE',  ( -1.000000000000000000, 0.000000000000000000, 0.000000000000000000 ) ) ;
#467 = FACE_OUTER_BOUND ( 'NONE', #1023, .T. ) ;
#468 = ORIENTED_EDGE ( 'NONE', *, *, #3818, .F. ) ;
#469 = CIRCLE ( 'NONE', #776, 1.999999999999293676 ) ;
#470 = LINE ( 'NONE', #2393, #1442 ) ;
#471 = DIRECTION ( 'NONE',  ( -1.000000000000000000, 0.000000000000000000, 0.000000000000000000 ) ) ;
#472 = DIRECTION ( 'NONE',  ( -0.000000000000000000, -0.000000000000000000, -1.000000000000000000 ) ) ;
#473 = ORIENTED_EDGE ( 'NONE', *, *, #1232, .T. ) ;
#474 = ORIENTED_EDGE ( 'NONE', *, *, #2542, .T. ) ;
#475 = FACE_OUTER_BOUND ( 'NONE', #4798, .T. ) ;
#476 = CARTESIAN_POINT ( 'NONE',  ( 1.999999999999402034, 2.449293598293973760E-16, 34.61024260084478499 ) ) ;
#477 = CIRCLE ( 'NONE', #5175, 2.250000000000281108 ) ;
#478 = VERTEX_POINT ( 'NONE', #3113 ) ;
#479 = DIRECTION ( 'NONE',  ( 0.000000000000000000, 0.000000000000000000, 1.000000000000000000 ) ) ;
#480 = DIRECTION ( 'NONE',  ( -0.000000000000000000, -0.000000000000000000, -1.000000000000000000 ) ) ;
#481 = AXIS2_PLACEMENT_3D ( 'NONE', #4196, #784, #2776 ) ;
#482 = ORIENTED_EDGE ( 'NONE', *, *, #5875, .T. ) ;
#483 = LINE ( 'NONE', #5892, #3855 ) ;
#484 = VERTEX_POINT ( 'NONE', #2629 ) ;
#485 = CARTESIAN_POINT ( 'NONE',  ( 0.000000000000000000, 0.000000000000000000, 24.59999999999998366 ) ) ;
#486 = CIRCLE ( 'NONE', #3396, 1.999999999999310552 ) ;
#487 = AXIS2_PLACEMENT_3D ( 'NONE', #279, #736, #2784 ) ;
#488 = CARTESIAN_POINT ( 'NONE',  ( 0.000000000000000000, 0.000000000000000000, 34.19999999999998153 ) ) ;
#489 = VECTOR ( 'NONE', #3835, 1000.000000000000114 ) ;
#490 = FACE_OUTER_BOUND ( 'NONE', #588, .T. ) ;
#491 = CARTESIAN_POINT ( 'NONE',  ( 1.999999999999368505, 2.449293598293935303E-16, 31.41024260084477504 ) ) ;
#492 = CONICAL_SURFACE ( 'NONE', #1956, 2.250000000000632827, 0.7679448708775085120 ) ;
#493 = EDGE_CURVE ( 'NONE', #1928, #5119, #5706, .T. ) ;
#494 = VERTEX_POINT ( 'NONE', #2080 ) ;
#495 = VERTEX_POINT ( 'NONE', #1590 ) ;
#496 = DIRECTION ( 'NONE',  ( 1.000000000000000000, 0.000000000000000000, 0.000000000000000000 ) ) ;
#497 = CARTESIAN_POINT ( 'NONE',  ( -2.250000000000641265, 2.755455298082330187E-16, 29.39999999999997371 ) ) ;
#498 = CARTESIAN_POINT ( 'NONE',  ( 0.000000000000000000, 0.000000000000000000, 27.41024260084538966 ) ) ;
#499 = VERTEX_POINT ( 'NONE', #6157 ) ;
#500 = EDGE_CURVE ( 'NONE', #2781, #6361, #4861, .T. ) ;
#501 = FACE_OUTER_BOUND ( 'NONE', #6089, .T. ) ;
#502 = DIRECTION ( 'NONE',  ( 0.000000000000000000, 0.000000000000000000, 1.000000000000000000 ) ) ;
#503 = VECTOR ( 'NONE', #4230, 999.9999999999998863 ) ;
#504 = AXIS2_PLACEMENT_3D ( 'NONE', #5465, #3915, #5498 ) ;
#505 = ORIENTED_EDGE ( 'NONE', *, *, #4916, .F. ) ;
#506 = VERTEX_POINT ( 'NONE', #665 ) ;
#507 = DIRECTION ( 'NONE',  ( -0.000000000000000000, -0.000000000000000000, -1.000000000000000000 ) ) ;
#508 = DIRECTION ( 'NONE',  ( -1.000000000000000000, 0.000000000000000000, 0.000000000000000000 ) ) ;
#509 = ADVANCED_FACE ( 'NONE', ( #2661 ), #5179, .T. ) ;
#510 = ORIENTED_EDGE ( 'NONE', *, *, #1784, .F. ) ;
#511 = AXIS2_PLACEMENT_3D ( 'NONE', #5113, #5607, #3138 ) ;
#512 = CARTESIAN_POINT ( 'NONE',  ( 0.000000000000000000, 0.000000000000000000, 6.323381939944311192 ) ) ;
#513 =( GEOMETRIC_REPRESENTATION_CONTEXT ( 3 ) GLOBAL_UNCERTAINTY_ASSIGNED_CONTEXT ( ( #6208 ) ) GLOBAL_UNIT_ASSIGNED_CONTEXT ( ( #130, #2093, #4634 ) ) REPRESENTATION_CONTEXT ( 'NONE', 'WORKASPACE' ) );
#514 = CARTESIAN_POINT ( 'NONE',  ( -2.250000000000277556, 0.000000000000000000, 17.54999999999999716 ) ) ;
#515 = VECTOR ( 'NONE', #1360, 1000.000000000000000 ) ;
#516 = ORIENTED_EDGE ( 'NONE', *, *, #4266, .F. ) ;
#517 = AXIS2_PLACEMENT_3D ( 'NONE', #5058, #579, #2567 ) ;
#518 = VECTOR ( 'NONE', #102, 1000.000000000000000 ) ;
#519 = DIRECTION ( 'NONE',  ( -1.000000000000000000, 0.000000000000000000, 0.000000000000000000 ) ) ;
#520 = ORIENTED_EDGE ( 'NONE', *, *, #5438, .F. ) ;
#521 = CARTESIAN_POINT ( 'NONE',  ( 0.000000000000000000, 0.000000000000000000, 23.14999999999998437 ) ) ;
#522 = EDGE_CURVE ( 'NONE', #5047, #2018, #4142, .T. ) ;
#523 = CARTESIAN_POINT ( 'NONE',  ( 1.999999999999327427, 0.000000000000000000, 18.74111742155136540 ) ) ;
#524 = DIRECTION ( 'NONE',  ( -0.000000000000000000, -0.000000000000000000, -1.000000000000000000 ) ) ;
#525 = DIRECTION ( 'NONE',  ( 0.7501110696304629233, 0.000000000000000000, 0.6613118653236480515 ) ) ;
#526 = ORIENTED_EDGE ( 'NONE', *, *, #931, .T. ) ;
#527 = EDGE_CURVE ( 'NONE', #1752, #242, #4818, .T. ) ;
#528 = VERTEX_POINT ( 'NONE', #2168 ) ;
#529 = VERTEX_POINT ( 'NONE', #4174 ) ;
#530 = EDGE_CURVE ( 'NONE', #4323, #495, #4544, .T. ) ;
#531 = CARTESIAN_POINT ( 'NONE',  ( 2.350000000000035172, 0.000000000000000000, 10.24999999999999112 ) ) ;
#532 = CARTESIAN_POINT ( 'NONE',  ( -1.999999999999314770, 0.000000000000000000, -2.698918212968115071 ) ) ;
#533 = DIRECTION ( 'NONE',  ( -1.000000000000000000, 0.000000000000000000, 0.000000000000000000 ) ) ;
#534 = DIRECTION ( 'NONE',  ( 1.000000000000000000, 0.000000000000000000, 0.000000000000000000 ) ) ;
#535 = ORIENTED_EDGE ( 'NONE', *, *, #1201, .F. ) ;
#536 = CARTESIAN_POINT ( 'NONE',  ( -1.999999999999260147, 0.000000000000000000, 21.01024260084479067 ) ) ;
#537 = ADVANCED_FACE ( 'NONE', ( #217 ), #3270, .T. ) ;
#538 = VERTEX_POINT ( 'NONE', #3774 ) ;
#539 = ADVANCED_FACE ( 'NONE', ( #315 ), #2695, .T. ) ;
#540 = ORIENTED_EDGE ( 'NONE', *, *, #4731, .T. ) ;
#541 = CARTESIAN_POINT ( 'NONE',  ( -2.250000000000297096, 0.000000000000000000, 23.14999999999998437 ) ) ;
#542 = DIRECTION ( 'NONE',  ( -1.000000000000000000, 0.000000000000000000, 0.000000000000000000 ) ) ;
#543 = ORIENTED_EDGE ( 'NONE', *, *, #5574, .F. ) ;
#544 = DIRECTION ( 'NONE',  ( -0.000000000000000000, -0.000000000000000000, -1.000000000000000000 ) ) ;
#545 = CARTESIAN_POINT ( 'NONE',  ( -2.250000000000480060, 0.000000000000000000, -2.698918212968115071 ) ) ;
#546 = EDGE_CURVE ( 'NONE', #5009, #2406, #791, .T. ) ;
#547 = ORIENTED_EDGE ( 'NONE', *, *, #4103, .T. ) ;
#548 = EDGE_LOOP ( 'NONE', ( #2165, #5819, #6084, #2593 ) ) ;
#549 = VERTEX_POINT ( 'NONE', #5756 ) ;
#550 = CARTESIAN_POINT ( 'NONE',  ( 1.999999999999332978, 0.000000000000000000, 20.34111742155136326 ) ) ;
#551 = CARTESIAN_POINT ( 'NONE',  ( 0.000000000000000000, 0.000000000000000000, 26.99999999999998224 ) ) ;
#552 = CARTESIAN_POINT ( 'NONE',  ( 0.000000000000000000, 0.000000000000000000, -2.698918212968115071 ) ) ;
#553 = CARTESIAN_POINT ( 'NONE',  ( 1.999999999999285238, 2.449293598293831272E-16, 23.41024260084478925 ) ) ;
#554 = EDGE_LOOP ( 'NONE', ( #4600, #5512, #1993, #3710 ) ) ;
#555 = ORIENTED_EDGE ( 'NONE', *, *, #6145, .T. ) ;
#556 = ADVANCED_FACE ( 'NONE', ( #1309 ), #679, .T. ) ;
#557 = VERTEX_POINT ( 'NONE', #1251 ) ;
#558 = CIRCLE ( 'NONE', #6113, 1.999999999999268363 ) ;
#559 = CARTESIAN_POINT ( 'NONE',  ( 0.000000000000000000, 0.000000000000000000, 30.19999999999997797 ) ) ;
#560 = DIRECTION ( 'NONE',  ( -1.000000000000000000, 0.000000000000000000, 0.000000000000000000 ) ) ;
#561 = EDGE_CURVE ( 'NONE', #5622, #494, #51, .T. ) ;
#562 = CARTESIAN_POINT ( 'NONE',  ( 0.000000000000000000, 0.000000000000000000, 24.74999999999993960 ) ) ;
#563 = DIRECTION ( 'NONE',  ( 0.6946583704590054698, 0.000000000000000000, 0.7193398003386431983 ) ) ;
#564 = CIRCLE ( 'NONE', #5585, 1.999999999999354738 ) ;
#565 = CARTESIAN_POINT ( 'NONE',  ( 1.999999999999352074, 2.449293598293912623E-16, 29.81024260084477717 ) ) ;
#566 = VERTEX_POINT ( 'NONE', #1693 ) ;
#567 = CYLINDRICAL_SURFACE ( 'NONE', #1545, 2.250000000000480060 ) ;
#568 = AXIS2_PLACEMENT_3D ( 'NONE', #661, #1046, #4689 ) ;
#569 = CARTESIAN_POINT ( 'NONE',  ( -1.999999999999310552, 0.000000000000000000, 25.81024260084478072 ) ) ;
#570 = VERTEX_POINT ( 'NONE', #763 ) ;
#571 = EDGE_CURVE ( 'NONE', #6174, #436, #894, .T. ) ;
#572 = CYLINDRICAL_SURFACE ( 'NONE', #2877, 1.999999999999347855 ) ;
#573 = AXIS2_PLACEMENT_3D ( 'NONE', #3958, #4, #3863 ) ;
#574 = CARTESIAN_POINT ( 'NONE',  ( 1.999999999999326983, 2.449293598293891422E-16, 27.41024260084538966 ) ) ;
#575 = ORIENTED_EDGE ( 'NONE', *, *, #885, .T. ) ;
#576 = AXIS2_PLACEMENT_3D ( 'NONE', #6426, #1843, #3337 ) ;
#577 = VERTEX_POINT ( 'NONE', #3305 ) ;
#578 = CARTESIAN_POINT ( 'NONE',  ( -1.999999999999368505, 0.000000000000000000, 31.41024260084477504 ) ) ;
#579 = DIRECTION ( 'NONE',  ( -0.000000000000000000, -0.000000000000000000, -1.000000000000000000 ) ) ;
#580 = EDGE_CURVE ( 'NONE', #377, #5532, #5684, .T. ) ;
#581 = AXIS2_PLACEMENT_3D ( 'NONE', #1401, #2964, #4945 ) ;
#582 = CARTESIAN_POINT ( 'NONE',  ( 0.000000000000000000, 0.000000000000000000, -2.698918212968115071 ) ) ;
#583 = DIRECTION ( 'NONE',  ( -1.000000000000000000, 0.000000000000000000, 0.000000000000000000 ) ) ;
#584 = ORIENTED_EDGE ( 'NONE', *, *, #2405, .T. ) ;
#585 = AXIS2_PLACEMENT_3D ( 'NONE', #2864, #1875, #4413 ) ;
#586 = EDGE_CURVE ( 'NONE', #4239, #6189, #1279, .T. ) ;
#587 = CIRCLE ( 'NONE', #2975, 2.250000000000627942 ) ;
#588 = EDGE_LOOP ( 'NONE', ( #5278, #3406, #4260, #6288 ) ) ;
#589 = FACE_OUTER_BOUND ( 'NONE', #2437, .T. ) ;
#590 = CARTESIAN_POINT ( 'NONE',  ( 0.000000000000000000, 0.000000000000000000, 31.94999999999992824 ) ) ;
#591 = CIRCLE ( 'NONE', #4247, 2.250000000000616396 ) ;
#592 = CARTESIAN_POINT ( 'NONE',  ( 1.999999999999243716, 2.449293598293780489E-16, 19.41024260084479280 ) ) ;
#593 = CIRCLE ( 'NONE', #1211, 3.300000000000000266 ) ;
#594 = CARTESIAN_POINT ( 'NONE',  ( -2.250000000000297984, 0.000000000000000000, 23.79999999999998650 ) ) ;
#595 = DIRECTION ( 'NONE',  ( -1.000000000000000000, 0.000000000000000000, 0.000000000000000000 ) ) ;
#596 = AXIS2_PLACEMENT_3D ( 'NONE', #615, #5592, #5031 ) ;
#597 = CARTESIAN_POINT ( 'NONE',  ( 0.000000000000000000, 0.000000000000000000, 30.99999999999997158 ) ) ;
#598 = CARTESIAN_POINT ( 'NONE',  ( 2.349999999999993872, 0.000000000000000000, 8.050000000000000711 ) ) ;
#599 = ORIENTED_EDGE ( 'NONE', *, *, #57, .T. ) ;
#600 = ORIENTED_EDGE ( 'NONE', *, *, #1160, .F. ) ;
#601 = AXIS2_PLACEMENT_3D ( 'NONE', #4626, #639, #1697 ) ;
#602 = DIRECTION ( 'NONE',  ( -0.000000000000000000, -0.000000000000000000, -1.000000000000000000 ) ) ;
#603 = CARTESIAN_POINT ( 'NONE',  ( -1.999999999999341194, 2.602374448187902989E-16, 22.74111742155136184 ) ) ;
#604 = ORIENTED_EDGE ( 'NONE', *, *, #6386, .F. ) ;
#605 = LINE ( 'NONE', #5659, #416 ) ;
#606 = CIRCLE ( 'NONE', #1761, 2.250000000000313527 ) ;
#607 = VECTOR ( 'NONE', #4141, 999.9999999999998863 ) ;
#608 = DIRECTION ( 'NONE',  ( -0.000000000000000000, -0.000000000000000000, -1.000000000000000000 ) ) ;
#609 = ORIENTED_EDGE ( 'NONE', *, *, #4315, .F. ) ;
#610 = EDGE_LOOP ( 'NONE', ( #5256, #288, #3918, #5811 ) ) ;
#611 = DIRECTION ( 'NONE',  ( 0.000000000000000000, 0.000000000000000000, 1.000000000000000000 ) ) ;
#612 = CARTESIAN_POINT ( 'NONE',  ( 0.000000000000000000, 0.000000000000000000, 17.39999999999999858 ) ) ;
#613 = DIRECTION ( 'NONE',  ( -0.000000000000000000, -0.000000000000000000, -1.000000000000000000 ) ) ;
#614 = CIRCLE ( 'NONE', #5961, 1.924626583725415285 ) ;
#615 = CARTESIAN_POINT ( 'NONE',  ( 0.000000000000000000, 0.000000000000000000, 34.19999999999998153 ) ) ;
#616 = VECTOR ( 'NONE', #802, 1000.000000000000114 ) ;
#617 = CARTESIAN_POINT ( 'NONE',  ( -2.250000000000471623, 0.000000000000000000, -2.698918212968115071 ) ) ;
#618 = AXIS2_PLACEMENT_3D ( 'NONE', #521, #5967, #3030 ) ;
#619 = AXIS2_PLACEMENT_3D ( 'NONE', #2498, #4993, #4469 ) ;
#620 = EDGE_CURVE ( 'NONE', #4145, #4323, #5282, .T. ) ;
#621 = EDGE_LOOP ( 'NONE', ( #1400, #2563, #4960, #5468 ) ) ;
#622 = ORIENTED_EDGE ( 'NONE', *, *, #1696, .T. ) ;
#623 = AXIS2_PLACEMENT_3D ( 'NONE', #4263, #4754, #2195 ) ;
#624 = DIRECTION ( 'NONE',  ( -1.000000000000000000, 0.000000000000000000, 0.000000000000000000 ) ) ;
#625 = CARTESIAN_POINT ( 'NONE',  ( 0.000000000000000000, 0.000000000000000000, -2.698918212968115071 ) ) ;
#626 = FACE_OUTER_BOUND ( 'NONE', #273, .T. ) ;
#627 = FACE_OUTER_BOUND ( 'NONE', #1113, .T. ) ;
#628 = CARTESIAN_POINT ( 'NONE',  ( -1.999999999999389377, 0.000000000000000000, -2.698918212968115071 ) ) ;
#629 = ORIENTED_EDGE ( 'NONE', *, *, #6021, .F. ) ;
#630 = ADVANCED_FACE ( 'NONE', ( #2223 ), #3189, .T. ) ;
#631 = CARTESIAN_POINT ( 'NONE',  ( -2.250000000000280220, 0.000000000000000000, 18.34999999999999076 ) ) ;
#632 = CARTESIAN_POINT ( 'NONE',  ( 0.000000000000000000, 0.000000000000000000, 20.59999999999999432 ) ) ;
#633 = EDGE_CURVE ( 'NONE', #4287, #2890, #4295, .T. ) ;
#634 = ORIENTED_EDGE ( 'NONE', *, *, #3732, .T. ) ;
#635 = ORIENTED_EDGE ( 'NONE', *, *, #3720, .T. ) ;
#636 = CYLINDRICAL_SURFACE ( 'NONE', #1740, 2.349999999999997424 ) ;
#637 = ORIENTED_EDGE ( 'NONE', *, *, #5652, .F. ) ;
#638 = DIRECTION ( 'NONE',  ( -1.000000000000000000, 0.000000000000000000, 0.000000000000000000 ) ) ;
#639 = DIRECTION ( 'NONE',  ( -0.000000000000000000, -0.000000000000000000, -1.000000000000000000 ) ) ;
#640 = ORIENTED_EDGE ( 'NONE', *, *, #1963, .F. ) ;
#641 = ORIENTED_EDGE ( 'NONE', *, *, #4179, .F. ) ;
#642 = CARTESIAN_POINT ( 'NONE',  ( 0.000000000000000000, 0.000000000000000000, 20.21024260084479351 ) ) ;
#643 = DIRECTION ( 'NONE',  ( -0.8957117602394157885, 0.000000000000000000, -0.4446351791849217916 ) ) ;
#644 = DIRECTION ( 'NONE',  ( 0.6946583704594718744, 0.000000000000000000, 0.7193398003381928918 ) ) ;
#645 = DIRECTION ( 'NONE',  ( -0.000000000000000000, -0.000000000000000000, -1.000000000000000000 ) ) ;
#646 = CARTESIAN_POINT ( 'NONE',  ( 2.250000000000624834, 2.755455298082309480E-16, 24.59999999999998366 ) ) ;
#647 = EDGE_CURVE ( 'NONE', #2297, #3640, #6042, .T. ) ;
#648 = ORIENTED_EDGE ( 'NONE', *, *, #4737, .T. ) ;
#649 = ADVANCED_FACE ( 'NONE', ( #1751 ), #6460, .T. ) ;
#650 = ORIENTED_EDGE ( 'NONE', *, *, #847, .T. ) ;
#651 = EDGE_CURVE ( 'NONE', #4609, #1877, #2152, .T. ) ;
#652 = DIRECTION ( 'NONE',  ( -1.000000000000000000, 0.000000000000000000, 0.000000000000000000 ) ) ;
#653 = CARTESIAN_POINT ( 'NONE',  ( 0.000000000000000000, 0.000000000000000000, -2.698918212968115071 ) ) ;
#654 = CYLINDRICAL_SURFACE ( 'NONE', #3417, 1.900000000000001465 ) ;
#655 = AXIS2_PLACEMENT_3D ( 'NONE', #2793, #746, #4333 ) ;
#656 = FACE_OUTER_BOUND ( 'NONE', #1428, .T. ) ;
#657 = VECTOR ( 'NONE', #4708, 1000.000000000000000 ) ;
#658 = DIRECTION ( 'NONE',  ( -1.000000000000000000, 0.000000000000000000, 0.000000000000000000 ) ) ;
#659 = DIRECTION ( 'NONE',  ( -1.000000000000000000, 0.000000000000000000, 0.000000000000000000 ) ) ;
#660 = EDGE_CURVE ( 'NONE', #4528, #2630, #5979, .T. ) ;
#661 = CARTESIAN_POINT ( 'NONE',  ( 0.000000000000000000, 0.000000000000000000, 19.14999999999999503 ) ) ;
#662 = EDGE_LOOP ( 'NONE', ( #4463, #23, #1218, #1859 ) ) ;
#663 = VERTEX_POINT ( 'NONE', #3834 ) ;
#664 = CARTESIAN_POINT ( 'NONE',  ( -1.999999999999292344, 0.000000000000000000, -2.698918212968115071 ) ) ;
#665 = CARTESIAN_POINT ( 'NONE',  ( 2.250000000000310418, 2.755455298081924910E-16, 27.14999999999993108 ) ) ;
#666 = ORIENTED_EDGE ( 'NONE', *, *, #2762, .T. ) ;
#667 = VECTOR ( 'NONE', #156, 1000.000000000000000 ) ;
#668 = DIRECTION ( 'NONE',  ( -0.000000000000000000, -0.000000000000000000, -1.000000000000000000 ) ) ;
#669 = DIRECTION ( 'NONE',  ( 0.000000000000000000, 0.000000000000000000, 1.000000000000000000 ) ) ;
#670 = EDGE_LOOP ( 'NONE', ( #5066, #4577, #4618, #4316 ) ) ;
#671 = ORIENTED_EDGE ( 'NONE', *, *, #5612, .T. ) ;
#672 = DIRECTION ( 'NONE',  ( -1.000000000000000000, 0.000000000000000000, 0.000000000000000000 ) ) ;
#673 = ORIENTED_EDGE ( 'NONE', *, *, #5601, .F. ) ;
#674 = DIRECTION ( 'NONE',  ( 0.6946583704589998076, 0.000000000000000000, 0.7193398003386487494 ) ) ;
#675 = EDGE_CURVE ( 'NONE', #494, #2781, #5166, .T. ) ;
#676 = AXIS2_PLACEMENT_3D ( 'NONE', #5471, #6392, #1909 ) ;
#677 = CARTESIAN_POINT ( 'NONE',  ( 1.999999999999335643, 0.000000000000000000, 21.14111742155136398 ) ) ;
#678 = LINE ( 'NONE', #1262, #657 ) ;
#679 = CONICAL_SURFACE ( 'NONE', #2859, 2.150000000000134026, 0.7679448708775158394 ) ;
#680 = CIRCLE ( 'NONE', #4335, 2.150000000000134026 ) ;
#681 = ORIENTED_EDGE ( 'NONE', *, *, #2044, .T. ) ;
#682 = ORIENTED_EDGE ( 'NONE', *, *, #3300, .T. ) ;
#683 = AXIS2_PLACEMENT_3D ( 'NONE', #1446, #5908, #1885 ) ;
#684 = ADVANCED_FACE ( 'NONE', ( #2318 ), #4663, .T. ) ;
#685 = CARTESIAN_POINT ( 'NONE',  ( 0.000000000000000000, 0.000000000000000000, 22.19999999999999218 ) ) ;
#686 = DIRECTION ( 'NONE',  ( -1.000000000000000000, 0.000000000000000000, 0.000000000000000000 ) ) ;
#687 = FACE_OUTER_BOUND ( 'NONE', #1472, .T. ) ;
#688 = EDGE_CURVE ( 'NONE', #4406, #1808, #5487, .T. ) ;
#689 = AXIS2_PLACEMENT_3D ( 'NONE', #3360, #4881, #5975 ) ;
#690 = VECTOR ( 'NONE', #4801, 999.9999999999998863 ) ;
#691 = DIRECTION ( 'NONE',  ( 0.000000000000000000, 0.000000000000000000, 1.000000000000000000 ) ) ;
#692 = CARTESIAN_POINT ( 'NONE',  ( 1.999999999999301892, 2.449293598293865784E-16, 25.01024260084478712 ) ) ;
#693 = VERTEX_POINT ( 'NONE', #4920 ) ;
#694 = VECTOR ( 'NONE', #2155, 1000.000000000000000 ) ;
#695 = AXIS2_PLACEMENT_3D ( 'NONE', #5547, #4102, #1114 ) ;
#696 = CARTESIAN_POINT ( 'NONE',  ( 1.999999999999402034, 0.000000000000000000, 33.94111742155135403 ) ) ;
#697 = VECTOR ( 'NONE', #6429, 1000.000000000000000 ) ;
#698 = ORIENTED_EDGE ( 'NONE', *, *, #4901, .T. ) ;
#699 = AXIS2_PLACEMENT_3D ( 'NONE', #5628, #5998, #2609 ) ;
#700 = ORIENTED_EDGE ( 'NONE', *, *, #329, .F. ) ;
#701 = CARTESIAN_POINT ( 'NONE',  ( -1.999999999999293676, 0.000000000000000000, 24.21024260084478286 ) ) ;
#702 = EDGE_CURVE ( 'NONE', #1524, #2662, #3960, .T. ) ;
#703 = DIRECTION ( 'NONE',  ( -1.000000000000000000, 0.000000000000000000, 0.000000000000000000 ) ) ;
#704 = VERTEX_POINT ( 'NONE', #371 ) ;
#705 = CARTESIAN_POINT ( 'NONE',  ( -2.349999999999997424, 0.000000000000000000, -2.698918212968115071 ) ) ;
#706 = DIRECTION ( 'NONE',  ( -0.000000000000000000, -0.000000000000000000, -1.000000000000000000 ) ) ;
#707 = ORIENTED_EDGE ( 'NONE', *, *, #1781, .T. ) ;
#708 = ADVANCED_FACE ( 'NONE', ( #2418 ), #2391, .T. ) ;
#709 = EDGE_LOOP ( 'NONE', ( #5416, #3699, #5279, #1478 ) ) ;
#710 = DIRECTION ( 'NONE',  ( 0.6946583704589998076, 0.000000000000000000, 0.7193398003386487494 ) ) ;
#711 = CARTESIAN_POINT ( 'NONE',  ( -1.999999999999268363, 0.000000000000000000, 21.81024260084479138 ) ) ;
#712 = CARTESIAN_POINT ( 'NONE',  ( 0.000000000000000000, 0.000000000000000000, 31.41024260084477504 ) ) ;
#713 = AXIS2_PLACEMENT_3D ( 'NONE', #5082, #2554, #4591 ) ;
#714 = AXIS2_PLACEMENT_3D ( 'NONE', #320, #6431, #3930 ) ;
#715 = EDGE_CURVE ( 'NONE', #5228, #570, #3709, .T. ) ;
#716 = DIRECTION ( 'NONE',  ( -0.000000000000000000, -0.000000000000000000, -1.000000000000000000 ) ) ;
#717 = AXIS2_PLACEMENT_3D ( 'NONE', #3107, #5571, #3634 ) ;
#718 = AXIS2_PLACEMENT_3D ( 'NONE', #5203, #2770, #726 ) ;
#719 = VERTEX_POINT ( 'NONE', #4390 ) ;
#720 = ORIENTED_EDGE ( 'NONE', *, *, #3506, .T. ) ;
#721 = AXIS2_PLACEMENT_3D ( 'NONE', #1819, #1287, #1792 ) ;
#722 = DIRECTION ( 'NONE',  ( -0.6946583704594718744, 8.507111498841084816E-17, 0.7193398003381928918 ) ) ;
#723 = CONICAL_SURFACE ( 'NONE', #2799, 2.250000000000297984, 0.7679448708775029608 ) ;
#724 = AXIS2_PLACEMENT_3D ( 'NONE', #4900, #2401, #5959 ) ;
#725 = CARTESIAN_POINT ( 'NONE',  ( -1.924626583725415285, 0.000000000000000000, 37.75000000000000000 ) ) ;
#726 = DIRECTION ( 'NONE',  ( -1.000000000000000000, 0.000000000000000000, 0.000000000000000000 ) ) ;
#727 = AXIS2_PLACEMENT_3D ( 'NONE', #3966, #1458, #3407 ) ;
#728 = CARTESIAN_POINT ( 'NONE',  ( -1.999999999999332978, 2.602374448187892636E-16, 20.34111742155136326 ) ) ;
#729 = DIRECTION ( 'NONE',  ( -1.000000000000000000, 0.000000000000000000, 0.000000000000000000 ) ) ;
#730 = ORIENTED_EDGE ( 'NONE', *, *, #2323, .T. ) ;
#731 = CYLINDRICAL_SURFACE ( 'NONE', #3282, 1.999999999999320099 ) ;
#732 = ORIENTED_EDGE ( 'NONE', *, *, #4733, .T. ) ;
#733 = ORIENTED_EDGE ( 'NONE', *, *, #1696, .F. ) ;
#734 = DIRECTION ( 'NONE',  ( -1.000000000000000000, 0.000000000000000000, 0.000000000000000000 ) ) ;
#735 = ADVANCED_FACE ( 'NONE', ( #1944 ), #6140, .T. ) ;
#736 = DIRECTION ( 'NONE',  ( -0.000000000000000000, -0.000000000000000000, -1.000000000000000000 ) ) ;
#737 = EDGE_CURVE ( 'NONE', #2431, #175, #947, .T. ) ;
#738 = ORIENTED_EDGE ( 'NONE', *, *, #5730, .F. ) ;
#739 = DIRECTION ( 'NONE',  ( -0.000000000000000000, -0.000000000000000000, -1.000000000000000000 ) ) ;
#740 = EDGE_CURVE ( 'NONE', #1578, #196, #2450, .T. ) ;
#741 = CARTESIAN_POINT ( 'NONE',  ( 1.999999999999336531, 2.449293598293893888E-16, -2.698918212968115071 ) ) ;
#742 = ORIENTED_EDGE ( 'NONE', *, *, #5399, .T. ) ;
#743 = VERTEX_POINT ( 'NONE', #4355 ) ;
#744 = DIRECTION ( 'NONE',  ( -0.000000000000000000, -0.000000000000000000, -1.000000000000000000 ) ) ;
#745 = FACE_OUTER_BOUND ( 'NONE', #5817, .T. ) ;
#746 = DIRECTION ( 'NONE',  ( -0.000000000000000000, -0.000000000000000000, -1.000000000000000000 ) ) ;
#747 = CARTESIAN_POINT ( 'NONE',  ( -1.999999999999418465, 2.541142108230483942E-16, 35.54111742155136255 ) ) ;
#748 = ORIENTED_EDGE ( 'NONE', *, *, #4315, .T. ) ;
#749 = DIRECTION ( 'NONE',  ( -1.000000000000000000, 0.000000000000000000, 0.000000000000000000 ) ) ;
#750 = DIRECTION ( 'NONE',  ( -1.000000000000000000, 0.000000000000000000, 0.000000000000000000 ) ) ;
#751 = CARTESIAN_POINT ( 'NONE',  ( 0.000000000000000000, 0.000000000000000000, 6.949999999999999289 ) ) ;
#752 = CARTESIAN_POINT ( 'NONE',  ( 1.999999999999349409, 0.000000000000000000, 25.14111742155135332 ) ) ;
#753 = DIRECTION ( 'NONE',  ( -1.000000000000000000, 0.000000000000000000, 0.000000000000000000 ) ) ;
#754 = ORIENTED_EDGE ( 'NONE', *, *, #5106, .F. ) ;
#755 = CONICAL_SURFACE ( 'NONE', #4412, 1.999999999999285238, 0.7653268769996224297 ) ;
#756 = EDGE_CURVE ( 'NONE', #2096, #2130, #6365, .T. ) ;
#757 = DIRECTION ( 'NONE',  ( -0.000000000000000000, -0.000000000000000000, -1.000000000000000000 ) ) ;
#758 = PRODUCT_DEFINITION_FORMATION_WITH_SPECIFIED_SOURCE ( 'ANY', '', #95, .NOT_KNOWN. ) ;
#759 = EDGE_LOOP ( 'NONE', ( #997, #4653, #5478, #4422 ) ) ;
#760 = VECTOR ( 'NONE', #1065, 1000.000000000000000 ) ;
#761 = EDGE_LOOP ( 'NONE', ( #4539, #5029, #5921, #363 ) ) ;
#762 = CARTESIAN_POINT ( 'NONE',  ( 0.000000000000000000, 0.000000000000000000, 22.19999999999999218 ) ) ;
#763 = CARTESIAN_POINT ( 'NONE',  ( -1.899999999999997469, 2.602374448188122884E-16, 8.753271633436568777 ) ) ;
#764 = ORIENTED_EDGE ( 'NONE', *, *, #3706, .T. ) ;
#765 = CARTESIAN_POINT ( 'NONE',  ( 2.250000000000501821, 2.755455298082159596E-16, -2.698918212968115071 ) ) ;
#766 = CARTESIAN_POINT ( 'NONE',  ( 0.000000000000000000, 0.000000000000000000, 15.77723155024511570 ) ) ;
#767 = VERTEX_POINT ( 'NONE', #1912 ) ;
#768 = ORIENTED_EDGE ( 'NONE', *, *, #740, .T. ) ;
#769 = CARTESIAN_POINT ( 'NONE',  ( 0.000000000000000000, 0.000000000000000000, -2.698918212968115071 ) ) ;
#770 = AXIS2_PLACEMENT_3D ( 'NONE', #20, #3999, #2559 ) ;
#771 = CARTESIAN_POINT ( 'NONE',  ( 0.000000000000000000, 0.000000000000000000, 35.41024260084478215 ) ) ;
#772 = DIRECTION ( 'NONE',  ( 0.6927727648613485334, 8.484019490239124840E-17, -0.7211559444852151390 ) ) ;
#773 = VECTOR ( 'NONE', #645, 1000.000000000000000 ) ;
#774 = DIRECTION ( 'NONE',  ( -0.000000000000000000, -0.000000000000000000, -1.000000000000000000 ) ) ;
#775 = ORIENTED_EDGE ( 'NONE', *, *, #1420, .F. ) ;
#776 = AXIS2_PLACEMENT_3D ( 'NONE', #1339, #4198, #6326 ) ;
#777 = EDGE_CURVE ( 'NONE', #3586, #3651, #5388, .T. ) ;
#778 = FACE_OUTER_BOUND ( 'NONE', #4003, .T. ) ;
#779 = FACE_OUTER_BOUND ( 'NONE', #548, .T. ) ;
#780 = DIRECTION ( 'NONE',  ( -1.000000000000000000, 0.000000000000000000, 0.000000000000000000 ) ) ;
#781 = AXIS2_PLACEMENT_3D ( 'NONE', #6457, #2001, #4978 ) ;
#782 = AXIS2_PLACEMENT_3D ( 'NONE', #2720, #305, #753 ) ;
#783 = CARTESIAN_POINT ( 'NONE',  ( 2.350000000000035172, 2.877919977996323708E-16, 10.24999999999999112 ) ) ;
#784 = DIRECTION ( 'NONE',  ( 0.000000000000000000, 0.000000000000000000, 1.000000000000000000 ) ) ;
#785 = ORIENTED_EDGE ( 'NONE', *, *, #989, .F. ) ;
#786 = CARTESIAN_POINT ( 'NONE',  ( 1.924626583725415285, 2.494989201740103983E-16, 37.75000000000000000 ) ) ;
#787 = VECTOR ( 'NONE', #5710, 1000.000000000000114 ) ;
#788 = ORIENTED_EDGE ( 'NONE', *, *, #3208, .T. ) ;
#789 = EDGE_LOOP ( 'NONE', ( #2202, #2363, #600, #3233 ) ) ;
#790 = DIRECTION ( 'NONE',  ( -0.000000000000000000, -0.000000000000000000, -1.000000000000000000 ) ) ;
#791 = LINE ( 'NONE', #6300, #1511 ) ;
#792 = CIRCLE ( 'NONE', #4979, 1.999999999999410250 ) ;
#793 = ORIENTED_EDGE ( 'NONE', *, *, #2154, .T. ) ;
#794 = ADVANCED_FACE ( 'NONE', ( #467 ), #5284, .T. ) ;
#795 = DIRECTION ( 'NONE',  ( -0.000000000000000000, -0.000000000000000000, -1.000000000000000000 ) ) ;
#796 = CONICAL_SURFACE ( 'NONE', #3826, 2.349999999999990319, 0.8482300164692492261 ) ;
#797 = CARTESIAN_POINT ( 'NONE',  ( -2.250000000000331291, 2.755455298081950055E-16, 31.79999999999997939 ) ) ;
#798 = DIRECTION ( 'NONE',  ( -0.000000000000000000, -0.000000000000000000, -1.000000000000000000 ) ) ;
#799 = ORIENTED_EDGE ( 'NONE', *, *, #337, .F. ) ;
#800 = ORIENTED_EDGE ( 'NONE', *, *, #1246, .T. ) ;
#801 = EDGE_CURVE ( 'NONE', #3348, #3248, #2142, .T. ) ;
#802 = DIRECTION ( 'NONE',  ( -0.7501110696304629233, 9.186211204279437993E-17, 0.6613118653236480515 ) ) ;
#803 = CARTESIAN_POINT ( 'NONE',  ( 1.999999999999376943, 2.449293598293943191E-16, 32.21024260084477930 ) ) ;
#804 = CARTESIAN_POINT ( 'NONE',  ( 2.250000000000298428, 2.755455298081910119E-16, -2.698918212968115071 ) ) ;
#805 = AXIS2_PLACEMENT_3D ( 'NONE', #4147, #1856, #1189 ) ;
#806 = AXIS2_PLACEMENT_3D ( 'NONE', #3274, #1283, #1665 ) ;
#807 = CARTESIAN_POINT ( 'NONE',  ( 0.000000000000000000, 0.000000000000000000, 23.41024260084478925 ) ) ;
#808 = EDGE_LOOP ( 'NONE', ( #599, #908, #5370, #222 ) ) ;
#809 = ADVANCED_FACE ( 'NONE', ( #3530 ), #1404, .T. ) ;
#810 = CARTESIAN_POINT ( 'NONE',  ( 0.000000000000000000, 0.000000000000000000, -2.698918212968115071 ) ) ;
#811 = AXIS2_PLACEMENT_3D ( 'NONE', #5614, #5020, #6119 ) ;
#812 = CARTESIAN_POINT ( 'NONE',  ( 2.250000000000281108, 0.000000000000000000, 18.99999999999999645 ) ) ;
#813 = VECTOR ( 'NONE', #2484, 1000.000000000000114 ) ;
#814 = CONICAL_SURFACE ( 'NONE', #4047, 2.250000000000641265, 0.7679448708775218346 ) ;
#815 = LINE ( 'NONE', #1738, #1765 ) ;
#816 = ADVANCED_FACE ( 'NONE', ( #4982 ), #5812, .T. ) ;
#817 = CARTESIAN_POINT ( 'NONE',  ( 1.999999999999277023, 2.449293598293840640E-16, 22.61024260084478499 ) ) ;
#818 = VECTOR ( 'NONE', #2467, 1000.000000000000114 ) ;
#819 = CARTESIAN_POINT ( 'NONE',  ( -2.250000000000305089, 0.000000000000000000, 25.54999999999993321 ) ) ;
#820 = VECTOR ( 'NONE', #2245, 1000.000000000000000 ) ;
#821 = ORIENTED_EDGE ( 'NONE', *, *, #3559, .F. ) ;
#822 = LINE ( 'NONE', #4784, #2443 ) ;
#823 = CIRCLE ( 'NONE', #3016, 2.250000000000297984 ) ;
#824 = AXIS2_PLACEMENT_3D ( 'NONE', #5929, #449, #5996 ) ;
#825 = VECTOR ( 'NONE', #6419, 1000.000000000000000 ) ;
#826 = EDGE_LOOP ( 'NONE', ( #5102, #417, #6203, #4330 ) ) ;
#827 = ORIENTED_EDGE ( 'NONE', *, *, #1294, .T. ) ;
#828 = FACE_OUTER_BOUND ( 'NONE', #4071, .T. ) ;
#829 = CARTESIAN_POINT ( 'NONE',  ( 0.000000000000000000, 0.000000000000000000, 26.34999999999993747 ) ) ;
#830 = ORIENTED_EDGE ( 'NONE', *, *, #571, .F. ) ;
#831 = DIRECTION ( 'NONE',  ( -1.000000000000000000, 0.000000000000000000, 0.000000000000000000 ) ) ;
#832 = CARTESIAN_POINT ( 'NONE',  ( 0.000000000000000000, 0.000000000000000000, 9.150000000000000355 ) ) ;
#833 = DIRECTION ( 'NONE',  ( -0.000000000000000000, -0.000000000000000000, -1.000000000000000000 ) ) ;
#834 = EDGE_LOOP ( 'NONE', ( #4427, #1717, #5236, #1368 ) ) ;
#835 = ORIENTED_EDGE ( 'NONE', *, *, #4402, .F. ) ;
#836 = DIRECTION ( 'NONE',  ( -0.6946583704594718744, 8.507111498841084816E-17, 0.7193398003381928918 ) ) ;
#837 = CARTESIAN_POINT ( 'NONE',  ( 0.000000000000000000, 0.000000000000000000, 22.34999999999998721 ) ) ;
#838 = DIRECTION ( 'NONE',  ( -0.000000000000000000, -0.000000000000000000, -1.000000000000000000 ) ) ;
#839 = EDGE_LOOP ( 'NONE', ( #1381, #2288, #348, #821 ) ) ;
#840 = CARTESIAN_POINT ( 'NONE',  ( 0.000000000000000000, 0.000000000000000000, 6.111126589273411014 ) ) ;
#841 = ORIENTED_EDGE ( 'NONE', *, *, #756, .F. ) ;
#842 = CARTESIAN_POINT ( 'NONE',  ( -2.250000000000627942, 0.000000000000000000, 25.39999999999998437 ) ) ;
#843 = DIRECTION ( 'NONE',  ( -0.000000000000000000, -0.000000000000000000, -1.000000000000000000 ) ) ;
#844 = EDGE_CURVE ( 'NONE', #767, #372, #5494, .T. ) ;
#845 = DIRECTION ( 'NONE',  ( -0.6946583704590054698, 8.507111498835374203E-17, 0.7193398003386431983 ) ) ;
#846 = CARTESIAN_POINT ( 'NONE',  ( 0.000000000000000000, 0.000000000000000000, 30.19999999999997797 ) ) ;
#847 = EDGE_CURVE ( 'NONE', #2108, #379, #160, .T. ) ;
#848 = ORIENTED_EDGE ( 'NONE', *, *, #937, .F. ) ;
#849 = FACE_OUTER_BOUND ( 'NONE', #2475, .T. ) ;
#850 = VERTEX_POINT ( 'NONE', #3105 ) ;
#851 = CARTESIAN_POINT ( 'NONE',  ( 0.000000000000000000, 0.000000000000000000, 8.523381939944311370 ) ) ;
#852 = CARTESIAN_POINT ( 'NONE',  ( 0.000000000000000000, 0.000000000000000000, 26.19999999999998153 ) ) ;
#853 = EDGE_CURVE ( 'NONE', #2078, #4528, #1011, .T. ) ;
#854 = CYLINDRICAL_SURFACE ( 'NONE', #1314, 1.999999999999364286 ) ;
#855 = CARTESIAN_POINT ( 'NONE',  ( 0.000000000000000000, 0.000000000000000000, 20.59999999999999432 ) ) ;
#856 = CIRCLE ( 'NONE', #5040, 2.250000000000663469 ) ;
#857 = VERTEX_POINT ( 'NONE', #6045 ) ;
#858 = ORIENTED_EDGE ( 'NONE', *, *, #4111, .F. ) ;
#859 = EDGE_CURVE ( 'NONE', #5713, #3810, #5112, .T. ) ;
#860 = CARTESIAN_POINT ( 'NONE',  ( 0.000000000000000000, 0.000000000000000000, 33.01024260084477646 ) ) ;
#861 = LINE ( 'NONE', #3967, #5608 ) ;
#862 = ORIENTED_EDGE ( 'NONE', *, *, #633, .T. ) ;
#863 = CIRCLE ( 'NONE', #2838, 1.999999999999301892 ) ;
#864 = CARTESIAN_POINT ( 'NONE',  ( 0.000000000000000000, 0.000000000000000000, 11.56106853381298372 ) ) ;
#865 = EDGE_LOOP ( 'NONE', ( #5406, #1614, #78, #4996 ) ) ;
#866 = DIRECTION ( 'NONE',  ( -1.000000000000000000, 0.000000000000000000, 0.000000000000000000 ) ) ;
#867 = ORIENTED_EDGE ( 'NONE', *, *, #4129, .F. ) ;
#868 = CARTESIAN_POINT ( 'NONE',  ( 0.000000000000000000, 0.000000000000000000, 8.299999999999991829 ) ) ;
#869 = LINE ( 'NONE', #6387, #4213 ) ;
#870 = LINE ( 'NONE', #4874, #825 ) ;
#871 = VECTOR ( 'NONE', #1586, 1000.000000000000000 ) ;
#872 = DIRECTION ( 'NONE',  ( -0.6927727648614130374, 0.000000000000000000, -0.7211559444851532996 ) ) ;
#873 = VERTEX_POINT ( 'NONE', #3561 ) ;
#874 = CIRCLE ( 'NONE', #573, 1.999999999999277023 ) ;
#875 = DIRECTION ( 'NONE',  ( -1.000000000000000000, 0.000000000000000000, 0.000000000000000000 ) ) ;
#876 = ORIENTED_EDGE ( 'NONE', *, *, #844, .T. ) ;
#877 = VERTEX_POINT ( 'NONE', #2548 ) ;
#878 = CARTESIAN_POINT ( 'NONE',  ( 0.000000000000000000, 0.000000000000000000, 33.94111742155135403 ) ) ;
#879 = VERTEX_POINT ( 'NONE', #140 ) ;
#880 = VECTOR ( 'NONE', #2516, 1000.000000000000114 ) ;
#881 = DIRECTION ( 'NONE',  ( -1.000000000000000000, 0.000000000000000000, 0.000000000000000000 ) ) ;
#882 = FACE_OUTER_BOUND ( 'NONE', #432, .T. ) ;
#883 = CARTESIAN_POINT ( 'NONE',  ( -2.250000000000279776, 0.000000000000000000, -2.698918212968115071 ) ) ;
#884 = ORIENTED_EDGE ( 'NONE', *, *, #1285, .T. ) ;
#885 = EDGE_CURVE ( 'NONE', #4672, #4245, #4550, .T. ) ;
#886 = CONICAL_SURFACE ( 'NONE', #4764, 2.250000000000644373, 0.7679448708775085120 ) ;
#887 = ORIENTED_EDGE ( 'NONE', *, *, #4396, .F. ) ;
#888 = AXIS2_PLACEMENT_3D ( 'NONE', #6437, #890, #6471 ) ;
#889 = CYLINDRICAL_SURFACE ( 'NONE', #4473, 1.999999999999287015 ) ;
#890 = DIRECTION ( 'NONE',  ( -0.000000000000000000, -0.000000000000000000, -1.000000000000000000 ) ) ;
#891 = ORIENTED_EDGE ( 'NONE', *, *, #2997, .T. ) ;
#892 = CARTESIAN_POINT ( 'NONE',  ( 0.000000000000000000, 0.000000000000000000, 33.14111742155135687 ) ) ;
#893 = CONICAL_SURFACE ( 'NONE', #5722, 2.250000000000688338, 0.7679448708781513311 ) ;
#894 = CIRCLE ( 'NONE', #4558, 2.250000000000316192 ) ;
#895 = DIRECTION ( 'NONE',  ( -1.000000000000000000, 0.000000000000000000, 0.000000000000000000 ) ) ;
#896 = ADVANCED_FACE ( 'NONE', ( #2071 ), #5598, .T. ) ;
#897 = CONICAL_SURFACE ( 'NONE', #3294, 1.999999999999376943, 0.7653268769994305831 ) ;
#898 = ORIENTED_EDGE ( 'NONE', *, *, #5792, .F. ) ;
#899 = CARTESIAN_POINT ( 'NONE',  ( 2.250000000000616396, 2.755455298082300112E-16, 22.19999999999999218 ) ) ;
#900 = ORIENTED_EDGE ( 'NONE', *, *, #6451, .T. ) ;
#901 = CONICAL_SURFACE ( 'NONE', #3925, 1.999999999999268363, 0.7653268770002932264 ) ;
#902 = EDGE_CURVE ( 'NONE', #1808, #4406, #4759, .T. ) ;
#903 = CARTESIAN_POINT ( 'NONE',  ( -2.349999999999997424, 2.877919977996277362E-16, 9.150000000000000355 ) ) ;
#904 = FACE_OUTER_BOUND ( 'NONE', #1714, .T. ) ;
#905 = CARTESIAN_POINT ( 'NONE',  ( -2.150000000000134026, 0.000000000000000000, 35.69644696862068400 ) ) ;
#906 = AXIS2_PLACEMENT_3D ( 'NONE', #5721, #182, #6162 ) ;
#907 = CYLINDRICAL_SURFACE ( 'NONE', #5717, 2.250000000000466294 ) ;
#908 = ORIENTED_EDGE ( 'NONE', *, *, #5257, .T. ) ;
#909 = CONICAL_SURFACE ( 'NONE', #4997, 2.150000000000134026, 0.7679448708775158394 ) ;
#910 = TOROIDAL_SURFACE ( 'NONE', #1012, 3.300000000000000266, 0.8000000000000000444 ) ;
#911 = CARTESIAN_POINT ( 'NONE',  ( 0.000000000000000000, 0.000000000000000000, 22.19999999999999218 ) ) ;
#912 = VERTEX_POINT ( 'NONE', #6010 ) ;
#913 = AXIS2_PLACEMENT_3D ( 'NONE', #5302, #3825, #332 ) ;
#914 = CARTESIAN_POINT ( 'NONE',  ( 0.000000000000000000, 0.000000000000000000, 14.55000000000000249 ) ) ;
#915 = DIRECTION ( 'NONE',  ( 0.000000000000000000, 0.000000000000000000, 1.000000000000000000 ) ) ;
#916 = EDGE_LOOP ( 'NONE', ( #3371, #2991, #6072, #5090 ) ) ;
#917 = CARTESIAN_POINT ( 'NONE',  ( 2.250000000000313527, 2.755455298081928361E-16, 27.94999999999993179 ) ) ;
#918 = DIRECTION ( 'NONE',  ( 0.08541692313736000408, 1.046055615131834312E-17, -0.9963452961909069483 ) ) ;
#919 = AXIS2_PLACEMENT_3D ( 'NONE', #5, #3073, #2581 ) ;
#920 = VECTOR ( 'NONE', #2379, 1000.000000000000000 ) ;
#921 = CARTESIAN_POINT ( 'NONE',  ( 0.000000000000000000, 0.000000000000000000, 0.7999999999999999334 ) ) ;
#922 = ORIENTED_EDGE ( 'NONE', *, *, #2689, .T. ) ;
#923 = ADVANCED_FACE ( 'NONE', ( #4127 ), #4865, .T. ) ;
#924 = ORIENTED_EDGE ( 'NONE', *, *, #6035, .F. ) ;
#925 = CARTESIAN_POINT ( 'NONE',  ( 2.250000000000644373, 0.000000000000000000, 30.19999999999997797 ) ) ;
#926 = FACE_OUTER_BOUND ( 'NONE', #4475, .T. ) ;
#927 = AXIS2_PLACEMENT_3D ( 'NONE', #3618, #3124, #1572 ) ;
#928 = ORIENTED_EDGE ( 'NONE', *, *, #5535, .T. ) ;
#929 = EDGE_CURVE ( 'NONE', #2630, #2191, #1077, .T. ) ;
#930 = DIRECTION ( 'NONE',  ( -0.2138829381615957315, 0.000000000000000000, -0.9768592983451418466 ) ) ;
#931 = EDGE_CURVE ( 'NONE', #1524, #6097, #1941, .T. ) ;
#932 = DIRECTION ( 'NONE',  ( -1.000000000000000000, 0.000000000000000000, 0.000000000000000000 ) ) ;
#933 = ORIENTED_EDGE ( 'NONE', *, *, #3701, .F. ) ;
#934 = CARTESIAN_POINT ( 'NONE',  ( 1.999999999999235500, 2.449293598293798238E-16, 18.61024260084479565 ) ) ;
#935 = ORIENTED_EDGE ( 'NONE', *, *, #2986, .F. ) ;
#936 = DIRECTION ( 'NONE',  ( -1.000000000000000000, 0.000000000000000000, 0.000000000000000000 ) ) ;
#937 = EDGE_CURVE ( 'NONE', #383, #2962, #477, .T. ) ;
#938 = FACE_OUTER_BOUND ( 'NONE', #5488, .T. ) ;
#939 = DIRECTION ( 'NONE',  ( -0.000000000000000000, -0.000000000000000000, -1.000000000000000000 ) ) ;
#940 = EDGE_CURVE ( 'NONE', #6247, #183, #2043, .T. ) ;
#941 = DIRECTION ( 'NONE',  ( -1.000000000000000000, 0.000000000000000000, 0.000000000000000000 ) ) ;
#942 = DIRECTION ( 'NONE',  ( -0.000000000000000000, -0.000000000000000000, -1.000000000000000000 ) ) ;
#943 = ORIENTED_EDGE ( 'NONE', *, *, #429, .F. ) ;
#944 = CARTESIAN_POINT ( 'NONE',  ( 0.000000000000000000, 0.000000000000000000, -2.698918212968115071 ) ) ;
#945 = CARTESIAN_POINT ( 'NONE',  ( 0.000000000000000000, 0.000000000000000000, -2.698918212968115071 ) ) ;
#946 = CARTESIAN_POINT ( 'NONE',  ( 2.250000000000278888, 2.755455298081886946E-16, 18.19999999999999574 ) ) ;
#947 = LINE ( 'NONE', #1373, #2969 ) ;
#948 = ADVANCED_FACE ( 'NONE', ( #1775 ), #4255, .T. ) ;
#949 = ORIENTED_EDGE ( 'NONE', *, *, #1711, .F. ) ;
#950 = DIRECTION ( 'NONE',  ( -0.000000000000000000, -0.000000000000000000, -1.000000000000000000 ) ) ;
#951 = CARTESIAN_POINT ( 'NONE',  ( -3.300000000000000266, 0.000000000000000000, 0.7999999999999999334 ) ) ;
#952 = DIRECTION ( 'NONE',  ( 0.6946583704594623265, 0.000000000000000000, 0.7193398003382022177 ) ) ;
#953 = EDGE_LOOP ( 'NONE', ( #3156, #730, #4395, #1690 ) ) ;
#954 = VERTEX_POINT ( 'NONE', #5676 ) ;
#955 = DIRECTION ( 'NONE',  ( 0.6946583704589998076, 0.000000000000000000, 0.7193398003386487494 ) ) ;
#956 = DIRECTION ( 'NONE',  ( -0.000000000000000000, -0.000000000000000000, -1.000000000000000000 ) ) ;
#957 = ORIENTED_EDGE ( 'NONE', *, *, #4051, .F. ) ;
#958 = DIRECTION ( 'NONE',  ( 0.6927727648615349398, 8.484019490241407606E-17, -0.7211559444850361711 ) ) ;
#959 = CARTESIAN_POINT ( 'NONE',  ( -2.250000000000519140, 0.000000000000000000, -2.698918212968115071 ) ) ;
#960 = AXIS2_PLACEMENT_3D ( 'NONE', #712, #5731, #5824 ) ;
#961 = ORIENTED_EDGE ( 'NONE', *, *, #2933, .F. ) ;
#962 = DIRECTION ( 'NONE',  ( -0.000000000000000000, -0.000000000000000000, -1.000000000000000000 ) ) ;
#963 = CONICAL_SURFACE ( 'NONE', #4738, 1.999999999999393818, 0.7653268769994305831 ) ;
#964 = EDGE_LOOP ( 'NONE', ( #3147, #328, #4954, #3761 ) ) ;
#965 = CARTESIAN_POINT ( 'NONE',  ( -2.350000000000011191, 0.000000000000000000, -2.698918212968115071 ) ) ;
#966 = DIRECTION ( 'NONE',  ( -0.000000000000000000, -0.000000000000000000, -1.000000000000000000 ) ) ;
#967 = CARTESIAN_POINT ( 'NONE',  ( -2.250000000000286882, 0.000000000000000000, 20.59999999999999432 ) ) ;
#968 = CARTESIAN_POINT ( 'NONE',  ( 0.000000000000000000, 0.000000000000000000, -2.698918212968115071 ) ) ;
#969 = EDGE_CURVE ( 'NONE', #421, #2940, #2556, .T. ) ;
#970 = VECTOR ( 'NONE', #6303, 1000.000000000000000 ) ;
#971 = ORIENTED_EDGE ( 'NONE', *, *, #5462, .F. ) ;
#972 = ORIENTED_EDGE ( 'NONE', *, *, #3670, .F. ) ;
#973 = CARTESIAN_POINT ( 'NONE',  ( 1.999999999999251932, 2.449293598293814508E-16, 20.21024260084479351 ) ) ;
#974 = DIRECTION ( 'NONE',  ( 0.000000000000000000, 0.000000000000000000, 1.000000000000000000 ) ) ;
#975 = VECTOR ( 'NONE', #2164, 1000.000000000000000 ) ;
#976 = CARTESIAN_POINT ( 'NONE',  ( 2.250000000000688338, 0.000000000000000000, 34.99999999999999289 ) ) ;
#977 = DIRECTION ( 'NONE',  ( -0.000000000000000000, -0.000000000000000000, -1.000000000000000000 ) ) ;
#978 = ORIENTED_EDGE ( 'NONE', *, *, #2044, .F. ) ;
#979 = ADVANCED_FACE ( 'NONE', ( #3136 ), #4225, .T. ) ;
#980 = AXIS2_PLACEMENT_3D ( 'NONE', #6080, #2156, #4155 ) ;
#981 = CARTESIAN_POINT ( 'NONE',  ( 1.999999999999309219, 2.449293598293860361E-16, -2.698918212968115071 ) ) ;
#982 = CARTESIAN_POINT ( 'NONE',  ( 0.000000000000000000, 0.000000000000000000, 26.74111742155101723 ) ) ;
#983 = EDGE_CURVE ( 'NONE', #2883, #2814, #4162, .T. ) ;
#984 = ORIENTED_EDGE ( 'NONE', *, *, #1683, .F. ) ;
#985 = CONICAL_SURFACE ( 'NONE', #5809, 1.999999999999277023, 0.7653268770002944477 ) ;
#986 = VERTEX_POINT ( 'NONE', #3797 ) ;
#987 = CARTESIAN_POINT ( 'NONE',  ( -2.250000000000466294, 0.000000000000000000, -2.698918212968115071 ) ) ;
#988 = DIRECTION ( 'NONE',  ( -0.000000000000000000, -0.000000000000000000, -1.000000000000000000 ) ) ;
#989 = EDGE_CURVE ( 'NONE', #3348, #506, #2249, .T. ) ;
#990 = AXIS2_PLACEMENT_3D ( 'NONE', #852, #3459, #3429 ) ;
#991 = VERTEX_POINT ( 'NONE', #692 ) ;
#992 = DIRECTION ( 'NONE',  ( -1.000000000000000000, 0.000000000000000000, 0.000000000000000000 ) ) ;
#993 = CONICAL_SURFACE ( 'NONE', #585, 2.250000000000632827, 0.7679448708775085120 ) ;
#994 = CIRCLE ( 'NONE', #1640, 1.899999999999993472 ) ;
#995 = ORIENTED_EDGE ( 'NONE', *, *, #2125, .T. ) ;
#996 = CARTESIAN_POINT ( 'NONE',  ( 0.000000000000000000, 0.000000000000000000, 8.523381939944311370 ) ) ;
#997 = ORIENTED_EDGE ( 'NONE', *, *, #35, .F. ) ;
#998 = EDGE_CURVE ( 'NONE', #4121, #3425, #4234, .T. ) ;
#999 = CARTESIAN_POINT ( 'NONE',  ( 1.999999999999389377, 2.449293598293958476E-16, -2.698918212968115071 ) ) ;
#1000 = AXIS2_PLACEMENT_3D ( 'NONE', #559, #4579, #3487 ) ;
#1001 = DIRECTION ( 'NONE',  ( -1.000000000000000000, 0.000000000000000000, 0.000000000000000000 ) ) ;
#1002 = CONICAL_SURFACE ( 'NONE', #4562, 2.265437129225214452, 0.7600908892435240816 ) ;
#1003 = CARTESIAN_POINT ( 'NONE',  ( 0.000000000000000000, 0.000000000000000000, -2.698918212968115071 ) ) ;
#1004 = CARTESIAN_POINT ( 'NONE',  ( 0.000000000000000000, 0.000000000000000000, 9.853271633436531118 ) ) ;
#1005 = ORIENTED_EDGE ( 'NONE', *, *, #1316, .F. ) ;
#1006 = ORIENTED_EDGE ( 'NONE', *, *, #2325, .F. ) ;
#1007 = CARTESIAN_POINT ( 'NONE',  ( 0.000000000000000000, 0.000000000000000000, 31.41024260084477504 ) ) ;
#1008 = ADVANCED_FACE ( 'NONE', ( #6268 ), #4747, .T. ) ;
#1009 = CARTESIAN_POINT ( 'NONE',  ( 1.999999999999297895, 2.449293598293847049E-16, -2.698918212968115071 ) ) ;
#1010 = CARTESIAN_POINT ( 'NONE',  ( 0.000000000000000000, 0.000000000000000000, 10.72338193994432132 ) ) ;
#1011 = LINE ( 'NONE', #5015, #880 ) ;
#1012 = AXIS2_PLACEMENT_3D ( 'NONE', #921, #2846, #5377 ) ;
#1013 = ORIENTED_EDGE ( 'NONE', *, *, #262, .T. ) ;
#1014 = FACE_OUTER_BOUND ( 'NONE', #2289, .T. ) ;
#1015 = CARTESIAN_POINT ( 'NONE',  ( 0.000000000000000000, 0.000000000000000000, 10.24999999999999112 ) ) ;
#1016 = CONICAL_SURFACE ( 'NONE', #4889, 2.250000000000616396, 0.7679448708781513311 ) ;
#1017 = AXIS2_PLACEMENT_3D ( 'NONE', #1505, #5541, #5567 ) ;
#1018 = AXIS2_PLACEMENT_3D ( 'NONE', #3101, #5449, #2648 ) ;
#1019 = ORIENTED_EDGE ( 'NONE', *, *, #325, .T. ) ;
#1020 = ORIENTED_EDGE ( 'NONE', *, *, #2513, .T. ) ;
#1021 = DIRECTION ( 'NONE',  ( -0.000000000000000000, -0.000000000000000000, -1.000000000000000000 ) ) ;
#1022 = DIRECTION ( 'NONE',  ( -0.000000000000000000, -0.000000000000000000, -1.000000000000000000 ) ) ;
#1023 = EDGE_LOOP ( 'NONE', ( #2626, #1817, #666, #2370 ) ) ;
#1024 = CARTESIAN_POINT ( 'NONE',  ( 1.899999999999990141, 2.326828918379959039E-16, 7.423381939944311725 ) ) ;
#1025 = AXIS2_PLACEMENT_3D ( 'NONE', #2684, #271, #1647 ) ;
#1026 = DIRECTION ( 'NONE',  ( -0.000000000000000000, -0.000000000000000000, -1.000000000000000000 ) ) ;
#1027 = CONICAL_SURFACE ( 'NONE', #5857, 2.150000000000002132, 0.2155481626212946700 ) ;
#1028 = ORIENTED_EDGE ( 'NONE', *, *, #3174, .T. ) ;
#1029 = AXIS2_PLACEMENT_3D ( 'NONE', #2808, #3943, #4285 ) ;
#1030 = AXIS2_PLACEMENT_3D ( 'NONE', #6160, #3085, #5147 ) ;
#1031 = CARTESIAN_POINT ( 'NONE',  ( 0.000000000000000000, 0.000000000000000000, 23.79999999999998650 ) ) ;
#1032 = ORIENTED_EDGE ( 'NONE', *, *, #4701, .F. ) ;
#1033 = LINE ( 'NONE', #6293, #4069 ) ;
#1034 = DIRECTION ( 'NONE',  ( -0.000000000000000000, -0.000000000000000000, -1.000000000000000000 ) ) ;
#1035 = CARTESIAN_POINT ( 'NONE',  ( 0.000000000000000000, 0.000000000000000000, 29.39999999999997371 ) ) ;
#1036 = CARTESIAN_POINT ( 'NONE',  ( 0.000000000000000000, 0.000000000000000000, 23.41024260084478925 ) ) ;
#1037 = ORIENTED_EDGE ( 'NONE', *, *, #3648, .T. ) ;
#1038 = VERTEX_POINT ( 'NONE', #272 ) ;
#1039 = VERTEX_POINT ( 'NONE', #3231 ) ;
#1040 = DIRECTION ( 'NONE',  ( -1.000000000000000000, 0.000000000000000000, 0.000000000000000000 ) ) ;
#1041 = DIRECTION ( 'NONE',  ( -0.000000000000000000, -0.000000000000000000, -1.000000000000000000 ) ) ;
#1042 = ADVANCED_FACE ( 'NONE', ( #3767 ), #5244, .T. ) ;
#1043 = LINE ( 'NONE', #110, #1443 ) ;
#1044 = EDGE_LOOP ( 'NONE', ( #2462, #5524, #2220, #1890 ) ) ;
#1045 = CYLINDRICAL_SURFACE ( 'NONE', #5637, 1.999999999999292344 ) ;
#1046 = DIRECTION ( 'NONE',  ( -0.000000000000000000, -0.000000000000000000, -1.000000000000000000 ) ) ;
#1047 = EDGE_CURVE ( 'NONE', #4365, #3676, #6032, .T. ) ;
#1048 = EDGE_LOOP ( 'NONE', ( #943, #6295, #6036, #6155 ) ) ;
#1049 = CARTESIAN_POINT ( 'NONE',  ( 0.000000000000000000, 0.000000000000000000, -2.698918212968115071 ) ) ;
#1050 = EDGE_CURVE ( 'NONE', #3643, #3271, #1270, .T. ) ;
#1051 = DIRECTION ( 'NONE',  ( 0.000000000000000000, 0.000000000000000000, 1.000000000000000000 ) ) ;
#1052 = ORIENTED_EDGE ( 'NONE', *, *, #2935, .T. ) ;
#1053 = CARTESIAN_POINT ( 'NONE',  ( 0.000000000000000000, 0.000000000000000000, 9.623381939944312791 ) ) ;
#1054 = DIRECTION ( 'NONE',  ( -0.000000000000000000, -0.000000000000000000, -1.000000000000000000 ) ) ;
#1055 = ADVANCED_FACE ( 'NONE', ( #5273 ), #3713, .T. ) ;
#1056 = ORIENTED_EDGE ( 'NONE', *, *, #3004, .T. ) ;
#1057 = EDGE_CURVE ( 'NONE', #2077, #2883, #2215, .T. ) ;
#1058 = EDGE_LOOP ( 'NONE', ( #2135, #6349, #4508, #6373 ) ) ;
#1059 = DIRECTION ( 'NONE',  ( -0.000000000000000000, -0.000000000000000000, -1.000000000000000000 ) ) ;
#1060 = EDGE_LOOP ( 'NONE', ( #6409, #2259, #6283, #5521 ) ) ;
#1061 = CARTESIAN_POINT ( 'NONE',  ( 2.250000000000297984, 0.000000000000000000, 23.79999999999998650 ) ) ;
#1062 = ADVANCED_FACE ( 'NONE', ( #4286 ), #6294, .T. ) ;
#1063 = CARTESIAN_POINT ( 'NONE',  ( 0.000000000000000000, 0.000000000000000000, -2.698918212968115071 ) ) ;
#1064 = VECTOR ( 'NONE', #3252, 1000.000000000000114 ) ;
#1065 = DIRECTION ( 'NONE',  ( -0.000000000000000000, -0.000000000000000000, -1.000000000000000000 ) ) ;
#1066 = DIRECTION ( 'NONE',  ( -0.000000000000000000, -0.000000000000000000, -1.000000000000000000 ) ) ;
#1067 = CIRCLE ( 'NONE', #3151, 2.250000000000349498 ) ;
#1068 = EDGE_LOOP ( 'NONE', ( #2801, #321, #4989, #5483 ) ) ;
#1069 = EDGE_LOOP ( 'NONE', ( #2265, #122, #5613, #6308 ) ) ;
#1070 = ADVANCED_FACE ( 'NONE', ( #5138 ), #5924, .T. ) ;
#1071 = EDGE_LOOP ( 'NONE', ( #6003, #5757, #5409, #2348 ) ) ;
#1072 = VECTOR ( 'NONE', #5529, 1000.000000000000000 ) ;
#1073 = CARTESIAN_POINT ( 'NONE',  ( -1.899999999999999467, 0.000000000000000000, -2.698918212968115071 ) ) ;
#1074 = DIRECTION ( 'NONE',  ( -1.000000000000000000, 0.000000000000000000, 0.000000000000000000 ) ) ;
#1075 = FACE_OUTER_BOUND ( 'NONE', #1895, .T. ) ;
#1076 = FACE_OUTER_BOUND ( 'NONE', #230, .T. ) ;
#1077 = LINE ( 'NONE', #3493, #3384 ) ;
#1078 = CIRCLE ( 'NONE', #6229, 2.250000000000278888 ) ;
#1079 = CARTESIAN_POINT ( 'NONE',  ( 0.000000000000000000, 0.000000000000000000, 32.21024260084477930 ) ) ;
#1080 = VERTEX_POINT ( 'NONE', #167 ) ;
#1081 = EDGE_LOOP ( 'NONE', ( #3097, #214, #3832, #3937 ) ) ;
#1082 = CARTESIAN_POINT ( 'NONE',  ( 0.000000000000000000, 0.000000000000000000, 21.39999999999998792 ) ) ;
#1083 = VECTOR ( 'NONE', #6048, 1000.000000000000227 ) ;
#1084 = CARTESIAN_POINT ( 'NONE',  ( 2.349999999999997424, 2.877919977996277362E-16, -2.698918212968115071 ) ) ;
#1085 = ORIENTED_EDGE ( 'NONE', *, *, #6158, .F. ) ;
#1086 = FACE_OUTER_BOUND ( 'NONE', #5289, .T. ) ;
#1087 = CIRCLE ( 'NONE', #5064, 2.150000000000001688 ) ;
#1088 = EDGE_CURVE ( 'NONE', #5474, #3996, #2160, .T. ) ;
#1089 = LINE ( 'NONE', #6094, #4219 ) ;
#1090 = EDGE_LOOP ( 'NONE', ( #5829, #1019, #6153, #1100 ) ) ;
#1091 = EDGE_LOOP ( 'NONE', ( #5221, #1122, #5861, #2531 ) ) ;
#1092 = DIRECTION ( 'NONE',  ( -1.000000000000000000, 0.000000000000000000, 0.000000000000000000 ) ) ;
#1093 = DIRECTION ( 'NONE',  ( 0.2562893731329899949, 3.138639604627978846E-17, -0.9666001020169089353 ) ) ;
#1094 = VECTOR ( 'NONE', #1399, 1000.000000000000000 ) ;
#1095 = DIRECTION ( 'NONE',  ( -0.000000000000000000, -0.000000000000000000, -1.000000000000000000 ) ) ;
#1096 = DIRECTION ( 'NONE',  ( -0.000000000000000000, -0.000000000000000000, -1.000000000000000000 ) ) ;
#1097 = ORIENTED_EDGE ( 'NONE', *, *, #2107, .F. ) ;
#1098 = CIRCLE ( 'NONE', #1000, 2.250000000000644373 ) ;
#1099 = CIRCLE ( 'NONE', #4023, 2.349999999999990319 ) ;
#1100 = ORIENTED_EDGE ( 'NONE', *, *, #1549, .F. ) ;
#1101 = ADVANCED_FACE ( 'NONE', ( #5707 ), #907, .T. ) ;
#1102 = CARTESIAN_POINT ( 'NONE',  ( 0.000000000000000000, 0.000000000000000000, 17.81024260084479494 ) ) ;
#1103 = DIRECTION ( 'NONE',  ( -1.000000000000000000, 0.000000000000000000, 0.000000000000000000 ) ) ;
#1104 = DIRECTION ( 'NONE',  ( -0.000000000000000000, -0.000000000000000000, -1.000000000000000000 ) ) ;
#1105 = EDGE_CURVE ( 'NONE', #6468, #6139, #393, .T. ) ;
#1106 = CIRCLE ( 'NONE', #5084, 2.250000000000301981 ) ;
#1107 = DIRECTION ( 'NONE',  ( -0.000000000000000000, -0.000000000000000000, -1.000000000000000000 ) ) ;
#1108 = DIRECTION ( 'NONE',  ( 1.000000000000000000, 0.000000000000000000, 0.000000000000000000 ) ) ;
#1109 = CIRCLE ( 'NONE', #2364, 1.999999999999343414 ) ;
#1110 = DIRECTION ( 'NONE',  ( 0.4648420457246142390, 5.692673234057564024E-17, -0.8853936257544186006 ) ) ;
#1111 = EDGE_CURVE ( 'NONE', #65, #5152, #6421, .T. ) ;
#1112 = ORIENTED_EDGE ( 'NONE', *, *, #4652, .F. ) ;
#1113 = EDGE_LOOP ( 'NONE', ( #3553, #650, #6028, #3486 ) ) ;
#1114 = DIRECTION ( 'NONE',  ( 1.000000000000000000, 0.000000000000000000, 0.000000000000000000 ) ) ;
#1115 = ORIENTED_EDGE ( 'NONE', *, *, #6394, .F. ) ;
#1116 = DIRECTION ( 'NONE',  ( -0.000000000000000000, -0.000000000000000000, -1.000000000000000000 ) ) ;
#1117 = AXIS2_PLACEMENT_3D ( 'NONE', #4990, #6018, #2079 ) ;
#1118 = AXIS2_PLACEMENT_3D ( 'NONE', #2547, #4585, #2515 ) ;
#1119 = AXIS2_PLACEMENT_3D ( 'NONE', #2580, #6206, #6181 ) ;
#1120 = CARTESIAN_POINT ( 'NONE',  ( 0.000000000000000000, 0.000000000000000000, 29.39999999999997371 ) ) ;
#1121 = ORIENTED_EDGE ( 'NONE', *, *, #2764, .T. ) ;
#1122 = ORIENTED_EDGE ( 'NONE', *, *, #2811, .T. ) ;
#1123 = AXIS2_PLACEMENT_3D ( 'NONE', #4648, #2623, #3666 ) ;
#1124 = CARTESIAN_POINT ( 'NONE',  ( 1.999999999999372946, 2.449293598293938261E-16, -2.698918212968115071 ) ) ;
#1125 = CARTESIAN_POINT ( 'NONE',  ( 0.000000000000000000, 0.000000000000000000, 31.14999999999997016 ) ) ;
#1126 = ADVANCED_FACE ( 'NONE', ( #2413 ), #4870, .T. ) ;
#1127 = DIRECTION ( 'NONE',  ( -0.000000000000000000, -0.000000000000000000, -1.000000000000000000 ) ) ;
#1128 = CIRCLE ( 'NONE', #919, 1.899999999999997913 ) ;
#1129 = DIRECTION ( 'NONE',  ( -0.000000000000000000, -0.000000000000000000, -1.000000000000000000 ) ) ;
#1130 = AXIS2_PLACEMENT_3D ( 'NONE', #3878, #4998, #519 ) ;
#1131 = LINE ( 'NONE', #1574, #3259 ) ;
#1132 = CIRCLE ( 'NONE', #1677, 1.999999999999343414 ) ;
#1133 = COLOUR_RGB ( '',0.7921568627450980005, 0.8196078431372548767, 0.9333333333333333481 ) ;
#1134 = VERTEX_POINT ( 'NONE', #2381 ) ;
#1135 = ADVANCED_FACE ( 'NONE', ( #6323 ), #993, .T. ) ;
#1136 = ORIENTED_EDGE ( 'NONE', *, *, #2911, .F. ) ;
#1137 = DIRECTION ( 'NONE',  ( -0.000000000000000000, -0.000000000000000000, -1.000000000000000000 ) ) ;
#1138 = FACE_OUTER_BOUND ( 'NONE', #3066, .T. ) ;
#1139 = LINE ( 'NONE', #4953, #4363 ) ;
#1140 = CARTESIAN_POINT ( 'NONE',  ( 0.000000000000000000, 0.000000000000000000, 33.94111742155135403 ) ) ;
#1141 = CYLINDRICAL_SURFACE ( 'NONE', #4480, 1.999999999999414468 ) ;
#1142 = DIRECTION ( 'NONE',  ( -1.000000000000000000, 0.000000000000000000, 0.000000000000000000 ) ) ;
#1143 = EDGE_LOOP ( 'NONE', ( #5123, #3698, #1782, #2015 ) ) ;
#1144 = EDGE_LOOP ( 'NONE', ( #2658, #5146, #2855, #1307 ) ) ;
#1145 = EDGE_CURVE ( 'NONE', #6240, #4486, #1833, .T. ) ;
#1146 = CARTESIAN_POINT ( 'NONE',  ( 2.250000000000613731, 0.000000000000000000, 21.39999999999998792 ) ) ;
#1147 = CARTESIAN_POINT ( 'NONE',  ( 0.000000000000000000, 0.000000000000000000, 10.24999999999999112 ) ) ;
#1148 = VERTEX_POINT ( 'NONE', #4878 ) ;
#1149 = DIRECTION ( 'NONE',  ( -0.000000000000000000, -0.000000000000000000, -1.000000000000000000 ) ) ;
#1150 = DIRECTION ( 'NONE',  ( 1.000000000000000000, 0.000000000000000000, 0.000000000000000000 ) ) ;
#1151 = ORIENTED_EDGE ( 'NONE', *, *, #5372, .T. ) ;
#1152 = ORIENTED_EDGE ( 'NONE', *, *, #3239, .F. ) ;
#1153 = EDGE_CURVE ( 'NONE', #4672, #879, #3082, .T. ) ;
#1154 = CARTESIAN_POINT ( 'NONE',  ( 0.000000000000000000, 0.000000000000000000, 25.81024260084478072 ) ) ;
#1155 = ORIENTED_EDGE ( 'NONE', *, *, #1489, .F. ) ;
#1156 = LINE ( 'NONE', #5126, #206 ) ;
#1157 = ADVANCED_FACE ( 'NONE', ( #2445 ), #3883, .T. ) ;
#1158 = DIRECTION ( 'NONE',  ( -1.000000000000000000, 0.000000000000000000, 0.000000000000000000 ) ) ;
#1159 = LINE ( 'NONE', #3154, #447 ) ;
#1160 = EDGE_CURVE ( 'NONE', #6361, #2781, #275, .T. ) ;
#1161 = EDGE_CURVE ( 'NONE', #3034, #5714, #2868, .T. ) ;
#1162 = VERTEX_POINT ( 'NONE', #458 ) ;
#1163 = EDGE_LOOP ( 'NONE', ( #4038, #4628, #5802, #4895 ) ) ;
#1164 = CARTESIAN_POINT ( 'NONE',  ( -2.250000000000630607, 2.755455298082316875E-16, 26.19999999999998153 ) ) ;
#1165 = AXIS2_PLACEMENT_3D ( 'NONE', #391, #2471, #4409 ) ;
#1166 = CYLINDRICAL_SURFACE ( 'NONE', #370, 1.999999999999314770 ) ;
#1167 = DIRECTION ( 'NONE',  ( -0.000000000000000000, -0.000000000000000000, -1.000000000000000000 ) ) ;
#1168 = EDGE_CURVE ( 'NONE', #1555, #1863, #334, .T. ) ;
#1169 = CARTESIAN_POINT ( 'NONE',  ( 0.000000000000000000, 0.000000000000000000, -2.698918212968115071 ) ) ;
#1170 = AXIS2_PLACEMENT_3D ( 'NONE', #1003, #5158, #6201 ) ;
#1171 = DIRECTION ( 'NONE',  ( -1.000000000000000000, 0.000000000000000000, 0.000000000000000000 ) ) ;
#1172 = ORIENTED_EDGE ( 'NONE', *, *, #1495, .F. ) ;
#1173 = LINE ( 'NONE', #598, #3593 ) ;
#1174 = EDGE_CURVE ( 'NONE', #1482, #2643, #3388, .T. ) ;
#1175 = ORIENTED_EDGE ( 'NONE', *, *, #4058, .T. ) ;
#1176 = EDGE_LOOP ( 'NONE', ( #2011, #1841, #5887, #3389 ) ) ;
#1177 = CARTESIAN_POINT ( 'NONE',  ( 0.000000000000000000, 0.000000000000000000, 6.323381939944311192 ) ) ;
#1178 = ADVANCED_FACE ( 'NONE', ( #5401 ), #5818, .T. ) ;
#1179 = CARTESIAN_POINT ( 'NONE',  ( -2.250000000000614619, 0.000000000000000000, -2.698918212968115071 ) ) ;
#1180 = EDGE_LOOP ( 'NONE', ( #3986, #4256, #4292, #935 ) ) ;
#1181 = CONICAL_SURFACE ( 'NONE', #462, 1.999999999999243716, 0.7653268769996912635 ) ;
#1182 = CARTESIAN_POINT ( 'NONE',  ( 0.000000000000000000, 0.000000000000000000, 29.81024260084477717 ) ) ;
#1183 = ADVANCED_FACE ( 'NONE', ( #1967 ), #886, .T. ) ;
#1184 = DIRECTION ( 'NONE',  ( -1.000000000000000000, 0.000000000000000000, 0.000000000000000000 ) ) ;
#1185 = VERTEX_POINT ( 'NONE', #819 ) ;
#1186 = AXIS2_PLACEMENT_3D ( 'NONE', #3799, #274, #3697 ) ;
#1187 = EDGE_LOOP ( 'NONE', ( #754, #1379, #2435, #77 ) ) ;
#1188 = LINE ( 'NONE', #6284, #2597 ) ;
#1189 = DIRECTION ( 'NONE',  ( -1.000000000000000000, 0.000000000000000000, 0.000000000000000000 ) ) ;
#1190 = CARTESIAN_POINT ( 'NONE',  ( 1.999999999999303446, 2.449293598293853458E-16, -2.698918212968115071 ) ) ;
#1191 = CONICAL_SURFACE ( 'NONE', #1939, 1.899999999999990141, 1.110029404268400022 ) ;
#1192 = EDGE_CURVE ( 'NONE', #6361, #145, #6338, .T. ) ;
#1193 = DIRECTION ( 'NONE',  ( -1.000000000000000000, 0.000000000000000000, 0.000000000000000000 ) ) ;
#1194 = AXIS2_PLACEMENT_3D ( 'NONE', #4232, #1812, #5251 ) ;
#1195 = EDGE_CURVE ( 'NONE', #549, #5544, #4137, .T. ) ;
#1196 = EDGE_LOOP ( 'NONE', ( #3089, #5677, #4820, #2 ) ) ;
#1197 = ORIENTED_EDGE ( 'NONE', *, *, #715, .T. ) ;
#1198 = CARTESIAN_POINT ( 'NONE',  ( -1.999999999999366063, 2.602374448188131759E-16, 29.94111742155101297 ) ) ;
#1199 = FACE_OUTER_BOUND ( 'NONE', #761, .T. ) ;
#1200 = DIRECTION ( 'NONE',  ( -1.000000000000000000, 0.000000000000000000, 0.000000000000000000 ) ) ;
#1201 = EDGE_CURVE ( 'NONE', #3845, #421, #3424, .T. ) ;
#1202 = AXIS2_PLACEMENT_3D ( 'NONE', #3954, #4383, #5938 ) ;
#1203 = AXIS2_PLACEMENT_3D ( 'NONE', #2204, #3815, #4211 ) ;
#1204 = DIRECTION ( 'NONE',  ( -0.000000000000000000, -0.000000000000000000, -1.000000000000000000 ) ) ;
#1205 = DIRECTION ( 'NONE',  ( -0.000000000000000000, -0.000000000000000000, -1.000000000000000000 ) ) ;
#1206 = ORIENTED_EDGE ( 'NONE', *, *, #3952, .T. ) ;
#1207 = ADVANCED_FACE ( 'NONE', ( #4912 ), #3287, .T. ) ;
#1208 = CONICAL_SURFACE ( 'NONE', #1431, 2.250000000000688338, 0.7679448708781513311 ) ;
#1209 = LINE ( 'NONE', #3201, #4972 ) ;
#1210 = FACE_OUTER_BOUND ( 'NONE', #834, .T. ) ;
#1211 = AXIS2_PLACEMENT_3D ( 'NONE', #2227, #4235, #4325 ) ;
#1212 = ORIENTED_EDGE ( 'NONE', *, *, #2520, .F. ) ;
#1213 = AXIS2_PLACEMENT_3D ( 'NONE', #330, #3351, #1329 ) ;
#1214 = ORIENTED_EDGE ( 'NONE', *, *, #2402, .F. ) ;
#1215 = DIRECTION ( 'NONE',  ( 1.000000000000000000, 0.000000000000000000, 0.000000000000000000 ) ) ;
#1216 = DIRECTION ( 'NONE',  ( -0.8957117602394225608, 0.000000000000000000, -0.4446351791849080248 ) ) ;
#1217 = EDGE_CURVE ( 'NONE', #6187, #2078, #1635, .T. ) ;
#1218 = ORIENTED_EDGE ( 'NONE', *, *, #141, .T. ) ;
#1219 = FACE_OUTER_BOUND ( 'NONE', #3719, .T. ) ;
#1220 = CARTESIAN_POINT ( 'NONE',  ( 0.000000000000000000, 0.000000000000000000, 29.39999999999997371 ) ) ;
#1221 = ORIENTED_EDGE ( 'NONE', *, *, #5026, .F. ) ;
#1222 = ORIENTED_EDGE ( 'NONE', *, *, #2841, .F. ) ;
#1223 = FACE_OUTER_BOUND ( 'NONE', #5734, .T. ) ;
#1224 = DIRECTION ( 'NONE',  ( -1.000000000000000000, 0.000000000000000000, 0.000000000000000000 ) ) ;
#1225 = CARTESIAN_POINT ( 'NONE',  ( 0.000000000000000000, 0.000000000000000000, 26.34999999999993747 ) ) ;
#1226 = CIRCLE ( 'NONE', #623, 1.999999999999326983 ) ;
#1227 = CIRCLE ( 'NONE', #2693, 2.250000000000285549 ) ;
#1228 = CARTESIAN_POINT ( 'NONE',  ( 0.000000000000000000, 0.000000000000000000, -2.698918212968115071 ) ) ;
#1229 = EDGE_CURVE ( 'NONE', #484, #4153, #3391, .T. ) ;
#1230 = VECTOR ( 'NONE', #563, 1000.000000000000114 ) ;
#1231 = ORIENTED_EDGE ( 'NONE', *, *, #5339, .F. ) ;
#1232 = EDGE_CURVE ( 'NONE', #42, #2962, #3298, .T. ) ;
#1233 = CIRCLE ( 'NONE', #4903, 1.999999999999362954 ) ;
#1234 = DIRECTION ( 'NONE',  ( -0.6946583704590093555, 8.507111498835422274E-17, 0.7193398003386394235 ) ) ;
#1235 = CONICAL_SURFACE ( 'NONE', #5750, 2.350000000000001865, 0.7496189137315600881 ) ;
#1236 = AXIS2_PLACEMENT_3D ( 'NONE', #4931, #479, #4434 ) ;
#1237 = DIRECTION ( 'NONE',  ( -0.000000000000000000, -0.000000000000000000, -1.000000000000000000 ) ) ;
#1238 = FACE_OUTER_BOUND ( 'NONE', #1187, .T. ) ;
#1239 = AXIS2_PLACEMENT_3D ( 'NONE', #860, #1919, #4331 ) ;
#1240 = VECTOR ( 'NONE', #5154, 999.9999999999998863 ) ;
#1241 = DIRECTION ( 'NONE',  ( -1.000000000000000000, 0.000000000000000000, 0.000000000000000000 ) ) ;
#1242 = DIRECTION ( 'NONE',  ( -1.000000000000000000, 0.000000000000000000, 0.000000000000000000 ) ) ;
#1243 = ORIENTED_EDGE ( 'NONE', *, *, #2514, .T. ) ;
#1244 = DIRECTION ( 'NONE',  ( -0.000000000000000000, -0.000000000000000000, -1.000000000000000000 ) ) ;
#1245 = DIRECTION ( 'NONE',  ( -0.000000000000000000, -0.000000000000000000, -1.000000000000000000 ) ) ;
#1246 = EDGE_CURVE ( 'NONE', #484, #3200, #5173, .T. ) ;
#1247 = EDGE_CURVE ( 'NONE', #879, #719, #4288, .T. ) ;
#1248 = ORIENTED_EDGE ( 'NONE', *, *, #5886, .T. ) ;
#1249 = ORIENTED_EDGE ( 'NONE', *, *, #1527, .F. ) ;
#1250 = DIRECTION ( 'NONE',  ( -1.000000000000000000, 0.000000000000000000, 0.000000000000000000 ) ) ;
#1251 = CARTESIAN_POINT ( 'NONE',  ( 2.250000000000357492, 2.755455298081982596E-16, 34.34999999999993747 ) ) ;
#1252 = EDGE_LOOP ( 'NONE', ( #187, #972, #5653, #3841 ) ) ;
#1253 = DIRECTION ( 'NONE',  ( 1.000000000000000000, 0.000000000000000000, 0.000000000000000000 ) ) ;
#1254 = EDGE_CURVE ( 'NONE', #2668, #6396, #1209, .T. ) ;
#1255 = CARTESIAN_POINT ( 'NONE',  ( 0.000000000000000000, 0.000000000000000000, 7.423381939944311725 ) ) ;
#1256 = ORIENTED_EDGE ( 'NONE', *, *, #5052, .T. ) ;
#1257 = EDGE_CURVE ( 'NONE', #879, #4672, #2561, .T. ) ;
#1258 = ORIENTED_EDGE ( 'NONE', *, *, #1628, .T. ) ;
#1259 = FACE_OUTER_BOUND ( 'NONE', #3435, .T. ) ;
#1260 = LINE ( 'NONE', #4367, #380 ) ;
#1261 = LINE ( 'NONE', #3784, #1064 ) ;
#1262 = CARTESIAN_POINT ( 'NONE',  ( -1.999999999999380718, 0.000000000000000000, -2.698918212968115071 ) ) ;
#1263 = ORIENTED_EDGE ( 'NONE', *, *, #1290, .F. ) ;
#1264 = EDGE_CURVE ( 'NONE', #877, #506, #1521, .T. ) ;
#1265 = DIRECTION ( 'NONE',  ( -0.000000000000000000, -0.000000000000000000, -1.000000000000000000 ) ) ;
#1266 = EDGE_CURVE ( 'NONE', #2426, #2890, #4242, .T. ) ;
#1267 = DIRECTION ( 'NONE',  ( -1.000000000000000000, 0.000000000000000000, 0.000000000000000000 ) ) ;
#1268 = DIRECTION ( 'NONE',  ( -0.000000000000000000, -0.000000000000000000, -1.000000000000000000 ) ) ;
#1269 = FACE_OUTER_BOUND ( 'NONE', #1163, .T. ) ;
#1270 = LINE ( 'NONE', #3199, #4132 ) ;
#1271 = ORIENTED_EDGE ( 'NONE', *, *, #1257, .T. ) ;
#1272 = AXIS2_PLACEMENT_3D ( 'NONE', #1395, #1903, #5999 ) ;
#1273 = CARTESIAN_POINT ( 'NONE',  ( 0.000000000000000000, 0.000000000000000000, 28.59999999999998010 ) ) ;
#1274 = ADVANCED_FACE ( 'NONE', ( #4349 ), #6358, .T. ) ;
#1275 = EDGE_LOOP ( 'NONE', ( #4110, #2175, #5788, #5431 ) ) ;
#1276 = AXIS2_PLACEMENT_3D ( 'NONE', #4244, #3254, #2763 ) ;
#1277 = VERTEX_POINT ( 'NONE', #973 ) ;
#1278 = CARTESIAN_POINT ( 'NONE',  ( 0.000000000000000000, 0.000000000000000000, 19.14999999999999503 ) ) ;
#1279 = LINE ( 'NONE', #6218, #3722 ) ;
#1280 = ORIENTED_EDGE ( 'NONE', *, *, #1247, .F. ) ;
#1281 = CARTESIAN_POINT ( 'NONE',  ( -3.300000000000000266, 0.000000000000000000, -5.421010862427522170E-17 ) ) ;
#1282 = CARTESIAN_POINT ( 'NONE',  ( 2.250000000000630607, 0.000000000000000000, 26.19999999999998153 ) ) ;
#1283 = DIRECTION ( 'NONE',  ( -0.000000000000000000, -0.000000000000000000, -1.000000000000000000 ) ) ;
#1284 = VERTEX_POINT ( 'NONE', #4914 ) ;
#1285 = EDGE_CURVE ( 'NONE', #5761, #4753, #4446, .T. ) ;
#1286 = VERTEX_POINT ( 'NONE', #460 ) ;
#1287 = DIRECTION ( 'NONE',  ( -0.000000000000000000, -0.000000000000000000, -1.000000000000000000 ) ) ;
#1288 = CARTESIAN_POINT ( 'NONE',  ( -2.250000000000297984, 2.755455298081909133E-16, 23.79999999999998650 ) ) ;
#1289 = CARTESIAN_POINT ( 'NONE',  ( 0.000000000000000000, 0.000000000000000000, 4.099999999999999645 ) ) ;
#1290 = EDGE_CURVE ( 'NONE', #1485, #3029, #2447, .T. ) ;
#1291 = DIRECTION ( 'NONE',  ( -0.000000000000000000, -0.000000000000000000, -1.000000000000000000 ) ) ;
#1292 = ORIENTED_EDGE ( 'NONE', *, *, #1369, .T. ) ;
#1293 = VECTOR ( 'NONE', #6430, 1000.000000000000000 ) ;
#1294 = EDGE_CURVE ( 'NONE', #1958, #566, #3862, .T. ) ;
#1295 = DIRECTION ( 'NONE',  ( 1.000000000000000000, 0.000000000000000000, 0.000000000000000000 ) ) ;
#1296 = CYLINDRICAL_SURFACE ( 'NONE', #1805, 1.899999999999999467 ) ;
#1297 = LINE ( 'NONE', #302, #3214 ) ;
#1298 = AXIS2_PLACEMENT_3D ( 'NONE', #5038, #3556, #1542 ) ;
#1299 = DIRECTION ( 'NONE',  ( -0.000000000000000000, -0.000000000000000000, -1.000000000000000000 ) ) ;
#1300 = DIRECTION ( 'NONE',  ( 1.000000000000000000, 0.000000000000000000, 0.000000000000000000 ) ) ;
#1301 = ORIENTED_EDGE ( 'NONE', *, *, #226, .T. ) ;
#1302 = CARTESIAN_POINT ( 'NONE',  ( 0.000000000000000000, 0.000000000000000000, 19.41024260084479280 ) ) ;
#1303 = LINE ( 'NONE', #336, #4851 ) ;
#1304 = AXIS2_PLACEMENT_3D ( 'NONE', #1302, #308, #2286 ) ;
#1305 = CONICAL_SURFACE ( 'NONE', #5931, 2.250000000000297984, 0.7679448708775029608 ) ;
#1306 = ORIENTED_EDGE ( 'NONE', *, *, #620, .T. ) ;
#1307 = ORIENTED_EDGE ( 'NONE', *, *, #2822, .F. ) ;
#1308 = FACE_OUTER_BOUND ( 'NONE', #2062, .T. ) ;
#1309 = FACE_OUTER_BOUND ( 'NONE', #1699, .T. ) ;
#1310 = AXIS2_PLACEMENT_3D ( 'NONE', #1799, #5162, #1295 ) ;
#1311 = AXIS2_PLACEMENT_3D ( 'NONE', #5345, #977, #1975 ) ;
#1312 = ORIENTED_EDGE ( 'NONE', *, *, #2025, .T. ) ;
#1313 = DIRECTION ( 'NONE',  ( 0.000000000000000000, 0.000000000000000000, -1.000000000000000000 ) ) ;
#1314 = AXIS2_PLACEMENT_3D ( 'NONE', #2729, #1787, #3776 ) ;
#1315 = DIRECTION ( 'NONE',  ( 1.000000000000000000, 0.000000000000000000, 0.000000000000000000 ) ) ;
#1316 = EDGE_CURVE ( 'NONE', #6461, #5914, #3886, .T. ) ;
#1317 = CARTESIAN_POINT ( 'NONE',  ( 0.000000000000000000, 0.000000000000000000, 27.79999999999997584 ) ) ;
#1318 = AXIS2_PLACEMENT_3D ( 'NONE', #2860, #6448, #5434 ) ;
#1319 = EDGE_LOOP ( 'NONE', ( #5427, #6159, #4966, #1222 ) ) ;
#1320 = ORIENTED_EDGE ( 'NONE', *, *, #2095, .T. ) ;
#1321 = CARTESIAN_POINT ( 'NONE',  ( 2.250000000000638600, 0.000000000000000000, 28.59999999999998010 ) ) ;
#1322 = LINE ( 'NONE', #1288, #5718 ) ;
#1323 = DIRECTION ( 'NONE',  ( -1.000000000000000000, 0.000000000000000000, 0.000000000000000000 ) ) ;
#1324 = ORIENTED_EDGE ( 'NONE', *, *, #4025, .T. ) ;
#1325 = EDGE_CURVE ( 'NONE', #3845, #663, #792, .T. ) ;
#1326 = DIRECTION ( 'NONE',  ( -1.000000000000000000, 0.000000000000000000, 0.000000000000000000 ) ) ;
#1327 = ORIENTED_EDGE ( 'NONE', *, *, #3084, .T. ) ;
#1328 = CIRCLE ( 'NONE', #4789, 1.600000000000002087 ) ;
#1329 = DIRECTION ( 'NONE',  ( -1.000000000000000000, 0.000000000000000000, 0.000000000000000000 ) ) ;
#1330 = CIRCLE ( 'NONE', #3104, 2.265437129225214008 ) ;
#1331 = DIRECTION ( 'NONE',  ( -1.000000000000000000, 0.000000000000000000, 0.000000000000000000 ) ) ;
#1332 = AXIS2_PLACEMENT_3D ( 'NONE', #3428, #5444, #5313 ) ;
#1333 = VECTOR ( 'NONE', #6081, 1000.000000000000000 ) ;
#1334 = CARTESIAN_POINT ( 'NONE',  ( 0.000000000000000000, 0.000000000000000000, -2.698918212968115071 ) ) ;
#1335 = EDGE_CURVE ( 'NONE', #1277, #1039, #3611, .T. ) ;
#1336 = CARTESIAN_POINT ( 'NONE',  ( 0.000000000000000000, 0.000000000000000000, 24.34111742155135971 ) ) ;
#1337 = AXIS2_PLACEMENT_3D ( 'NONE', #892, #3024, #3902 ) ;
#1338 = ORIENTED_EDGE ( 'NONE', *, *, #1704, .T. ) ;
#1339 = CARTESIAN_POINT ( 'NONE',  ( 0.000000000000000000, 0.000000000000000000, 24.21024260084478286 ) ) ;
#1340 = CIRCLE ( 'NONE', #1981, 2.250000000000285549 ) ;
#1341 = AXIS2_PLACEMENT_3D ( 'NONE', #6123, #1593, #3645 ) ;
#1342 = ORIENTED_EDGE ( 'NONE', *, *, #1781, .F. ) ;
#1343 = CARTESIAN_POINT ( 'NONE',  ( 0.000000000000000000, 0.000000000000000000, 30.99999999999997158 ) ) ;
#1344 = CARTESIAN_POINT ( 'NONE',  ( 0.000000000000000000, 0.000000000000000000, 18.74111742155136540 ) ) ;
#1345 = ORIENTED_EDGE ( 'NONE', *, *, #4534, .F. ) ;
#1346 = DIRECTION ( 'NONE',  ( -0.000000000000000000, -0.000000000000000000, -1.000000000000000000 ) ) ;
#1347 = DIRECTION ( 'NONE',  ( -1.000000000000000000, 0.000000000000000000, 0.000000000000000000 ) ) ;
#1348 = CARTESIAN_POINT ( 'NONE',  ( -1.999999999999226841, 0.000000000000000000, 17.81024260084479494 ) ) ;
#1349 = ADVANCED_FACE ( 'NONE', ( #5012 ), #5080, .T. ) ;
#1350 = EDGE_LOOP ( 'NONE', ( #4175, #2677, #3050, #4259 ) ) ;
#1351 = ORIENTED_EDGE ( 'NONE', *, *, #5666, .F. ) ;
#1352 = CARTESIAN_POINT ( 'NONE',  ( -2.250000000000613731, 2.755455298082296661E-16, 21.39999999999998792 ) ) ;
#1353 = LINE ( 'NONE', #1421, #1522 ) ;
#1354 = EDGE_CURVE ( 'NONE', #5198, #5966, #3038, .T. ) ;
#1355 = EDGE_LOOP ( 'NONE', ( #1037, #2201, #4879, #3442 ) ) ;
#1356 = DIRECTION ( 'NONE',  ( -0.000000000000000000, -0.000000000000000000, -1.000000000000000000 ) ) ;
#1357 = EDGE_CURVE ( 'NONE', #3771, #175, #6150, .T. ) ;
#1358 = EDGE_CURVE ( 'NONE', #3382, #5836, #1642, .T. ) ;
#1359 = ORIENTED_EDGE ( 'NONE', *, *, #1840, .F. ) ;
#1360 = DIRECTION ( 'NONE',  ( -0.000000000000000000, -0.000000000000000000, -1.000000000000000000 ) ) ;
#1361 = ORIENTED_EDGE ( 'NONE', *, *, #367, .T. ) ;
#1362 = EDGE_CURVE ( 'NONE', #2406, #21, #5504, .T. ) ;
#1363 = CARTESIAN_POINT ( 'NONE',  ( 0.000000000000000000, 0.000000000000000000, 30.61024260084477078 ) ) ;
#1364 = ADVANCED_FACE ( 'NONE', ( #1502 ), #1416, .T. ) ;
#1365 = CARTESIAN_POINT ( 'NONE',  ( 2.349999999999993872, 2.877919977996283279E-16, 8.050000000000000711 ) ) ;
#1366 = DIRECTION ( 'NONE',  ( -1.000000000000000000, 0.000000000000000000, 0.000000000000000000 ) ) ;
#1367 = CARTESIAN_POINT ( 'NONE',  ( 0.1499999999999726275, 0.000000000000000000, 7.700000000000000178 ) ) ;
#1368 = ORIENTED_EDGE ( 'NONE', *, *, #885, .F. ) ;
#1369 = EDGE_CURVE ( 'NONE', #2643, #3454, #133, .T. ) ;
#1370 = CARTESIAN_POINT ( 'NONE',  ( 0.000000000000000000, 0.000000000000000000, -2.698918212968115071 ) ) ;
#1371 = ORIENTED_EDGE ( 'NONE', *, *, #2412, .T. ) ;
#1372 = CARTESIAN_POINT ( 'NONE',  ( 1.999999999999292344, 2.449293598293839653E-16, -2.698918212968115071 ) ) ;
#1373 = CARTESIAN_POINT ( 'NONE',  ( -1.900000000000001465, 0.000000000000000000, -2.698918212968115071 ) ) ;
#1374 = ORIENTED_EDGE ( 'NONE', *, *, #5021, .F. ) ;
#1375 = LINE ( 'NONE', #981, #3109 ) ;
#1376 = AXIS2_PLACEMENT_3D ( 'NONE', #5791, #6286, #6310 ) ;
#1377 = FACE_OUTER_BOUND ( 'NONE', #5511, .T. ) ;
#1378 = CARTESIAN_POINT ( 'NONE',  ( 3.300000000000000266, 4.041334437186266003E-16, 0.7999999999999999334 ) ) ;
#1379 = ORIENTED_EDGE ( 'NONE', *, *, #844, .F. ) ;
#1380 = ADVANCED_FACE ( 'NONE', ( #6107 ), #1608, .T. ) ;
#1381 = ORIENTED_EDGE ( 'NONE', *, *, #6394, .T. ) ;
#1382 = DIRECTION ( 'NONE',  ( 0.6927727648614883105, 8.484019490240835682E-17, -0.7211559444850809131 ) ) ;
#1383 = CARTESIAN_POINT ( 'NONE',  ( 0.000000000000000000, 0.000000000000000000, 24.21024260084478286 ) ) ;
#1384 = ADVANCED_FACE ( 'NONE', ( #589 ), #5930, .T. ) ;
#1385 = VERTEX_POINT ( 'NONE', #4123 ) ;
#1386 = CONICAL_SURFACE ( 'NONE', #5573, 2.250000000000641265, 0.7679448708775218346 ) ;
#1387 = DIRECTION ( 'NONE',  ( -0.000000000000000000, -0.000000000000000000, -1.000000000000000000 ) ) ;
#1388 = DIRECTION ( 'NONE',  ( -1.000000000000000000, 0.000000000000000000, 0.000000000000000000 ) ) ;
#1389 = ORIENTED_EDGE ( 'NONE', *, *, #6289, .T. ) ;
#1390 = LINE ( 'NONE', #22, #515 ) ;
#1391 = ORIENTED_EDGE ( 'NONE', *, *, #3324, .F. ) ;
#1392 = EDGE_CURVE ( 'NONE', #6175, #4228, #3922, .T. ) ;
#1393 = CIRCLE ( 'NONE', #4529, 2.250000000000357492 ) ;
#1394 = LINE ( 'NONE', #5969, #6350 ) ;
#1395 = CARTESIAN_POINT ( 'NONE',  ( 0.000000000000000000, 0.000000000000000000, 19.54111742155136611 ) ) ;
#1396 = DIRECTION ( 'NONE',  ( -0.000000000000000000, -0.000000000000000000, -1.000000000000000000 ) ) ;
#1397 = EDGE_CURVE ( 'NONE', #379, #2108, #2978, .T. ) ;
#1398 = AXIS2_PLACEMENT_3D ( 'NONE', #4258, #4718, #365 ) ;
#1399 = DIRECTION ( 'NONE',  ( -0.6946583704589998076, 8.507111498835303945E-17, 0.7193398003386487494 ) ) ;
#1400 = ORIENTED_EDGE ( 'NONE', *, *, #1325, .F. ) ;
#1401 = CARTESIAN_POINT ( 'NONE',  ( 0.000000000000000000, 0.000000000000000000, 7.423381939944311725 ) ) ;
#1402 = EDGE_CURVE ( 'NONE', #1080, #5686, #1541, .T. ) ;
#1403 = LINE ( 'NONE', #3390, #6137 ) ;
#1404 = TOROIDAL_SURFACE ( 'NONE', #3284, -0.1499999999999726275, 10.40000000000000036 ) ;
#1405 = ADVANCED_FACE ( 'NONE', ( #3099 ), #5037, .T. ) ;
#1406 = ORIENTED_EDGE ( 'NONE', *, *, #3559, .T. ) ;
#1407 = CARTESIAN_POINT ( 'NONE',  ( 0.000000000000000000, 0.000000000000000000, 26.99999999999998224 ) ) ;
#1408 = EDGE_CURVE ( 'NONE', #1863, #529, #1098, .T. ) ;
#1409 = CARTESIAN_POINT ( 'NONE',  ( -2.327585631254335485, 0.000000000000000000, 6.111126589273411014 ) ) ;
#1410 = ORIENTED_EDGE ( 'NONE', *, *, #3473, .T. ) ;
#1411 = VECTOR ( 'NONE', #3860, 1000.000000000000000 ) ;
#1412 = CARTESIAN_POINT ( 'NONE',  ( 0.000000000000000000, 0.000000000000000000, 9.400000000000000355 ) ) ;
#1413 = LINE ( 'NONE', #2037, #3587 ) ;
#1414 = DIRECTION ( 'NONE',  ( -1.000000000000000000, -1.224646799147353454E-16, 0.000000000000000000 ) ) ;
#1415 = ORIENTED_EDGE ( 'NONE', *, *, #6327, .F. ) ;
#1416 = CONICAL_SURFACE ( 'NONE', #2247, 1.999999999999226841, 0.7653268769997136900 ) ;
#1417 = EDGE_LOOP ( 'NONE', ( #1231, #3098, #1406, #3036 ) ) ;
#1418 = CIRCLE ( 'NONE', #4876, 1.999999999999366063 ) ;
#1419 = DIRECTION ( 'NONE',  ( -0.000000000000000000, -0.000000000000000000, -1.000000000000000000 ) ) ;
#1420 = EDGE_CURVE ( 'NONE', #2077, #215, #4770, .T. ) ;
#1421 = CARTESIAN_POINT ( 'NONE',  ( -2.150000000000134026, 2.632990618166973417E-16, 35.69644696862068400 ) ) ;
#1422 = ORIENTED_EDGE ( 'NONE', *, *, #3495, .T. ) ;
#1423 = DIRECTION ( 'NONE',  ( -1.000000000000000000, 0.000000000000000000, 0.000000000000000000 ) ) ;
#1424 = EDGE_CURVE ( 'NONE', #183, #3676, #2099, .T. ) ;
#1425 = VECTOR ( 'NONE', #3005, 1000.000000000000000 ) ;
#1426 = DIRECTION ( 'NONE',  ( -0.6946583704590054698, 8.507111498835374203E-17, 0.7193398003386431983 ) ) ;
#1427 = AXIS2_PLACEMENT_3D ( 'NONE', #317, #3272, #1253 ) ;
#1428 = EDGE_LOOP ( 'NONE', ( #1006, #2045, #5700, #5036 ) ) ;
#1429 = LINE ( 'NONE', #4935, #818 ) ;
#1430 = ORIENTED_EDGE ( 'NONE', *, *, #3044, .F. ) ;
#1431 = AXIS2_PLACEMENT_3D ( 'NONE', #6261, #2242, #4675 ) ;
#1432 = CARTESIAN_POINT ( 'NONE',  ( 0.000000000000000000, 0.000000000000000000, 8.050000000000000711 ) ) ;
#1433 = DIRECTION ( 'NONE',  ( -0.000000000000000000, -0.000000000000000000, -1.000000000000000000 ) ) ;
#1434 = CARTESIAN_POINT ( 'NONE',  ( 0.000000000000000000, 0.000000000000000000, 17.24663796789311476 ) ) ;
#1435 = DIRECTION ( 'NONE',  ( 0.6927727648614130374, 8.484019490239914934E-17, -0.7211559444851532996 ) ) ;
#1436 = ADVANCED_FACE ( 'NONE', ( #66 ), #893, .T. ) ;
#1437 = DIRECTION ( 'NONE',  ( -1.000000000000000000, 0.000000000000000000, 0.000000000000000000 ) ) ;
#1438 = ORIENTED_EDGE ( 'NONE', *, *, #2642, .T. ) ;
#1439 = VECTOR ( 'NONE', #3872, 1000.000000000000000 ) ;
#1440 = CONICAL_SURFACE ( 'NONE', #5633, 2.250000000000663469, 0.7679448708781647648 ) ;
#1441 = CARTESIAN_POINT ( 'NONE',  ( 2.250000000000331291, 2.755455298081950055E-16, 31.79999999999997939 ) ) ;
#1442 = VECTOR ( 'NONE', #2454, 1000.000000000000000 ) ;
#1443 = VECTOR ( 'NONE', #2069, 1000.000000000000000 ) ;
#1444 = VECTOR ( 'NONE', #525, 1000.000000000000114 ) ;
#1445 = CARTESIAN_POINT ( 'NONE',  ( 0.000000000000000000, 0.000000000000000000, 33.81024260084478072 ) ) ;
#1446 = CARTESIAN_POINT ( 'NONE',  ( 0.000000000000000000, 0.000000000000000000, 17.81024260084479494 ) ) ;
#1447 = EDGE_CURVE ( 'NONE', #3146, #3447, #5238, .T. ) ;
#1448 = ORIENTED_EDGE ( 'NONE', *, *, #5239, .F. ) ;
#1449 = CARTESIAN_POINT ( 'NONE',  ( 2.250000000000283773, 0.000000000000000000, 19.79999999999999005 ) ) ;
#1450 = AXIS2_PLACEMENT_3D ( 'NONE', #642, #5259, #4210 ) ;
#1451 = DIRECTION ( 'NONE',  ( 0.000000000000000000, 0.000000000000000000, -1.000000000000000000 ) ) ;
#1452 = EDGE_CURVE ( 'NONE', #693, #2018, #1680, .T. ) ;
#1453 = VECTOR ( 'NONE', #5665, 1000.000000000000000 ) ;
#1454 = CIRCLE ( 'NONE', #2084, 1.999999999999335643 ) ;
#1455 = DIRECTION ( 'NONE',  ( -1.000000000000000000, 0.000000000000000000, 0.000000000000000000 ) ) ;
#1456 = ORIENTED_EDGE ( 'NONE', *, *, #4186, .T. ) ;
#1457 = VERTEX_POINT ( 'NONE', #5736 ) ;
#1458 = DIRECTION ( 'NONE',  ( -0.000000000000000000, -0.000000000000000000, -1.000000000000000000 ) ) ;
#1459 = CARTESIAN_POINT ( 'NONE',  ( -2.150000000000001688, 0.000000000000000000, -2.698918212968115071 ) ) ;
#1460 = VECTOR ( 'NONE', #2390, 1000.000000000000000 ) ;
#1461 = ORIENTED_EDGE ( 'NONE', *, *, #227, .F. ) ;
#1462 = LINE ( 'NONE', #5455, #3118 ) ;
#1463 = EDGE_CURVE ( 'NONE', #2643, #4693, #2771, .T. ) ;
#1464 = CARTESIAN_POINT ( 'NONE',  ( 0.000000000000000000, 0.000000000000000000, 21.81024260084479138 ) ) ;
#1465 = ORIENTED_EDGE ( 'NONE', *, *, #3718, .T. ) ;
#1466 = DIRECTION ( 'NONE',  ( -1.000000000000000000, 0.000000000000000000, 0.000000000000000000 ) ) ;
#1467 = ORIENTED_EDGE ( 'NONE', *, *, #11, .F. ) ;
#1468 = CARTESIAN_POINT ( 'NONE',  ( 0.000000000000000000, 0.000000000000000000, 25.39999999999998437 ) ) ;
#1469 = DIRECTION ( 'NONE',  ( -1.000000000000000000, 0.000000000000000000, 0.000000000000000000 ) ) ;
#1470 = DIRECTION ( 'NONE',  ( -1.000000000000000000, 0.000000000000000000, 0.000000000000000000 ) ) ;
#1471 = DIRECTION ( 'NONE',  ( -0.000000000000000000, -0.000000000000000000, -1.000000000000000000 ) ) ;
#1472 = EDGE_LOOP ( 'NONE', ( #1666, #1517, #862, #31 ) ) ;
#1473 = EDGE_CURVE ( 'NONE', #5458, #693, #4875, .T. ) ;
#1474 = EDGE_LOOP ( 'NONE', ( #526, #5925, #6314, #4272 ) ) ;
#1475 = DIRECTION ( 'NONE',  ( -0.000000000000000000, -0.000000000000000000, -1.000000000000000000 ) ) ;
#1476 = DIRECTION ( 'NONE',  ( -1.000000000000000000, 0.000000000000000000, 0.000000000000000000 ) ) ;
#1477 = DIRECTION ( 'NONE',  ( -1.000000000000000000, 0.000000000000000000, 0.000000000000000000 ) ) ;
#1478 = ORIENTED_EDGE ( 'NONE', *, *, #2997, .F. ) ;
#1479 = CARTESIAN_POINT ( 'NONE',  ( 0.000000000000000000, 0.000000000000000000, 20.21024260084479351 ) ) ;
#1480 = DIRECTION ( 'NONE',  ( -1.000000000000000000, 0.000000000000000000, 0.000000000000000000 ) ) ;
#1481 = EDGE_LOOP ( 'NONE', ( #3332, #5027, #5177, #3673 ) ) ;
#1482 = VERTEX_POINT ( 'NONE', #2803 ) ;
#1483 = DIRECTION ( 'NONE',  ( -0.000000000000000000, -0.000000000000000000, -1.000000000000000000 ) ) ;
#1484 = FACE_OUTER_BOUND ( 'NONE', #808, .T. ) ;
#1485 = VERTEX_POINT ( 'NONE', #5201 ) ;
#1486 = CARTESIAN_POINT ( 'NONE',  ( -1.899999999999993916, 0.000000000000000000, 8.523381939944311370 ) ) ;
#1487 = AXIS2_PLACEMENT_3D ( 'NONE', #3948, #424, #2441 ) ;
#1488 = CARTESIAN_POINT ( 'NONE',  ( 2.150000000000134026, 2.632990618166973417E-16, -2.698918212968115071 ) ) ;
#1489 = EDGE_CURVE ( 'NONE', #5245, #7, #4741, .T. ) ;
#1490 = ORIENTED_EDGE ( 'NONE', *, *, #2217, .T. ) ;
#1491 = AXIS2_PLACEMENT_3D ( 'NONE', #1228, #774, #1193 ) ;
#1492 = ORIENTED_EDGE ( 'NONE', *, *, #1853, .F. ) ;
#1493 = EDGE_CURVE ( 'NONE', #549, #2389, #1707, .T. ) ;
#1494 = FACE_OUTER_BOUND ( 'NONE', #3067, .T. ) ;
#1495 = EDGE_CURVE ( 'NONE', #3625, #1823, #2715, .T. ) ;
#1496 = DIRECTION ( 'NONE',  ( -1.000000000000000000, 0.000000000000000000, 0.000000000000000000 ) ) ;
#1497 = LINE ( 'NONE', #3583, #760 ) ;
#1498 = CARTESIAN_POINT ( 'NONE',  ( 0.000000000000000000, 0.000000000000000000, -2.698918212968115071 ) ) ;
#1499 = AXIS2_PLACEMENT_3D ( 'NONE', #5286, #5785, #6335 ) ;
#1500 = ORIENTED_EDGE ( 'NONE', *, *, #4190, .T. ) ;
#1501 = ORIENTED_EDGE ( 'NONE', *, *, #5985, .F. ) ;
#1502 = FACE_OUTER_BOUND ( 'NONE', #3237, .T. ) ;
#1503 = CARTESIAN_POINT ( 'NONE',  ( 2.250000000000527134, 2.755455298082190658E-16, -2.698918212968115071 ) ) ;
#1504 = VECTOR ( 'NONE', #5212, 1000.000000000000000 ) ;
#1505 = CARTESIAN_POINT ( 'NONE',  ( 0.000000000000000000, 0.000000000000000000, 34.19999999999998153 ) ) ;
#1506 = DIRECTION ( 'NONE',  ( -1.000000000000000000, 0.000000000000000000, 0.000000000000000000 ) ) ;
#1507 = ORIENTED_EDGE ( 'NONE', *, *, #296, .F. ) ;
#1508 = AXIS2_PLACEMENT_3D ( 'NONE', #590, #5107, #2617 ) ;
#1509 = CARTESIAN_POINT ( 'NONE',  ( 0.000000000000000000, 0.000000000000000000, 28.34111742155101510 ) ) ;
#1510 = CARTESIAN_POINT ( 'NONE',  ( -2.265437129225214008, 0.000000000000000000, -2.698918212968115071 ) ) ;
#1511 = VECTOR ( 'NONE', #1720, 1000.000000000000000 ) ;
#1512 = ORIENTED_EDGE ( 'NONE', *, *, #6408, .T. ) ;
#1513 = ORIENTED_EDGE ( 'NONE', *, *, #1653, .F. ) ;
#1514 = DIRECTION ( 'NONE',  ( -1.000000000000000000, 0.000000000000000000, 0.000000000000000000 ) ) ;
#1515 = CARTESIAN_POINT ( 'NONE',  ( 2.250000000000316192, 2.755455298081931320E-16, 30.34999999999997300 ) ) ;
#1516 = AXIS2_PLACEMENT_3D ( 'NONE', #3731, #2742, #6186 ) ;
#1517 = ORIENTED_EDGE ( 'NONE', *, *, #5666, .T. ) ;
#1518 = EDGE_CURVE ( 'NONE', #1080, #4763, #5398, .T. ) ;
#1519 = LINE ( 'NONE', #3378, #6069 ) ;
#1520 = DIRECTION ( 'NONE',  ( -0.000000000000000000, -0.000000000000000000, -1.000000000000000000 ) ) ;
#1521 = CIRCLE ( 'NONE', #6442, 2.250000000000310418 ) ;
#1522 = VECTOR ( 'NONE', #2429, 1000.000000000000000 ) ;
#1523 = ORIENTED_EDGE ( 'NONE', *, *, #1585, .F. ) ;
#1524 = VERTEX_POINT ( 'NONE', #2768 ) ;
#1525 = EDGE_CURVE ( 'NONE', #570, #4287, #3227, .T. ) ;
#1526 = DIRECTION ( 'NONE',  ( -0.000000000000000000, -0.000000000000000000, -1.000000000000000000 ) ) ;
#1527 = EDGE_CURVE ( 'NONE', #4384, #6461, #486, .T. ) ;
#1528 = CONICAL_SURFACE ( 'NONE', #1310, 2.250000000000295319, 0.7679448708775163945 ) ;
#1529 = AXIS2_PLACEMENT_3D ( 'NONE', #5049, #5615, #2137 ) ;
#1530 = CARTESIAN_POINT ( 'NONE',  ( 1.999999999999398037, 2.449293598293969322E-16, -2.698918212968115071 ) ) ;
#1531 = AXIS2_PLACEMENT_3D ( 'NONE', #1848, #5720, #3244 ) ;
#1532 = DIRECTION ( 'NONE',  ( -0.000000000000000000, -0.000000000000000000, -1.000000000000000000 ) ) ;
#1533 = EDGE_CURVE ( 'NONE', #4304, #3744, #3160, .T. ) ;
#1534 = CARTESIAN_POINT ( 'NONE',  ( 0.000000000000000000, 0.000000000000000000, 8.523381939944311370 ) ) ;
#1535 = CONICAL_SURFACE ( 'NONE', #1820, 2.250000000000278888, 0.7679448708775163945 ) ;
#1536 = ORIENTED_EDGE ( 'NONE', *, *, #235, .T. ) ;
#1537 = VERTEX_POINT ( 'NONE', #2209 ) ;
#1538 = ORIENTED_EDGE ( 'NONE', *, *, #3046, .F. ) ;
#1539 = ADVANCED_FACE ( 'NONE', ( #778 ), #1528, .T. ) ;
#1540 = CIRCLE ( 'NONE', #4778, 2.250000000000275779 ) ;
#1541 = LINE ( 'NONE', #4511, #3087 ) ;
#1542 = DIRECTION ( 'NONE',  ( -1.000000000000000000, 0.000000000000000000, 0.000000000000000000 ) ) ;
#1543 = EDGE_CURVE ( 'NONE', #4868, #1766, #591, .T. ) ;
#1544 = CYLINDRICAL_SURFACE ( 'NONE', #4168, 1.999999999999309219 ) ;
#1545 = AXIS2_PLACEMENT_3D ( 'NONE', #1049, #2041, #4135 ) ;
#1546 = DIRECTION ( 'NONE',  ( -0.000000000000000000, -0.000000000000000000, -1.000000000000000000 ) ) ;
#1547 = CIRCLE ( 'NONE', #1119, 1.899999999999993472 ) ;
#1548 = ADVANCED_FACE ( 'NONE', ( #265 ), #3289, .T. ) ;
#1549 = EDGE_CURVE ( 'NONE', #2396, #1660, #4345, .T. ) ;
#1550 = LINE ( 'NONE', #143, #871 ) ;
#1551 = AXIS2_PLACEMENT_3D ( 'NONE', #6013, #1887, #5375 ) ;
#1552 = AXIS2_PLACEMENT_3D ( 'NONE', #914, #5942, #1943 ) ;
#1553 = CONICAL_SURFACE ( 'NONE', #4164, 1.999999999999285238, 0.7653268769996224297 ) ;
#1554 = ORIENTED_EDGE ( 'NONE', *, *, #3693, .T. ) ;
#1555 = VERTEX_POINT ( 'NONE', #1198 ) ;
#1556 = LINE ( 'NONE', #1146, #3739 ) ;
#1557 = ADVANCED_FACE ( 'NONE', ( #1736 ), #1208, .T. ) ;
#1558 = FACE_OUTER_BOUND ( 'NONE', #5989, .T. ) ;
#1559 = ORIENTED_EDGE ( 'NONE', *, *, #5968, .T. ) ;
#1560 = VECTOR ( 'NONE', #710, 1000.000000000000000 ) ;
#1561 = CARTESIAN_POINT ( 'NONE',  ( 0.000000000000000000, 0.000000000000000000, 7.200000000000000178 ) ) ;
#1562 = AXIS2_PLACEMENT_3D ( 'NONE', #3103, #3457, #6112 ) ;
#1563 = VECTOR ( 'NONE', #4046, 1000.000000000000114 ) ;
#1564 = DIRECTION ( 'NONE',  ( -0.000000000000000000, -0.000000000000000000, -1.000000000000000000 ) ) ;
#1565 = ORIENTED_EDGE ( 'NONE', *, *, #2105, .T. ) ;
#1566 = AXIS2_PLACEMENT_3D ( 'NONE', #5918, #2884, #6341 ) ;
#1567 = EDGE_CURVE ( 'NONE', #538, #1623, #5672, .T. ) ;
#1568 = ORIENTED_EDGE ( 'NONE', *, *, #245, .F. ) ;
#1569 = CIRCLE ( 'NONE', #1030, 2.101900007112964541 ) ;
#1570 = DIRECTION ( 'NONE',  ( 1.000000000000000000, 0.000000000000000000, 0.000000000000000000 ) ) ;
#1571 = DIRECTION ( 'NONE',  ( -0.000000000000000000, -0.000000000000000000, -1.000000000000000000 ) ) ;
#1572 = DIRECTION ( 'NONE',  ( -1.000000000000000000, 0.000000000000000000, 0.000000000000000000 ) ) ;
#1573 = DIRECTION ( 'NONE',  ( -0.000000000000000000, -0.000000000000000000, -1.000000000000000000 ) ) ;
#1574 = CARTESIAN_POINT ( 'NONE',  ( -2.150000000000134026, 0.000000000000000000, -2.698918212968115071 ) ) ;
#1575 = SURFACE_STYLE_USAGE ( .BOTH. , #4606 ) ;
#1576 = ORIENTED_EDGE ( 'NONE', *, *, #1335, .T. ) ;
#1577 = VERTEX_POINT ( 'NONE', #3763 ) ;
#1578 = VERTEX_POINT ( 'NONE', #2959 ) ;
#1579 = CARTESIAN_POINT ( 'NONE',  ( 0.000000000000000000, 0.000000000000000000, 34.99999999999999289 ) ) ;
#1580 = DIRECTION ( 'NONE',  ( -0.000000000000000000, -0.000000000000000000, -1.000000000000000000 ) ) ;
#1581 = DIRECTION ( 'NONE',  ( -1.000000000000000000, 0.000000000000000000, 0.000000000000000000 ) ) ;
#1582 = CARTESIAN_POINT ( 'NONE',  ( 0.000000000000000000, 0.000000000000000000, 33.01024260084477646 ) ) ;
#1583 = DIRECTION ( 'NONE',  ( 0.000000000000000000, 0.000000000000000000, 1.000000000000000000 ) ) ;
#1584 = ORIENTED_EDGE ( 'NONE', *, *, #2232, .F. ) ;
#1585 = EDGE_CURVE ( 'NONE', #4080, #6189, #6257, .T. ) ;
#1586 = DIRECTION ( 'NONE',  ( -0.000000000000000000, -0.000000000000000000, -1.000000000000000000 ) ) ;
#1587 = ORIENTED_EDGE ( 'NONE', *, *, #580, .T. ) ;
#1588 = EDGE_LOOP ( 'NONE', ( #6395, #5901, #5561, #4456 ) ) ;
#1589 = DIRECTION ( 'NONE',  ( -0.000000000000000000, -0.000000000000000000, -1.000000000000000000 ) ) ;
#1590 = CARTESIAN_POINT ( 'NONE',  ( 2.250000000000613731, 2.755455298082297154E-16, 21.39999999999998792 ) ) ;
#1591 = EDGE_CURVE ( 'NONE', #2814, #3940, #3093, .T. ) ;
#1592 = EDGE_LOOP ( 'NONE', ( #2882, #3055, #4433, #1538 ) ) ;
#1593 = DIRECTION ( 'NONE',  ( -0.000000000000000000, -0.000000000000000000, -1.000000000000000000 ) ) ;
#1594 = EDGE_CURVE ( 'NONE', #3120, #4696, #6416, .T. ) ;
#1595 = CARTESIAN_POINT ( 'NONE',  ( 0.000000000000000000, 0.000000000000000000, -2.698918212968115071 ) ) ;
#1596 = ORIENTED_EDGE ( 'NONE', *, *, #2212, .T. ) ;
#1597 = ORIENTED_EDGE ( 'NONE', *, *, #2886, .T. ) ;
#1598 = DIRECTION ( 'NONE',  ( 0.6946583704594718744, 0.000000000000000000, 0.7193398003381928918 ) ) ;
#1599 = EDGE_LOOP ( 'NONE', ( #3431, #5928, #5577, #949 ) ) ;
#1600 = CYLINDRICAL_SURFACE ( 'NONE', #6002, 1.600000000000002087 ) ;
#1601 = VECTOR ( 'NONE', #5593, 1000.000000000000000 ) ;
#1602 = LINE ( 'NONE', #1530, #2682 ) ;
#1603 = FACE_OUTER_BOUND ( 'NONE', #1654, .T. ) ;
#1604 = DIRECTION ( 'NONE',  ( -0.000000000000000000, -0.000000000000000000, -1.000000000000000000 ) ) ;
#1605 = ORIENTED_EDGE ( 'NONE', *, *, #6096, .F. ) ;
#1606 = ORIENTED_EDGE ( 'NONE', *, *, #5440, .T. ) ;
#1607 = PRODUCT_DEFINITION ( 'UNKNOWN', '', #758, #4158 ) ;
#1608 = CYLINDRICAL_SURFACE ( 'NONE', #170, 2.250000000000331735 ) ;
#1609 = CYLINDRICAL_SURFACE ( 'NONE', #2236, 2.250000000000281997 ) ;
#1610 = CARTESIAN_POINT ( 'NONE',  ( 0.000000000000000000, 0.000000000000000000, 34.61024260084478499 ) ) ;
#1611 = CIRCLE ( 'NONE', #5581, 10.40000000000000036 ) ;
#1612 = DIRECTION ( 'NONE',  ( -1.000000000000000000, 0.000000000000000000, 0.000000000000000000 ) ) ;
#1613 = DIRECTION ( 'NONE',  ( -0.000000000000000000, -0.000000000000000000, -1.000000000000000000 ) ) ;
#1614 = ORIENTED_EDGE ( 'NONE', *, *, #5733, .T. ) ;
#1615 = EDGE_CURVE ( 'NONE', #1942, #6439, #2358, .T. ) ;
#1616 = CARTESIAN_POINT ( 'NONE',  ( 1.900000000000001465, 2.326828918379972844E-16, 10.72338193994432132 ) ) ;
#1617 = CARTESIAN_POINT ( 'NONE',  ( -2.250000000000638600, 0.000000000000000000, 28.59999999999998010 ) ) ;
#1618 = ORIENTED_EDGE ( 'NONE', *, *, #586, .T. ) ;
#1619 = ORIENTED_EDGE ( 'NONE', *, *, #1111, .T. ) ;
#1620 = DIRECTION ( 'NONE',  ( -1.000000000000000000, 0.000000000000000000, 0.000000000000000000 ) ) ;
#1621 = AXIS2_PLACEMENT_3D ( 'NONE', #3737, #3203, #3830 ) ;
#1622 = DIRECTION ( 'NONE',  ( -0.000000000000000000, -0.000000000000000000, -1.000000000000000000 ) ) ;
#1623 = VERTEX_POINT ( 'NONE', #2304 ) ;
#1624 = CARTESIAN_POINT ( 'NONE',  ( 0.000000000000000000, 0.000000000000000000, 31.79999999999997939 ) ) ;
#1625 = VECTOR ( 'NONE', #2101, 1000.000000000000000 ) ;
#1626 = DIRECTION ( 'NONE',  ( -1.000000000000000000, 0.000000000000000000, 0.000000000000000000 ) ) ;
#1627 = ORIENTED_EDGE ( 'NONE', *, *, #5169, .F. ) ;
#1628 = EDGE_CURVE ( 'NONE', #663, #3845, #4565, .T. ) ;
#1629 = VECTOR ( 'NONE', #2129, 1000.000000000000000 ) ;
#1630 = ORIENTED_EDGE ( 'NONE', *, *, #4012, .T. ) ;
#1631 = CARTESIAN_POINT ( 'NONE',  ( 2.250000000000624834, 0.000000000000000000, 24.59999999999998366 ) ) ;
#1632 = DIRECTION ( 'NONE',  ( -0.000000000000000000, -0.000000000000000000, -1.000000000000000000 ) ) ;
#1633 = CARTESIAN_POINT ( 'NONE',  ( 0.000000000000000000, 0.000000000000000000, 21.54999999999998650 ) ) ;
#1634 = EDGE_CURVE ( 'NONE', #1555, #12, #1394, .T. ) ;
#1635 = CIRCLE ( 'NONE', #5072, 1.899999999999986366 ) ;
#1636 = CYLINDRICAL_SURFACE ( 'NONE', #3829, 2.250000000000474731 ) ;
#1637 = CARTESIAN_POINT ( 'NONE',  ( -2.265437129225213564, 0.000000000000000000, 13.34999999999999964 ) ) ;
#1638 = ORIENTED_EDGE ( 'NONE', *, *, #94, .F. ) ;
#1639 = AXIS2_PLACEMENT_3D ( 'NONE', #1007, #4016, #5638 ) ;
#1640 = AXIS2_PLACEMENT_3D ( 'NONE', #1953, #3936, #1988 ) ;
#1641 = ORIENTED_EDGE ( 'NONE', *, *, #3686, .T. ) ;
#1642 = LINE ( 'NONE', #1073, #1425 ) ;
#1643 = CARTESIAN_POINT ( 'NONE',  ( -1.999999999999385158, 2.602374448188155425E-16, 32.34111742155135261 ) ) ;
#1644 = CONICAL_SURFACE ( 'NONE', #699, 2.250000000000644373, 0.7679448708775085120 ) ;
#1645 = ADVANCED_FACE ( 'NONE', ( #3823 ), #3450, .T. ) ;
#1646 = CYLINDRICAL_SURFACE ( 'NONE', #4054, 2.250000000000463629 ) ;
#1647 = DIRECTION ( 'NONE',  ( -1.000000000000000000, 0.000000000000000000, 0.000000000000000000 ) ) ;
#1648 = CARTESIAN_POINT ( 'NONE',  ( 0.000000000000000000, 0.000000000000000000, 18.99999999999999645 ) ) ;
#1649 = AXIS2_PLACEMENT_3D ( 'NONE', #5625, #1571, #3547 ) ;
#1650 = VERTEX_POINT ( 'NONE', #1829 ) ;
#1651 = FACE_OUTER_BOUND ( 'NONE', #3901, .T. ) ;
#1652 = CARTESIAN_POINT ( 'NONE',  ( 2.250000000000635936, 0.000000000000000000, 27.79999999999997584 ) ) ;
#1653 = EDGE_CURVE ( 'NONE', #4153, #484, #5194, .T. ) ;
#1654 = EDGE_LOOP ( 'NONE', ( #3316, #5906, #640, #1686 ) ) ;
#1655 = ORIENTED_EDGE ( 'NONE', *, *, #5214, .T. ) ;
#1656 = AXIS2_PLACEMENT_3D ( 'NONE', #2173, #5149, #149 ) ;
#1657 = CARTESIAN_POINT ( 'NONE',  ( 0.000000000000000000, 0.000000000000000000, 11.40000000000000036 ) ) ;
#1658 = LINE ( 'NONE', #1084, #6146 ) ;
#1659 = ADVANCED_FACE ( 'NONE', ( #2928 ), #1932, .T. ) ;
#1660 = VERTEX_POINT ( 'NONE', #5463 ) ;
#1661 = ADVANCED_FACE ( 'NONE', ( #938 ), #4309, .T. ) ;
#1662 = DIRECTION ( 'NONE',  ( 0.000000000000000000, 0.000000000000000000, 1.000000000000000000 ) ) ;
#1663 = AXIS2_PLACEMENT_3D ( 'NONE', #6052, #4559, #3538 ) ;
#1664 = ADVANCED_FACE ( 'NONE', ( #2409 ), #2440, .T. ) ;
#1665 = DIRECTION ( 'NONE',  ( -1.000000000000000000, 0.000000000000000000, 0.000000000000000000 ) ) ;
#1666 = ORIENTED_EDGE ( 'NONE', *, *, #3330, .F. ) ;
#1667 = ORIENTED_EDGE ( 'NONE', *, *, #4199, .F. ) ;
#1668 = DIRECTION ( 'NONE',  ( -1.000000000000000000, 0.000000000000000000, 0.000000000000000000 ) ) ;
#1669 = LINE ( 'NONE', #2177, #4151 ) ;
#1670 = CARTESIAN_POINT ( 'NONE',  ( -1.899999999999993472, 2.602374448188117954E-16, 7.653271633436568244 ) ) ;
#1671 = AXIS2_PLACEMENT_3D ( 'NONE', #1140, #5137, #3630 ) ;
#1672 = EDGE_CURVE ( 'NONE', #6240, #4109, #2464, .T. ) ;
#1673 = EDGE_CURVE ( 'NONE', #2191, #3056, #4455, .T. ) ;
#1674 = FACE_OUTER_BOUND ( 'NONE', #6163, .T. ) ;
#1675 = VECTOR ( 'NONE', #3122, 1000.000000000000000 ) ;
#1676 = CARTESIAN_POINT ( 'NONE',  ( 0.000000000000000000, 0.000000000000000000, 31.41024260084477504 ) ) ;
#1677 = AXIS2_PLACEMENT_3D ( 'NONE', #4005, #3477, #6031 ) ;
#1678 = VERTEX_POINT ( 'NONE', #842 ) ;
#1679 = EDGE_LOOP ( 'NONE', ( #978, #4892, #3624, #3980 ) ) ;
#1680 = LINE ( 'NONE', #5769, #2569 ) ;
#1681 = DIRECTION ( 'NONE',  ( -0.000000000000000000, -0.000000000000000000, -1.000000000000000000 ) ) ;
#1682 = DIRECTION ( 'NONE',  ( -0.000000000000000000, -0.000000000000000000, -1.000000000000000000 ) ) ;
#1683 = EDGE_CURVE ( 'NONE', #570, #349, #4835, .T. ) ;
#1684 = CYLINDRICAL_SURFACE ( 'NONE', #3756, 1.999999999999405809 ) ;
#1685 = CARTESIAN_POINT ( 'NONE',  ( 2.250000000000510703, 2.755455298082170443E-16, -2.698918212968115071 ) ) ;
#1686 = ORIENTED_EDGE ( 'NONE', *, *, #3626, .F. ) ;
#1687 = DIRECTION ( 'NONE',  ( 1.000000000000000000, 0.000000000000000000, 0.000000000000000000 ) ) ;
#1688 = LINE ( 'NONE', #4553, #2031 ) ;
#1689 = EDGE_CURVE ( 'NONE', #6461, #4384, #2881, .T. ) ;
#1690 = ORIENTED_EDGE ( 'NONE', *, *, #6451, .F. ) ;
#1691 = EDGE_LOOP ( 'NONE', ( #4913, #3404, #2121, #1136 ) ) ;
#1692 = CARTESIAN_POINT ( 'NONE',  ( -2.250000000000510703, 0.000000000000000000, -2.698918212968115071 ) ) ;
#1693 = CARTESIAN_POINT ( 'NONE',  ( 2.250000000000663469, 2.755455298082357305E-16, 32.59999999999997300 ) ) ;
#1694 = ORIENTED_EDGE ( 'NONE', *, *, #3720, .F. ) ;
#1695 = FACE_OUTER_BOUND ( 'NONE', #1481, .T. ) ;
#1696 = EDGE_CURVE ( 'NONE', #2890, #2426, #5087, .T. ) ;
#1697 = DIRECTION ( 'NONE',  ( -1.000000000000000000, 0.000000000000000000, 0.000000000000000000 ) ) ;
#1698 = EDGE_LOOP ( 'NONE', ( #229, #5460, #3306, #535 ) ) ;
#1699 = EDGE_LOOP ( 'NONE', ( #5101, #1883, #3554, #4665 ) ) ;
#1700 = CARTESIAN_POINT ( 'NONE',  ( 2.350000000000001865, 2.877919977996282293E-16, 11.40000000000000036 ) ) ;
#1701 = CARTESIAN_POINT ( 'NONE',  ( -2.250000000000331291, 0.000000000000000000, 31.79999999999997939 ) ) ;
#1702 = CARTESIAN_POINT ( 'NONE',  ( -2.250000000000357492, 0.000000000000000000, 34.34999999999993747 ) ) ;
#1703 = CARTESIAN_POINT ( 'NONE',  ( 2.250000000000471623, 2.755455298082122125E-16, -2.698918212968115071 ) ) ;
#1704 = EDGE_CURVE ( 'NONE', #1660, #6017, #2374, .T. ) ;
#1705 = ORIENTED_EDGE ( 'NONE', *, *, #4540, .F. ) ;
#1706 = ORIENTED_EDGE ( 'NONE', *, *, #5644, .F. ) ;
#1707 = LINE ( 'NONE', #1164, #2873 ) ;
#1708 = AXIS2_PLACEMENT_3D ( 'NONE', #2611, #1096, #5032 ) ;
#1709 = DIRECTION ( 'NONE',  ( -0.6927727648615527034, 0.000000000000000000, -0.7211559444850190737 ) ) ;
#1710 = CARTESIAN_POINT ( 'NONE',  ( 3.300000000000000266, 4.041334437186266003E-16, -5.421010862427522170E-17 ) ) ;
#1711 = EDGE_CURVE ( 'NONE', #3285, #4528, #4983, .T. ) ;
#1712 = LINE ( 'NONE', #2159, #4060 ) ;
#1713 = CARTESIAN_POINT ( 'NONE',  ( 0.000000000000000000, 0.000000000000000000, -2.698918212968115071 ) ) ;
#1714 = EDGE_LOOP ( 'NONE', ( #1827, #5143, #3521, #609 ) ) ;
#1715 = CARTESIAN_POINT ( 'NONE',  ( 0.000000000000000000, 0.000000000000000000, 20.34111742155136326 ) ) ;
#1716 = CONICAL_SURFACE ( 'NONE', #3796, 2.250000000000283773, 0.7679448708775163945 ) ;
#1717 = ORIENTED_EDGE ( 'NONE', *, *, #1247, .T. ) ;
#1718 = ORIENTED_EDGE ( 'NONE', *, *, #1088, .T. ) ;
#1719 = DIRECTION ( 'NONE',  ( -1.000000000000000000, 0.000000000000000000, 0.000000000000000000 ) ) ;
#1720 = DIRECTION ( 'NONE',  ( 0.6946583704589964769, 0.000000000000000000, 0.7193398003386518580 ) ) ;
#1721 = ORIENTED_EDGE ( 'NONE', *, *, #2307, .F. ) ;
#1722 = AXIS2_PLACEMENT_3D ( 'NONE', #3273, #3655, #4269 ) ;
#1723 = DIRECTION ( 'NONE',  ( -0.000000000000000000, -0.000000000000000000, -1.000000000000000000 ) ) ;
#1724 = LINE ( 'NONE', #4661, #5838 ) ;
#1725 = ORIENTED_EDGE ( 'NONE', *, *, #3355, .F. ) ;
#1726 = VERTEX_POINT ( 'NONE', #4535 ) ;
#1727 = CARTESIAN_POINT ( 'NONE',  ( 0.000000000000000000, 0.000000000000000000, 34.61024260084478499 ) ) ;
#1728 = CARTESIAN_POINT ( 'NONE',  ( 0.000000000000000000, 0.000000000000000000, -2.698918212968115071 ) ) ;
#1729 = EDGE_CURVE ( 'NONE', #557, #6356, #3726, .T. ) ;
#1730 = CARTESIAN_POINT ( 'NONE',  ( -1.999999999999301892, 0.000000000000000000, 25.01024260084478712 ) ) ;
#1731 = FACE_OUTER_BOUND ( 'NONE', #2027, .T. ) ;
#1732 = AXIS2_PLACEMENT_3D ( 'NONE', #4421, #431, #4849 ) ;
#1733 = ORIENTED_EDGE ( 'NONE', *, *, #5735, .F. ) ;
#1734 = AXIS2_PLACEMENT_3D ( 'NONE', #6239, #4646, #1171 ) ;
#1735 = ADVANCED_FACE ( 'NONE', ( #5556 ), #1748, .T. ) ;
#1736 = FACE_OUTER_BOUND ( 'NONE', #621, .T. ) ;
#1737 = CARTESIAN_POINT ( 'NONE',  ( 1.999999999999251932, 2.449293598293790350E-16, 20.21024260084479351 ) ) ;
#1738 = CARTESIAN_POINT ( 'NONE',  ( -2.250000000000278888, 2.755455298081886453E-16, 18.19999999999999574 ) ) ;
#1739 = AXIS2_PLACEMENT_3D ( 'NONE', #1367, #2834, #5439 ) ;
#1740 = AXIS2_PLACEMENT_3D ( 'NONE', #2595, #1022, #5083 ) ;
#1741 = ADVANCED_FACE ( 'NONE', ( #128 ), #1636, .T. ) ;
#1742 = DIRECTION ( 'NONE',  ( -1.000000000000000000, 0.000000000000000000, 0.000000000000000000 ) ) ;
#1743 = CARTESIAN_POINT ( 'NONE',  ( -2.250000000000287770, 0.000000000000000000, -2.698918212968115071 ) ) ;
#1744 = ORIENTED_EDGE ( 'NONE', *, *, #4554, .T. ) ;
#1745 = AXIS2_PLACEMENT_3D ( 'NONE', #2065, #4089, #5069 ) ;
#1746 = DIRECTION ( 'NONE',  ( -0.6946583704594623265, 8.507111498840968952E-17, 0.7193398003382022177 ) ) ;
#1747 = ORIENTED_EDGE ( 'NONE', *, *, #4034, .T. ) ;
#1748 = CONICAL_SURFACE ( 'NONE', #3403, 1.999999999999352074, 0.7653268769994523435 ) ;
#1749 = VERTEX_POINT ( 'NONE', #6033 ) ;
#1750 = CARTESIAN_POINT ( 'NONE',  ( -2.350000000000035172, 2.877919977996323215E-16, 10.24999999999999112 ) ) ;
#1751 = FACE_OUTER_BOUND ( 'NONE', #3613, .T. ) ;
#1752 = VERTEX_POINT ( 'NONE', #2995 ) ;
#1753 = CARTESIAN_POINT ( 'NONE',  ( -1.999999999999335643, 2.602374448188094781E-16, 21.14111742155136398 ) ) ;
#1754 = LINE ( 'NONE', #741, #3000 ) ;
#1755 = ORIENTED_EDGE ( 'NONE', *, *, #3125, .T. ) ;
#1756 = ADVANCED_FACE ( 'NONE', ( #3095 ), #492, .T. ) ;
#1757 = ORIENTED_EDGE ( 'NONE', *, *, #3473, .F. ) ;
#1758 = FACE_OUTER_BOUND ( 'NONE', #5634, .T. ) ;
#1759 = DIRECTION ( 'NONE',  ( -0.000000000000000000, -0.000000000000000000, -1.000000000000000000 ) ) ;
#1760 = DIRECTION ( 'NONE',  ( -0.000000000000000000, -0.000000000000000000, -1.000000000000000000 ) ) ;
#1761 = AXIS2_PLACEMENT_3D ( 'NONE', #2523, #3238, #4694 ) ;
#1762 = CARTESIAN_POINT ( 'NONE',  ( 2.500000000000000444, 3.061616997868383634E-16, 0.7999999999999999334 ) ) ;
#1763 = AXIS2_PLACEMENT_3D ( 'NONE', #2518, #4516, #38 ) ;
#1764 = CONICAL_SURFACE ( 'NONE', #3747, 1.999999999999385158, 0.7653268769994305831 ) ;
#1765 = VECTOR ( 'NONE', #845, 1000.000000000000114 ) ;
#1766 = VERTEX_POINT ( 'NONE', #4968 ) ;
#1767 = EDGE_CURVE ( 'NONE', #2231, #4693, #1602, .T. ) ;
#1768 = CIRCLE ( 'NONE', #5426, 2.250000000000615508 ) ;
#1769 = DIRECTION ( 'NONE',  ( -0.4648420457246142390, 0.000000000000000000, -0.8853936257544186006 ) ) ;
#1770 = AXIS2_PLACEMENT_3D ( 'NONE', #6482, #3415, #5000 ) ;
#1771 = DIRECTION ( 'NONE',  ( -0.000000000000000000, -0.000000000000000000, -1.000000000000000000 ) ) ;
#1772 = CARTESIAN_POINT ( 'NONE',  ( -1.999999999999385158, 0.000000000000000000, 33.01024260084477646 ) ) ;
#1773 = VECTOR ( 'NONE', #3908, 1000.000000000000000 ) ;
#1774 = CARTESIAN_POINT ( 'NONE',  ( 0.000000000000000000, 0.000000000000000000, -0.9000000000000003553 ) ) ;
#1775 = FACE_OUTER_BOUND ( 'NONE', #4816, .T. ) ;
#1776 = ORIENTED_EDGE ( 'NONE', *, *, #5997, .T. ) ;
#1777 = CARTESIAN_POINT ( 'NONE',  ( 0.000000000000000000, 0.000000000000000000, 6.323381939944311192 ) ) ;
#1778 = CARTESIAN_POINT ( 'NONE',  ( -1.999999999999287015, 0.000000000000000000, -2.698918212968115071 ) ) ;
#1779 = ADVANCED_FACE ( 'NONE', ( #4604 ), #3031, .T. ) ;
#1780 = ORIENTED_EDGE ( 'NONE', *, *, #1105, .F. ) ;
#1781 = EDGE_CURVE ( 'NONE', #1537, #857, #3619, .T. ) ;
#1782 = ORIENTED_EDGE ( 'NONE', *, *, #737, .T. ) ;
#1783 = FACE_OUTER_BOUND ( 'NONE', #953, .T. ) ;
#1784 = EDGE_CURVE ( 'NONE', #857, #1537, #5940, .T. ) ;
#1785 = DIRECTION ( 'NONE',  ( -0.000000000000000000, -0.000000000000000000, -1.000000000000000000 ) ) ;
#1786 = ORIENTED_EDGE ( 'NONE', *, *, #2341, .F. ) ;
#1787 = DIRECTION ( 'NONE',  ( -0.000000000000000000, -0.000000000000000000, -1.000000000000000000 ) ) ;
#1788 = CARTESIAN_POINT ( 'NONE',  ( 0.000000000000000000, 0.000000000000000000, 11.40000000000000036 ) ) ;
#1789 = FACE_OUTER_BOUND ( 'NONE', #3409, .T. ) ;
#1790 = EDGE_LOOP ( 'NONE', ( #2539, #698, #637, #3047 ) ) ;
#1791 = VERTEX_POINT ( 'NONE', #4115 ) ;
#1792 = DIRECTION ( 'NONE',  ( -1.000000000000000000, 0.000000000000000000, 0.000000000000000000 ) ) ;
#1793 = DIRECTION ( 'NONE',  ( 1.000000000000000000, 0.000000000000000000, 0.000000000000000000 ) ) ;
#1794 = DIRECTION ( 'NONE',  ( -0.000000000000000000, -0.000000000000000000, -1.000000000000000000 ) ) ;
#1795 = DIRECTION ( 'NONE',  ( -1.000000000000000000, 0.000000000000000000, 0.000000000000000000 ) ) ;
#1796 = ADVANCED_FACE ( 'NONE', ( #2536 ), #901, .T. ) ;
#1797 = EDGE_LOOP ( 'NONE', ( #4597, #410, #1249, #4105 ) ) ;
#1798 = ADVANCED_FACE ( 'NONE', ( #5060 ), #6133, .T. ) ;
#1799 = CARTESIAN_POINT ( 'NONE',  ( 0.000000000000000000, 0.000000000000000000, 22.99999999999998579 ) ) ;
#1800 = DIRECTION ( 'NONE',  ( 0.6927727648615187306, 8.484019490241210391E-17, -0.7211559444850517142 ) ) ;
#1801 = CARTESIAN_POINT ( 'NONE',  ( 0.000000000000000000, 0.000000000000000000, -2.698918212968115071 ) ) ;
#1802 = DIRECTION ( 'NONE',  ( -0.000000000000000000, -0.000000000000000000, -1.000000000000000000 ) ) ;
#1803 = CARTESIAN_POINT ( 'NONE',  ( 0.000000000000000000, 0.000000000000000000, -2.698918212968115071 ) ) ;
#1804 = ORIENTED_EDGE ( 'NONE', *, *, #5033, .T. ) ;
#1805 = AXIS2_PLACEMENT_3D ( 'NONE', #3228, #5240, #750 ) ;
#1806 = CARTESIAN_POINT ( 'NONE',  ( 0.000000000000000000, 0.000000000000000000, 10.24999999999999112 ) ) ;
#1807 = CIRCLE ( 'NONE', #444, 2.250000000000307754 ) ;
#1808 = VERTEX_POINT ( 'NONE', #523 ) ;
#1809 = ADVANCED_FACE ( 'NONE', ( #4479 ), #4669, .T. ) ;
#1810 = ORIENTED_EDGE ( 'NONE', *, *, #4733, .F. ) ;
#1811 = DIRECTION ( 'NONE',  ( -0.000000000000000000, -0.000000000000000000, -1.000000000000000000 ) ) ;
#1812 = DIRECTION ( 'NONE',  ( -0.000000000000000000, -0.000000000000000000, -1.000000000000000000 ) ) ;
#1813 = ORIENTED_EDGE ( 'NONE', *, *, #137, .F. ) ;
#1814 = CARTESIAN_POINT ( 'NONE',  ( -1.999999999999372946, 0.000000000000000000, -2.698918212968115071 ) ) ;
#1815 = LINE ( 'NONE', #2261, #4846 ) ;
#1816 = CARTESIAN_POINT ( 'NONE',  ( 0.000000000000000000, 0.000000000000000000, -2.698918212968115071 ) ) ;
#1817 = ORIENTED_EDGE ( 'NONE', *, *, #902, .F. ) ;
#1818 = EDGE_LOOP ( 'NONE', ( #2007, #3346, #158, #1152 ) ) ;
#1819 = CARTESIAN_POINT ( 'NONE',  ( 0.000000000000000000, 0.000000000000000000, -2.698918212968115071 ) ) ;
#1820 = AXIS2_PLACEMENT_3D ( 'NONE', #2470, #6483, #1996 ) ;
#1821 = DIRECTION ( 'NONE',  ( -0.6927727648619705914, 0.000000000000000000, -0.7211559444846175060 ) ) ;
#1822 = DIRECTION ( 'NONE',  ( -1.000000000000000000, 0.000000000000000000, 0.000000000000000000 ) ) ;
#1823 = VERTEX_POINT ( 'NONE', #2505 ) ;
#1824 = CIRCLE ( 'NONE', #1186, 1.900000000000001688 ) ;
#1825 = ADVANCED_FACE ( 'NONE', ( #4506 ), #1644, .T. ) ;
#1826 = LINE ( 'NONE', #5330, #5361 ) ;
#1827 = ORIENTED_EDGE ( 'NONE', *, *, #2789, .F. ) ;
#1828 = AXIS2_PLACEMENT_3D ( 'NONE', #829, #2816, #6245 ) ;
#1829 = CARTESIAN_POINT ( 'NONE',  ( 2.265437129225214008, 2.774360328975227403E-16, 11.56106853381298372 ) ) ;
#1830 = CARTESIAN_POINT ( 'NONE',  ( 0.000000000000000000, 0.000000000000000000, 15.77723155024511570 ) ) ;
#1831 = LINE ( 'NONE', #6292, #3526 ) ;
#1832 = CARTESIAN_POINT ( 'NONE',  ( 1.899999999999986366, 2.326828918379955588E-16, 6.323381939944311192 ) ) ;
#1833 = LINE ( 'NONE', #2809, #1411 ) ;
#1834 = ORIENTED_EDGE ( 'NONE', *, *, #5553, .T. ) ;
#1835 = CARTESIAN_POINT ( 'NONE',  ( 2.250000000000281997, 2.755455298081889904E-16, -2.698918212968115071 ) ) ;
#1836 = ADVANCED_FACE ( 'NONE', ( #3620 ), #1535, .T. ) ;
#1837 = CARTESIAN_POINT ( 'NONE',  ( 2.250000000000307754, 2.755455298081921459E-16, 26.34999999999993747 ) ) ;
#1838 = VECTOR ( 'NONE', #5337, 1000.000000000000000 ) ;
#1839 = VECTOR ( 'NONE', #956, 1000.000000000000000 ) ;
#1840 = EDGE_CURVE ( 'NONE', #6356, #557, #1393, .T. ) ;
#1841 = ORIENTED_EDGE ( 'NONE', *, *, #296, .T. ) ;
#1842 = CARTESIAN_POINT ( 'NONE',  ( 1.899999999999990141, 2.326828918379960025E-16, 7.423381939944311725 ) ) ;
#1843 = DIRECTION ( 'NONE',  ( -0.000000000000000000, -0.000000000000000000, -1.000000000000000000 ) ) ;
#1844 = AXIS2_PLACEMENT_3D ( 'NONE', #2511, #3555, #6006 ) ;
#1845 = CONICAL_SURFACE ( 'NONE', #695, 2.250000000000286882, 0.7679448708775029608 ) ;
#1846 = ORIENTED_EDGE ( 'NONE', *, *, #4845, .T. ) ;
#1847 = ADVANCED_FACE ( 'NONE', ( #5667 ), #3340, .T. ) ;
#1848 = CARTESIAN_POINT ( 'NONE',  ( 0.000000000000000000, 0.000000000000000000, 33.39999999999998437 ) ) ;
#1849 = EDGE_CURVE ( 'NONE', #1623, #5152, #5369, .T. ) ;
#1850 = LINE ( 'NONE', #284, #2328 ) ;
#1851 = CYLINDRICAL_SURFACE ( 'NONE', #3839, 1.999999999999342526 ) ;
#1852 = ORIENTED_EDGE ( 'NONE', *, *, #2127, .T. ) ;
#1853 = EDGE_CURVE ( 'NONE', #3342, #5882, #5128, .T. ) ;
#1854 = EDGE_LOOP ( 'NONE', ( #1005, #5611, #5963, #3264 ) ) ;
#1855 = CARTESIAN_POINT ( 'NONE',  ( 1.999999999999293676, 2.449293598293841133E-16, 24.21024260084478286 ) ) ;
#1856 = DIRECTION ( 'NONE',  ( -0.000000000000000000, -0.000000000000000000, -1.000000000000000000 ) ) ;
#1857 = EDGE_CURVE ( 'NONE', #196, #1578, #2225, .T. ) ;
#1858 = CARTESIAN_POINT ( 'NONE',  ( 1.999999999999393818, 2.449293598293963899E-16, 33.81024260084478072 ) ) ;
#1859 = ORIENTED_EDGE ( 'NONE', *, *, #6289, .F. ) ;
#1860 = ADVANCED_FACE ( 'NONE', ( #5880 ), #5904, .T. ) ;
#1861 = AXIS2_PLACEMENT_3D ( 'NONE', #3148, #1632, #6199 ) ;
#1862 = FACE_OUTER_BOUND ( 'NONE', #1275, .T. ) ;
#1863 = VERTEX_POINT ( 'NONE', #6280 ) ;
#1864 = TOROIDAL_SURFACE ( 'NONE', #1117, 3.300000000000000266, 0.8000000000000000444 ) ;
#1865 = ORIENTED_EDGE ( 'NONE', *, *, #3686, .F. ) ;
#1866 = AXIS2_PLACEMENT_3D ( 'NONE', #4726, #706, #1184 ) ;
#1867 = EDGE_CURVE ( 'NONE', #5544, #3696, #4853, .T. ) ;
#1868 = CARTESIAN_POINT ( 'NONE',  ( 0.000000000000000000, 0.000000000000000000, 19.41024260084479280 ) ) ;
#1869 = AXIS2_PLACEMENT_3D ( 'NONE', #1892, #5353, #4928 ) ;
#1870 = DIRECTION ( 'NONE',  ( -1.000000000000000000, 0.000000000000000000, 0.000000000000000000 ) ) ;
#1871 = AXIS2_PLACEMENT_3D ( 'NONE', #1334, #4253, #3291 ) ;
#1872 = CARTESIAN_POINT ( 'NONE',  ( 2.250000000000480060, 2.755455298082132479E-16, -2.698918212968115071 ) ) ;
#1873 = EDGE_CURVE ( 'NONE', #2910, #349, #3065, .T. ) ;
#1874 = CONICAL_SURFACE ( 'NONE', #5850, 2.250000000000613731, 0.7679448708781647648 ) ;
#1875 = DIRECTION ( 'NONE',  ( 0.000000000000000000, 0.000000000000000000, 1.000000000000000000 ) ) ;
#1876 = VECTOR ( 'NONE', #5386, 999.9999999999998863 ) ;
#1877 = VERTEX_POINT ( 'NONE', #677 ) ;
#1878 = EDGE_CURVE ( 'NONE', #1577, #21, #2148, .T. ) ;
#1879 = FACE_OUTER_BOUND ( 'NONE', #4087, .T. ) ;
#1880 = AXIS2_PLACEMENT_3D ( 'NONE', #769, #3679, #4705 ) ;
#1881 = EDGE_CURVE ( 'NONE', #954, #3651, #319, .T. ) ;
#1882 = CONICAL_SURFACE ( 'NONE', #5536, 2.250000000000627942, 0.7679448708781513311 ) ;
#1883 = ORIENTED_EDGE ( 'NONE', *, *, #3300, .F. ) ;
#1884 = CARTESIAN_POINT ( 'NONE',  ( -1.999999999999393818, 2.602374448188166272E-16, 33.14111742155135687 ) ) ;
#1885 = DIRECTION ( 'NONE',  ( -1.000000000000000000, 0.000000000000000000, 0.000000000000000000 ) ) ;
#1886 = EDGE_LOOP ( 'NONE', ( #445, #3569, #742, #2839 ) ) ;
#1887 = DIRECTION ( 'NONE',  ( -0.000000000000000000, -0.000000000000000000, -1.000000000000000000 ) ) ;
#1888 = DIRECTION ( 'NONE',  ( 0.000000000000000000, 0.000000000000000000, 1.000000000000000000 ) ) ;
#1889 = LINE ( 'NONE', #5350, #189 ) ;
#1890 = ORIENTED_EDGE ( 'NONE', *, *, #1161, .F. ) ;
#1891 = ORIENTED_EDGE ( 'NONE', *, *, #5781, .T. ) ;
#1892 = CARTESIAN_POINT ( 'NONE',  ( 0.000000000000000000, 0.000000000000000000, 25.01024260084478712 ) ) ;
#1893 = DIRECTION ( 'NONE',  ( -1.000000000000000000, 0.000000000000000000, 0.000000000000000000 ) ) ;
#1894 = EDGE_CURVE ( 'NONE', #1148, #7, #1815, .T. ) ;
#1895 = EDGE_LOOP ( 'NONE', ( #3144, #313, #3840, #867 ) ) ;
#1896 = ADVANCED_FACE ( 'NONE', ( #6369 ), #3899, .T. ) ;
#1897 = DIRECTION ( 'NONE',  ( -1.000000000000000000, 0.000000000000000000, 0.000000000000000000 ) ) ;
#1898 = ORIENTED_EDGE ( 'NONE', *, *, #2612, .T. ) ;
#1899 = ORIENTED_EDGE ( 'NONE', *, *, #5332, .F. ) ;
#1900 = EDGE_CURVE ( 'NONE', #1726, #5882, #2356, .T. ) ;
#1901 = ADVANCED_FACE ( 'NONE', ( #2295 ), #1181, .T. ) ;
#1902 = CARTESIAN_POINT ( 'NONE',  ( 0.000000000000000000, 0.000000000000000000, 0.7999999999999999334 ) ) ;
#1903 = DIRECTION ( 'NONE',  ( -0.000000000000000000, -0.000000000000000000, -1.000000000000000000 ) ) ;
#1904 = EDGE_CURVE ( 'NONE', #3146, #1385, #1850, .T. ) ;
#1905 = CYLINDRICAL_SURFACE ( 'NONE', #1973, 1.999999999999275690 ) ;
#1906 = CARTESIAN_POINT ( 'NONE',  ( 0.000000000000000000, 0.000000000000000000, 10.49999999999999112 ) ) ;
#1907 = ORIENTED_EDGE ( 'NONE', *, *, #1784, .T. ) ;
#1908 = DIRECTION ( 'NONE',  ( -0.000000000000000000, -0.000000000000000000, -1.000000000000000000 ) ) ;
#1909 = DIRECTION ( 'NONE',  ( -1.000000000000000000, 0.000000000000000000, 0.000000000000000000 ) ) ;
#1910 = ORIENTED_EDGE ( 'NONE', *, *, #2266, .F. ) ;
#1911 = CARTESIAN_POINT ( 'NONE',  ( -4.499999999999997335, 0.000000000000000000, 0.000000000000000000 ) ) ;
#1912 = CARTESIAN_POINT ( 'NONE',  ( 1.899999999999989697, 0.000000000000000000, 6.553271633436568600 ) ) ;
#1913 = ORIENTED_EDGE ( 'NONE', *, *, #4785, .F. ) ;
#1914 = CARTESIAN_POINT ( 'NONE',  ( 0.000000000000000000, 0.000000000000000000, 21.01024260084479067 ) ) ;
#1915 = CARTESIAN_POINT ( 'NONE',  ( 0.000000000000000000, 0.000000000000000000, 18.19999999999999574 ) ) ;
#1916 = LINE ( 'NONE', #5854, #5100 ) ;
#1917 = ORIENTED_EDGE ( 'NONE', *, *, #3706, .F. ) ;
#1918 = ORIENTED_EDGE ( 'NONE', *, *, #63, .F. ) ;
#1919 = DIRECTION ( 'NONE',  ( -0.000000000000000000, -0.000000000000000000, -1.000000000000000000 ) ) ;
#1920 = DIRECTION ( 'NONE',  ( -0.000000000000000000, -0.000000000000000000, -1.000000000000000000 ) ) ;
#1921 = ADVANCED_FACE ( 'NONE', ( #3152 ), #375, .T. ) ;
#1922 = ORIENTED_EDGE ( 'NONE', *, *, #801, .F. ) ;
#1923 = AXIS2_PLACEMENT_3D ( 'NONE', #5387, #3819, #443 ) ;
#1924 = LINE ( 'NONE', #1024, #1876 ) ;
#1925 = ADVANCED_FACE ( 'NONE', ( #5349 ), #4430, .T. ) ;
#1926 = CARTESIAN_POINT ( 'NONE',  ( 2.327585631254335485, 2.850470293056993186E-16, 6.111126589273411014 ) ) ;
#1927 = CIRCLE ( 'NONE', #3061, 1.999999999999226841 ) ;
#1928 = VERTEX_POINT ( 'NONE', #4149 ) ;
#1929 = CYLINDRICAL_SURFACE ( 'NONE', #1130, 2.250000000000287770 ) ;
#1930 = ORIENTED_EDGE ( 'NONE', *, *, #2825, .F. ) ;
#1931 = CONICAL_SURFACE ( 'NONE', #39, 1.999999999999343414, 0.7653268769985187570 ) ;
#1932 = CYLINDRICAL_SURFACE ( 'NONE', #5936, 2.150000000000001688 ) ;
#1933 = CARTESIAN_POINT ( 'NONE',  ( 0.000000000000000000, 0.000000000000000000, 8.050000000000000711 ) ) ;
#1934 = CARTESIAN_POINT ( 'NONE',  ( 0.000000000000000000, 0.000000000000000000, 36.89999999999999858 ) ) ;
#1935 = VECTOR ( 'NONE', #2587, 1000.000000000000114 ) ;
#1936 = CARTESIAN_POINT ( 'NONE',  ( 2.350000000000001865, 0.000000000000000000, 11.40000000000000036 ) ) ;
#1937 = ORIENTED_EDGE ( 'NONE', *, *, #1518, .F. ) ;
#1938 = CARTESIAN_POINT ( 'NONE',  ( 0.000000000000000000, 0.000000000000000000, 8.299999999999991829 ) ) ;
#1939 = AXIS2_PLACEMENT_3D ( 'NONE', #5503, #1475, #1940 ) ;
#1940 = DIRECTION ( 'NONE',  ( -1.000000000000000000, 0.000000000000000000, 0.000000000000000000 ) ) ;
#1941 = CIRCLE ( 'NONE', #2238, 1.999999999999362954 ) ;
#1942 = VERTEX_POINT ( 'NONE', #4360 ) ;
#1943 = DIRECTION ( 'NONE',  ( -1.000000000000000000, 0.000000000000000000, 0.000000000000000000 ) ) ;
#1944 = FACE_OUTER_BOUND ( 'NONE', #4472, .T. ) ;
#1945 = AXIS2_PLACEMENT_3D ( 'NONE', #1336, #2931, #2343 ) ;
#1946 = CARTESIAN_POINT ( 'NONE',  ( 0.000000000000000000, 0.000000000000000000, 14.55000000000000249 ) ) ;
#1947 = DIRECTION ( 'NONE',  ( 0.000000000000000000, 0.000000000000000000, 1.000000000000000000 ) ) ;
#1948 = DIRECTION ( 'NONE',  ( -0.000000000000000000, -0.000000000000000000, -1.000000000000000000 ) ) ;
#1949 = ORIENTED_EDGE ( 'NONE', *, *, #6351, .F. ) ;
#1950 = VECTOR ( 'NONE', #2275, 999.9999999999998863 ) ;
#1951 = ORIENTED_EDGE ( 'NONE', *, *, #4375, .F. ) ;
#1952 = VECTOR ( 'NONE', #3467, 999.9999999999998863 ) ;
#1953 = CARTESIAN_POINT ( 'NONE',  ( 0.000000000000000000, 0.000000000000000000, 7.653271633436568244 ) ) ;
#1954 = EDGE_LOOP ( 'NONE', ( #841, #1301, #3312, #4028 ) ) ;
#1955 = DIRECTION ( 'NONE',  ( -0.000000000000000000, -0.000000000000000000, -1.000000000000000000 ) ) ;
#1956 = AXIS2_PLACEMENT_3D ( 'NONE', #551, #5527, #6102 ) ;
#1957 = LINE ( 'NONE', #5456, #2533 ) ;
#1958 = VERTEX_POINT ( 'NONE', #6169 ) ;
#1959 = ADVANCED_FACE ( 'NONE', ( #1674 ), #2672, .T. ) ;
#1960 = EDGE_LOOP ( 'NONE', ( #3141, #316, #3350, #4826 ) ) ;
#1961 = VECTOR ( 'NONE', #643, 999.9999999999998863 ) ;
#1962 = CARTESIAN_POINT ( 'NONE',  ( 1.999999999999362954, 0.000000000000000000, 29.14111742155101581 ) ) ;
#1963 = EDGE_CURVE ( 'NONE', #2847, #5686, #1078, .T. ) ;
#1964 = DIRECTION ( 'NONE',  ( -0.000000000000000000, -0.000000000000000000, -1.000000000000000000 ) ) ;
#1965 = FACE_OUTER_BOUND ( 'NONE', #1954, .T. ) ;
#1966 = LINE ( 'NONE', #4940, #3007 ) ;
#1967 = FACE_OUTER_BOUND ( 'NONE', #3957, .T. ) ;
#1968 = ORIENTED_EDGE ( 'NONE', *, *, #3167, .F. ) ;
#1969 = AXIS2_PLACEMENT_3D ( 'NONE', #3504, #5513, #1620 ) ;
#1970 = DIRECTION ( 'NONE',  ( -1.000000000000000000, 0.000000000000000000, 0.000000000000000000 ) ) ;
#1971 = VECTOR ( 'NONE', #3984, 1000.000000000000000 ) ;
#1972 = CARTESIAN_POINT ( 'NONE',  ( 0.000000000000000000, 0.000000000000000000, 32.59999999999997300 ) ) ;
#1973 = AXIS2_PLACEMENT_3D ( 'NONE', #968, #1471, #3387 ) ;
#1974 = CARTESIAN_POINT ( 'NONE',  ( 0.000000000000000000, 0.000000000000000000, 14.55000000000000249 ) ) ;
#1975 = DIRECTION ( 'NONE',  ( -1.000000000000000000, 0.000000000000000000, 0.000000000000000000 ) ) ;
#1976 = ORIENTED_EDGE ( 'NONE', *, *, #1463, .F. ) ;
#1977 = ADVANCED_FACE ( 'NONE', ( #3963 ), #1931, .T. ) ;
#1978 = PLANE ( 'NONE',  #89 ) ;
#1979 = CONICAL_SURFACE ( 'NONE', #4059, 1.999999999999343414, 0.7653268769985187570 ) ;
#1980 = CARTESIAN_POINT ( 'NONE',  ( 1.999999999999277023, 2.449293598293821411E-16, 22.61024260084478499 ) ) ;
#1981 = AXIS2_PLACEMENT_3D ( 'NONE', #3548, #4042, #5555 ) ;
#1982 = AXIS2_PLACEMENT_3D ( 'NONE', #1004, #5935, #941 ) ;
#1983 = EDGE_CURVE ( 'NONE', #1749, #5865, #2026, .T. ) ;
#1984 = ORIENTED_EDGE ( 'NONE', *, *, #5094, .F. ) ;
#1985 = EDGE_CURVE ( 'NONE', #2592, #528, #4000, .T. ) ;
#1986 = EDGE_LOOP ( 'NONE', ( #4348, #473, #848, #5597 ) ) ;
#1987 = CYLINDRICAL_SURFACE ( 'NONE', #6262, 2.250000000000331735 ) ;
#1988 = DIRECTION ( 'NONE',  ( -1.000000000000000000, 0.000000000000000000, 0.000000000000000000 ) ) ;
#1989 = ORIENTED_EDGE ( 'NONE', *, *, #4834, .F. ) ;
#1990 = CARTESIAN_POINT ( 'NONE',  ( 0.000000000000000000, 0.000000000000000000, 0.7999999999999999334 ) ) ;
#1991 = DIRECTION ( 'NONE',  ( -1.000000000000000000, 0.000000000000000000, 0.000000000000000000 ) ) ;
#1992 = EDGE_CURVE ( 'NONE', #3003, #538, #2878, .T. ) ;
#1993 = ORIENTED_EDGE ( 'NONE', *, *, #5196, .T. ) ;
#1994 = VERTEX_POINT ( 'NONE', #4459 ) ;
#1995 = LINE ( 'NONE', #999, #1773 ) ;
#1996 = DIRECTION ( 'NONE',  ( 1.000000000000000000, 0.000000000000000000, 0.000000000000000000 ) ) ;
#1997 = DIRECTION ( 'NONE',  ( -1.000000000000000000, 0.000000000000000000, 0.000000000000000000 ) ) ;
#1998 = FACE_OUTER_BOUND ( 'NONE', #1180, .T. ) ;
#1999 = ORIENTED_EDGE ( 'NONE', *, *, #2272, .T. ) ;
#2000 = ORIENTED_EDGE ( 'NONE', *, *, #5237, .T. ) ;
#2001 = DIRECTION ( 'NONE',  ( -0.000000000000000000, -0.000000000000000000, -1.000000000000000000 ) ) ;
#2002 = DIRECTION ( 'NONE',  ( -0.000000000000000000, -0.000000000000000000, -1.000000000000000000 ) ) ;
#2003 = CARTESIAN_POINT ( 'NONE',  ( 0.000000000000000000, 0.000000000000000000, 18.74111742155136540 ) ) ;
#2004 = CARTESIAN_POINT ( 'NONE',  ( 0.000000000000000000, 0.000000000000000000, -2.698918212968115071 ) ) ;
#2005 = DIRECTION ( 'NONE',  ( 0.6927727648619714795, 8.484019490246753372E-17, -0.7211559444846167288 ) ) ;
#2006 = EDGE_CURVE ( 'NONE', #2634, #5018, #564, .T. ) ;
#2007 = ORIENTED_EDGE ( 'NONE', *, *, #3243, .F. ) ;
#2008 = EDGE_LOOP ( 'NONE', ( #764, #2721, #5266, #4188 ) ) ;
#2009 = CARTESIAN_POINT ( 'NONE',  ( 0.000000000000000000, 0.000000000000000000, 7.200000000000000178 ) ) ;
#2010 = CARTESIAN_POINT ( 'NONE',  ( 0.000000000000000000, 0.000000000000000000, 11.56106853381298372 ) ) ;
#2011 = ORIENTED_EDGE ( 'NONE', *, *, #4095, .F. ) ;
#2012 = CARTESIAN_POINT ( 'NONE',  ( -1.600000000000002087, 0.000000000000000000, 13.51221608641805894 ) ) ;
#2013 = VECTOR ( 'NONE', #5868, 1000.000000000000000 ) ;
#2014 = LINE ( 'NONE', #1488, #4740 ) ;
#2015 = ORIENTED_EDGE ( 'NONE', *, *, #1357, .F. ) ;
#2016 = FACE_OUTER_BOUND ( 'NONE', #223, .T. ) ;
#2017 = AXIS2_PLACEMENT_3D ( 'NONE', #4864, #4963, #4305 ) ;
#2018 = VERTEX_POINT ( 'NONE', #4888 ) ;
#2019 = CARTESIAN_POINT ( 'NONE',  ( 0.000000000000000000, 0.000000000000000000, 32.74999999999992895 ) ) ;
#2020 = ADVANCED_FACE ( 'NONE', ( #5510 ), #3498, .T. ) ;
#2021 = DIRECTION ( 'NONE',  ( -0.000000000000000000, -0.000000000000000000, -1.000000000000000000 ) ) ;
#2022 = FACE_OUTER_BOUND ( 'NONE', #6273, .T. ) ;
#2023 = CARTESIAN_POINT ( 'NONE',  ( 0.000000000000000000, 0.000000000000000000, 19.41024260084479280 ) ) ;
#2024 = EDGE_LOOP ( 'NONE', ( #634, #3866, #3494, #1263 ) ) ;
#2025 = EDGE_CURVE ( 'NONE', #3285, #5389, #1413, .T. ) ;
#2026 = CIRCLE ( 'NONE', #2649, 1.999999999999338307 ) ;
#2027 = EDGE_LOOP ( 'NONE', ( #5385, #3181, #1292, #4918 ) ) ;
#2028 = ORIENTED_EDGE ( 'NONE', *, *, #1285, .F. ) ;
#2029 = DIRECTION ( 'NONE',  ( -0.000000000000000000, -0.000000000000000000, -1.000000000000000000 ) ) ;
#2030 = DIRECTION ( 'NONE',  ( -1.000000000000000000, 0.000000000000000000, 0.000000000000000000 ) ) ;
#2031 = VECTOR ( 'NONE', #2688, 1000.000000000000000 ) ;
#2032 = ADVANCED_FACE ( 'NONE', ( #1377 ), #2489, .T. ) ;
#2033 = DIRECTION ( 'NONE',  ( 1.000000000000000000, 0.000000000000000000, 0.000000000000000000 ) ) ;
#2034 = ORIENTED_EDGE ( 'NONE', *, *, #2444, .T. ) ;
#2035 = VECTOR ( 'NONE', #5442, 1000.000000000000000 ) ;
#2036 = FACE_OUTER_BOUND ( 'NONE', #5724, .T. ) ;
#2037 = CARTESIAN_POINT ( 'NONE',  ( 2.327585631254335485, 2.850470293056993186E-16, 6.111126589273411014 ) ) ;
#2038 = ORIENTED_EDGE ( 'NONE', *, *, #1881, .F. ) ;
#2039 = AXIS2_PLACEMENT_3D ( 'NONE', #4251, #6263, #3260 ) ;
#2040 = ORIENTED_EDGE ( 'NONE', *, *, #5151, .F. ) ;
#2041 = DIRECTION ( 'NONE',  ( -0.000000000000000000, -0.000000000000000000, -1.000000000000000000 ) ) ;
#2042 = DIRECTION ( 'NONE',  ( -0.000000000000000000, -0.000000000000000000, -1.000000000000000000 ) ) ;
#2043 = CIRCLE ( 'NONE', #3491, 1.999999999999330091 ) ;
#2044 = EDGE_CURVE ( 'NONE', #6175, #2592, #6463, .T. ) ;
#2045 = ORIENTED_EDGE ( 'NONE', *, *, #2933, .T. ) ;
#2046 = CARTESIAN_POINT ( 'NONE',  ( -1.999999999999327427, 2.602374448187885733E-16, 18.74111742155136540 ) ) ;
#2047 = EDGE_CURVE ( 'NONE', #421, #6356, #3401, .T. ) ;
#2048 = CARTESIAN_POINT ( 'NONE',  ( 0.000000000000000000, 0.000000000000000000, 9.150000000000000355 ) ) ;
#2049 = VECTOR ( 'NONE', #3296, 1000.000000000000000 ) ;
#2050 = AXIS2_PLACEMENT_3D ( 'NONE', #3220, #5231, #2234 ) ;
#2051 = ORIENTED_EDGE ( 'NONE', *, *, #6433, .T. ) ;
#2052 = EDGE_LOOP ( 'NONE', ( #3013, #3874, #4964, #4974 ) ) ;
#2053 = CARTESIAN_POINT ( 'NONE',  ( 2.250000000000282885, 2.755455298081891384E-16, 19.14999999999999503 ) ) ;
#2054 = CARTESIAN_POINT ( 'NONE',  ( -1.999999999999268363, 0.000000000000000000, 21.81024260084479138 ) ) ;
#2055 = VECTOR ( 'NONE', #2555, 999.9999999999998863 ) ;
#2056 = DIRECTION ( 'NONE',  ( -0.000000000000000000, -0.000000000000000000, -1.000000000000000000 ) ) ;
#2057 = CONICAL_SURFACE ( 'NONE', #2571, 2.250000000000671907, 0.7679448708781513311 ) ;
#2058 = LINE ( 'NONE', #4633, #6108 ) ;
#2059 = CARTESIAN_POINT ( 'NONE',  ( 2.250000000000641265, 0.000000000000000000, 29.39999999999997371 ) ) ;
#2060 = AXIS2_PLACEMENT_3D ( 'NONE', #4908, #1433, #4443 ) ;
#2061 = ADVANCED_FACE ( 'NONE', ( #2394 ), #4749, .T. ) ;
#2062 = EDGE_LOOP ( 'NONE', ( #2397, #6197, #3257, #29 ) ) ;
#2063 = EDGE_LOOP ( 'NONE', ( #3877, #1536, #4339, #3358 ) ) ;
#2064 = ORIENTED_EDGE ( 'NONE', *, *, #1257, .F. ) ;
#2065 = CARTESIAN_POINT ( 'NONE',  ( 0.000000000000000000, 0.000000000000000000, 31.79999999999997939 ) ) ;
#2066 = DIRECTION ( 'NONE',  ( -0.000000000000000000, -0.000000000000000000, -1.000000000000000000 ) ) ;
#2067 = DIRECTION ( 'NONE',  ( 0.000000000000000000, 0.000000000000000000, 1.000000000000000000 ) ) ;
#2068 = ADVANCED_FACE ( 'NONE', ( #882 ), #3072, .T. ) ;
#2069 = DIRECTION ( 'NONE',  ( -0.000000000000000000, -0.000000000000000000, -1.000000000000000000 ) ) ;
#2070 = AXIS2_PLACEMENT_3D ( 'NONE', #3803, #5280, #3671 ) ;
#2071 = FACE_OUTER_BOUND ( 'NONE', #4721, .T. ) ;
#2072 = ORIENTED_EDGE ( 'NONE', *, *, #5813, .T. ) ;
#2073 = CYLINDRICAL_SURFACE ( 'NONE', #2176, 2.250000000000614619 ) ;
#2074 = DIRECTION ( 'NONE',  ( -0.000000000000000000, -0.000000000000000000, -1.000000000000000000 ) ) ;
#2075 = AXIS2_PLACEMENT_3D ( 'NONE', #2436, #5994, #5489 ) ;
#2076 = CIRCLE ( 'NONE', #2270, 1.999999999999354738 ) ;
#2077 = VERTEX_POINT ( 'NONE', #536 ) ;
#2078 = VERTEX_POINT ( 'NONE', #2519 ) ;
#2079 = DIRECTION ( 'NONE',  ( -1.000000000000000000, 0.000000000000000000, 0.000000000000000000 ) ) ;
#2080 = CARTESIAN_POINT ( 'NONE',  ( 4.499999999999997335, 5.613283761122787783E-16, 0.000000000000000000 ) ) ;
#2081 = EDGE_LOOP ( 'NONE', ( #4710, #5789, #2194, #2946 ) ) ;
#2082 = FACE_OUTER_BOUND ( 'NONE', #839, .T. ) ;
#2083 = VECTOR ( 'NONE', #2248, 1000.000000000000000 ) ;
#2084 = AXIS2_PLACEMENT_3D ( 'NONE', #6410, #3410, #5422 ) ;
#2085 = CYLINDRICAL_SURFACE ( 'NONE', #2844, 2.250000000000617284 ) ;
#2086 = ORIENTED_EDGE ( 'NONE', *, *, #1673, .F. ) ;
#2087 = ORIENTED_EDGE ( 'NONE', *, *, #1543, .F. ) ;
#2088 = CIRCLE ( 'NONE', #3646, 1.999999999999268363 ) ;
#2089 = CARTESIAN_POINT ( 'NONE',  ( 0.000000000000000000, 0.000000000000000000, 29.01024260084526674 ) ) ;
#2090 = DIRECTION ( 'NONE',  ( -1.000000000000000000, 0.000000000000000000, 0.000000000000000000 ) ) ;
#2091 = DIRECTION ( 'NONE',  ( -1.000000000000000000, 0.000000000000000000, 0.000000000000000000 ) ) ;
#2092 = CARTESIAN_POINT ( 'NONE',  ( 0.000000000000000000, 0.000000000000000000, 17.81024260084479494 ) ) ;
#2093 =( NAMED_UNIT ( * ) PLANE_ANGLE_UNIT ( ) SI_UNIT ( $, .RADIAN. ) );
#2094 = ORIENTED_EDGE ( 'NONE', *, *, #5372, .F. ) ;
#2095 = EDGE_CURVE ( 'NONE', #1162, #3940, #4517, .T. ) ;
#2096 = VERTEX_POINT ( 'NONE', #3893 ) ;
#2097 = EDGE_CURVE ( 'NONE', #663, #2940, #5912, .T. ) ;
#2098 = EDGE_CURVE ( 'NONE', #4494, #2191, #44, .T. ) ;
#2099 = LINE ( 'NONE', #2544, #4556 ) ;
#2100 = ADVANCED_FACE ( 'NONE', ( #3433 ), #5910, .T. ) ;
#2101 = DIRECTION ( 'NONE',  ( -0.000000000000000000, -0.000000000000000000, -1.000000000000000000 ) ) ;
#2102 = FACE_OUTER_BOUND ( 'NONE', #2239, .T. ) ;
#2103 = FACE_OUTER_BOUND ( 'NONE', #1176, .T. ) ;
#2104 = DIRECTION ( 'NONE',  ( -0.000000000000000000, -0.000000000000000000, -1.000000000000000000 ) ) ;
#2105 = EDGE_CURVE ( 'NONE', #3445, #1284, #4166, .T. ) ;
#2106 = LINE ( 'NONE', #2624, #4533 ) ;
#2107 = EDGE_CURVE ( 'NONE', #3845, #3744, #5078, .T. ) ;
#2108 = VERTEX_POINT ( 'NONE', #6151 ) ;
#2109 = FACE_OUTER_BOUND ( 'NONE', #2024, .T. ) ;
#2110 = FACE_OUTER_BOUND ( 'NONE', #411, .T. ) ;
#2111 = ORIENTED_EDGE ( 'NONE', *, *, #5156, .F. ) ;
#2112 = DIRECTION ( 'NONE',  ( -0.000000000000000000, -0.000000000000000000, -1.000000000000000000 ) ) ;
#2113 = LINE ( 'NONE', #545, #2219 ) ;
#2114 = ORIENTED_EDGE ( 'NONE', *, *, #1201, .T. ) ;
#2115 = ORIENTED_EDGE ( 'NONE', *, *, #3818, .T. ) ;
#2116 = VERTEX_POINT ( 'NONE', #2551 ) ;
#2117 = LINE ( 'NONE', #1061, #1240 ) ;
#2118 = DIRECTION ( 'NONE',  ( -0.000000000000000000, -0.000000000000000000, -1.000000000000000000 ) ) ;
#2119 = DIRECTION ( 'NONE',  ( -0.000000000000000000, -0.000000000000000000, -1.000000000000000000 ) ) ;
#2120 = CIRCLE ( 'NONE', #4310, 1.999999999999368505 ) ;
#2121 = ORIENTED_EDGE ( 'NONE', *, *, #3506, .F. ) ;
#2122 = ORIENTED_EDGE ( 'NONE', *, *, #1983, .F. ) ;
#2123 = DIRECTION ( 'NONE',  ( -1.000000000000000000, 0.000000000000000000, 0.000000000000000000 ) ) ;
#2124 = CYLINDRICAL_SURFACE ( 'NONE', #980, 2.250000000000501821 ) ;
#2125 = EDGE_CURVE ( 'NONE', #1650, #5152, #6086, .T. ) ;
#2126 = CARTESIAN_POINT ( 'NONE',  ( 0.000000000000000000, 0.000000000000000000, -2.698918212968115071 ) ) ;
#2127 = EDGE_CURVE ( 'NONE', #3940, #2814, #2958, .T. ) ;
#2128 = CARTESIAN_POINT ( 'NONE',  ( 1.999999999999338307, 0.000000000000000000, 21.94111742155136113 ) ) ;
#2129 = DIRECTION ( 'NONE',  ( -0.000000000000000000, -0.000000000000000000, -1.000000000000000000 ) ) ;
#2130 = VERTEX_POINT ( 'NONE', #5572 ) ;
#2131 = FACE_OUTER_BOUND ( 'NONE', #916, .T. ) ;
#2132 = AXIS2_PLACEMENT_3D ( 'NONE', #1715, #757, #2312 ) ;
#2133 = FACE_OUTER_BOUND ( 'NONE', #3597, .T. ) ;
#2134 = VERTEX_POINT ( 'NONE', #2657 ) ;
#2135 = ORIENTED_EDGE ( 'NONE', *, *, #5601, .T. ) ;
#2136 = EDGE_CURVE ( 'NONE', #1660, #2396, #2546, .T. ) ;
#2137 = DIRECTION ( 'NONE',  ( -1.000000000000000000, 0.000000000000000000, 0.000000000000000000 ) ) ;
#2138 = ORIENTED_EDGE ( 'NONE', *, *, #4056, .F. ) ;
#2139 = DIRECTION ( 'NONE',  ( -1.000000000000000000, 0.000000000000000000, 0.000000000000000000 ) ) ;
#2140 = CARTESIAN_POINT ( 'NONE',  ( 0.000000000000000000, 0.000000000000000000, 23.94999999999998508 ) ) ;
#2141 = EDGE_CURVE ( 'NONE', #5534, #3861, #3077, .T. ) ;
#2142 = CIRCLE ( 'NONE', #270, 1.999999999999326983 ) ;
#2143 = ORIENTED_EDGE ( 'NONE', *, *, #3243, .T. ) ;
#2144 = FACE_OUTER_BOUND ( 'NONE', #5876, .T. ) ;
#2145 = FACE_OUTER_BOUND ( 'NONE', #4729, .T. ) ;
#2146 = LINE ( 'NONE', #2607, #4909 ) ;
#2147 = AXIS2_PLACEMENT_3D ( 'NONE', #6389, #4811, #5835 ) ;
#2148 = LINE ( 'NONE', #797, #667 ) ;
#2149 = AXIS2_PLACEMENT_3D ( 'NONE', #3873, #3376, #5383 ) ;
#2150 = CARTESIAN_POINT ( 'NONE',  ( 0.000000000000000000, 0.000000000000000000, 10.72338193994432132 ) ) ;
#2151 = ORIENTED_EDGE ( 'NONE', *, *, #2127, .F. ) ;
#2152 = CIRCLE ( 'NONE', #1311, 1.999999999999335643 ) ;
#2153 = ORIENTED_EDGE ( 'NONE', *, *, #1628, .F. ) ;
#2154 = EDGE_CURVE ( 'NONE', #3027, #2887, #1173, .T. ) ;
#2155 = DIRECTION ( 'NONE',  ( -0.000000000000000000, -0.000000000000000000, -1.000000000000000000 ) ) ;
#2156 = DIRECTION ( 'NONE',  ( -0.000000000000000000, -0.000000000000000000, -1.000000000000000000 ) ) ;
#2157 = DIRECTION ( 'NONE',  ( -1.000000000000000000, 0.000000000000000000, 0.000000000000000000 ) ) ;
#2158 = EDGE_CURVE ( 'NONE', #2630, #5389, #6320, .T. ) ;
#2159 = CARTESIAN_POINT ( 'NONE',  ( 2.250000000000286882, 0.000000000000000000, 20.59999999999999432 ) ) ;
#2160 = LINE ( 'NONE', #1685, #4551 ) ;
#2161 = CIRCLE ( 'NONE', #1861, 2.250000000000316192 ) ;
#2162 = ORIENTED_EDGE ( 'NONE', *, *, #3245, .T. ) ;
#2163 = FACE_OUTER_BOUND ( 'NONE', #4229, .T. ) ;
#2164 = DIRECTION ( 'NONE',  ( -0.6946583704594623265, 8.507111498840968952E-17, 0.7193398003382022177 ) ) ;
#2165 = ORIENTED_EDGE ( 'NONE', *, *, #1878, .F. ) ;
#2166 = ORIENTED_EDGE ( 'NONE', *, *, #2825, .T. ) ;
#2167 = CYLINDRICAL_SURFACE ( 'NONE', #192, 2.265437129225214008 ) ;
#2168 = CARTESIAN_POINT ( 'NONE',  ( -2.250000000000618172, 0.000000000000000000, 22.34999999999998721 ) ) ;
#2169 = ORIENTED_EDGE ( 'NONE', *, *, #3564, .T. ) ;
#2170 = CARTESIAN_POINT ( 'NONE',  ( 0.000000000000000000, 0.000000000000000000, -2.698918212968115071 ) ) ;
#2171 = AXIS2_PLACEMENT_3D ( 'NONE', #2009, #1021, #5048 ) ;
#2172 = EDGE_CURVE ( 'NONE', #3200, #383, #1688, .T. ) ;
#2173 = CARTESIAN_POINT ( 'NONE',  ( 0.000000000000000000, 0.000000000000000000, -2.698918212968115071 ) ) ;
#2174 = ORIENTED_EDGE ( 'NONE', *, *, #1145, .T. ) ;
#2175 = ORIENTED_EDGE ( 'NONE', *, *, #1424, .T. ) ;
#2176 = AXIS2_PLACEMENT_3D ( 'NONE', #4066, #962, #2407 ) ;
#2177 = CARTESIAN_POINT ( 'NONE',  ( 1.999999999999380718, 2.449293598293948122E-16, -2.698918212968115071 ) ) ;
#2178 = DIRECTION ( 'NONE',  ( 0.7501110696304628123, 0.000000000000000000, 0.6613118653236482736 ) ) ;
#2179 = CIRCLE ( 'NONE', #5960, 2.250000000000671907 ) ;
#2180 = CIRCLE ( 'NONE', #4905, 2.250000000000281108 ) ;
#2181 = AXIS2_PLACEMENT_3D ( 'NONE', #186, #3090, #2669 ) ;
#2182 = CYLINDRICAL_SURFACE ( 'NONE', #249, 1.999999999999281464 ) ;
#2183 = AXIS2_PLACEMENT_3D ( 'NONE', #2019, #5461, #5432 ) ;
#2184 = ORIENTED_EDGE ( 'NONE', *, *, #5869, .T. ) ;
#2185 = ORIENTED_EDGE ( 'NONE', *, *, #580, .F. ) ;
#2186 = DIRECTION ( 'NONE',  ( 1.000000000000000000, 0.000000000000000000, 0.000000000000000000 ) ) ;
#2187 = FACE_OUTER_BOUND ( 'NONE', #1679, .T. ) ;
#2188 = FACE_OUTER_BOUND ( 'NONE', #3926, .T. ) ;
#2189 = DIRECTION ( 'NONE',  ( -0.000000000000000000, -0.000000000000000000, -1.000000000000000000 ) ) ;
#2190 = DIRECTION ( 'NONE',  ( 0.6927727648605431776, 8.484019490229262846E-17, -0.7211559444859887424 ) ) ;
#2191 = VERTEX_POINT ( 'NONE', #5651 ) ;
#2192 = DIRECTION ( 'NONE',  ( -1.000000000000000000, 0.000000000000000000, 0.000000000000000000 ) ) ;
#2193 = ORIENTED_EDGE ( 'NONE', *, *, #1192, .T. ) ;
#2194 = ORIENTED_EDGE ( 'NONE', *, *, #740, .F. ) ;
#2195 = DIRECTION ( 'NONE',  ( -1.000000000000000000, 0.000000000000000000, 0.000000000000000000 ) ) ;
#2196 = CARTESIAN_POINT ( 'NONE',  ( 0.000000000000000000, 0.000000000000000000, 22.99999999999998579 ) ) ;
#2197 = EDGE_LOOP ( 'NONE', ( #2303, #437, #5346, #5905 ) ) ;
#2198 = DIRECTION ( 'NONE',  ( -1.000000000000000000, 0.000000000000000000, 0.000000000000000000 ) ) ;
#2199 = DIRECTION ( 'NONE',  ( -0.000000000000000000, -0.000000000000000000, -1.000000000000000000 ) ) ;
#2200 = EDGE_CURVE ( 'NONE', #6332, #4753, #2106, .T. ) ;
#2201 = ORIENTED_EDGE ( 'NONE', *, *, #5233, .T. ) ;
#2202 = ORIENTED_EDGE ( 'NONE', *, *, #561, .T. ) ;
#2203 = CARTESIAN_POINT ( 'NONE',  ( -2.349999999999990319, 2.877919977996267994E-16, 6.949999999999999289 ) ) ;
#2204 = CARTESIAN_POINT ( 'NONE',  ( 0.000000000000000000, 0.000000000000000000, -2.698918212968115071 ) ) ;
#2205 = ADVANCED_FACE ( 'NONE', ( #173 ), #2332, .T. ) ;
#2206 = DIRECTION ( 'NONE',  ( -0.000000000000000000, -0.000000000000000000, -1.000000000000000000 ) ) ;
#2207 = ADVANCED_FACE ( 'NONE', ( #4649 ), #6116, .T. ) ;
#2208 = VERTEX_POINT ( 'NONE', #1617 ) ;
#2209 = CARTESIAN_POINT ( 'NONE',  ( -2.250000000000680345, 0.000000000000000000, 34.19999999999998153 ) ) ;
#2210 = FACE_OUTER_BOUND ( 'NONE', #4930, .T. ) ;
#2211 = CARTESIAN_POINT ( 'NONE',  ( 0.000000000000000000, 0.000000000000000000, 17.39999999999999858 ) ) ;
#2212 = EDGE_CURVE ( 'NONE', #4200, #3003, #3667, .T. ) ;
#2213 = FACE_OUTER_BOUND ( 'NONE', #1044, .T. ) ;
#2214 = CONICAL_SURFACE ( 'NONE', #5896, 2.250000000000322409, 0.7679448708775163945 ) ;
#2215 = LINE ( 'NONE', #4782, #5180 ) ;
#2216 = ORIENTED_EDGE ( 'NONE', *, *, #4079, .F. ) ;
#2217 = EDGE_CURVE ( 'NONE', #5719, #5534, #1550, .T. ) ;
#2218 = DIRECTION ( 'NONE',  ( -0.000000000000000000, -0.000000000000000000, -1.000000000000000000 ) ) ;
#2219 = VECTOR ( 'NONE', #5486, 1000.000000000000000 ) ;
#2220 = ORIENTED_EDGE ( 'NONE', *, *, #5627, .T. ) ;
#2221 = ORIENTED_EDGE ( 'NONE', *, *, #4058, .F. ) ;
#2222 = DIRECTION ( 'NONE',  ( 0.000000000000000000, 0.000000000000000000, 1.000000000000000000 ) ) ;
#2223 = FACE_OUTER_BOUND ( 'NONE', #3972, .T. ) ;
#2224 = ORIENTED_EDGE ( 'NONE', *, *, #5869, .F. ) ;
#2225 = CIRCLE ( 'NONE', #4318, 1.999999999999318767 ) ;
#2226 = ADVANCED_FACE ( 'NONE', ( #2133 ), #3139, .T. ) ;
#2227 = CARTESIAN_POINT ( 'NONE',  ( 0.000000000000000000, 0.000000000000000000, 0.000000000000000000 ) ) ;
#2228 = FACE_OUTER_BOUND ( 'NONE', #387, .T. ) ;
#2229 = ORIENTED_EDGE ( 'NONE', *, *, #6111, .F. ) ;
#2230 = AXIS2_PLACEMENT_3D ( 'NONE', #4814, #1245, #310 ) ;
#2231 = VERTEX_POINT ( 'NONE', #696 ) ;
#2232 = EDGE_CURVE ( 'NONE', #3200, #42, #6428, .T. ) ;
#2233 = DIRECTION ( 'NONE',  ( -1.000000000000000000, 0.000000000000000000, 0.000000000000000000 ) ) ;
#2234 = DIRECTION ( 'NONE',  ( -1.000000000000000000, 0.000000000000000000, 0.000000000000000000 ) ) ;
#2235 =( LENGTH_UNIT ( ) NAMED_UNIT ( * ) SI_UNIT ( .MILLI., .METRE. ) );
#2236 = AXIS2_PLACEMENT_3D ( 'NONE', #653, #2545, #560 ) ;
#2237 = FACE_OUTER_BOUND ( 'NONE', #3565, .T. ) ;
#2238 = AXIS2_PLACEMENT_3D ( 'NONE', #5507, #6148, #6114 ) ;
#2239 = EDGE_LOOP ( 'NONE', ( #1891, #547, #2400, #4568 ) ) ;
#2240 = EDGE_CURVE ( 'NONE', #4693, #2643, #4324, .T. ) ;
#2241 = AXIS2_PLACEMENT_3D ( 'NONE', #1803, #5801, #658 ) ;
#2242 = DIRECTION ( 'NONE',  ( 0.000000000000000000, 0.000000000000000000, 1.000000000000000000 ) ) ;
#2243 = CYLINDRICAL_SURFACE ( 'NONE', #5709, 1.999999999999297895 ) ;
#2244 = EDGE_CURVE ( 'NONE', #5686, #2847, #4007, .T. ) ;
#2245 = DIRECTION ( 'NONE',  ( -0.000000000000000000, -0.000000000000000000, -1.000000000000000000 ) ) ;
#2246 = EDGE_CURVE ( 'NONE', #4245, #719, #469, .T. ) ;
#2247 = AXIS2_PLACEMENT_3D ( 'NONE', #1102, #1137, #624 ) ;
#2248 = DIRECTION ( 'NONE',  ( -0.000000000000000000, -0.000000000000000000, -1.000000000000000000 ) ) ;
#2249 = LINE ( 'NONE', #6210, #5712 ) ;
#2250 = ORIENTED_EDGE ( 'NONE', *, *, #1217, .F. ) ;
#2251 = CYLINDRICAL_SURFACE ( 'NONE', #3909, 2.349999999999990319 ) ;
#2252 = CIRCLE ( 'NONE', #5937, 1.999999999999352074 ) ;
#2253 = ORIENTED_EDGE ( 'NONE', *, *, #5755, .T. ) ;
#2254 = AXIS2_PLACEMENT_3D ( 'NONE', #1902, #6352, #5832 ) ;
#2255 = ORIENTED_EDGE ( 'NONE', *, *, #6433, .F. ) ;
#2256 = FACE_OUTER_BOUND ( 'NONE', #5753, .T. ) ;
#2257 = ADVANCED_FACE ( 'NONE', ( #6212 ), #2779, .T. ) ;
#2258 = DIRECTION ( 'NONE',  ( 0.000000000000000000, 0.000000000000000000, 1.000000000000000000 ) ) ;
#2259 = ORIENTED_EDGE ( 'NONE', *, *, #4417, .T. ) ;
#2260 = CARTESIAN_POINT ( 'NONE',  ( 1.999999999999268363, 2.449293598293831765E-16, 21.81024260084479138 ) ) ;
#2261 = CARTESIAN_POINT ( 'NONE',  ( -2.250000000000474731, 0.000000000000000000, -2.698918212968115071 ) ) ;
#2262 = APPLICATION_CONTEXT ( 'automotive_design' ) ;
#2263 = DIRECTION ( 'NONE',  ( -0.000000000000000000, -0.000000000000000000, -1.000000000000000000 ) ) ;
#2264 = ORIENTED_EDGE ( 'NONE', *, *, #3636, .F. ) ;
#2265 = ORIENTED_EDGE ( 'NONE', *, *, #4034, .F. ) ;
#2266 = EDGE_CURVE ( 'NONE', #183, #484, #4844, .T. ) ;
#2267 = DIRECTION ( 'NONE',  ( -0.000000000000000000, -0.000000000000000000, -1.000000000000000000 ) ) ;
#2268 = DIRECTION ( 'NONE',  ( -0.6946583704589959218, 8.507111498835255873E-17, 0.7193398003386525241 ) ) ;
#2269 = PRODUCT_CONTEXT ( 'NONE', #2262, 'mechanical' ) ;
#2270 = AXIS2_PLACEMENT_3D ( 'NONE', #5506, #4981, #5604 ) ;
#2271 = CYLINDRICAL_SURFACE ( 'NONE', #2943, 2.250000000000296208 ) ;
#2272 = EDGE_CURVE ( 'NONE', #5966, #2827, #5799, .T. ) ;
#2273 = CIRCLE ( 'NONE', #408, 3.300000000000000266 ) ;
#2274 = ORIENTED_EDGE ( 'NONE', *, *, #3001, .F. ) ;
#2275 = DIRECTION ( 'NONE',  ( 0.6889873220616160587, 0.000000000000000000, 0.7247733921981153182 ) ) ;
#2276 = VECTOR ( 'NONE', #1093, 1000.000000000000114 ) ;
#2277 = CIRCLE ( 'NONE', #5965, 2.349999999999993872 ) ;
#2278 = CARTESIAN_POINT ( 'NONE',  ( -2.500000000000000444, 0.000000000000000000, 4.099999999999999645 ) ) ;
#2279 = CARTESIAN_POINT ( 'NONE',  ( 2.250000000000318412, 2.755455298081934278E-16, 29.54999999999992966 ) ) ;
#2280 = EDGE_CURVE ( 'NONE', #6297, #5891, #5276, .T. ) ;
#2281 = AXIS2_PLACEMENT_3D ( 'NONE', #5808, #4293, #2660 ) ;
#2282 = DIRECTION ( 'NONE',  ( 0.000000000000000000, 0.000000000000000000, 1.000000000000000000 ) ) ;
#2283 = DIRECTION ( 'NONE',  ( -0.6927727648615207290, 0.000000000000000000, -0.7211559444850497158 ) ) ;
#2284 = ADVANCED_FACE ( 'NONE', ( #239 ), #4436, .T. ) ;
#2285 = EDGE_LOOP ( 'NONE', ( #1898, #1206, #835, #131 ) ) ;
#2286 = DIRECTION ( 'NONE',  ( -1.000000000000000000, 0.000000000000000000, 0.000000000000000000 ) ) ;
#2287 = DIRECTION ( 'NONE',  ( -0.000000000000000000, -0.000000000000000000, -1.000000000000000000 ) ) ;
#2288 = ORIENTED_EDGE ( 'NONE', *, *, #5339, .T. ) ;
#2289 = EDGE_LOOP ( 'NONE', ( #4590, #2143, #5183, #5863 ) ) ;
#2290 = LINE ( 'NONE', #1750, #3518 ) ;
#2291 = DIRECTION ( 'NONE',  ( -0.000000000000000000, -0.000000000000000000, -1.000000000000000000 ) ) ;
#2292 = EDGE_LOOP ( 'NONE', ( #2138, #2169, #2497, #4371 ) ) ;
#2293 = EDGE_CURVE ( 'NONE', #5649, #4486, #4636, .T. ) ;
#2294 = CARTESIAN_POINT ( 'NONE',  ( 2.250000000000275779, 0.000000000000000000, 17.39999999999999858 ) ) ;
#2295 = FACE_OUTER_BOUND ( 'NONE', #5189, .T. ) ;
#2296 = CARTESIAN_POINT ( 'NONE',  ( -2.250000000000283773, 0.000000000000000000, 19.79999999999999005 ) ) ;
#2297 = VERTEX_POINT ( 'NONE', #1837 ) ;
#2298 = ORIENTED_EDGE ( 'NONE', *, *, #2280, .T. ) ;
#2299 = DIRECTION ( 'NONE',  ( 1.000000000000000000, 0.000000000000000000, 0.000000000000000000 ) ) ;
#2300 = DIRECTION ( 'NONE',  ( 0.000000000000000000, 0.000000000000000000, 1.000000000000000000 ) ) ;
#2301 = ORIENTED_EDGE ( 'NONE', *, *, #30, .T. ) ;
#2302 = FACE_OUTER_BOUND ( 'NONE', #169, .T. ) ;
#2303 = ORIENTED_EDGE ( 'NONE', *, *, #1424, .F. ) ;
#2304 = CARTESIAN_POINT ( 'NONE',  ( -2.350000000000001865, 0.000000000000000000, 11.40000000000000036 ) ) ;
#2305 = CARTESIAN_POINT ( 'NONE',  ( -1.999999999999226841, 0.000000000000000000, 17.81024260084479494 ) ) ;
#2306 = DIRECTION ( 'NONE',  ( -1.000000000000000000, 0.000000000000000000, 0.000000000000000000 ) ) ;
#2307 = EDGE_CURVE ( 'NONE', #2932, #1678, #822, .T. ) ;
#2308 = CARTESIAN_POINT ( 'NONE',  ( -2.250000000000301981, 0.000000000000000000, 24.74999999999993960 ) ) ;
#2309 = CARTESIAN_POINT ( 'NONE',  ( 0.000000000000000000, 0.000000000000000000, 28.21024260084477930 ) ) ;
#2310 = VERTEX_POINT ( 'NONE', #786 ) ;
#2311 = CIRCLE ( 'NONE', #1272, 1.999999999999330091 ) ;
#2312 = DIRECTION ( 'NONE',  ( -1.000000000000000000, 0.000000000000000000, 0.000000000000000000 ) ) ;
#2313 = VECTOR ( 'NONE', #772, 1000.000000000000000 ) ;
#2314 = ORIENTED_EDGE ( 'NONE', *, *, #2200, .T. ) ;
#2315 = AXIS2_PLACEMENT_3D ( 'NONE', #807, #3656, #5668 ) ;
#2316 = EDGE_LOOP ( 'NONE', ( #5380, #5218, #5054, #2087 ) ) ;
#2317 = DIRECTION ( 'NONE',  ( -0.000000000000000000, -0.000000000000000000, -1.000000000000000000 ) ) ;
#2318 = FACE_OUTER_BOUND ( 'NONE', #6164, .T. ) ;
#2319 = ORIENTED_EDGE ( 'NONE', *, *, #1857, .F. ) ;
#2320 = CARTESIAN_POINT ( 'NONE',  ( -2.250000000000501821, 0.000000000000000000, -2.698918212968115071 ) ) ;
#2321 = CARTESIAN_POINT ( 'NONE',  ( 0.000000000000000000, 0.000000000000000000, -2.698918212968115071 ) ) ;
#2322 = CARTESIAN_POINT ( 'NONE',  ( 0.000000000000000000, 0.000000000000000000, -2.698918212968115071 ) ) ;
#2323 = EDGE_CURVE ( 'NONE', #3301, #704, #5247, .T. ) ;
#2324 = ORIENTED_EDGE ( 'NONE', *, *, #4257, .T. ) ;
#2325 = EDGE_CURVE ( 'NONE', #2431, #65, #1824, .T. ) ;
#2326 = ORIENTED_EDGE ( 'NONE', *, *, #1525, .T. ) ;
#2327 = DIRECTION ( 'NONE',  ( -0.6946583704594718744, 8.507111498841084816E-17, 0.7193398003381928918 ) ) ;
#2328 = VECTOR ( 'NONE', #4632, 1000.000000000000000 ) ;
#2329 = CARTESIAN_POINT ( 'NONE',  ( 0.000000000000000000, 0.000000000000000000, 27.79999999999997584 ) ) ;
#2330 = DIRECTION ( 'NONE',  ( -1.000000000000000000, 0.000000000000000000, 0.000000000000000000 ) ) ;
#2331 = ORIENTED_EDGE ( 'NONE', *, *, #2105, .F. ) ;
#2332 = CONICAL_SURFACE ( 'NONE', #4957, 1.999999999999352074, 0.7653268769994523435 ) ;
#2333 = CARTESIAN_POINT ( 'NONE',  ( 0.000000000000000000, 0.000000000000000000, 13.51221608641805894 ) ) ;
#2334 = ORIENTED_EDGE ( 'NONE', *, *, #1168, .T. ) ;
#2335 = AXIS2_PLACEMENT_3D ( 'NONE', #5641, #34, #2030 ) ;
#2336 = VECTOR ( 'NONE', #5656, 1000.000000000000000 ) ;
#2337 = DIRECTION ( 'NONE',  ( -0.000000000000000000, -0.000000000000000000, -1.000000000000000000 ) ) ;
#2338 = EDGE_CURVE ( 'NONE', #4609, #2077, #2812, .T. ) ;
#2339 = CARTESIAN_POINT ( 'NONE',  ( 0.000000000000000000, 0.000000000000000000, 29.81024260084477717 ) ) ;
#2340 = DIRECTION ( 'NONE',  ( -1.000000000000000000, 0.000000000000000000, 0.000000000000000000 ) ) ;
#2341 = EDGE_CURVE ( 'NONE', #5891, #6297, #2656, .T. ) ;
#2342 = VECTOR ( 'NONE', #4885, 1000.000000000000000 ) ;
#2343 = DIRECTION ( 'NONE',  ( -1.000000000000000000, 0.000000000000000000, 0.000000000000000000 ) ) ;
#2344 = ORIENTED_EDGE ( 'NONE', *, *, #5804, .T. ) ;
#2345 = DIRECTION ( 'NONE',  ( -0.6927727648613810629, 0.000000000000000000, -0.7211559444851838307 ) ) ;
#2346 = EDGE_CURVE ( 'NONE', #1808, #4850, #5711, .T. ) ;
#2347 = AXIS2_PLACEMENT_3D ( 'NONE', #1147, #118, #3995 ) ;
#2348 = ORIENTED_EDGE ( 'NONE', *, *, #6458, .F. ) ;
#2349 = DIRECTION ( 'NONE',  ( -0.000000000000000000, -0.000000000000000000, -1.000000000000000000 ) ) ;
#2350 = DIRECTION ( 'NONE',  ( -0.000000000000000000, -0.000000000000000000, -1.000000000000000000 ) ) ;
#2351 = AXIS2_PLACEMENT_3D ( 'NONE', #3690, #6233, #5702 ) ;
#2352 = VECTOR ( 'NONE', #244, 1000.000000000000000 ) ;
#2353 = EDGE_LOOP ( 'NONE', ( #2924, #4926, #4555, #2813 ) ) ;
#2354 = FACE_OUTER_BOUND ( 'NONE', #1698, .T. ) ;
#2355 = AXIS2_PLACEMENT_3D ( 'NONE', #4177, #6194, #638 ) ;
#2356 = LINE ( 'NONE', #5815, #5795 ) ;
#2357 = FACE_OUTER_BOUND ( 'NONE', #3552, .T. ) ;
#2358 = CIRCLE ( 'NONE', #6154, 2.250000000000632827 ) ;
#2359 = ORIENTED_EDGE ( 'NONE', *, *, #4387, .T. ) ;
#2360 = ORIENTED_EDGE ( 'NONE', *, *, #3004, .F. ) ;
#2361 = CARTESIAN_POINT ( 'NONE',  ( 0.000000000000000000, 0.000000000000000000, -2.698918212968115071 ) ) ;
#2362 = CARTESIAN_POINT ( 'NONE',  ( 0.000000000000000000, 0.000000000000000000, 25.94111742155135758 ) ) ;
#2363 = ORIENTED_EDGE ( 'NONE', *, *, #675, .T. ) ;
#2364 = AXIS2_PLACEMENT_3D ( 'NONE', #2089, #2534, #3681 ) ;
#2365 = EDGE_CURVE ( 'NONE', #5245, #3248, #1303, .T. ) ;
#2366 = LINE ( 'NONE', #959, #3362 ) ;
#2367 = ORIENTED_EDGE ( 'NONE', *, *, #117, .T. ) ;
#2368 = CIRCLE ( 'NONE', #1663, 1.600000000000002087 ) ;
#2369 = CARTESIAN_POINT ( 'NONE',  ( 2.250000000000316192, 2.755455298081931320E-16, 28.74999999999992895 ) ) ;
#2370 = ORIENTED_EDGE ( 'NONE', *, *, #4129, .T. ) ;
#2371 = CIRCLE ( 'NONE', #6057, 1.999999999999235500 ) ;
#2372 = ADVANCED_FACE ( 'NONE', ( #849 ), #2251, .T. ) ;
#2373 = ADVANCED_FACE ( 'NONE', ( #1210 ), #731, .T. ) ;
#2374 = LINE ( 'NONE', #423, #73 ) ;
#2375 = CIRCLE ( 'NONE', #717, 4.499999999999997335 ) ;
#2376 = DIRECTION ( 'NONE',  ( -0.000000000000000000, -0.000000000000000000, -1.000000000000000000 ) ) ;
#2377 = CONICAL_SURFACE ( 'NONE', #193, 1.999999999999402034, 0.7653268769994305831 ) ;
#2378 = AXIS2_PLACEMENT_3D ( 'NONE', #1610, #3434, #4613 ) ;
#2379 = DIRECTION ( 'NONE',  ( -0.000000000000000000, -0.000000000000000000, -1.000000000000000000 ) ) ;
#2380 = AXIS2_PLACEMENT_3D ( 'NONE', #3349, #5390, #2892 ) ;
#2381 = CARTESIAN_POINT ( 'NONE',  ( 1.899999999999993916, 2.326828918379964955E-16, 8.523381939944311370 ) ) ;
#2382 = VECTOR ( 'NONE', #2526, 1000.000000000000000 ) ;
#2383 = ORIENTED_EDGE ( 'NONE', *, *, #6382, .F. ) ;
#2384 = CARTESIAN_POINT ( 'NONE',  ( 0.000000000000000000, 0.000000000000000000, 18.99999999999999645 ) ) ;
#2385 = VECTOR ( 'NONE', #1382, 1000.000000000000000 ) ;
#2386 = ADVANCED_FACE ( 'NONE', ( #6241 ), #4329, .T. ) ;
#2387 = CIRCLE ( 'NONE', #1029, 2.265437129225214008 ) ;
#2388 = CIRCLE ( 'NONE', #3225, 1.999999999999368505 ) ;
#2389 = VERTEX_POINT ( 'NONE', #5941 ) ;
#2390 = DIRECTION ( 'NONE',  ( -0.8957117602394155664, 0.000000000000000000, -0.4446351791849219581 ) ) ;
#2391 = CYLINDRICAL_SURFACE ( 'NONE', #5920, 2.265437129225214008 ) ;
#2392 = ORIENTED_EDGE ( 'NONE', *, *, #5394, .F. ) ;
#2393 = CARTESIAN_POINT ( 'NONE',  ( -2.250000000000617284, 0.000000000000000000, -2.698918212968115071 ) ) ;
#2394 = FACE_OUTER_BOUND ( 'NONE', #3226, .T. ) ;
#2395 = CARTESIAN_POINT ( 'NONE',  ( 0.000000000000000000, 0.000000000000000000, -2.698918212968115071 ) ) ;
#2396 = VERTEX_POINT ( 'NONE', #5976 ) ;
#2397 = ORIENTED_EDGE ( 'NONE', *, *, #2217, .F. ) ;
#2398 = DIRECTION ( 'NONE',  ( -1.000000000000000000, 0.000000000000000000, 0.000000000000000000 ) ) ;
#2399 = CYLINDRICAL_SURFACE ( 'NONE', #2772, 1.999999999999398037 ) ;
#2400 = ORIENTED_EDGE ( 'NONE', *, *, #450, .F. ) ;
#2401 = DIRECTION ( 'NONE',  ( -0.000000000000000000, -0.000000000000000000, -1.000000000000000000 ) ) ;
#2402 = EDGE_CURVE ( 'NONE', #4627, #566, #4755, .T. ) ;
#2403 = DIRECTION ( 'NONE',  ( -1.000000000000000000, 0.000000000000000000, 0.000000000000000000 ) ) ;
#2404 = EDGE_CURVE ( 'NONE', #5894, #1457, #1403, .T. ) ;
#2405 = EDGE_CURVE ( 'NONE', #152, #2130, #1087, .T. ) ;
#2406 = VERTEX_POINT ( 'NONE', #1441 ) ;
#2407 = DIRECTION ( 'NONE',  ( -1.000000000000000000, 0.000000000000000000, 0.000000000000000000 ) ) ;
#2408 = ORIENTED_EDGE ( 'NONE', *, *, #6382, .T. ) ;
#2409 = FACE_OUTER_BOUND ( 'NONE', #5034, .T. ) ;
#2410 = CARTESIAN_POINT ( 'NONE',  ( 0.000000000000000000, 0.000000000000000000, 23.41024260084478925 ) ) ;
#2411 = LINE ( 'NONE', #553, #518 ) ;
#2412 = EDGE_CURVE ( 'NONE', #5649, #1148, #5405, .T. ) ;
#2413 = FACE_OUTER_BOUND ( 'NONE', #5752, .T. ) ;
#2414 = ORIENTED_EDGE ( 'NONE', *, *, #1878, .T. ) ;
#2415 = DIRECTION ( 'NONE',  ( 1.000000000000000000, 0.000000000000000000, 0.000000000000000000 ) ) ;
#2416 = LINE ( 'NONE', #4948, #1460 ) ;
#2417 = AXIS2_PLACEMENT_3D ( 'NONE', #2092, #5629, #4045 ) ;
#2418 = FACE_OUTER_BOUND ( 'NONE', #1790, .T. ) ;
#2419 = EDGE_LOOP ( 'NONE', ( #6478, #4792, #673, #5023 ) ) ;
#2420 = ADVANCED_FACE ( 'NONE', ( #4487 ), #1191, .T. ) ;
#2421 = CARTESIAN_POINT ( 'NONE',  ( 2.250000000000614619, 2.755455298082297647E-16, -2.698918212968115071 ) ) ;
#2422 = DIRECTION ( 'NONE',  ( -0.6927727648613485334, 0.000000000000000000, -0.7211559444852151390 ) ) ;
#2423 = EDGE_CURVE ( 'NONE', #4228, #6175, #874, .T. ) ;
#2424 = AXIS2_PLACEMENT_3D ( 'NONE', #3850, #355, #932 ) ;
#2425 = DIRECTION ( 'NONE',  ( -1.224646799147353207E-16, 1.000000000000000000, 0.000000000000000000 ) ) ;
#2426 = VERTEX_POINT ( 'NONE', #2934 ) ;
#2427 = ORIENTED_EDGE ( 'NONE', *, *, #5627, .F. ) ;
#2428 = LINE ( 'NONE', #6436, #2794 ) ;
#2429 = DIRECTION ( 'NONE',  ( -0.6946583704590050257, 8.507111498835368040E-17, 0.7193398003386436423 ) ) ;
#2430 = EDGE_CURVE ( 'NONE', #1766, #4868, #4856, .T. ) ;
#2431 = VERTEX_POINT ( 'NONE', #2449 ) ;
#2432 = AXIS2_PLACEMENT_3D ( 'NONE', #4370, #6380, #2403 ) ;
#2433 = CARTESIAN_POINT ( 'NONE',  ( -1.999999999999326983, 0.000000000000000000, 27.41024260084538966 ) ) ;
#2434 = AXIS2_PLACEMENT_3D ( 'NONE', #2048, #6025, #3025 ) ;
#2435 = ORIENTED_EDGE ( 'NONE', *, *, #3970, .T. ) ;
#2436 = CARTESIAN_POINT ( 'NONE',  ( 0.000000000000000000, 0.000000000000000000, 28.59999999999998010 ) ) ;
#2437 = EDGE_LOOP ( 'NONE', ( #6038, #1587, #505, #1865 ) ) ;
#2438 = FACE_OUTER_BOUND ( 'NONE', #2353, .T. ) ;
#2439 = AXIS2_PLACEMENT_3D ( 'NONE', #832, #3309, #1158 ) ;
#2440 = CYLINDRICAL_SURFACE ( 'NONE', #4880, 2.250000000000614619 ) ;
#2441 = DIRECTION ( 'NONE',  ( -1.000000000000000000, 0.000000000000000000, 0.000000000000000000 ) ) ;
#2442 = DIRECTION ( 'NONE',  ( -1.000000000000000000, 0.000000000000000000, 0.000000000000000000 ) ) ;
#2443 = VECTOR ( 'NONE', #1746, 1000.000000000000000 ) ;
#2444 = EDGE_CURVE ( 'NONE', #1877, #215, #4386, .T. ) ;
#2445 = FACE_OUTER_BOUND ( 'NONE', #4833, .T. ) ;
#2446 = EDGE_LOOP ( 'NONE', ( #5682, #4635, #2751, #3372 ) ) ;
#2447 = LINE ( 'NONE', #3, #165 ) ;
#2448 = ADVANCED_FACE ( 'NONE', ( #3008 ), #4882, .T. ) ;
#2449 = CARTESIAN_POINT ( 'NONE',  ( -1.900000000000001688, 2.602374448188127322E-16, 10.91658899635839752 ) ) ;
#2450 = CIRCLE ( 'NONE', #4650, 1.999999999999318767 ) ;
#2451 = DIRECTION ( 'NONE',  ( -1.000000000000000000, 0.000000000000000000, 0.000000000000000000 ) ) ;
#2452 = ORIENTED_EDGE ( 'NONE', *, *, #2709, .F. ) ;
#2453 = AXIS2_PLACEMENT_3D ( 'NONE', #5747, #3166, #5275 ) ;
#2454 = DIRECTION ( 'NONE',  ( -0.000000000000000000, -0.000000000000000000, -1.000000000000000000 ) ) ;
#2455 = DIRECTION ( 'NONE',  ( -1.000000000000000000, 0.000000000000000000, 0.000000000000000000 ) ) ;
#2456 = DIRECTION ( 'NONE',  ( -0.000000000000000000, -0.000000000000000000, -1.000000000000000000 ) ) ;
#2457 = ORIENTED_EDGE ( 'NONE', *, *, #3584, .F. ) ;
#2458 = ORIENTED_EDGE ( 'NONE', *, *, #5776, .F. ) ;
#2459 = CYLINDRICAL_SURFACE ( 'NONE', #1566, 1.999999999999414468 ) ;
#2460 = CARTESIAN_POINT ( 'NONE',  ( -2.250000000000299316, 0.000000000000000000, 23.94999999999998508 ) ) ;
#2461 = CIRCLE ( 'NONE', #70, 2.250000000000305089 ) ;
#2462 = ORIENTED_EDGE ( 'NONE', *, *, #4737, .F. ) ;
#2463 = LINE ( 'NONE', #3998, #6184 ) ;
#2464 = CIRCLE ( 'NONE', #2060, 1.999999999999360289 ) ;
#2465 = DIRECTION ( 'NONE',  ( -1.000000000000000000, 0.000000000000000000, 0.000000000000000000 ) ) ;
#2466 = EDGE_LOOP ( 'NONE', ( #4072, #5909, #5658, #3249 ) ) ;
#2467 = DIRECTION ( 'NONE',  ( -0.6946583704590054698, 8.507111498835374203E-17, 0.7193398003386431983 ) ) ;
#2468 = ORIENTED_EDGE ( 'NONE', *, *, #2047, .T. ) ;
#2469 = CARTESIAN_POINT ( 'NONE',  ( 0.000000000000000000, 0.000000000000000000, 6.949999999999999289 ) ) ;
#2470 = CARTESIAN_POINT ( 'NONE',  ( 0.000000000000000000, 0.000000000000000000, 18.19999999999999574 ) ) ;
#2471 = DIRECTION ( 'NONE',  ( -0.000000000000000000, -0.000000000000000000, -1.000000000000000000 ) ) ;
#2472 = EDGE_CURVE ( 'NONE', #50, #6339, #3075, .T. ) ;
#2473 = DIRECTION ( 'NONE',  ( -0.000000000000000000, -0.000000000000000000, -1.000000000000000000 ) ) ;
#2474 = VECTOR ( 'NONE', #1948, 1000.000000000000000 ) ;
#2475 = EDGE_LOOP ( 'NONE', ( #2458, #1151, #6242, #4075 ) ) ;
#2476 = ORIENTED_EDGE ( 'NONE', *, *, #5303, .T. ) ;
#2477 = EDGE_CURVE ( 'NONE', #2634, #1578, #4915, .T. ) ;
#2478 = CARTESIAN_POINT ( 'NONE',  ( 2.250000000000663469, 0.000000000000000000, 32.59999999999997300 ) ) ;
#2479 = AXIS2_PLACEMENT_3D ( 'NONE', #1974, #2317, #2871 ) ;
#2480 = DIRECTION ( 'NONE',  ( 0.6946583704594623265, 0.000000000000000000, 0.7193398003382022177 ) ) ;
#2481 = ADVANCED_FACE ( 'NONE', ( #3361 ), #5379, .T. ) ;
#2482 = AXIS2_PLACEMENT_3D ( 'NONE', #1010, #3011, #533 ) ;
#2483 = AXIS2_PLACEMENT_3D ( 'NONE', #4312, #3793, #5704 ) ;
#2484 = DIRECTION ( 'NONE',  ( -0.6946583704590093555, 8.507111498835422274E-17, 0.7193398003386394235 ) ) ;
#2485 = DIRECTION ( 'NONE',  ( -1.000000000000000000, 0.000000000000000000, 0.000000000000000000 ) ) ;
#2486 = ORIENTED_EDGE ( 'NONE', *, *, #1463, .T. ) ;
#2487 = DIRECTION ( 'NONE',  ( 1.000000000000000000, 0.000000000000000000, 0.000000000000000000 ) ) ;
#2488 = VECTOR ( 'NONE', #4767, 1000.000000000000000 ) ;
#2489 = CYLINDRICAL_SURFACE ( 'NONE', #6126, 1.999999999999287015 ) ;
#2490 = CIRCLE ( 'NONE', #618, 2.250000000000297096 ) ;
#2491 = CONICAL_SURFACE ( 'NONE', #5216, 1.899999999999986366, 1.110029404268418896 ) ;
#2492 = ORIENTED_EDGE ( 'NONE', *, *, #4359, .F. ) ;
#2493 = ORIENTED_EDGE ( 'NONE', *, *, #2338, .F. ) ;
#2494 = CARTESIAN_POINT ( 'NONE',  ( -1.999999999999235500, 0.000000000000000000, 18.61024260084479565 ) ) ;
#2495 = ADVANCED_FACE ( 'NONE', ( #4351 ), #5874, .T. ) ;
#2496 = CARTESIAN_POINT ( 'NONE',  ( 0.000000000000000000, 0.000000000000000000, 15.25000000000000178 ) ) ;
#2497 = ORIENTED_EDGE ( 'NONE', *, *, #1290, .T. ) ;
#2498 = CARTESIAN_POINT ( 'NONE',  ( 0.000000000000000000, 0.000000000000000000, -2.698918212968115071 ) ) ;
#2499 = DIRECTION ( 'NONE',  ( -1.000000000000000000, 0.000000000000000000, 0.000000000000000000 ) ) ;
#2500 = ADVANCED_FACE ( 'NONE', ( #1879 ), #2966, .T. ) ;
#2501 = ORIENTED_EDGE ( 'NONE', *, *, #4375, .T. ) ;
#2502 = DIRECTION ( 'NONE',  ( -0.000000000000000000, -0.000000000000000000, -1.000000000000000000 ) ) ;
#2503 = ORIENTED_EDGE ( 'NONE', *, *, #2095, .F. ) ;
#2504 = DIRECTION ( 'NONE',  ( 1.000000000000000000, 0.000000000000000000, 0.000000000000000000 ) ) ;
#2505 = CARTESIAN_POINT ( 'NONE',  ( -2.349999999999990319, 0.000000000000000000, 6.949999999999999289 ) ) ;
#2506 = DIRECTION ( 'NONE',  ( -1.000000000000000000, 0.000000000000000000, 0.000000000000000000 ) ) ;
#2507 = FACE_OUTER_BOUND ( 'NONE', #3210, .T. ) ;
#2508 = ORIENTED_EDGE ( 'NONE', *, *, #5657, .F. ) ;
#2509 = ORIENTED_EDGE ( 'NONE', *, *, #226, .F. ) ;
#2510 = ORIENTED_EDGE ( 'NONE', *, *, #5542, .T. ) ;
#2511 = CARTESIAN_POINT ( 'NONE',  ( 0.000000000000000000, 0.000000000000000000, 10.72338193994432132 ) ) ;
#2512 = DIRECTION ( 'NONE',  ( -1.000000000000000000, 0.000000000000000000, 0.000000000000000000 ) ) ;
#2513 = EDGE_CURVE ( 'NONE', #4239, #1038, #4962, .T. ) ;
#2514 = EDGE_CURVE ( 'NONE', #5532, #5229, #2867, .T. ) ;
#2515 = DIRECTION ( 'NONE',  ( -1.000000000000000000, 0.000000000000000000, 0.000000000000000000 ) ) ;
#2516 = DIRECTION ( 'NONE',  ( -0.8957117602394241151, 0.000000000000000000, -0.4446351791849048052 ) ) ;
#2517 = ADVANCED_FACE ( 'NONE', ( #399 ), #3172, .T. ) ;
#2518 = CARTESIAN_POINT ( 'NONE',  ( 0.000000000000000000, 0.000000000000000000, 35.69644696862068400 ) ) ;
#2519 = CARTESIAN_POINT ( 'NONE',  ( -1.899999999999986366, 0.000000000000000000, 6.323381939944311192 ) ) ;
#2520 = EDGE_CURVE ( 'NONE', #4078, #1286, #4090, .T. ) ;
#2521 = ORIENTED_EDGE ( 'NONE', *, *, #6061, .T. ) ;
#2522 = ORIENTED_EDGE ( 'NONE', *, *, #3812, .F. ) ;
#2523 = CARTESIAN_POINT ( 'NONE',  ( 0.000000000000000000, 0.000000000000000000, 27.94999999999993179 ) ) ;
#2524 = LINE ( 'NONE', #6053, #2336 ) ;
#2525 = ORIENTED_EDGE ( 'NONE', *, *, #1408, .F. ) ;
#2526 = DIRECTION ( 'NONE',  ( -0.6927727648614158129, 0.000000000000000000, -0.7211559444851505241 ) ) ;
#2527 = VECTOR ( 'NONE', #3062, 1000.000000000000000 ) ;
#2528 = ADVANCED_FACE ( 'NONE', ( #4512 ), #6024, .T. ) ;
#2529 = CARTESIAN_POINT ( 'NONE',  ( 2.265437129225214452, 2.774360328975227896E-16, 14.55000000000000249 ) ) ;
#2530 = ORIENTED_EDGE ( 'NONE', *, *, #94, .T. ) ;
#2531 = ORIENTED_EDGE ( 'NONE', *, *, #3564, .F. ) ;
#2532 = CARTESIAN_POINT ( 'NONE',  ( 0.000000000000000000, 0.000000000000000000, 35.14999999999994174 ) ) ;
#2533 = VECTOR ( 'NONE', #1426, 1000.000000000000114 ) ;
#2534 = DIRECTION ( 'NONE',  ( -0.000000000000000000, -0.000000000000000000, -1.000000000000000000 ) ) ;
#2535 = CARTESIAN_POINT ( 'NONE',  ( 1.999999999999360289, 0.000000000000000000, 28.34111742155101510 ) ) ;
#2536 = FACE_OUTER_BOUND ( 'NONE', #3992, .T. ) ;
#2537 = DIRECTION ( 'NONE',  ( -0.6946583704594623265, 8.507111498840968952E-17, 0.7193398003382022177 ) ) ;
#2538 = DIRECTION ( 'NONE',  ( -1.000000000000000000, 0.000000000000000000, 0.000000000000000000 ) ) ;
#2539 = ORIENTED_EDGE ( 'NONE', *, *, #6077, .T. ) ;
#2540 = VECTOR ( 'NONE', #5155, 1000.000000000000000 ) ;
#2541 = VERTEX_POINT ( 'NONE', #1643 ) ;
#2542 = EDGE_CURVE ( 'NONE', #719, #4245, #4642, .T. ) ;
#2543 = ORIENTED_EDGE ( 'NONE', *, *, #3353, .F. ) ;
#2544 = CARTESIAN_POINT ( 'NONE',  ( -2.250000000000283773, 2.755455298081892370E-16, 19.79999999999999005 ) ) ;
#2545 = DIRECTION ( 'NONE',  ( -0.000000000000000000, -0.000000000000000000, -1.000000000000000000 ) ) ;
#2546 = CIRCLE ( 'NONE', #264, 1.999999999999376943 ) ;
#2547 = CARTESIAN_POINT ( 'NONE',  ( 0.000000000000000000, 0.000000000000000000, 18.34999999999999076 ) ) ;
#2548 = CARTESIAN_POINT ( 'NONE',  ( -2.250000000000310418, 0.000000000000000000, 27.14999999999993108 ) ) ;
#2549 = ADVANCED_FACE ( 'NONE', ( #1138 ), #5705, .T. ) ;
#2550 = FACE_OUTER_BOUND ( 'NONE', #159, .T. ) ;
#2551 = CARTESIAN_POINT ( 'NONE',  ( -2.349999999999993872, 0.000000000000000000, 8.050000000000000711 ) ) ;
#2552 = EDGE_LOOP ( 'NONE', ( #6060, #2253, #4048, #6243 ) ) ;
#2553 = ORIENTED_EDGE ( 'NONE', *, *, #5644, .T. ) ;
#2554 = DIRECTION ( 'NONE',  ( -0.000000000000000000, -0.000000000000000000, -1.000000000000000000 ) ) ;
#2555 = DIRECTION ( 'NONE',  ( -0.6927727648614048217, 0.000000000000000000, -0.7211559444851611822 ) ) ;
#2556 = CIRCLE ( 'NONE', #1516, 1.999999999999402034 ) ;
#2557 = ORIENTED_EDGE ( 'NONE', *, *, #234, .F. ) ;
#2558 = DIRECTION ( 'NONE',  ( -0.000000000000000000, -0.000000000000000000, -1.000000000000000000 ) ) ;
#2559 = DIRECTION ( 'NONE',  ( -1.000000000000000000, 0.000000000000000000, 0.000000000000000000 ) ) ;
#2560 = ADVANCED_FACE ( 'NONE', ( #135 ), #4018, .T. ) ;
#2561 = CIRCLE ( 'NONE', #689, 1.999999999999346523 ) ;
#2562 = AXIS2_PLACEMENT_3D ( 'NONE', #4929, #1920, #5859 ) ;
#2563 = ORIENTED_EDGE ( 'NONE', *, *, #2107, .T. ) ;
#2564 = ORIENTED_EDGE ( 'NONE', *, *, #3837, .F. ) ;
#2565 = ORIENTED_EDGE ( 'NONE', *, *, #6035, .T. ) ;
#2566 = ADVANCED_FACE ( 'NONE', ( #5134 ), #1609, .T. ) ;
#2567 = DIRECTION ( 'NONE',  ( -1.000000000000000000, 0.000000000000000000, 0.000000000000000000 ) ) ;
#2568 = ADVANCED_FACE ( 'NONE', ( #3039 ), #3100, .T. ) ;
#2569 = VECTOR ( 'NONE', #3193, 1000.000000000000000 ) ;
#2570 = DIRECTION ( 'NONE',  ( -0.000000000000000000, -0.000000000000000000, -1.000000000000000000 ) ) ;
#2571 = AXIS2_PLACEMENT_3D ( 'NONE', #219, #5784, #5316 ) ;
#2572 = DIRECTION ( 'NONE',  ( 1.000000000000000000, 0.000000000000000000, 0.000000000000000000 ) ) ;
#2573 = AXIS2_PLACEMENT_3D ( 'NONE', #4571, #2021, #25 ) ;
#2574 = EDGE_LOOP ( 'NONE', ( #5298, #2034, #775, #2493 ) ) ;
#2575 = ADVANCED_FACE ( 'NONE', ( #4055 ), #6041, .T. ) ;
#2576 = ORIENTED_EDGE ( 'NONE', *, *, #5669, .T. ) ;
#2577 = CARTESIAN_POINT ( 'NONE',  ( 0.000000000000000000, 0.000000000000000000, -2.698918212968115071 ) ) ;
#2578 = DIRECTION ( 'NONE',  ( -1.000000000000000000, 0.000000000000000000, 0.000000000000000000 ) ) ;
#2579 = CIRCLE ( 'NONE', #4156, 1.899999999999990141 ) ;
#2580 = CARTESIAN_POINT ( 'NONE',  ( 0.000000000000000000, 0.000000000000000000, 7.653271633436568244 ) ) ;
#2581 = DIRECTION ( 'NONE',  ( -1.000000000000000000, 0.000000000000000000, 0.000000000000000000 ) ) ;
#2582 = VECTOR ( 'NONE', #1811, 1000.000000000000000 ) ;
#2583 = CARTESIAN_POINT ( 'NONE',  ( 0.000000000000000000, 0.000000000000000000, 19.54111742155136611 ) ) ;
#2584 = AXIS2_PLACEMENT_3D ( 'NONE', #562, #4020, #6082 ) ;
#2585 = ORIENTED_EDGE ( 'NONE', *, *, #4217, .T. ) ;
#2586 = DIRECTION ( 'NONE',  ( -1.000000000000000000, 0.000000000000000000, 0.000000000000000000 ) ) ;
#2587 = DIRECTION ( 'NONE',  ( 0.6927727648613641875, 8.484019490239317125E-17, -0.7211559444852000400 ) ) ;
#2588 = ADVANCED_FACE ( 'NONE', ( #3661 ), #2124, .T. ) ;
#2589 = VECTOR ( 'NONE', #3599, 1000.000000000000000 ) ;
#2590 = TOROIDAL_SURFACE ( 'NONE', #3637, 3.299999999999997158, 1.500000000000000444 ) ;
#2591 = CONICAL_SURFACE ( 'NONE', #6363, 2.349999999999990319, 0.8482300164692492261 ) ;
#2592 = VERTEX_POINT ( 'NONE', #3528 ) ;
#2593 = ORIENTED_EDGE ( 'NONE', *, *, #1362, .T. ) ;
#2594 = LINE ( 'NONE', #3994, #4682 ) ;
#2595 = CARTESIAN_POINT ( 'NONE',  ( 0.000000000000000000, 0.000000000000000000, -2.698918212968115071 ) ) ;
#2596 = ORIENTED_EDGE ( 'NONE', *, *, #2098, .F. ) ;
#2597 = VECTOR ( 'NONE', #836, 1000.000000000000000 ) ;
#2598 = DIRECTION ( 'NONE',  ( -1.000000000000000000, 0.000000000000000000, 0.000000000000000000 ) ) ;
#2599 = VECTOR ( 'NONE', #1526, 1000.000000000000000 ) ;
#2600 = CIRCLE ( 'NONE', #5751, 2.250000000000313527 ) ;
#2601 = DIRECTION ( 'NONE',  ( -1.000000000000000000, 0.000000000000000000, 0.000000000000000000 ) ) ;
#2602 = ORIENTED_EDGE ( 'NONE', *, *, #5127, .F. ) ;
#2603 = ORIENTED_EDGE ( 'NONE', *, *, #2829, .T. ) ;
#2604 = AXIS2_PLACEMENT_3D ( 'NONE', #1177, #6217, #3171 ) ;
#2605 = DIRECTION ( 'NONE',  ( -0.000000000000000000, -0.000000000000000000, -1.000000000000000000 ) ) ;
#2606 = DIRECTION ( 'NONE',  ( -1.000000000000000000, 0.000000000000000000, 0.000000000000000000 ) ) ;
#2607 = CARTESIAN_POINT ( 'NONE',  ( 2.250000000000322409, 0.000000000000000000, 30.99999999999997158 ) ) ;
#2608 = ADVANCED_FACE ( 'NONE', ( #6180 ), #5540, .T. ) ;
#2609 = DIRECTION ( 'NONE',  ( 1.000000000000000000, 0.000000000000000000, 0.000000000000000000 ) ) ;
#2610 = ADVANCED_FACE ( 'NONE', ( #4547 ), #67, .T. ) ;
#2611 = CARTESIAN_POINT ( 'NONE',  ( 0.000000000000000000, 0.000000000000000000, 23.79999999999998650 ) ) ;
#2612 = EDGE_CURVE ( 'NONE', #6017, #4623, #6325, .T. ) ;
#2613 = CARTESIAN_POINT ( 'NONE',  ( 1.999999999999385158, 2.449293598293953052E-16, 33.01024260084477646 ) ) ;
#2614 = EDGE_LOOP ( 'NONE', ( #4943, #2166, #1813, #5661 ) ) ;
#2615 = ORIENTED_EDGE ( 'NONE', *, *, #3952, .F. ) ;
#2616 = CARTESIAN_POINT ( 'NONE',  ( -1.999999999999393818, 0.000000000000000000, 33.81024260084478072 ) ) ;
#2617 = DIRECTION ( 'NONE',  ( -1.000000000000000000, 0.000000000000000000, 0.000000000000000000 ) ) ;
#2618 = DIRECTION ( 'NONE',  ( -0.6927727648613485334, 0.000000000000000000, -0.7211559444852151390 ) ) ;
#2619 = ADVANCED_FACE ( 'NONE', ( #5673 ), #1166, .T. ) ;
#2620 = CYLINDRICAL_SURFACE ( 'NONE', #1562, 1.999999999999331202 ) ;
#2621 = CARTESIAN_POINT ( 'NONE',  ( 0.000000000000000000, 0.000000000000000000, 7.700000000000000178 ) ) ;
#2622 = ORIENTED_EDGE ( 'NONE', *, *, #4417, .F. ) ;
#2623 = DIRECTION ( 'NONE',  ( -0.000000000000000000, -0.000000000000000000, -1.000000000000000000 ) ) ;
#2624 = CARTESIAN_POINT ( 'NONE',  ( -1.899999999999991918, 0.000000000000000000, -2.698918212968115071 ) ) ;
#2625 = EDGE_LOOP ( 'NONE', ( #5779, #2051, #1374, #1085 ) ) ;
#2626 = ORIENTED_EDGE ( 'NONE', *, *, #3490, .F. ) ;
#2627 = FACE_OUTER_BOUND ( 'NONE', #4291, .T. ) ;
#2628 = EDGE_CURVE ( 'NONE', #3248, #877, #4581, .T. ) ;
#2629 = CARTESIAN_POINT ( 'NONE',  ( -1.999999999999243716, 0.000000000000000000, 19.41024260084479280 ) ) ;
#2630 = VERTEX_POINT ( 'NONE', #2278 ) ;
#2631 = DIRECTION ( 'NONE',  ( -1.000000000000000000, 0.000000000000000000, 0.000000000000000000 ) ) ;
#2632 = DIRECTION ( 'NONE',  ( -0.000000000000000000, -0.000000000000000000, -1.000000000000000000 ) ) ;
#2633 = ORIENTED_EDGE ( 'NONE', *, *, #1729, .F. ) ;
#2634 = VERTEX_POINT ( 'NONE', #6205 ) ;
#2635 = ORIENTED_EDGE ( 'NONE', *, *, #4214, .F. ) ;
#2636 = LINE ( 'NONE', #3059, #4178 ) ;
#2637 = CARTESIAN_POINT ( 'NONE',  ( 0.000000000000000000, 0.000000000000000000, 19.41024260084479280 ) ) ;
#2638 = CIRCLE ( 'NONE', #655, 2.250000000000288658 ) ;
#2639 = FACE_OUTER_BOUND ( 'NONE', #4462, .T. ) ;
#2640 = SURFACE_STYLE_FILL_AREA ( #3063 ) ;
#2641 = CIRCLE ( 'NONE', #139, 2.327585631254335485 ) ;
#2642 = EDGE_CURVE ( 'NONE', #436, #6174, #4017, .T. ) ;
#2643 = VERTEX_POINT ( 'NONE', #2769 ) ;
#2644 = ORIENTED_EDGE ( 'NONE', *, *, #1195, .F. ) ;
#2645 = AXIS2_PLACEMENT_3D ( 'NONE', #6411, #3904, #5923 ) ;
#2646 = DIRECTION ( 'NONE',  ( -0.000000000000000000, -0.000000000000000000, -1.000000000000000000 ) ) ;
#2647 = CARTESIAN_POINT ( 'NONE',  ( 0.000000000000000000, 0.000000000000000000, -2.698918212968115071 ) ) ;
#2648 = DIRECTION ( 'NONE',  ( -1.000000000000000000, 0.000000000000000000, 0.000000000000000000 ) ) ;
#2649 = AXIS2_PLACEMENT_3D ( 'NONE', #5017, #5982, #4024 ) ;
#2650 = UNCERTAINTY_MEASURE_WITH_UNIT (LENGTH_MEASURE( 1.000000000000000082E-05 ), #2235, 'distance_accuracy_value', 'NONE');
#2651 = CARTESIAN_POINT ( 'NONE',  ( 0.000000000000000000, 0.000000000000000000, -2.698918212968115071 ) ) ;
#2652 = DIRECTION ( 'NONE',  ( -1.000000000000000000, 0.000000000000000000, 0.000000000000000000 ) ) ;
#2653 = ORIENTED_EDGE ( 'NONE', *, *, #4400, .F. ) ;
#2654 = ADVANCED_FACE ( 'NONE', ( #4742 ), #2243, .T. ) ;
#2655 = CYLINDRICAL_SURFACE ( 'NONE', #5421, 2.250000000000480060 ) ;
#2656 = CIRCLE ( 'NONE', #2230, 1.999999999999332978 ) ;
#2657 = CARTESIAN_POINT ( 'NONE',  ( -2.265437129225214452, 0.000000000000000000, 14.55000000000000249 ) ) ;
#2658 = ORIENTED_EDGE ( 'NONE', *, *, #4543, .F. ) ;
#2659 = ORIENTED_EDGE ( 'NONE', *, *, #3353, .T. ) ;
#2660 = DIRECTION ( 'NONE',  ( -1.000000000000000000, 0.000000000000000000, 0.000000000000000000 ) ) ;
#2661 = FACE_OUTER_BOUND ( 'NONE', #338, .T. ) ;
#2662 = VERTEX_POINT ( 'NONE', #201 ) ;
#2663 = CARTESIAN_POINT ( 'NONE',  ( 2.250000000000283773, 2.755455298081892863E-16, 19.79999999999999005 ) ) ;
#2664 = AXIS2_PLACEMENT_3D ( 'NONE', #3194, #3725, #2716 ) ;
#2665 = CARTESIAN_POINT ( 'NONE',  ( 0.000000000000000000, 0.000000000000000000, 32.59999999999997300 ) ) ;
#2666 = ORIENTED_EDGE ( 'NONE', *, *, #5528, .T. ) ;
#2667 = VECTOR ( 'NONE', #6, 1000.000000000000000 ) ;
#2668 = VERTEX_POINT ( 'NONE', #725 ) ;
#2669 = DIRECTION ( 'NONE',  ( -1.000000000000000000, 0.000000000000000000, 0.000000000000000000 ) ) ;
#2670 = FACE_OUTER_BOUND ( 'NONE', #6092, .T. ) ;
#2671 = CARTESIAN_POINT ( 'NONE',  ( -1.999999999999360289, 0.000000000000000000, 30.61024260084477078 ) ) ;
#2672 = CYLINDRICAL_SURFACE ( 'NONE', #259, 1.999999999999364286 ) ;
#2673 = CARTESIAN_POINT ( 'NONE',  ( 2.350000000000036060, 2.877919977996324201E-16, 10.49999999999999112 ) ) ;
#2674 = ORIENTED_EDGE ( 'NONE', *, *, #1473, .F. ) ;
#2675 = AXIS2_PLACEMENT_3D ( 'NONE', #3132, #2029, #652 ) ;
#2676 = VECTOR ( 'NONE', #1216, 1000.000000000000000 ) ;
#2677 = ORIENTED_EDGE ( 'NONE', *, *, #3469, .F. ) ;
#2678 = CIRCLE ( 'NONE', #5616, 2.349999999999990319 ) ;
#2679 = ADVANCED_FACE ( 'NONE', ( #2187 ), #985, .T. ) ;
#2680 = DIRECTION ( 'NONE',  ( -0.000000000000000000, -0.000000000000000000, -1.000000000000000000 ) ) ;
#2681 = DIRECTION ( 'NONE',  ( -1.000000000000000000, 0.000000000000000000, 0.000000000000000000 ) ) ;
#2682 = VECTOR ( 'NONE', #1034, 1000.000000000000000 ) ;
#2683 = CARTESIAN_POINT ( 'NONE',  ( 0.000000000000000000, 0.000000000000000000, 8.523381939944311370 ) ) ;
#2684 = CARTESIAN_POINT ( 'NONE',  ( 0.000000000000000000, 0.000000000000000000, 10.72338193994432132 ) ) ;
#2685 = CARTESIAN_POINT ( 'NONE',  ( 0.000000000000000000, 0.000000000000000000, 35.69644696862068400 ) ) ;
#2686 = ORIENTED_EDGE ( 'NONE', *, *, #5528, .F. ) ;
#2687 = CIRCLE ( 'NONE', #806, 1.999999999999343858 ) ;
#2688 = DIRECTION ( 'NONE',  ( -0.000000000000000000, -0.000000000000000000, -1.000000000000000000 ) ) ;
#2689 = EDGE_CURVE ( 'NONE', #3586, #3342, #5163, .T. ) ;
#2690 = ORIENTED_EDGE ( 'NONE', *, *, #5553, .F. ) ;
#2691 = CONICAL_SURFACE ( 'NONE', #3941, 2.350000000000001865, 0.7496189137315600881 ) ;
#2692 = ORIENTED_EDGE ( 'NONE', *, *, #633, .F. ) ;
#2693 = AXIS2_PLACEMENT_3D ( 'NONE', #6403, #833, #5949 ) ;
#2694 = CYLINDRICAL_SURFACE ( 'NONE', #5970, 2.250000000000510703 ) ;
#2695 = CYLINDRICAL_SURFACE ( 'NONE', #1194, 1.899999999999991918 ) ;
#2696 = VERTEX_POINT ( 'NONE', #5797 ) ;
#2697 = DIRECTION ( 'NONE',  ( -1.000000000000000000, 0.000000000000000000, 0.000000000000000000 ) ) ;
#2698 = AXIS2_PLACEMENT_3D ( 'NONE', #1479, #3399, #5475 ) ;
#2699 = VECTOR ( 'NONE', #5846, 1000.000000000000000 ) ;
#2700 = VECTOR ( 'NONE', #3765, 1000.000000000000000 ) ;
#2701 = CYLINDRICAL_SURFACE ( 'NONE', #1656, 2.265437129225214008 ) ;
#2702 = ORIENTED_EDGE ( 'NONE', *, *, #3373, .T. ) ;
#2703 = ORIENTED_EDGE ( 'NONE', *, *, #2709, .T. ) ;
#2704 = CIRCLE ( 'NONE', #1551, 2.150000000000001688 ) ;
#2705 = CARTESIAN_POINT ( 'NONE',  ( 0.000000000000000000, 0.000000000000000000, 29.14111742155101581 ) ) ;
#2706 = LINE ( 'NONE', #3783, #4461 ) ;
#2707 = FACE_OUTER_BOUND ( 'NONE', #789, .T. ) ;
#2708 = AXIS2_PLACEMENT_3D ( 'NONE', #4961, #4526, #17 ) ;
#2709 = EDGE_CURVE ( 'NONE', #1277, #6324, #3691, .T. ) ;
#2710 = CONICAL_SURFACE ( 'NONE', #204, 2.349999999999997424, 0.8482300164692490041 ) ;
#2711 = CARTESIAN_POINT ( 'NONE',  ( -2.349999999999993872, 2.877919977996272925E-16, 8.050000000000000711 ) ) ;
#2712 = CIRCLE ( 'NONE', #3535, 2.349999999999990319 ) ;
#2713 = EDGE_LOOP ( 'NONE', ( #5176, #995, #357, #4334 ) ) ;
#2714 = ORIENTED_EDGE ( 'NONE', *, *, #252, .T. ) ;
#2715 = LINE ( 'NONE', #231, #6446 ) ;
#2716 = DIRECTION ( 'NONE',  ( 1.000000000000000000, 0.000000000000000000, 0.000000000000000000 ) ) ;
#2717 = DIRECTION ( 'NONE',  ( -0.000000000000000000, -0.000000000000000000, -1.000000000000000000 ) ) ;
#2718 = ADVANCED_FACE ( 'NONE', ( #1199 ), #5493, .T. ) ;
#2719 = DIRECTION ( 'NONE',  ( -1.000000000000000000, 0.000000000000000000, 0.000000000000000000 ) ) ;
#2720 = CARTESIAN_POINT ( 'NONE',  ( 0.000000000000000000, 0.000000000000000000, 19.79999999999999005 ) ) ;
#2721 = ORIENTED_EDGE ( 'NONE', *, *, #5985, .T. ) ;
#2722 = CARTESIAN_POINT ( 'NONE',  ( 0.000000000000000000, 0.000000000000000000, -2.698918212968115071 ) ) ;
#2723 = ADVANCED_FACE ( 'NONE', ( #2210 ), #6331, .T. ) ;
#2724 = ORIENTED_EDGE ( 'NONE', *, *, #3905, .T. ) ;
#2725 = EDGE_LOOP ( 'NONE', ( #4039, #1559 ) ) ;
#2726 = DIRECTION ( 'NONE',  ( -0.000000000000000000, -0.000000000000000000, -1.000000000000000000 ) ) ;
#2727 = DIRECTION ( 'NONE',  ( 1.000000000000000000, 0.000000000000000000, 0.000000000000000000 ) ) ;
#2728 = ORIENTED_EDGE ( 'NONE', *, *, #4921, .F. ) ;
#2729 = CARTESIAN_POINT ( 'NONE',  ( 0.000000000000000000, 0.000000000000000000, -2.698918212968115071 ) ) ;
#2730 = DIRECTION ( 'NONE',  ( -0.000000000000000000, -0.000000000000000000, -1.000000000000000000 ) ) ;
#2731 = ORIENTED_EDGE ( 'NONE', *, *, #2472, .F. ) ;
#2732 = ORIENTED_EDGE ( 'NONE', *, *, #2513, .F. ) ;
#2733 = CARTESIAN_POINT ( 'NONE',  ( 0.000000000000000000, 0.000000000000000000, 21.54999999999998650 ) ) ;
#2734 = CARTESIAN_POINT ( 'NONE',  ( -1.999999999999309219, 0.000000000000000000, -2.698918212968115071 ) ) ;
#2735 = LINE ( 'NONE', #4187, #3990 ) ;
#2736 = EDGE_LOOP ( 'NONE', ( #1097, #2153, #482, #4813 ) ) ;
#2737 = DIRECTION ( 'NONE',  ( -0.000000000000000000, -0.000000000000000000, -1.000000000000000000 ) ) ;
#2738 = CARTESIAN_POINT ( 'NONE',  ( 0.000000000000000000, 0.000000000000000000, 22.61024260084478499 ) ) ;
#2739 = DIRECTION ( 'NONE',  ( -0.000000000000000000, -0.000000000000000000, -1.000000000000000000 ) ) ;
#2740 = ADVANCED_FACE ( 'NONE', ( #232 ), #4221, .T. ) ;
#2741 = CARTESIAN_POINT ( 'NONE',  ( 2.250000000000305089, 2.755455298081918008E-16, 25.54999999999993321 ) ) ;
#2742 = DIRECTION ( 'NONE',  ( -0.000000000000000000, -0.000000000000000000, -1.000000000000000000 ) ) ;
#2743 = EDGE_LOOP ( 'NONE', ( #1175, #2945, #3522, #276 ) ) ;
#2744 = DIRECTION ( 'NONE',  ( -0.000000000000000000, -0.000000000000000000, -1.000000000000000000 ) ) ;
#2745 = DIRECTION ( 'NONE',  ( -0.000000000000000000, -0.000000000000000000, -1.000000000000000000 ) ) ;
#2746 = EDGE_CURVE ( 'NONE', #743, #6396, #680, .T. ) ;
#2747 = EDGE_LOOP ( 'NONE', ( #1391, #4201, #4673, #1913 ) ) ;
#2748 = ORIENTED_EDGE ( 'NONE', *, *, #4947, .T. ) ;
#2749 = FACE_OUTER_BOUND ( 'NONE', #2905, .T. ) ;
#2750 = CARTESIAN_POINT ( 'NONE',  ( 0.000000000000000000, 0.000000000000000000, 21.39999999999998792 ) ) ;
#2751 = ORIENTED_EDGE ( 'NONE', *, *, #2520, .T. ) ;
#2752 = CARTESIAN_POINT ( 'NONE',  ( 1.999999999999335198, 2.449293598293899804E-16, 28.21024260084477930 ) ) ;
#2753 = ADVANCED_FACE ( 'NONE', ( #5269 ), #3792, .T. ) ;
#2754 = ADVANCED_FACE ( 'NONE', ( #4677 ), #1296, .T. ) ;
#2755 = DIRECTION ( 'NONE',  ( -1.000000000000000000, 0.000000000000000000, 0.000000000000000000 ) ) ;
#2756 = ADVANCED_FACE ( 'NONE', ( #779 ), #346, .T. ) ;
#2757 = ORIENTED_EDGE ( 'NONE', *, *, #1673, .T. ) ;
#2758 = AXIS2_PLACEMENT_3D ( 'NONE', #5448, #4131, #4588 ) ;
#2759 = VERTEX_POINT ( 'NONE', #5301 ) ;
#2760 = CARTESIAN_POINT ( 'NONE',  ( 0.000000000000000000, 0.000000000000000000, 6.949999999999999289 ) ) ;
#2761 = AXIS2_PLACEMENT_3D ( 'NONE', #4639, #3628, #3591 ) ;
#2762 = EDGE_CURVE ( 'NONE', #1808, #2962, #4311, .T. ) ;
#2763 = DIRECTION ( 'NONE',  ( -1.000000000000000000, 0.000000000000000000, 0.000000000000000000 ) ) ;
#2764 = EDGE_CURVE ( 'NONE', #65, #3771, #4807, .T. ) ;
#2765 = EDGE_CURVE ( 'NONE', #3643, #4281, #6215, .T. ) ;
#2766 = ORIENTED_EDGE ( 'NONE', *, *, #2346, .T. ) ;
#2767 = AXIS2_PLACEMENT_3D ( 'NONE', #2309, #3917, #4841 ) ;
#2768 = CARTESIAN_POINT ( 'NONE',  ( -1.999999999999362954, 2.602374448188128308E-16, 29.14111742155101581 ) ) ;
#2769 = CARTESIAN_POINT ( 'NONE',  ( -1.999999999999393818, 0.000000000000000000, 33.81024260084478072 ) ) ;
#2770 = DIRECTION ( 'NONE',  ( -0.000000000000000000, -0.000000000000000000, -1.000000000000000000 ) ) ;
#2771 = CIRCLE ( 'NONE', #6345, 1.999999999999393818 ) ;
#2772 = AXIS2_PLACEMENT_3D ( 'NONE', #3345, #4860, #4958 ) ;
#2773 = ADVANCED_FACE ( 'NONE', ( #1965 ), #3458, .T. ) ;
#2774 = CONICAL_SURFACE ( 'NONE', #3723, 1.600000000000002087, 1.331686219271671190 ) ;
#2775 = DIRECTION ( 'NONE',  ( -0.000000000000000000, -0.000000000000000000, -1.000000000000000000 ) ) ;
#2776 = DIRECTION ( 'NONE',  ( 1.000000000000000000, 0.000000000000000000, 0.000000000000000000 ) ) ;
#2777 = VERTEX_POINT ( 'NONE', #6353 ) ;
#2778 = ADVANCED_FACE ( 'NONE', ( #4969 ), #6484, .T. ) ;
#2779 = CYLINDRICAL_SURFACE ( 'NONE', #1621, 2.250000000000471623 ) ;
#2780 = AXIS2_PLACEMENT_3D ( 'NONE', #4106, #2112, #2631 ) ;
#2781 = VERTEX_POINT ( 'NONE', #4380 ) ;
#2782 = ORIENTED_EDGE ( 'NONE', *, *, #3717, .T. ) ;
#2783 = DIRECTION ( 'NONE',  ( -1.000000000000000000, 0.000000000000000000, 0.000000000000000000 ) ) ;
#2784 = DIRECTION ( 'NONE',  ( -1.000000000000000000, 0.000000000000000000, 0.000000000000000000 ) ) ;
#2785 = ORIENTED_EDGE ( 'NONE', *, *, #3379, .T. ) ;
#2786 = CARTESIAN_POINT ( 'NONE',  ( 0.000000000000000000, 0.000000000000000000, 24.74999999999993960 ) ) ;
#2787 = DIRECTION ( 'NONE',  ( 0.000000000000000000, 0.000000000000000000, 1.000000000000000000 ) ) ;
#2788 = DIRECTION ( 'NONE',  ( -1.000000000000000000, 0.000000000000000000, 0.000000000000000000 ) ) ;
#2789 = EDGE_CURVE ( 'NONE', #2426, #2887, #869, .T. ) ;
#2790 = EDGE_LOOP ( 'NONE', ( #6337, #2509, #6129, #82 ) ) ;
#2791 = ORIENTED_EDGE ( 'NONE', *, *, #620, .F. ) ;
#2792 = CYLINDRICAL_SURFACE ( 'NONE', #4447, 1.999999999999292344 ) ;
#2793 = CARTESIAN_POINT ( 'NONE',  ( 0.000000000000000000, 0.000000000000000000, 20.74999999999998934 ) ) ;
#2794 = VECTOR ( 'NONE', #1483, 1000.000000000000000 ) ;
#2795 = AXIS2_PLACEMENT_3D ( 'NONE', #3865, #3304, #6397 ) ;
#2796 = CIRCLE ( 'NONE', #714, 1.999999999999324762 ) ;
#2797 = DIRECTION ( 'NONE',  ( -0.000000000000000000, -0.000000000000000000, -1.000000000000000000 ) ) ;
#2798 = CIRCLE ( 'NONE', #4899, 1.999999999999360289 ) ;
#2799 = AXIS2_PLACEMENT_3D ( 'NONE', #4781, #691, #303 ) ;
#2800 = CONICAL_SURFACE ( 'NONE', #5745, 1.899999999999993916, 1.110029404268415343 ) ;
#2801 = ORIENTED_EDGE ( 'NONE', *, *, #6073, .F. ) ;
#2802 = ADVANCED_FACE ( 'NONE', ( #490 ), #5464, .T. ) ;
#2803 = CARTESIAN_POINT ( 'NONE',  ( -1.999999999999402034, 2.602374448188175639E-16, 33.94111742155135403 ) ) ;
#2804 = AXIS2_PLACEMENT_3D ( 'NONE', #485, #2282, #4476 ) ;
#2805 = PRESENTATION_LAYER_ASSIGNMENT (  '', '', ( #5646 ) ) ;
#2806 = DIRECTION ( 'NONE',  ( 0.6946583704589959218, 0.000000000000000000, 0.7193398003386525241 ) ) ;
#2807 = CARTESIAN_POINT ( 'NONE',  ( 0.000000000000000000, 0.000000000000000000, 25.01024260084478712 ) ) ;
#2808 = CARTESIAN_POINT ( 'NONE',  ( 0.000000000000000000, 0.000000000000000000, 15.25000000000000178 ) ) ;
#2809 = CARTESIAN_POINT ( 'NONE',  ( 1.999999999999347855, 2.449293598293907693E-16, -2.698918212968115071 ) ) ;
#2810 = ORIENTED_EDGE ( 'NONE', *, *, #3558, .F. ) ;
#2811 = EDGE_CURVE ( 'NONE', #5534, #12, #241, .T. ) ;
#2812 = LINE ( 'NONE', #5777, #5481 ) ;
#2813 = ORIENTED_EDGE ( 'NONE', *, *, #1992, .F. ) ;
#2814 = VERTEX_POINT ( 'NONE', #967 ) ;
#2815 = CARTESIAN_POINT ( 'NONE',  ( -2.350000000000036060, 0.000000000000000000, 10.49999999999999112 ) ) ;
#2816 = DIRECTION ( 'NONE',  ( -0.000000000000000000, -0.000000000000000000, -1.000000000000000000 ) ) ;
#2817 = ORIENTED_EDGE ( 'NONE', *, *, #2325, .T. ) ;
#2818 = DIRECTION ( 'NONE',  ( -1.000000000000000000, 0.000000000000000000, 0.000000000000000000 ) ) ;
#2819 = CARTESIAN_POINT ( 'NONE',  ( 0.000000000000000000, 0.000000000000000000, 26.61024260084478144 ) ) ;
#2820 = FACE_OUTER_BOUND ( 'NONE', #6329, .T. ) ;
#2821 = ORIENTED_EDGE ( 'NONE', *, *, #11, .T. ) ;
#2822 = EDGE_CURVE ( 'NONE', #566, #4627, #856, .T. ) ;
#2823 = EDGE_LOOP ( 'NONE', ( #2564, #3002, #5952, #2576 ) ) ;
#2824 = CARTESIAN_POINT ( 'NONE',  ( -1.900000000000001465, 0.000000000000000000, 10.72338193994432132 ) ) ;
#2825 = EDGE_CURVE ( 'NONE', #5501, #377, #2861, .T. ) ;
#2826 = DIRECTION ( 'NONE',  ( -0.000000000000000000, -0.000000000000000000, -1.000000000000000000 ) ) ;
#2827 = VERTEX_POINT ( 'NONE', #5436 ) ;
#2828 = DIRECTION ( 'NONE',  ( -1.000000000000000000, 0.000000000000000000, 0.000000000000000000 ) ) ;
#2829 = EDGE_CURVE ( 'NONE', #5152, #1623, #5142, .T. ) ;
#2830 = ORIENTED_EDGE ( 'NONE', *, *, #937, .T. ) ;
#2831 = DIRECTION ( 'NONE',  ( -0.000000000000000000, -0.000000000000000000, -1.000000000000000000 ) ) ;
#2832 = CARTESIAN_POINT ( 'NONE',  ( 1.999999999999325651, 2.449293598293880576E-16, -2.698918212968115071 ) ) ;
#2833 = DIRECTION ( 'NONE',  ( 1.000000000000000000, 0.000000000000000000, 0.000000000000000000 ) ) ;
#2834 = DIRECTION ( 'NONE',  ( 0.000000000000000000, -1.000000000000000000, 0.000000000000000000 ) ) ;
#2835 = ORIENTED_EDGE ( 'NONE', *, *, #1591, .T. ) ;
#2836 = AXIS2_PLACEMENT_3D ( 'NONE', #2150, #2119, #4507 ) ;
#2837 = DIRECTION ( 'NONE',  ( -1.000000000000000000, 0.000000000000000000, 0.000000000000000000 ) ) ;
#2838 = AXIS2_PLACEMENT_3D ( 'NONE', #4932, #4831, #1388 ) ;
#2839 = ORIENTED_EDGE ( 'NONE', *, *, #5424, .T. ) ;
#2840 = DIRECTION ( 'NONE',  ( -0.000000000000000000, -0.000000000000000000, -1.000000000000000000 ) ) ;
#2841 = EDGE_CURVE ( 'NONE', #215, #2077, #5893, .T. ) ;
#2842 = ORIENTED_EDGE ( 'NONE', *, *, #79, .T. ) ;
#2843 = CARTESIAN_POINT ( 'NONE',  ( 0.000000000000000000, 0.000000000000000000, 23.94999999999998508 ) ) ;
#2844 = AXIS2_PLACEMENT_3D ( 'NONE', #5025, #5121, #2465 ) ;
#2845 = DIRECTION ( 'NONE',  ( 1.000000000000000000, 0.000000000000000000, 0.000000000000000000 ) ) ;
#2846 = DIRECTION ( 'NONE',  ( -0.000000000000000000, -0.000000000000000000, -1.000000000000000000 ) ) ;
#2847 = VERTEX_POINT ( 'NONE', #4481 ) ;
#2848 = VERTEX_POINT ( 'NONE', #5897 ) ;
#2849 = EDGE_CURVE ( 'NONE', #183, #6247, #2311, .T. ) ;
#2850 = LINE ( 'NONE', #2917, #4376 ) ;
#2851 = DIRECTION ( 'NONE',  ( -0.000000000000000000, -0.000000000000000000, -1.000000000000000000 ) ) ;
#2852 = ORIENTED_EDGE ( 'NONE', *, *, #6381, .T. ) ;
#2853 = AXIS2_PLACEMENT_3D ( 'NONE', #632, #3043, #4068 ) ;
#2854 = DIRECTION ( 'NONE',  ( -0.000000000000000000, -0.000000000000000000, -1.000000000000000000 ) ) ;
#2855 = ORIENTED_EDGE ( 'NONE', *, *, #4525, .T. ) ;
#2856 = ORIENTED_EDGE ( 'NONE', *, *, #1473, .T. ) ;
#2857 = AXIS2_PLACEMENT_3D ( 'NONE', #163, #3133, #4124 ) ;
#2858 = ADVANCED_FACE ( 'NONE', ( #4343 ), #755, .T. ) ;
#2859 = AXIS2_PLACEMENT_3D ( 'NONE', #4695, #2258, #2727 ) ;
#2860 = CARTESIAN_POINT ( 'NONE',  ( 0.000000000000000000, 0.000000000000000000, -2.698918212968115071 ) ) ;
#2861 = LINE ( 'NONE', #359, #2938 ) ;
#2862 = DIRECTION ( 'NONE',  ( -0.6927727648613968281, 0.000000000000000000, -0.7211559444851688427 ) ) ;
#2863 = AXIS2_PLACEMENT_3D ( 'NONE', #3041, #3596, #534 ) ;
#2864 = CARTESIAN_POINT ( 'NONE',  ( 0.000000000000000000, 0.000000000000000000, 26.99999999999998224 ) ) ;
#2865 = ADVANCED_FACE ( 'NONE', ( #904 ), #2960, .T. ) ;
#2866 = ORIENTED_EDGE ( 'NONE', *, *, #4319, .F. ) ;
#2867 = LINE ( 'NONE', #1503, #364 ) ;
#2868 = CIRCLE ( 'NONE', #5290, 2.350000000000036060 ) ;
#2869 = CIRCLE ( 'NONE', #6447, 1.999999999999352074 ) ;
#2870 = EDGE_LOOP ( 'NONE', ( #1501, #5132, #2314, #2028 ) ) ;
#2871 = DIRECTION ( 'NONE',  ( -1.000000000000000000, 0.000000000000000000, 0.000000000000000000 ) ) ;
#2872 = DIRECTION ( 'NONE',  ( 1.000000000000000000, 0.000000000000000000, 0.000000000000000000 ) ) ;
#2873 = VECTOR ( 'NONE', #722, 1000.000000000000000 ) ;
#2874 = AXIS2_PLACEMENT_3D ( 'NONE', #3240, #4723, #3672 ) ;
#2875 = ORIENTED_EDGE ( 'NONE', *, *, #1369, .F. ) ;
#2876 = DIRECTION ( 'NONE',  ( -1.000000000000000000, 0.000000000000000000, 0.000000000000000000 ) ) ;
#2877 = AXIS2_PLACEMENT_3D ( 'NONE', #4140, #3541, #3674 ) ;
#2878 = LINE ( 'NONE', #1510, #4744 ) ;
#2879 = EDGE_CURVE ( 'NONE', #3820, #4850, #4832, .T. ) ;
#2880 = CARTESIAN_POINT ( 'NONE',  ( -2.349999999999990319, 0.000000000000000000, 7.200000000000000178 ) ) ;
#2881 = CIRCLE ( 'NONE', #5403, 1.999999999999310552 ) ;
#2882 = ORIENTED_EDGE ( 'NONE', *, *, #1983, .T. ) ;
#2883 = VERTEX_POINT ( 'NONE', #5335 ) ;
#2884 = DIRECTION ( 'NONE',  ( -0.000000000000000000, -0.000000000000000000, -1.000000000000000000 ) ) ;
#2885 = LINE ( 'NONE', #476, #3822 ) ;
#2886 = EDGE_CURVE ( 'NONE', #5894, #991, #3858, .T. ) ;
#2887 = VERTEX_POINT ( 'NONE', #1365 ) ;
#2888 = DIRECTION ( 'NONE',  ( 0.000000000000000000, 0.000000000000000000, 1.000000000000000000 ) ) ;
#2889 = DIRECTION ( 'NONE',  ( -0.000000000000000000, -0.000000000000000000, -1.000000000000000000 ) ) ;
#2890 = VERTEX_POINT ( 'NONE', #6418 ) ;
#2891 = CONICAL_SURFACE ( 'NONE', #1869, 1.999999999999301892, 0.7653268769995199561 ) ;
#2892 = DIRECTION ( 'NONE',  ( -1.000000000000000000, 0.000000000000000000, 0.000000000000000000 ) ) ;
#2893 = EDGE_LOOP ( 'NONE', ( #3338, #3614, #4530, #887 ) ) ;
#2894 = ADVANCED_FACE ( 'NONE', ( #5362 ), #3885, .T. ) ;
#2895 = CARTESIAN_POINT ( 'NONE',  ( 0.000000000000000000, 0.000000000000000000, 25.81024260084478072 ) ) ;
#2896 = CIRCLE ( 'NONE', #3746, 2.349999999999997424 ) ;
#2897 = DIRECTION ( 'NONE',  ( -1.000000000000000000, 0.000000000000000000, 0.000000000000000000 ) ) ;
#2898 = CONICAL_SURFACE ( 'NONE', #1017, 2.250000000000680345, 0.7679448708781647648 ) ;
#2899 = CIRCLE ( 'NONE', #2378, 1.999999999999402034 ) ;
#2900 = CARTESIAN_POINT ( 'NONE',  ( 0.000000000000000000, 0.000000000000000000, 35.41024260084478215 ) ) ;
#2901 = CONICAL_SURFACE ( 'NONE', #3752, 1.999999999999402034, 0.7653268769994305831 ) ;
#2902 = DIRECTION ( 'NONE',  ( -0.000000000000000000, -0.000000000000000000, -1.000000000000000000 ) ) ;
#2903 = EDGE_CURVE ( 'NONE', #3454, #5474, #1067, .T. ) ;
#2904 = CONICAL_SURFACE ( 'NONE', #101, 1.999999999999243716, 0.7653268769996912635 ) ;
#2905 = EDGE_LOOP ( 'NONE', ( #6252, #1810 ) ) ;
#2906 = DIRECTION ( 'NONE',  ( -1.000000000000000000, 0.000000000000000000, 0.000000000000000000 ) ) ;
#2907 = ORIENTED_EDGE ( 'NONE', *, *, #5026, .T. ) ;
#2908 = LINE ( 'NONE', #1372, #4261 ) ;
#2909 = DIRECTION ( 'NONE',  ( -1.000000000000000000, 0.000000000000000000, 0.000000000000000000 ) ) ;
#2910 = VERTEX_POINT ( 'NONE', #4572 ) ;
#2911 = EDGE_CURVE ( 'NONE', #2848, #4200, #5557, .T. ) ;
#2912 = FACE_OUTER_BOUND ( 'NONE', #2292, .T. ) ;
#2913 = DIRECTION ( 'NONE',  ( -1.000000000000000000, 0.000000000000000000, 0.000000000000000000 ) ) ;
#2914 = DIRECTION ( 'NONE',  ( -1.000000000000000000, 0.000000000000000000, 0.000000000000000000 ) ) ;
#2915 = ORIENTED_EDGE ( 'NONE', *, *, #500, .T. ) ;
#2916 = EDGE_LOOP ( 'NONE', ( #1630, #1056, #3023, #4739 ) ) ;
#2917 = CARTESIAN_POINT ( 'NONE',  ( 2.250000000000284661, 2.755455298081893356E-16, -2.698918212968115071 ) ) ;
#2918 = DIRECTION ( 'NONE',  ( -0.6946583704594623265, 8.507111498840968952E-17, 0.7193398003382022177 ) ) ;
#2919 = ORIENTED_EDGE ( 'NONE', *, *, #931, .F. ) ;
#2920 = FACE_OUTER_BOUND ( 'NONE', #1588, .T. ) ;
#2921 = CARTESIAN_POINT ( 'NONE',  ( 0.000000000000000000, 0.000000000000000000, 26.61024260084478144 ) ) ;
#2922 = ORIENTED_EDGE ( 'NONE', *, *, #1704, .F. ) ;
#2923 = DIRECTION ( 'NONE',  ( 0.000000000000000000, 0.000000000000000000, 1.000000000000000000 ) ) ;
#2924 = ORIENTED_EDGE ( 'NONE', *, *, #5368, .T. ) ;
#2925 = ADVANCED_FACE ( 'NONE', ( #2998 ), #5681, .T. ) ;
#2926 = CARTESIAN_POINT ( 'NONE',  ( 1.999999999999287015, 2.449293598293833244E-16, -2.698918212968115071 ) ) ;
#2927 = EDGE_CURVE ( 'NONE', #3607, #5778, #134, .T. ) ;
#2928 = FACE_OUTER_BOUND ( 'NONE', #1048, .T. ) ;
#2929 = DIRECTION ( 'NONE',  ( -0.000000000000000000, -0.000000000000000000, -1.000000000000000000 ) ) ;
#2930 = CARTESIAN_POINT ( 'NONE',  ( 0.000000000000000000, 0.000000000000000000, -2.698918212968115071 ) ) ;
#2931 = DIRECTION ( 'NONE',  ( -0.000000000000000000, -0.000000000000000000, -1.000000000000000000 ) ) ;
#2932 = VERTEX_POINT ( 'NONE', #3127 ) ;
#2933 = EDGE_CURVE ( 'NONE', #2431, #1623, #6134, .T. ) ;
#2934 = CARTESIAN_POINT ( 'NONE',  ( 2.350000000000028511, 2.877919977996314833E-16, 8.299999999999991829 ) ) ;
#2935 = EDGE_CURVE ( 'NONE', #1286, #5458, #5129, .T. ) ;
#2936 = ORIENTED_EDGE ( 'NONE', *, *, #3717, .F. ) ;
#2937 = DIRECTION ( 'NONE',  ( -1.000000000000000000, 0.000000000000000000, 0.000000000000000000 ) ) ;
#2938 = VECTOR ( 'NONE', #5971, 1000.000000000000000 ) ;
#2939 = CARTESIAN_POINT ( 'NONE',  ( 0.000000000000000000, 0.000000000000000000, 17.39999999999999858 ) ) ;
#2940 = VERTEX_POINT ( 'NONE', #4009 ) ;
#2941 = CARTESIAN_POINT ( 'NONE',  ( 1.999999999999393818, 2.449293598293966364E-16, 33.81024260084478072 ) ) ;
#2942 = DIRECTION ( 'NONE',  ( -0.000000000000000000, -0.000000000000000000, -1.000000000000000000 ) ) ;
#2943 = AXIS2_PLACEMENT_3D ( 'NONE', #4804, #4279, #5793 ) ;
#2944 = CARTESIAN_POINT ( 'NONE',  ( 1.999999999999343414, 2.449293598293902269E-16, 29.01024260084526674 ) ) ;
#2945 = ORIENTED_EDGE ( 'NONE', *, *, #3558, .T. ) ;
#2946 = ORIENTED_EDGE ( 'NONE', *, *, #2477, .F. ) ;
#2947 = DIRECTION ( 'NONE',  ( -1.000000000000000000, 0.000000000000000000, 0.000000000000000000 ) ) ;
#2948 = DIRECTION ( 'NONE',  ( -0.000000000000000000, -0.000000000000000000, -1.000000000000000000 ) ) ;
#2949 = ORIENTED_EDGE ( 'NONE', *, *, #1160, .T. ) ;
#2950 = CONICAL_SURFACE ( 'NONE', #5364, 2.265437129225214008, 0.4834562028024232405 ) ;
#2951 = DIRECTION ( 'NONE',  ( -1.000000000000000000, 0.000000000000000000, 0.000000000000000000 ) ) ;
#2952 = CARTESIAN_POINT ( 'NONE',  ( 0.000000000000000000, 0.000000000000000000, 17.94111742155136824 ) ) ;
#2953 = ORIENTED_EDGE ( 'NONE', *, *, #3579, .T. ) ;
#2954 = DIRECTION ( 'NONE',  ( -0.000000000000000000, -0.000000000000000000, -1.000000000000000000 ) ) ;
#2955 = ORIENTED_EDGE ( 'NONE', *, *, #234, .T. ) ;
#2956 = CARTESIAN_POINT ( 'NONE',  ( 0.000000000000000000, 0.000000000000000000, 19.79999999999999005 ) ) ;
#2957 = ADVANCED_FACE ( 'NONE', ( #1603 ), #5005, .T. ) ;
#2958 = CIRCLE ( 'NONE', #2853, 2.250000000000286882 ) ;
#2959 = CARTESIAN_POINT ( 'NONE',  ( -1.999999999999318767, 0.000000000000000000, 26.61024260084478144 ) ) ;
#2960 = CYLINDRICAL_SURFACE ( 'NONE', #3786, 2.350000000000011191 ) ;
#2961 = DIRECTION ( 'NONE',  ( -0.000000000000000000, -0.000000000000000000, -1.000000000000000000 ) ) ;
#2962 = VERTEX_POINT ( 'NONE', #3480 ) ;
#2963 = ORIENTED_EDGE ( 'NONE', *, *, #586, .F. ) ;
#2964 = DIRECTION ( 'NONE',  ( -0.000000000000000000, -0.000000000000000000, -1.000000000000000000 ) ) ;
#2965 = VECTOR ( 'NONE', #4612, 1000.000000000000114 ) ;
#2966 = CYLINDRICAL_SURFACE ( 'NONE', #5595, 2.250000000000501821 ) ;
#2967 = EDGE_CURVE ( 'NONE', #340, #1650, #1497, .T. ) ;
#2968 = ADVANCED_FACE ( 'NONE', ( #129 ), #5254, .T. ) ;
#2969 = VECTOR ( 'NONE', #2350, 1000.000000000000000 ) ;
#2970 = DIRECTION ( 'NONE',  ( 0.6946583704594623265, 0.000000000000000000, 0.7193398003382022177 ) ) ;
#2971 = DIRECTION ( 'NONE',  ( -0.000000000000000000, -0.000000000000000000, -1.000000000000000000 ) ) ;
#2972 = ORIENTED_EDGE ( 'NONE', *, *, #2280, .F. ) ;
#2973 = AXIS2_PLACEMENT_3D ( 'NONE', #1938, #3333, #5404 ) ;
#2974 = CARTESIAN_POINT ( 'NONE',  ( 0.000000000000000000, 0.000000000000000000, 27.54111742155102149 ) ) ;
#2975 = AXIS2_PLACEMENT_3D ( 'NONE', #5453, #4398, #4431 ) ;
#2976 = CARTESIAN_POINT ( 'NONE',  ( 0.000000000000000000, 0.000000000000000000, 10.24999999999999112 ) ) ;
#2977 = ORIENTED_EDGE ( 'NONE', *, *, #4758, .T. ) ;
#2978 = CIRCLE ( 'NONE', #5075, 1.999999999999341194 ) ;
#2979 = ORIENTED_EDGE ( 'NONE', *, *, #3430, .F. ) ;
#2980 = CONICAL_SURFACE ( 'NONE', #4014, 2.250000000000616396, 0.7679448708781513311 ) ;
#2981 = CARTESIAN_POINT ( 'NONE',  ( 1.900000000000001243, 0.000000000000000000, 9.853271633436531118 ) ) ;
#2982 = CARTESIAN_POINT ( 'NONE',  ( 0.000000000000000000, 0.000000000000000000, -2.698918212968115071 ) ) ;
#2983 = AXIS2_PLACEMENT_3D ( 'NONE', #2843, #1346, #2198 ) ;
#2984 = VERTEX_POINT ( 'NONE', #646 ) ;
#2985 = VECTOR ( 'NONE', #358, 1000.000000000000000 ) ;
#2986 = EDGE_CURVE ( 'NONE', #499, #3586, #5061, .T. ) ;
#2987 = CARTESIAN_POINT ( 'NONE',  ( -2.250000000000349498, 0.000000000000000000, 33.54999999999993321 ) ) ;
#2988 = EDGE_CURVE ( 'NONE', #1749, #1766, #2058, .T. ) ;
#2989 = EDGE_LOOP ( 'NONE', ( #4197, #700, #793, #748 ) ) ;
#2990 = FACE_OUTER_BOUND ( 'NONE', #1886, .T. ) ;
#2991 = ORIENTED_EDGE ( 'NONE', *, *, #989, .T. ) ;
#2992 = AXIS2_PLACEMENT_3D ( 'NONE', #3183, #5324, #1793 ) ;
#2993 = DIRECTION ( 'NONE',  ( -0.000000000000000000, -0.000000000000000000, -1.000000000000000000 ) ) ;
#2994 = AXIS2_PLACEMENT_3D ( 'NONE', #4108, #3610, #1991 ) ;
#2995 = CARTESIAN_POINT ( 'NONE',  ( 1.999999999999343858, 0.000000000000000000, 23.54111742155135545 ) ) ;
#2996 = ADVANCED_FACE ( 'NONE', ( #2639 ), #4605, .T. ) ;
#2997 = EDGE_CURVE ( 'NONE', #877, #1942, #5097, .T. ) ;
#2998 = FACE_OUTER_BOUND ( 'NONE', #4226, .T. ) ;
#2999 = CARTESIAN_POINT ( 'NONE',  ( 0.000000000000000000, 0.000000000000000000, 10.49999999999999112 ) ) ;
#3000 = VECTOR ( 'NONE', #4271, 1000.000000000000000 ) ;
#3001 = EDGE_CURVE ( 'NONE', #6396, #4121, #1131, .T. ) ;
#3002 = ORIENTED_EDGE ( 'NONE', *, *, #5804, .F. ) ;
#3003 = VERTEX_POINT ( 'NONE', #1637 ) ;
#3004 = EDGE_CURVE ( 'NONE', #3034, #5966, #157, .T. ) ;
#3005 = DIRECTION ( 'NONE',  ( -0.000000000000000000, -0.000000000000000000, -1.000000000000000000 ) ) ;
#3006 = AXIS2_PLACEMENT_3D ( 'NONE', #1407, #369, #466 ) ;
#3007 = VECTOR ( 'NONE', #4484, 1000.000000000000000 ) ;
#3008 = FACE_OUTER_BOUND ( 'NONE', #1592, .T. ) ;
#3009 = VECTOR ( 'NONE', #2502, 1000.000000000000000 ) ;
#3010 = MECHANICAL_DESIGN_GEOMETRIC_PRESENTATION_REPRESENTATION (  '', ( #5646 ), #513 ) ;
#3011 = DIRECTION ( 'NONE',  ( -0.000000000000000000, -0.000000000000000000, -1.000000000000000000 ) ) ;
#3012 = DIRECTION ( 'NONE',  ( -0.000000000000000000, -0.000000000000000000, -1.000000000000000000 ) ) ;
#3013 = ORIENTED_EDGE ( 'NONE', *, *, #1767, .F. ) ;
#3014 = ADVANCED_FACE ( 'NONE', ( #3517 ), #1386, .T. ) ;
#3015 = DIRECTION ( 'NONE',  ( -0.000000000000000000, -0.000000000000000000, -1.000000000000000000 ) ) ;
#3016 = AXIS2_PLACEMENT_3D ( 'NONE', #1031, #3616, #5028 ) ;
#3017 = CARTESIAN_POINT ( 'NONE',  ( 0.000000000000000000, 0.000000000000000000, -2.698918212968115071 ) ) ;
#3018 = CIRCLE ( 'NONE', #3955, 2.250000000000641265 ) ;
#3019 = ORIENTED_EDGE ( 'NONE', *, *, #1767, .T. ) ;
#3020 = EDGE_LOOP ( 'NONE', ( #468, #119, #3188, #2757 ) ) ;
#3021 = DIRECTION ( 'NONE',  ( 0.000000000000000000, 0.000000000000000000, 1.000000000000000000 ) ) ;
#3022 = DIRECTION ( 'NONE',  ( -0.000000000000000000, -0.000000000000000000, -1.000000000000000000 ) ) ;
#3023 = ORIENTED_EDGE ( 'NONE', *, *, #422, .F. ) ;
#3024 = DIRECTION ( 'NONE',  ( -0.000000000000000000, -0.000000000000000000, -1.000000000000000000 ) ) ;
#3025 = DIRECTION ( 'NONE',  ( -1.000000000000000000, 0.000000000000000000, 0.000000000000000000 ) ) ;
#3026 = ADVANCED_BREP_SHAPE_REPRESENTATION ( '1 SMALL NUT', ( #4194, #1376 ), #4308 ) ;
#3027 = VERTEX_POINT ( 'NONE', #99 ) ;
#3028 = ADVANCED_FACE ( 'NONE', ( #2022 ), #5496, .T. ) ;
#3029 = VERTEX_POINT ( 'NONE', #5264 ) ;
#3030 = DIRECTION ( 'NONE',  ( -1.000000000000000000, 0.000000000000000000, 0.000000000000000000 ) ) ;
#3031 = CYLINDRICAL_SURFACE ( 'NONE', #5508, 2.250000000000298428 ) ;
#3032 = DIRECTION ( 'NONE',  ( 0.000000000000000000, 0.000000000000000000, 1.000000000000000000 ) ) ;
#3033 = DIRECTION ( 'NONE',  ( -1.000000000000000000, 0.000000000000000000, 0.000000000000000000 ) ) ;
#3034 = VERTEX_POINT ( 'NONE', #2673 ) ;
#3035 = ADVANCED_FACE ( 'NONE', ( #1731 ), #963, .T. ) ;
#3036 = ORIENTED_EDGE ( 'NONE', *, *, #5839, .F. ) ;
#3037 = EDGE_LOOP ( 'NONE', ( #4594, #5050, #1359, #3083 ) ) ;
#3038 = LINE ( 'NONE', #531, #68 ) ;
#3039 = FACE_OUTER_BOUND ( 'NONE', #3508, .T. ) ;
#3040 = CARTESIAN_POINT ( 'NONE',  ( 0.000000000000000000, 0.000000000000000000, 25.01024260084478712 ) ) ;
#3041 = CARTESIAN_POINT ( 'NONE',  ( 0.000000000000000000, 0.000000000000000000, 32.59999999999997300 ) ) ;
#3042 = LINE ( 'NONE', #5043, #1230 ) ;
#3043 = DIRECTION ( 'NONE',  ( -0.000000000000000000, -0.000000000000000000, -1.000000000000000000 ) ) ;
#3044 = EDGE_CURVE ( 'NONE', #2541, #1660, #678, .T. ) ;
#3045 = ORIENTED_EDGE ( 'NONE', *, *, #117, .F. ) ;
#3046 = EDGE_CURVE ( 'NONE', #1749, #6251, #1159, .T. ) ;
#3047 = ORIENTED_EDGE ( 'NONE', *, *, #4387, .F. ) ;
#3048 = LINE ( 'NONE', #2494, #4676 ) ;
#3049 = DIRECTION ( 'NONE',  ( 1.000000000000000000, 0.000000000000000000, 0.000000000000000000 ) ) ;
#3050 = ORIENTED_EDGE ( 'NONE', *, *, #6266, .T. ) ;
#3051 = CARTESIAN_POINT ( 'NONE',  ( 0.000000000000000000, 0.000000000000000000, 30.74111742155134763 ) ) ;
#3052 = AXIS2_PLACEMENT_3D ( 'NONE', #2339, #3386, #1997 ) ;
#3053 = DIRECTION ( 'NONE',  ( -1.000000000000000000, 0.000000000000000000, 0.000000000000000000 ) ) ;
#3054 = ADVANCED_FACE ( 'NONE', ( #327 ), #2214, .T. ) ;
#3055 = ORIENTED_EDGE ( 'NONE', *, *, #6207, .T. ) ;
#3056 = VERTEX_POINT ( 'NONE', #1762 ) ;
#3057 = DIRECTION ( 'NONE',  ( -1.000000000000000000, 0.000000000000000000, 0.000000000000000000 ) ) ;
#3058 = EDGE_LOOP ( 'NONE', ( #2810, #2748, #4687, #2224 ) ) ;
#3059 = CARTESIAN_POINT ( 'NONE',  ( 2.250000000000632827, 0.000000000000000000, 26.99999999999998224 ) ) ;
#3060 = DIRECTION ( 'NONE',  ( -1.000000000000000000, 0.000000000000000000, 0.000000000000000000 ) ) ;
#3061 = AXIS2_PLACEMENT_3D ( 'NONE', #3086, #6476, #2499 ) ;
#3062 = DIRECTION ( 'NONE',  ( -0.6813598739532968906, 8.344251887043490985E-17, 0.7319485789086194183 ) ) ;
#3063 = FILL_AREA_STYLE ('',( #6070 ) ) ;
#3064 = ORIENTED_EDGE ( 'NONE', *, *, #3437, .F. ) ;
#3065 = CIRCLE ( 'NONE', #2439, 2.349999999999997424 ) ;
#3066 = EDGE_LOOP ( 'NONE', ( #3964, #474, #5515, #5654 ) ) ;
#3067 = EDGE_LOOP ( 'NONE', ( #1721, #1918, #3775, #1013 ) ) ;
#3068 = DIRECTION ( 'NONE',  ( -0.000000000000000000, -0.000000000000000000, -1.000000000000000000 ) ) ;
#3069 = DIRECTION ( 'NONE',  ( -0.000000000000000000, -0.000000000000000000, -1.000000000000000000 ) ) ;
#3070 = EDGE_CURVE ( 'NONE', #1038, #4080, #3716, .T. ) ;
#3071 = CARTESIAN_POINT ( 'NONE',  ( 0.000000000000000000, 0.000000000000000000, -2.698918212968115071 ) ) ;
#3072 = CONICAL_SURFACE ( 'NONE', #5160, 2.350000000000035172, 0.8482300164692492261 ) ;
#3073 = DIRECTION ( 'NONE',  ( -0.000000000000000000, -0.000000000000000000, -1.000000000000000000 ) ) ;
#3074 = CARTESIAN_POINT ( 'NONE',  ( 0.000000000000000000, 0.000000000000000000, 18.99999999999999645 ) ) ;
#3075 = CIRCLE ( 'NONE', #3598, 2.250000000000340616 ) ;
#3076 = DIRECTION ( 'NONE',  ( 0.000000000000000000, 0.000000000000000000, 1.000000000000000000 ) ) ;
#3077 = LINE ( 'NONE', #565, #1935 ) ;
#3078 = ORIENTED_EDGE ( 'NONE', *, *, #1335, .F. ) ;
#3079 = ORIENTED_EDGE ( 'NONE', *, *, #5214, .F. ) ;
#3080 = DIRECTION ( 'NONE',  ( -1.000000000000000000, 0.000000000000000000, 0.000000000000000000 ) ) ;
#3081 = CARTESIAN_POINT ( 'NONE',  ( -1.999999999999402034, 0.000000000000000000, 34.61024260084478499 ) ) ;
#3082 = CIRCLE ( 'NONE', #1945, 1.999999999999346523 ) ;
#3083 = ORIENTED_EDGE ( 'NONE', *, *, #2047, .F. ) ;
#3084 = EDGE_CURVE ( 'NONE', #6332, #2116, #3283, .T. ) ;
#3085 = DIRECTION ( 'NONE',  ( -0.000000000000000000, -0.000000000000000000, -1.000000000000000000 ) ) ;
#3086 = CARTESIAN_POINT ( 'NONE',  ( 0.000000000000000000, 0.000000000000000000, 17.81024260084479494 ) ) ;
#3087 = VECTOR ( 'NONE', #3068, 1000.000000000000000 ) ;
#3088 = ORIENTED_EDGE ( 'NONE', *, *, #5091, .F. ) ;
#3089 = ORIENTED_EDGE ( 'NONE', *, *, #1397, .T. ) ;
#3090 = DIRECTION ( 'NONE',  ( -0.000000000000000000, -0.000000000000000000, -1.000000000000000000 ) ) ;
#3091 = DIRECTION ( 'NONE',  ( -1.000000000000000000, 0.000000000000000000, 0.000000000000000000 ) ) ;
#3092 = LINE ( 'NONE', #1190, #1453 ) ;
#3093 = CIRCLE ( 'NONE', #1213, 2.250000000000286882 ) ;
#3094 = ADVANCED_FACE ( 'NONE', ( #228 ), #2182, .T. ) ;
#3095 = FACE_OUTER_BOUND ( 'NONE', #2823, .T. ) ;
#3096 = DIRECTION ( 'NONE',  ( -0.000000000000000000, -0.000000000000000000, -1.000000000000000000 ) ) ;
#3097 = ORIENTED_EDGE ( 'NONE', *, *, #2293, .T. ) ;
#3098 = ORIENTED_EDGE ( 'NONE', *, *, #647, .T. ) ;
#3099 = FACE_OUTER_BOUND ( 'NONE', #5746, .T. ) ;
#3100 = CYLINDRICAL_SURFACE ( 'NONE', #4442, 1.999999999999352962 ) ;
#3101 = CARTESIAN_POINT ( 'NONE',  ( 0.000000000000000000, 0.000000000000000000, -2.698918212968115071 ) ) ;
#3102 = EDGE_CURVE ( 'NONE', #2777, #2208, #5688, .T. ) ;
#3103 = CARTESIAN_POINT ( 'NONE',  ( 0.000000000000000000, 0.000000000000000000, -2.698918212968115071 ) ) ;
#3104 = AXIS2_PLACEMENT_3D ( 'NONE', #4101, #1589, #4073 ) ;
#3105 = CARTESIAN_POINT ( 'NONE',  ( 1.999999999999393818, 0.000000000000000000, 33.14111742155135687 ) ) ;
#3106 = AXIS2_PLACEMENT_3D ( 'NONE', #4925, #3894, #1455 ) ;
#3107 = CARTESIAN_POINT ( 'NONE',  ( 0.000000000000000000, 0.000000000000000000, 0.000000000000000000 ) ) ;
#3108 = CARTESIAN_POINT ( 'NONE',  ( -1.600000000000002087, 0.000000000000000000, 13.51221608641805894 ) ) ;
#3109 = VECTOR ( 'NONE', #4492, 1000.000000000000000 ) ;
#3110 = VECTOR ( 'NONE', #2970, 1000.000000000000000 ) ;
#3111 = ORIENTED_EDGE ( 'NONE', *, *, #660, .F. ) ;
#3112 = DIRECTION ( 'NONE',  ( -1.000000000000000000, 0.000000000000000000, 0.000000000000000000 ) ) ;
#3113 = CARTESIAN_POINT ( 'NONE',  ( -2.250000000000285549, 0.000000000000000000, 19.94999999999998863 ) ) ;
#3114 = ORIENTED_EDGE ( 'NONE', *, *, #4396, .T. ) ;
#3115 = VECTOR ( 'NONE', #4002, 1000.000000000000114 ) ;
#3116 = DIRECTION ( 'NONE',  ( -1.000000000000000000, 0.000000000000000000, 0.000000000000000000 ) ) ;
#3117 = CIRCLE ( 'NONE', #3760, 1.600000000000002087 ) ;
#3118 = VECTOR ( 'NONE', #958, 1000.000000000000000 ) ;
#3119 = DIRECTION ( 'NONE',  ( 0.8957117602394225608, 1.096930540135850337E-16, -0.4446351791849080248 ) ) ;
#3120 = VERTEX_POINT ( 'NONE', #747 ) ;
#3121 = EDGE_LOOP ( 'NONE', ( #2919, #115, #6118, #4026 ) ) ;
#3122 = DIRECTION ( 'NONE',  ( -0.000000000000000000, -0.000000000000000000, -1.000000000000000000 ) ) ;
#3123 = CARTESIAN_POINT ( 'NONE',  ( 1.900000000000001688, 0.000000000000000000, 10.91658899635839752 ) ) ;
#3124 = DIRECTION ( 'NONE',  ( -0.000000000000000000, -0.000000000000000000, -1.000000000000000000 ) ) ;
#3125 = EDGE_CURVE ( 'NONE', #1482, #1537, #2735, .T. ) ;
#3126 = CARTESIAN_POINT ( 'NONE',  ( 0.000000000000000000, 0.000000000000000000, 22.99999999999998579 ) ) ;
#3127 = CARTESIAN_POINT ( 'NONE',  ( -1.999999999999349409, 2.602374448188111544E-16, 25.14111742155135332 ) ) ;
#3128 = CARTESIAN_POINT ( 'NONE',  ( 2.250000000000519140, 2.755455298082180304E-16, -2.698918212968115071 ) ) ;
#3129 = EDGE_CURVE ( 'NONE', #506, #6439, #3785, .T. ) ;
#3130 = ORIENTED_EDGE ( 'NONE', *, *, #2246, .T. ) ;
#3131 = ORIENTED_EDGE ( 'NONE', *, *, #6158, .T. ) ;
#3132 = CARTESIAN_POINT ( 'NONE',  ( 0.000000000000000000, 0.000000000000000000, 35.41024260084478215 ) ) ;
#3133 = DIRECTION ( 'NONE',  ( -0.000000000000000000, -0.000000000000000000, -1.000000000000000000 ) ) ;
#3134 = DIRECTION ( 'NONE',  ( -0.000000000000000000, -0.000000000000000000, -1.000000000000000000 ) ) ;
#3135 = CARTESIAN_POINT ( 'NONE',  ( 0.000000000000000000, 0.000000000000000000, 33.39999999999998437 ) ) ;
#3136 = FACE_OUTER_BOUND ( 'NONE', #1143, .T. ) ;
#3137 = ADVANCED_FACE ( 'NONE', ( #2302 ), #5696, .T. ) ;
#3138 = DIRECTION ( 'NONE',  ( -1.000000000000000000, 0.000000000000000000, 0.000000000000000000 ) ) ;
#3139 = CYLINDRICAL_SURFACE ( 'NONE', #6019, 2.250000000000477396 ) ;
#3140 = ORIENTED_EDGE ( 'NONE', *, *, #3729, .T. ) ;
#3141 = ORIENTED_EDGE ( 'NONE', *, *, #1397, .F. ) ;
#3142 = FACE_OUTER_BOUND ( 'NONE', #4515, .T. ) ;
#3143 = DIRECTION ( 'NONE',  ( -0.000000000000000000, -0.000000000000000000, -1.000000000000000000 ) ) ;
#3144 = ORIENTED_EDGE ( 'NONE', *, *, #1232, .F. ) ;
#3145 = FACE_OUTER_BOUND ( 'NONE', #4955, .T. ) ;
#3146 = VERTEX_POINT ( 'NONE', #5732 ) ;
#3147 = ORIENTED_EDGE ( 'NONE', *, *, #220, .F. ) ;
#3148 = CARTESIAN_POINT ( 'NONE',  ( 0.000000000000000000, 0.000000000000000000, 28.74999999999992895 ) ) ;
#3149 = EDGE_CURVE ( 'NONE', #6405, #2208, #4736, .T. ) ;
#3150 = DIRECTION ( 'NONE',  ( -0.000000000000000000, -0.000000000000000000, -1.000000000000000000 ) ) ;
#3151 = AXIS2_PLACEMENT_3D ( 'NONE', #5934, #1532, #2506 ) ;
#3152 = FACE_OUTER_BOUND ( 'NONE', #1355, .T. ) ;
#3153 = CIRCLE ( 'NONE', #5685, 1.999999999999376943 ) ;
#3154 = CARTESIAN_POINT ( 'NONE',  ( -1.999999999999303446, 0.000000000000000000, -2.698918212968115071 ) ) ;
#3155 = ADVANCED_FACE ( 'NONE', ( #2237 ), #5262, .T. ) ;
#3156 = ORIENTED_EDGE ( 'NONE', *, *, #6260, .T. ) ;
#3157 = ORIENTED_EDGE ( 'NONE', *, *, #493, .T. ) ;
#3158 = VECTOR ( 'NONE', #3119, 1000.000000000000000 ) ;
#3159 = ADVANCED_FACE ( 'NONE', ( #293 ), #2271, .T. ) ;
#3160 = LINE ( 'NONE', #6290, #694 ) ;
#3161 = CARTESIAN_POINT ( 'NONE',  ( 0.000000000000000000, 0.000000000000000000, -2.698918212968115071 ) ) ;
#3162 = DIRECTION ( 'NONE',  ( -1.000000000000000000, 0.000000000000000000, 0.000000000000000000 ) ) ;
#3163 = DIRECTION ( 'NONE',  ( -1.000000000000000000, 0.000000000000000000, 0.000000000000000000 ) ) ;
#3164 = DIRECTION ( 'NONE',  ( -0.000000000000000000, -0.000000000000000000, -1.000000000000000000 ) ) ;
#3165 = EDGE_LOOP ( 'NONE', ( #3217, #4265, #4773, #5366 ) ) ;
#3166 = DIRECTION ( 'NONE',  ( -0.000000000000000000, -0.000000000000000000, -1.000000000000000000 ) ) ;
#3167 = EDGE_CURVE ( 'NONE', #4709, #4064, #2120, .T. ) ;
#3168 = DIRECTION ( 'NONE',  ( -0.000000000000000000, -0.000000000000000000, -1.000000000000000000 ) ) ;
#3169 = ORIENTED_EDGE ( 'NONE', *, *, #902, .T. ) ;
#3170 = ORIENTED_EDGE ( 'NONE', *, *, #5823, .F. ) ;
#3171 = DIRECTION ( 'NONE',  ( -1.000000000000000000, 0.000000000000000000, 0.000000000000000000 ) ) ;
#3172 = CONICAL_SURFACE ( 'NONE', #3811, 2.250000000000281108, 0.7679448708775029608 ) ;
#3173 = DIRECTION ( 'NONE',  ( -0.000000000000000000, -0.000000000000000000, -1.000000000000000000 ) ) ;
#3174 = EDGE_CURVE ( 'NONE', #242, #1286, #4625, .T. ) ;
#3175 = EDGE_LOOP ( 'NONE', ( #64, #2565, #46, #1910 ) ) ;
#3176 = DIRECTION ( 'NONE',  ( -0.000000000000000000, -0.000000000000000000, -1.000000000000000000 ) ) ;
#3177 = AXIS2_PLACEMENT_3D ( 'NONE', #3764, #1237, #5770 ) ;
#3178 = CARTESIAN_POINT ( 'NONE',  ( 0.000000000000000000, 0.000000000000000000, 35.41024260084478215 ) ) ;
#3179 = ORIENTED_EDGE ( 'NONE', *, *, #3935, .F. ) ;
#3180 = AXIS2_PLACEMENT_3D ( 'NONE', #4489, #4063, #5605 ) ;
#3181 = ORIENTED_EDGE ( 'NONE', *, *, #2240, .T. ) ;
#3182 = CYLINDRICAL_SURFACE ( 'NONE', #721, 2.250000000000480060 ) ;
#3183 = CARTESIAN_POINT ( 'NONE',  ( 0.000000000000000000, 0.000000000000000000, 14.55000000000000249 ) ) ;
#3184 = CARTESIAN_POINT ( 'NONE',  ( 0.000000000000000000, 0.000000000000000000, 29.39999999999997371 ) ) ;
#3185 = VECTOR ( 'NONE', #4450, 1000.000000000000000 ) ;
#3186 = CIRCLE ( 'NONE', #888, 1.999999999999385158 ) ;
#3187 = CARTESIAN_POINT ( 'NONE',  ( 0.000000000000000000, 0.000000000000000000, 30.99999999999997158 ) ) ;
#3188 = ORIENTED_EDGE ( 'NONE', *, *, #929, .T. ) ;
#3189 = CONICAL_SURFACE ( 'NONE', #5384, 1.999999999999235500, 0.7653268769996891541 ) ;
#3190 = EDGE_LOOP ( 'NONE', ( #2949, #322, #5046 ) ) ;
#3191 = ADVANCED_FACE ( 'NONE', ( #6441 ), #6221, .T. ) ;
#3192 = VECTOR ( 'NONE', #1723, 1000.000000000000000 ) ;
#3193 = DIRECTION ( 'NONE',  ( -0.000000000000000000, -0.000000000000000000, -1.000000000000000000 ) ) ;
#3194 = CARTESIAN_POINT ( 'NONE',  ( 0.000000000000000000, 0.000000000000000000, 34.19999999999998153 ) ) ;
#3195 = AXIS2_PLACEMENT_3D ( 'NONE', #1868, #5334, #4938 ) ;
#3196 = CARTESIAN_POINT ( 'NONE',  ( 0.000000000000000000, 0.000000000000000000, 23.41024260084478925 ) ) ;
#3197 = DIRECTION ( 'NONE',  ( 0.000000000000000000, 0.000000000000000000, 1.000000000000000000 ) ) ;
#3198 = EDGE_CURVE ( 'NONE', #5245, #3445, #354, .T. ) ;
#3199 = CARTESIAN_POINT ( 'NONE',  ( 2.150000000000002132, 2.632990618166812193E-16, 15.77723155024511570 ) ) ;
#3200 = VERTEX_POINT ( 'NONE', #5862 ) ;
#3201 = CARTESIAN_POINT ( 'NONE',  ( -1.924626583725415285, 0.000000000000000000, 37.75000000000000000 ) ) ;
#3202 = CIRCLE ( 'NONE', #906, 1.999999999999385158 ) ;
#3203 = DIRECTION ( 'NONE',  ( -0.000000000000000000, -0.000000000000000000, -1.000000000000000000 ) ) ;
#3204 = EDGE_LOOP ( 'NONE', ( #2732, #5291, #3157, #5957 ) ) ;
#3205 = VERTEX_POINT ( 'NONE', #3876 ) ;
#3206 = CONICAL_SURFACE ( 'NONE', #4891, 1.999999999999410250, 0.7653268769994305831 ) ;
#3207 = CARTESIAN_POINT ( 'NONE',  ( 2.500000000000000888, 0.000000000000000000, 0.000000000000000000 ) ) ;
#3208 = EDGE_CURVE ( 'NONE', #478, #3676, #385, .T. ) ;
#3209 = DIRECTION ( 'NONE',  ( -1.000000000000000000, 0.000000000000000000, 0.000000000000000000 ) ) ;
#3210 = EDGE_LOOP ( 'NONE', ( #3668, #2907, #147, #1899 ) ) ;
#3211 = CARTESIAN_POINT ( 'NONE',  ( 0.000000000000000000, 0.000000000000000000, 13.51221608641805894 ) ) ;
#3212 = CONICAL_SURFACE ( 'NONE', #5004, 1.999999999999326983, 0.7653268769983139208 ) ;
#3213 = CONICAL_SURFACE ( 'NONE', #3632, 1.999999999999393818, 0.7653268769994305831 ) ;
#3214 = VECTOR ( 'NONE', #4344, 1000.000000000000000 ) ;
#3215 = DIRECTION ( 'NONE',  ( -1.000000000000000000, 0.000000000000000000, 0.000000000000000000 ) ) ;
#3216 = ORIENTED_EDGE ( 'NONE', *, *, #4357, .F. ) ;
#3217 = ORIENTED_EDGE ( 'NONE', *, *, #5518, .F. ) ;
#3218 = AXIS2_PLACEMENT_3D ( 'NONE', #3652, #2605, #3546 ) ;
#3219 = CARTESIAN_POINT ( 'NONE',  ( -1.999999999999277023, 0.000000000000000000, 22.61024260084478499 ) ) ;
#3220 = CARTESIAN_POINT ( 'NONE',  ( 0.000000000000000000, 0.000000000000000000, -2.698918212968115071 ) ) ;
#3221 = LINE ( 'NONE', #1858, #2313 ) ;
#3222 = VECTOR ( 'NONE', #1604, 1000.000000000000000 ) ;
#3223 = EDGE_CURVE ( 'NONE', #6468, #991, #863, .T. ) ;
#3224 = DIRECTION ( 'NONE',  ( 0.000000000000000000, 0.000000000000000000, 1.000000000000000000 ) ) ;
#3225 = AXIS2_PLACEMENT_3D ( 'NONE', #4595, #148, #3570 ) ;
#3226 = EDGE_LOOP ( 'NONE', ( #5670, #4139, #5596, #1999 ) ) ;
#3227 = LINE ( 'NONE', #4776, #6250 ) ;
#3228 = CARTESIAN_POINT ( 'NONE',  ( 0.000000000000000000, 0.000000000000000000, -2.698918212968115071 ) ) ;
#3229 = CARTESIAN_POINT ( 'NONE',  ( 2.250000000000616396, 0.000000000000000000, 22.19999999999999218 ) ) ;
#3230 = CYLINDRICAL_SURFACE ( 'NONE', #306, 1.999999999999380718 ) ;
#3231 = CARTESIAN_POINT ( 'NONE',  ( -1.999999999999251932, 0.000000000000000000, 20.21024260084479351 ) ) ;
#3232 = EDGE_CURVE ( 'NONE', #4509, #6251, #558, .T. ) ;
#3233 = ORIENTED_EDGE ( 'NONE', *, *, #4554, .F. ) ;
#3234 = EDGE_CURVE ( 'NONE', #1385, #4200, #3576, .T. ) ;
#3235 = DIRECTION ( 'NONE',  ( -0.000000000000000000, -0.000000000000000000, -1.000000000000000000 ) ) ;
#3236 = ORIENTED_EDGE ( 'NONE', *, *, #5916, .T. ) ;
#3237 = EDGE_LOOP ( 'NONE', ( #6211, #5323, #898, #4815 ) ) ;
#3238 = DIRECTION ( 'NONE',  ( -0.000000000000000000, -0.000000000000000000, -1.000000000000000000 ) ) ;
#3239 = EDGE_CURVE ( 'NONE', #1162, #2883, #5469, .T. ) ;
#3240 = CARTESIAN_POINT ( 'NONE',  ( 0.000000000000000000, 0.000000000000000000, 0.000000000000000000 ) ) ;
#3241 = ADVANCED_FACE ( 'NONE', ( #4337 ), #4418, .T. ) ;
#3242 = ORIENTED_EDGE ( 'NONE', *, *, #57, .F. ) ;
#3243 = EDGE_CURVE ( 'NONE', #215, #1162, #1826, .T. ) ;
#3244 = DIRECTION ( 'NONE',  ( 1.000000000000000000, 0.000000000000000000, 0.000000000000000000 ) ) ;
#3245 = EDGE_CURVE ( 'NONE', #4528, #3285, #2641, .T. ) ;
#3246 = EDGE_CURVE ( 'NONE', #379, #5047, #1957, .T. ) ;
#3247 = FACE_OUTER_BOUND ( 'NONE', #6372, .T. ) ;
#3248 = VERTEX_POINT ( 'NONE', #2433 ) ;
#3249 = ORIENTED_EDGE ( 'NONE', *, *, #3991, .F. ) ;
#3250 = CYLINDRICAL_SURFACE ( 'NONE', #1880, 2.250000000000296208 ) ;
#3251 = CARTESIAN_POINT ( 'NONE',  ( -2.265437129225214452, 2.774360328975227896E-16, 14.55000000000000249 ) ) ;
#3252 = DIRECTION ( 'NONE',  ( -0.6927727648613641875, 0.000000000000000000, -0.7211559444852000400 ) ) ;
#3253 = EDGE_CURVE ( 'NONE', #6356, #1537, #2366, .T. ) ;
#3254 = DIRECTION ( 'NONE',  ( -0.000000000000000000, -0.000000000000000000, -1.000000000000000000 ) ) ;
#3255 = EDGE_CURVE ( 'NONE', #499, #954, #4216, .T. ) ;
#3256 = VECTOR ( 'NONE', #3096, 1000.000000000000000 ) ;
#3257 = ORIENTED_EDGE ( 'NONE', *, *, #1634, .T. ) ;
#3258 = DIRECTION ( 'NONE',  ( -1.000000000000000000, 0.000000000000000000, 0.000000000000000000 ) ) ;
#3259 = VECTOR ( 'NONE', #4536, 1000.000000000000000 ) ;
#3260 = DIRECTION ( 'NONE',  ( 1.000000000000000000, 0.000000000000000000, 0.000000000000000000 ) ) ;
#3261 = FACE_OUTER_BOUND ( 'NONE', #1599, .T. ) ;
#3262 = CARTESIAN_POINT ( 'NONE',  ( 0.000000000000000000, 0.000000000000000000, -2.698918212968115071 ) ) ;
#3263 = DIRECTION ( 'NONE',  ( 0.2138829381615957315, 2.619310556118295104E-17, -0.9768592983451418466 ) ) ;
#3264 = ORIENTED_EDGE ( 'NONE', *, *, #4495, .F. ) ;
#3265 = EDGE_CURVE ( 'NONE', #6189, #4080, #3791, .T. ) ;
#3266 = CARTESIAN_POINT ( 'NONE',  ( 1.899999999999997913, 2.326828918379968407E-16, 9.623381939944312791 ) ) ;
#3267 = ORIENTED_EDGE ( 'NONE', *, *, #1493, .T. ) ;
#3268 = ORIENTED_EDGE ( 'NONE', *, *, #6120, .F. ) ;
#3269 = LINE ( 'NONE', #1692, #3413 ) ;
#3270 = CYLINDRICAL_SURFACE ( 'NONE', #3503, 1.999999999999309219 ) ;
#3271 = VERTEX_POINT ( 'NONE', #6347 ) ;
#3272 = DIRECTION ( 'NONE',  ( 0.000000000000000000, 0.000000000000000000, 1.000000000000000000 ) ) ;
#3273 = CARTESIAN_POINT ( 'NONE',  ( 0.000000000000000000, 0.000000000000000000, -2.698918212968115071 ) ) ;
#3274 = CARTESIAN_POINT ( 'NONE',  ( 0.000000000000000000, 0.000000000000000000, 23.54111742155135545 ) ) ;
#3275 = ORIENTED_EDGE ( 'NONE', *, *, #4640, .T. ) ;
#3276 = VECTOR ( 'NONE', #5609, 1000.000000000000114 ) ;
#3277 = ORIENTED_EDGE ( 'NONE', *, *, #4400, .T. ) ;
#3278 = CARTESIAN_POINT ( 'NONE',  ( 0.000000000000000000, 0.000000000000000000, -2.698918212968115071 ) ) ;
#3279 = DIRECTION ( 'NONE',  ( 1.000000000000000000, 0.000000000000000000, 0.000000000000000000 ) ) ;
#3280 = ADVANCED_FACE ( 'NONE', ( #1862 ), #1716, .T. ) ;
#3281 = CARTESIAN_POINT ( 'NONE',  ( 0.000000000000000000, 0.000000000000000000, -2.698918212968115071 ) ) ;
#3282 = AXIS2_PLACEMENT_3D ( 'NONE', #2722, #2218, #4227 ) ;
#3283 = LINE ( 'NONE', #2711, #4107 ) ;
#3284 = AXIS2_PLACEMENT_3D ( 'NONE', #2621, #1613, #4093 ) ;
#3285 = VERTEX_POINT ( 'NONE', #1926 ) ;
#3286 = ADVANCED_FACE ( 'NONE', ( #5356 ), #2950, .T. ) ;
#3287 = TOROIDAL_SURFACE ( 'NONE', #2453, -0.1499999999999726275, 10.40000000000000036 ) ;
#3288 = CONICAL_SURFACE ( 'NONE', #5820, 1.999999999999293676, 0.7653268769996244281 ) ;
#3289 = CYLINDRICAL_SURFACE ( 'NONE', #5826, 2.250000000000276668 ) ;
#3290 = DIRECTION ( 'NONE',  ( 1.000000000000000000, 0.000000000000000000, 0.000000000000000000 ) ) ;
#3291 = DIRECTION ( 'NONE',  ( -1.000000000000000000, 0.000000000000000000, 0.000000000000000000 ) ) ;
#3292 = VECTOR ( 'NONE', #1234, 1000.000000000000114 ) ;
#3293 = CIRCLE ( 'NONE', #1529, 2.250000000000624834 ) ;
#3294 = AXIS2_PLACEMENT_3D ( 'NONE', #5758, #6367, #881 ) ;
#3295 = DIRECTION ( 'NONE',  ( 0.000000000000000000, 0.000000000000000000, 1.000000000000000000 ) ) ;
#3296 = DIRECTION ( 'NONE',  ( 0.6813598739532968906, 0.000000000000000000, 0.7319485789086194183 ) ) ;
#3297 = EDGE_LOOP ( 'NONE', ( #1155, #3665, #1565, #3602 ) ) ;
#3298 = LINE ( 'NONE', #1835, #4340 ) ;
#3299 = CARTESIAN_POINT ( 'NONE',  ( 0.000000000000000000, 0.000000000000000000, -2.698918212968115071 ) ) ;
#3300 = EDGE_CURVE ( 'NONE', #5501, #3120, #6008, .T. ) ;
#3301 = VERTEX_POINT ( 'NONE', #4403 ) ;
#3302 = CLOSED_SHELL ( 'NONE', ( #3594, #2481, #5287, #4610, #4780, #816, #2500, #5890, #649, #4491, #5576, #5618, #3449, #5774, #2495, #5697, #4670, #1557, #2740, #1384, #4751, #5433, #342, #923, #1207, #6402, #18, #10, #4206, #2207, #4435, #2560, #2528, #3896, #6071, #2778, #4857, #1645, #3759, #384, #5570, #4840, #2068, #1798, #2925, #3714, #6015, #1070, #6087, #4971, #6393, #109, #708, #4869, #1661, #5242, #684, #5182, #1364, #4004, #4294, #2957, #98, #3094, #2517, #2566, #1901, #5321, #3280, #1921, #3155, #205, #1925, #509, #4645, #4280, #2718, #4819, #1796, #2448, #5563, #1847, #3788, #537, #1896, #5063, #3821, #3658, #5926, #5148, #250, #2373, #5766, #3735, #5263, #5990, #3191, #948, #4959, #2610, #735, #4336, #3527, #5953, #1135, #4065, #4775, #1157, #1055, #1741, #1809, #1042, #4843, #2226, #1977, #3680, #3014, #5341, #1735, #1274, #1825, #1405, #2100, #1959, #3054, #339, #1349, #2608, #2802, #6420, #2753, #4745, #4601, #3623, #5136, #1183, #5636, #2205, #4727, #3532, #2568, #5006, #3405, #2386, #4419, #1126, #3357, #212, #3609, #896, #2257, #1756, #213, #3241, #3589, #4976, #5848, #3441, #1101, #6101, #2996, #3919, #2020, #6135, #4941, #2549, #1779, #190, #2619, #2858, #3159, #1539, #5871, #2679, #3398, #463, #4237, #6344, #1664, #4821, #2654, #1178, #4893, #451, #4808, #4719, #3573, #4502, #2032, #4171, #3770, #794, #3678, #630, #5762, #1836, #4700, #2968, #1548, #3921, #2773, #1659, #3472, #3544, #4643, #2575, #4561, #5491, #3286, #5381, #979, #5945, #1008, #2061, #2754, #4350, #4411, #5088, #168, #3780, #2865, #2894, #539, #2420, #2372, #3794, #3137, #3800, #309, #3910, #5569, #5983, #809, #4674, #452, #1062, #556, #5226, #3511, #3983, #1436, #6027, #5165, #3475, #2723, #269, #3035, #3028, #4541, #3728, #2284, #2588, #3520, #5977, #1860, #1380, #2756, #5411 ) ) ;
#3303 = ORIENTED_EDGE ( 'NONE', *, *, #3460, .F. ) ;
#3304 = DIRECTION ( 'NONE',  ( -0.000000000000000000, -0.000000000000000000, -1.000000000000000000 ) ) ;
#3305 = CARTESIAN_POINT ( 'NONE',  ( -2.250000000000624834, 0.000000000000000000, 24.59999999999998366 ) ) ;
#3306 = ORIENTED_EDGE ( 'NONE', *, *, #969, .F. ) ;
#3307 = EDGE_CURVE ( 'NONE', #912, #873, #3582, .T. ) ;
#3308 = DIRECTION ( 'NONE',  ( -0.000000000000000000, -0.000000000000000000, -1.000000000000000000 ) ) ;
#3309 = DIRECTION ( 'NONE',  ( -0.000000000000000000, -0.000000000000000000, -1.000000000000000000 ) ) ;
#3310 = DIRECTION ( 'NONE',  ( -0.000000000000000000, -0.000000000000000000, -1.000000000000000000 ) ) ;
#3311 = EDGE_LOOP ( 'NONE', ( #622, #3871, #1984, #3268 ) ) ;
#3312 = ORIENTED_EDGE ( 'NONE', *, *, #3991, .T. ) ;
#3313 = DIRECTION ( 'NONE',  ( -1.000000000000000000, 0.000000000000000000, 0.000000000000000000 ) ) ;
#3314 = DIRECTION ( 'NONE',  ( -0.000000000000000000, -0.000000000000000000, -1.000000000000000000 ) ) ;
#3315 = DIRECTION ( 'NONE',  ( -0.000000000000000000, -0.000000000000000000, -1.000000000000000000 ) ) ;
#3316 = ORIENTED_EDGE ( 'NONE', *, *, #5786, .T. ) ;
#3317 = CONICAL_SURFACE ( 'NONE', #2070, 1.899999999999997913, 1.110029404268399800 ) ;
#3318 = AXIS2_PLACEMENT_3D ( 'NONE', #5111, #1107, #71 ) ;
#3319 = CONICAL_SURFACE ( 'NONE', #5105, 1.999999999999277023, 0.7653268770002944477 ) ;
#3320 = CARTESIAN_POINT ( 'NONE',  ( 0.000000000000000000, 0.000000000000000000, 20.74999999999998934 ) ) ;
#3321 = AXIS2_PLACEMENT_3D ( 'NONE', #597, #3076, #1687 ) ;
#3322 = CIRCLE ( 'NONE', #4584, 1.899999999999993916 ) ;
#3323 = ORIENTED_EDGE ( 'NONE', *, *, #1447, .T. ) ;
#3324 = EDGE_CURVE ( 'NONE', #743, #3425, #2014, .T. ) ;
#3325 = AXIS2_PLACEMENT_3D ( 'NONE', #4599, #6165, #4081 ) ;
#3326 = CARTESIAN_POINT ( 'NONE',  ( 0.000000000000000000, 0.000000000000000000, 34.74111742155135829 ) ) ;
#3327 = CIRCLE ( 'NONE', #2708, 2.265437129225214008 ) ;
#3328 = DIRECTION ( 'NONE',  ( -1.000000000000000000, 0.000000000000000000, 0.000000000000000000 ) ) ;
#3329 = CARTESIAN_POINT ( 'NONE',  ( -1.999999999999235500, 0.000000000000000000, 18.61024260084479565 ) ) ;
#3330 = EDGE_CURVE ( 'NONE', #1134, #2426, #3971, .T. ) ;
#3331 = CARTESIAN_POINT ( 'NONE',  ( -2.250000000000644373, 2.755455298082333639E-16, 30.19999999999997797 ) ) ;
#3332 = ORIENTED_EDGE ( 'NONE', *, *, #1145, .F. ) ;
#3333 = DIRECTION ( 'NONE',  ( -0.000000000000000000, -0.000000000000000000, -1.000000000000000000 ) ) ;
#3334 = CARTESIAN_POINT ( 'NONE',  ( 0.000000000000000000, 0.000000000000000000, 18.19999999999999574 ) ) ;
#3335 = ORIENTED_EDGE ( 'NONE', *, *, #1672, .F. ) ;
#3336 = CARTESIAN_POINT ( 'NONE',  ( -1.999999999999335198, 0.000000000000000000, 28.21024260084477930 ) ) ;
#3337 = DIRECTION ( 'NONE',  ( -1.000000000000000000, 0.000000000000000000, 0.000000000000000000 ) ) ;
#3338 = ORIENTED_EDGE ( 'NONE', *, *, #4416, .T. ) ;
#3339 = DIRECTION ( 'NONE',  ( -0.000000000000000000, -0.000000000000000000, -1.000000000000000000 ) ) ;
#3340 = CYLINDRICAL_SURFACE ( 'NONE', #1722, 2.250000000000617284 ) ;
#3341 = CYLINDRICAL_SURFACE ( 'NONE', #3106, 2.250000000000468958 ) ;
#3342 = VERTEX_POINT ( 'NONE', #514 ) ;
#3343 = ORIENTED_EDGE ( 'NONE', *, *, #2097, .F. ) ;
#3344 = DIRECTION ( 'NONE',  ( -0.000000000000000000, -0.000000000000000000, -1.000000000000000000 ) ) ;
#3345 = CARTESIAN_POINT ( 'NONE',  ( 0.000000000000000000, 0.000000000000000000, -2.698918212968115071 ) ) ;
#3346 = ORIENTED_EDGE ( 'NONE', *, *, #2841, .T. ) ;
#3347 = DIRECTION ( 'NONE',  ( 0.000000000000000000, 0.000000000000000000, 1.000000000000000000 ) ) ;
#3348 = VERTEX_POINT ( 'NONE', #574 ) ;
#3349 = CARTESIAN_POINT ( 'NONE',  ( 0.000000000000000000, 0.000000000000000000, 35.14999999999994174 ) ) ;
#3350 = ORIENTED_EDGE ( 'NONE', *, *, #522, .T. ) ;
#3351 = DIRECTION ( 'NONE',  ( -0.000000000000000000, -0.000000000000000000, -1.000000000000000000 ) ) ;
#3352 = DIRECTION ( 'NONE',  ( 0.000000000000000000, 0.000000000000000000, 1.000000000000000000 ) ) ;
#3353 = EDGE_CURVE ( 'NONE', #5228, #1134, #1089, .T. ) ;
#3354 = DIRECTION ( 'NONE',  ( -0.000000000000000000, -0.000000000000000000, -1.000000000000000000 ) ) ;
#3355 = EDGE_CURVE ( 'NONE', #3651, #3586, #1927, .T. ) ;
#3356 = DIRECTION ( 'NONE',  ( -1.000000000000000000, 0.000000000000000000, 0.000000000000000000 ) ) ;
#3357 = ADVANCED_FACE ( 'NONE', ( #6124 ), #5621, .T. ) ;
#3358 = ORIENTED_EDGE ( 'NONE', *, *, #2829, .F. ) ;
#3359 = AXIS2_PLACEMENT_3D ( 'NONE', #1434, #455, #1470 ) ;
#3360 = CARTESIAN_POINT ( 'NONE',  ( 0.000000000000000000, 0.000000000000000000, 24.34111742155135971 ) ) ;
#3361 = FACE_OUTER_BOUND ( 'NONE', #5954, .T. ) ;
#3362 = VECTOR ( 'NONE', #1356, 1000.000000000000000 ) ;
#3363 = ORIENTED_EDGE ( 'NONE', *, *, #5106, .T. ) ;
#3364 = DIRECTION ( 'NONE',  ( -0.6946583704589959218, 8.507111498835255873E-17, 0.7193398003386525241 ) ) ;
#3365 = ORIENTED_EDGE ( 'NONE', *, *, #1050, .T. ) ;
#3366 = EDGE_CURVE ( 'NONE', #2781, #145, #1611, .T. ) ;
#3367 = FACE_OUTER_BOUND ( 'NONE', #4353, .T. ) ;
#3368 = AXIS2_PLACEMENT_3D ( 'NONE', #1595, #49, #1626 ) ;
#3369 = DIRECTION ( 'NONE',  ( -1.000000000000000000, 0.000000000000000000, 0.000000000000000000 ) ) ;
#3370 = FACE_OUTER_BOUND ( 'NONE', #312, .T. ) ;
#3371 = ORIENTED_EDGE ( 'NONE', *, *, #5574, .T. ) ;
#3372 = ORIENTED_EDGE ( 'NONE', *, *, #3174, .F. ) ;
#3373 = EDGE_CURVE ( 'NONE', #4623, #6017, #5899, .T. ) ;
#3374 = LINE ( 'NONE', #1855, #2385 ) ;
#3375 = AXIS2_PLACEMENT_3D ( 'NONE', #9, #4924, #2455 ) ;
#3376 = DIRECTION ( 'NONE',  ( -0.000000000000000000, -0.000000000000000000, -1.000000000000000000 ) ) ;
#3377 = ORIENTED_EDGE ( 'NONE', *, *, #1493, .F. ) ;
#3378 = CARTESIAN_POINT ( 'NONE',  ( -2.250000000000323297, 0.000000000000000000, -2.698918212968115071 ) ) ;
#3379 = EDGE_CURVE ( 'NONE', #349, #2910, #356, .T. ) ;
#3380 = AXIS2_PLACEMENT_3D ( 'NONE', #3334, #5840, #5277 ) ;
#3381 = DIRECTION ( 'NONE',  ( 0.6927727648615207290, 8.484019490241233810E-17, -0.7211559444850497158 ) ) ;
#3382 = VERTEX_POINT ( 'NONE', #4995 ) ;
#3383 = EDGE_LOOP ( 'NONE', ( #1917, #1327, #5551, #6059 ) ) ;
#3384 = VECTOR ( 'NONE', #5074, 1000.000000000000000 ) ;
#3385 = DIRECTION ( 'NONE',  ( -0.000000000000000000, -0.000000000000000000, -1.000000000000000000 ) ) ;
#3386 = DIRECTION ( 'NONE',  ( -0.000000000000000000, -0.000000000000000000, -1.000000000000000000 ) ) ;
#3387 = DIRECTION ( 'NONE',  ( -1.000000000000000000, 0.000000000000000000, 0.000000000000000000 ) ) ;
#3388 = LINE ( 'NONE', #4448, #1838 ) ;
#3389 = ORIENTED_EDGE ( 'NONE', *, *, #1689, .F. ) ;
#3390 = CARTESIAN_POINT ( 'NONE',  ( 2.250000000000627942, 0.000000000000000000, 25.39999999999998437 ) ) ;
#3391 = CIRCLE ( 'NONE', #1304, 1.999999999999243716 ) ;
#3392 = AXIS2_PLACEMENT_3D ( 'NONE', #2496, #2948, #3408 ) ;
#3393 = ORIENTED_EDGE ( 'NONE', *, *, #1362, .F. ) ;
#3394 = CARTESIAN_POINT ( 'NONE',  ( 0.000000000000000000, 0.000000000000000000, 34.61024260084478499 ) ) ;
#3395 = CARTESIAN_POINT ( 'NONE',  ( 0.000000000000000000, 0.000000000000000000, -2.698918212968115071 ) ) ;
#3396 = AXIS2_PLACEMENT_3D ( 'NONE', #3660, #4806, #3258 ) ;
#3397 = ORIENTED_EDGE ( 'NONE', *, *, #55, .F. ) ;
#3398 = ADVANCED_FACE ( 'NONE', ( #3572 ), #2085, .T. ) ;
#3399 = DIRECTION ( 'NONE',  ( -0.000000000000000000, -0.000000000000000000, -1.000000000000000000 ) ) ;
#3400 = AXIS2_PLACEMENT_3D ( 'NONE', #4660, #5086, #181 ) ;
#3401 = LINE ( 'NONE', #4493, #4116 ) ;
#3402 = CYLINDRICAL_SURFACE ( 'NONE', #6168, 1.999999999999314770 ) ;
#3403 = AXIS2_PLACEMENT_3D ( 'NONE', #4008, #2056, #3976 ) ;
#3404 = ORIENTED_EDGE ( 'NONE', *, *, #1904, .T. ) ;
#3405 = ADVANCED_FACE ( 'NONE', ( #5550 ), #5583, .T. ) ;
#3406 = ORIENTED_EDGE ( 'NONE', *, *, #4467, .T. ) ;
#3407 = DIRECTION ( 'NONE',  ( -1.000000000000000000, 0.000000000000000000, 0.000000000000000000 ) ) ;
#3408 = DIRECTION ( 'NONE',  ( -1.000000000000000000, 0.000000000000000000, 0.000000000000000000 ) ) ;
#3409 = EDGE_LOOP ( 'NONE', ( #768, #5944, #1115, #5355 ) ) ;
#3410 = DIRECTION ( 'NONE',  ( -0.000000000000000000, -0.000000000000000000, -1.000000000000000000 ) ) ;
#3411 = DIRECTION ( 'NONE',  ( -0.000000000000000000, -0.000000000000000000, -1.000000000000000000 ) ) ;
#3412 = ORIENTED_EDGE ( 'NONE', *, *, #1653, .T. ) ;
#3413 = VECTOR ( 'NONE', #6299, 1000.000000000000000 ) ;
#3414 = ORIENTED_EDGE ( 'NONE', *, *, #2988, .F. ) ;
#3415 = DIRECTION ( 'NONE',  ( -0.000000000000000000, -0.000000000000000000, -1.000000000000000000 ) ) ;
#3416 = CIRCLE ( 'NONE', #1118, 2.250000000000280220 ) ;
#3417 = AXIS2_PLACEMENT_3D ( 'NONE', #2126, #472, #2157 ) ;
#3418 = DIRECTION ( 'NONE',  ( -1.000000000000000000, 0.000000000000000000, 0.000000000000000000 ) ) ;
#3419 = EDGE_CURVE ( 'NONE', #4109, #5649, #4527, .T. ) ;
#3420 = CONICAL_SURFACE ( 'NONE', #4690, 1.899999999999993916, 1.110029404268415343 ) ;
#3421 = DIRECTION ( 'NONE',  ( -0.000000000000000000, -0.000000000000000000, -1.000000000000000000 ) ) ;
#3422 = CONICAL_SURFACE ( 'NONE', #194, 1.999999999999301892, 0.7653268769995199561 ) ;
#3423 = DIRECTION ( 'NONE',  ( -1.000000000000000000, 0.000000000000000000, 0.000000000000000000 ) ) ;
#3424 = LINE ( 'NONE', #5365, #5392 ) ;
#3425 = VERTEX_POINT ( 'NONE', #3510 ) ;
#3426 = DIRECTION ( 'NONE',  ( -1.000000000000000000, 0.000000000000000000, 0.000000000000000000 ) ) ;
#3427 = CIRCLE ( 'NONE', #2604, 1.899999999999986366 ) ;
#3428 = CARTESIAN_POINT ( 'NONE',  ( 0.000000000000000000, 0.000000000000000000, 21.94111742155136113 ) ) ;
#3429 = DIRECTION ( 'NONE',  ( 1.000000000000000000, 0.000000000000000000, 0.000000000000000000 ) ) ;
#3430 = EDGE_CURVE ( 'NONE', #6174, #1863, #2113, .T. ) ;
#3431 = ORIENTED_EDGE ( 'NONE', *, *, #6307, .F. ) ;
#3432 = CYLINDRICAL_SURFACE ( 'NONE', #400, 1.999999999999275690 ) ;
#3433 = FACE_OUTER_BOUND ( 'NONE', #6276, .T. ) ;
#3434 = DIRECTION ( 'NONE',  ( -0.000000000000000000, -0.000000000000000000, -1.000000000000000000 ) ) ;
#3435 = EDGE_LOOP ( 'NONE', ( #2856, #5856, #353, #3968 ) ) ;
#3436 = EDGE_CURVE ( 'NONE', #6095, #3029, #4424, .T. ) ;
#3437 = EDGE_CURVE ( 'NONE', #1678, #1457, #5267, .T. ) ;
#3438 = ORIENTED_EDGE ( 'NONE', *, *, #2935, .F. ) ;
#3439 = CARTESIAN_POINT ( 'NONE',  ( 2.250000000000688338, 2.755455298082387873E-16, 34.99999999999999289 ) ) ;
#3440 = LINE ( 'NONE', #5354, #6340 ) ;
#3441 = ADVANCED_FACE ( 'NONE', ( #121 ), #454, .T. ) ;
#3442 = ORIENTED_EDGE ( 'NONE', *, *, #3208, .F. ) ;
#3443 = CARTESIAN_POINT ( 'NONE',  ( -1.999999999999277023, 0.000000000000000000, 22.61024260084478499 ) ) ;
#3444 = DIRECTION ( 'NONE',  ( -0.000000000000000000, -0.000000000000000000, -1.000000000000000000 ) ) ;
#3445 = VERTEX_POINT ( 'NONE', #4037 ) ;
#3446 = CARTESIAN_POINT ( 'NONE',  ( 0.000000000000000000, 0.000000000000000000, 15.77723155024511570 ) ) ;
#3447 = VERTEX_POINT ( 'NONE', #2529 ) ;
#3448 = LINE ( 'NONE', #2926, #100 ) ;
#3449 = ADVANCED_FACE ( 'NONE', ( #5053 ), #5992, .T. ) ;
#3450 = CYLINDRICAL_SURFACE ( 'NONE', #1318, 1.899999999999995692 ) ;
#3451 = CARTESIAN_POINT ( 'NONE',  ( 0.000000000000000000, 0.000000000000000000, 18.61024260084479565 ) ) ;
#3452 = LINE ( 'NONE', #6452, #5526 ) ;
#3453 = ORIENTED_EDGE ( 'NONE', *, *, #5091, .T. ) ;
#3454 = VERTEX_POINT ( 'NONE', #2987 ) ;
#3455 = DIRECTION ( 'NONE',  ( -0.000000000000000000, -0.000000000000000000, -1.000000000000000000 ) ) ;
#3456 = DIRECTION ( 'NONE',  ( -0.000000000000000000, -0.000000000000000000, -1.000000000000000000 ) ) ;
#3457 = DIRECTION ( 'NONE',  ( -0.000000000000000000, -0.000000000000000000, -1.000000000000000000 ) ) ;
#3458 = CONICAL_SURFACE ( 'NONE', #3359, 2.101900007112964541, 0.1378810109075440105 ) ;
#3459 = DIRECTION ( 'NONE',  ( 0.000000000000000000, 0.000000000000000000, 1.000000000000000000 ) ) ;
#3460 = EDGE_CURVE ( 'NONE', #254, #5252, #5199, .T. ) ;
#3461 = ORIENTED_EDGE ( 'NONE', *, *, #1615, .T. ) ;
#3462 = CARTESIAN_POINT ( 'NONE',  ( -1.999999999999368505, 0.000000000000000000, 31.41024260084477504 ) ) ;
#3463 = DIRECTION ( 'NONE',  ( -0.000000000000000000, -0.000000000000000000, -1.000000000000000000 ) ) ;
#3464 = ORIENTED_EDGE ( 'NONE', *, *, #2927, .F. ) ;
#3465 = ORIENTED_EDGE ( 'NONE', *, *, #4382, .T. ) ;
#3466 = FACE_OUTER_BOUND ( 'NONE', #6435, .T. ) ;
#3467 = DIRECTION ( 'NONE',  ( -0.6927727648615187306, 0.000000000000000000, -0.7211559444850517142 ) ) ;
#3468 = ORIENTED_EDGE ( 'NONE', *, *, #3648, .F. ) ;
#3469 = EDGE_CURVE ( 'NONE', #1752, #4078, #2687, .T. ) ;
#3470 = CARTESIAN_POINT ( 'NONE',  ( 2.349999999999990319, 2.877919977996267994E-16, 6.949999999999999289 ) ) ;
#3471 = DIRECTION ( 'NONE',  ( -1.000000000000000000, -1.224646799147353207E-16, 0.000000000000000000 ) ) ;
#3472 = ADVANCED_FACE ( 'NONE', ( #4236 ), #4464, .T. ) ;
#3473 = EDGE_CURVE ( 'NONE', #2541, #1958, #3202, .T. ) ;
#3474 = ORIENTED_EDGE ( 'NONE', *, *, #2365, .F. ) ;
#3475 = ADVANCED_FACE ( 'NONE', ( #3247 ), #5760, .T. ) ;
#3476 = ORIENTED_EDGE ( 'NONE', *, *, #5781, .F. ) ;
#3477 = DIRECTION ( 'NONE',  ( -0.000000000000000000, -0.000000000000000000, -1.000000000000000000 ) ) ;
#3478 = VECTOR ( 'NONE', #2745, 1000.000000000000000 ) ;
#3479 = CARTESIAN_POINT ( 'NONE',  ( 0.000000000000000000, 0.000000000000000000, 34.34999999999993747 ) ) ;
#3480 = CARTESIAN_POINT ( 'NONE',  ( 2.250000000000281108, 2.755455298081889411E-16, 18.99999999999999645 ) ) ;
#3481 = DIRECTION ( 'NONE',  ( -0.1374445460371387095, 0.000000000000000000, -0.9905094632383100173 ) ) ;
#3482 = AXIS2_PLACEMENT_3D ( 'NONE', #5070, #1681, #1103 ) ;
#3483 = EDGE_CURVE ( 'NONE', #4753, #5761, #2579, .T. ) ;
#3484 = EDGE_LOOP ( 'NONE', ( #2543, #1197, #2326, #1351 ) ) ;
#3485 = AXIS2_PLACEMENT_3D ( 'NONE', #1344, #5445, #2909 ) ;
#3486 = ORIENTED_EDGE ( 'NONE', *, *, #1392, .F. ) ;
#3487 = DIRECTION ( 'NONE',  ( -1.000000000000000000, 0.000000000000000000, 0.000000000000000000 ) ) ;
#3488 = AXIS2_PLACEMENT_3D ( 'NONE', #331, #6234, #4283 ) ;
#3489 = DIRECTION ( 'NONE',  ( -0.000000000000000000, -0.000000000000000000, -1.000000000000000000 ) ) ;
#3490 = EDGE_CURVE ( 'NONE', #4406, #383, #6249, .T. ) ;
#3491 = AXIS2_PLACEMENT_3D ( 'NONE', #2583, #3012, #4586 ) ;
#3492 = CARTESIAN_POINT ( 'NONE',  ( 2.349999999999990319, 2.877919977996267994E-16, 7.200000000000000178 ) ) ;
#3493 = CARTESIAN_POINT ( 'NONE',  ( -2.500000000000000444, 0.000000000000000000, -2.698918212968115071 ) ) ;
#3494 = ORIENTED_EDGE ( 'NONE', *, *, #6236, .F. ) ;
#3495 = EDGE_CURVE ( 'NONE', #570, #5228, #3633, .T. ) ;
#3496 = AXIS2_PLACEMENT_3D ( 'NONE', #4347, #942, #1437 ) ;
#3497 = DIRECTION ( 'NONE',  ( -0.000000000000000000, -0.000000000000000000, -1.000000000000000000 ) ) ;
#3498 = CYLINDRICAL_SURFACE ( 'NONE', #5271, 2.250000000000463629 ) ;
#3499 = EDGE_CURVE ( 'NONE', #5018, #196, #1754, .T. ) ;
#3500 = ORIENTED_EDGE ( 'NONE', *, *, #6111, .T. ) ;
#3501 = AXIS2_PLACEMENT_3D ( 'NONE', #4191, #6204, #4282 ) ;
#3502 = ORIENTED_EDGE ( 'NONE', *, *, #55, .T. ) ;
#3503 = AXIS2_PLACEMENT_3D ( 'NONE', #5810, #4264, #6192 ) ;
#3504 = CARTESIAN_POINT ( 'NONE',  ( 0.000000000000000000, 0.000000000000000000, 34.99999999999999289 ) ) ;
#3505 = CARTESIAN_POINT ( 'NONE',  ( 0.000000000000000000, 0.000000000000000000, 22.19999999999999218 ) ) ;
#3506 = EDGE_CURVE ( 'NONE', #4200, #1385, #1328, .T. ) ;
#3507 = CIRCLE ( 'NONE', #6449, 1.500000000000000666 ) ;
#3508 = EDGE_LOOP ( 'NONE', ( #933, #5984, #6198, #1467 ) ) ;
#3509 = FACE_OUTER_BOUND ( 'NONE', #1058, .T. ) ;
#3510 = CARTESIAN_POINT ( 'NONE',  ( 2.150000000000134026, 2.632990618166973417E-16, 35.69644696862068400 ) ) ;
#3511 = ADVANCED_FACE ( 'NONE', ( #285 ), #3206, .T. ) ;
#3512 = ORIENTED_EDGE ( 'NONE', *, *, #1873, .F. ) ;
#3513 = CARTESIAN_POINT ( 'NONE',  ( 0.000000000000000000, 0.000000000000000000, 26.19999999999998153 ) ) ;
#3514 = EDGE_LOOP ( 'NONE', ( #104, #3363, #3500, #287 ) ) ;
#3515 = CARTESIAN_POINT ( 'NONE',  ( -2.250000000000298428, 0.000000000000000000, -2.698918212968115071 ) ) ;
#3516 = DIRECTION ( 'NONE',  ( -1.000000000000000000, 0.000000000000000000, 0.000000000000000000 ) ) ;
#3517 = FACE_OUTER_BOUND ( 'NONE', #3121, .T. ) ;
#3518 = VECTOR ( 'NONE', #5250, 1000.000000000000000 ) ;
#3519 = ORIENTED_EDGE ( 'NONE', *, *, #6351, .T. ) ;
#3520 = ADVANCED_FACE ( 'NONE', ( #6281 ), #1440, .T. ) ;
#3521 = ORIENTED_EDGE ( 'NONE', *, *, #6120, .T. ) ;
#3522 = ORIENTED_EDGE ( 'NONE', *, *, #6260, .F. ) ;
#3523 = CIRCLE ( 'NONE', #1763, 2.150000000000134026 ) ;
#3524 = CARTESIAN_POINT ( 'NONE',  ( 0.000000000000000000, 0.000000000000000000, 22.74111742155136184 ) ) ;
#3525 = VECTOR ( 'NONE', #3364, 999.9999999999998863 ) ;
#3526 = VECTOR ( 'NONE', #2739, 1000.000000000000000 ) ;
#3527 = ADVANCED_FACE ( 'NONE', ( #1789 ), #4478, .T. ) ;
#3528 = CARTESIAN_POINT ( 'NONE',  ( 2.250000000000618172, 2.755455298082302084E-16, 22.34999999999998721 ) ) ;
#3529 = CARTESIAN_POINT ( 'NONE',  ( 0.000000000000000000, 0.000000000000000000, 33.01024260084477646 ) ) ;
#3530 = FACE_OUTER_BOUND ( 'NONE', #6016, .T. ) ;
#3531 = DIRECTION ( 'NONE',  ( -1.000000000000000000, 0.000000000000000000, 0.000000000000000000 ) ) ;
#3532 = ADVANCED_FACE ( 'NONE', ( #3675 ), #814, .T. ) ;
#3533 = CIRCLE ( 'NONE', #406, 2.250000000000365930 ) ;
#3534 = DIRECTION ( 'NONE',  ( -1.000000000000000000, 0.000000000000000000, 0.000000000000000000 ) ) ;
#3535 = AXIS2_PLACEMENT_3D ( 'NONE', #2469, #4810, #4505 ) ;
#3536 = ORIENTED_EDGE ( 'NONE', *, *, #3198, .T. ) ;
#3537 = EDGE_LOOP ( 'NONE', ( #1415, #4218, #5855, #3974 ) ) ;
#3538 = DIRECTION ( 'NONE',  ( -1.000000000000000000, 0.000000000000000000, 0.000000000000000000 ) ) ;
#3539 = CARTESIAN_POINT ( 'NONE',  ( 2.265437129225213564, 2.774360328975226910E-16, 13.34999999999999964 ) ) ;
#3540 = EDGE_LOOP ( 'NONE', ( #1422, #2659, #5274, #3816 ) ) ;
#3541 = DIRECTION ( 'NONE',  ( -0.000000000000000000, -0.000000000000000000, -1.000000000000000000 ) ) ;
#3542 = CARTESIAN_POINT ( 'NONE',  ( -1.999999999999347855, 0.000000000000000000, -2.698918212968115071 ) ) ;
#3543 = EDGE_LOOP ( 'NONE', ( #4404, #732, #1744, #5141 ) ) ;
#3544 = ADVANCED_FACE ( 'NONE', ( #3145 ), #2701, .T. ) ;
#3545 = ORIENTED_EDGE ( 'NONE', *, *, #5347, .F. ) ;
#3546 = DIRECTION ( 'NONE',  ( -1.000000000000000000, 0.000000000000000000, 0.000000000000000000 ) ) ;
#3547 = DIRECTION ( 'NONE',  ( -1.000000000000000000, 0.000000000000000000, 0.000000000000000000 ) ) ;
#3548 = CARTESIAN_POINT ( 'NONE',  ( 0.000000000000000000, 0.000000000000000000, 19.94999999999998863 ) ) ;
#3549 = DIRECTION ( 'NONE',  ( -1.000000000000000000, 0.000000000000000000, 0.000000000000000000 ) ) ;
#3550 = DIRECTION ( 'NONE',  ( -1.000000000000000000, 0.000000000000000000, 0.000000000000000000 ) ) ;
#3551 = CARTESIAN_POINT ( 'NONE',  ( -2.250000000000615508, 0.000000000000000000, 21.54999999999998650 ) ) ;
#3552 = EDGE_LOOP ( 'NONE', ( #2508, #4181, #3740, #1922 ) ) ;
#3553 = ORIENTED_EDGE ( 'NONE', *, *, #4655, .F. ) ;
#3554 = ORIENTED_EDGE ( 'NONE', *, *, #4607, .T. ) ;
#3555 = DIRECTION ( 'NONE',  ( -0.000000000000000000, -0.000000000000000000, -1.000000000000000000 ) ) ;
#3556 = DIRECTION ( 'NONE',  ( -0.000000000000000000, -0.000000000000000000, -1.000000000000000000 ) ) ;
#3557 = CARTESIAN_POINT ( 'NONE',  ( 0.000000000000000000, 0.000000000000000000, -2.698918212968115071 ) ) ;
#3558 = EDGE_CURVE ( 'NONE', #5198, #3301, #1724, .T. ) ;
#3559 = EDGE_CURVE ( 'NONE', #3640, #2389, #4180, .T. ) ;
#3560 = DIRECTION ( 'NONE',  ( -0.000000000000000000, -0.000000000000000000, -1.000000000000000000 ) ) ;
#3561 = CARTESIAN_POINT ( 'NONE',  ( -2.250000000000324185, 0.000000000000000000, 31.14999999999997016 ) ) ;
#3562 = DIRECTION ( 'NONE',  ( -0.000000000000000000, -0.000000000000000000, -1.000000000000000000 ) ) ;
#3563 = CARTESIAN_POINT ( 'NONE',  ( 0.000000000000000000, 0.000000000000000000, 33.81024260084478072 ) ) ;
#3564 = EDGE_CURVE ( 'NONE', #3861, #1485, #4262, .T. ) ;
#3565 = EDGE_LOOP ( 'NONE', ( #1256, #2703, #3468, #4589 ) ) ;
#3566 = ORIENTED_EDGE ( 'NONE', *, *, #5457, .F. ) ;
#3567 = FACE_OUTER_BOUND ( 'NONE', #4704, .T. ) ;
#3568 = CARTESIAN_POINT ( 'NONE',  ( 1.999999999999410250, 2.449293598293986579E-16, 35.41024260084478215 ) ) ;
#3569 = ORIENTED_EDGE ( 'NONE', *, *, #4290, .F. ) ;
#3570 = DIRECTION ( 'NONE',  ( -1.000000000000000000, 0.000000000000000000, 0.000000000000000000 ) ) ;
#3571 = AXIS2_PLACEMENT_3D ( 'NONE', #6034, #6068, #3550 ) ;
#3572 = FACE_OUTER_BOUND ( 'NONE', #2316, .T. ) ;
#3573 = ADVANCED_FACE ( 'NONE', ( #2228 ), #3838, .T. ) ;
#3574 = ORIENTED_EDGE ( 'NONE', *, *, #2272, .F. ) ;
#3575 = ORIENTED_EDGE ( 'NONE', *, *, #4094, .T. ) ;
#3576 = CIRCLE ( 'NONE', #32, 1.600000000000002087 ) ;
#3577 = ORIENTED_EDGE ( 'NONE', *, *, #1729, .T. ) ;
#3578 = CARTESIAN_POINT ( 'NONE',  ( 2.250000000000680345, 0.000000000000000000, 34.19999999999998153 ) ) ;
#3579 = EDGE_CURVE ( 'NONE', #4509, #1994, #1889, .T. ) ;
#3580 = PRODUCT_DEFINITION_SHAPE ( 'NONE', 'NONE',  #1607 ) ;
#3581 = CARTESIAN_POINT ( 'NONE',  ( 0.000000000000000000, 0.000000000000000000, -2.698918212968115071 ) ) ;
#3582 = CIRCLE ( 'NONE', #2645, 2.250000000000324185 ) ;
#3583 = CARTESIAN_POINT ( 'NONE',  ( 2.265437129225214008, 2.774360328975227403E-16, -2.698918212968115071 ) ) ;
#3584 = EDGE_CURVE ( 'NONE', #436, #529, #1916, .T. ) ;
#3585 = DIRECTION ( 'NONE',  ( -0.000000000000000000, -0.000000000000000000, -1.000000000000000000 ) ) ;
#3586 = VERTEX_POINT ( 'NONE', #1348 ) ;
#3587 = VECTOR ( 'NONE', #918, 1000.000000000000114 ) ;
#3588 = ORIENTED_EDGE ( 'NONE', *, *, #3584, .T. ) ;
#3589 = ADVANCED_FACE ( 'NONE', ( #4299 ), #3341, .T. ) ;
#3590 = DIRECTION ( 'NONE',  ( -0.000000000000000000, -0.000000000000000000, -1.000000000000000000 ) ) ;
#3591 = DIRECTION ( 'NONE',  ( -1.000000000000000000, 0.000000000000000000, 0.000000000000000000 ) ) ;
#3592 = CARTESIAN_POINT ( 'NONE',  ( 0.000000000000000000, 0.000000000000000000, 37.75000000000000000 ) ) ;
#3593 = VECTOR ( 'NONE', #6188, 1000.000000000000000 ) ;
#3594 = ADVANCED_FACE ( 'NONE', ( #3370 ), #910, .F. ) ;
#3595 = DIRECTION ( 'NONE',  ( -0.000000000000000000, -0.000000000000000000, -1.000000000000000000 ) ) ;
#3596 = DIRECTION ( 'NONE',  ( 0.000000000000000000, 0.000000000000000000, 1.000000000000000000 ) ) ;
#3597 = EDGE_LOOP ( 'NONE', ( #2408, #5664, #2653, #464 ) ) ;
#3598 = AXIS2_PLACEMENT_3D ( 'NONE', #5367, #461, #2906 ) ;
#3599 = DIRECTION ( 'NONE',  ( 0.8957117602394155664, 1.096930540135841709E-16, -0.4446351791849219581 ) ) ;
#3600 = CARTESIAN_POINT ( 'NONE',  ( 0.000000000000000000, 0.000000000000000000, 4.099999999999999645 ) ) ;
#3601 = AXIS2_PLACEMENT_3D ( 'NONE', #5773, #3664, #4716 ) ;
#3602 = ORIENTED_EDGE ( 'NONE', *, *, #3605, .T. ) ;
#3603 = CARTESIAN_POINT ( 'NONE',  ( 2.500000000000000444, 3.061616997868383634E-16, 4.099999999999999645 ) ) ;
#3604 = LINE ( 'NONE', #569, #2055 ) ;
#3605 = EDGE_CURVE ( 'NONE', #1284, #7, #4994, .T. ) ;
#3606 = AXIS2_PLACEMENT_3D ( 'NONE', #944, #6391, #1970 ) ;
#3607 = VERTEX_POINT ( 'NONE', #4327 ) ;
#3608 = DIRECTION ( 'NONE',  ( -0.000000000000000000, -0.000000000000000000, -1.000000000000000000 ) ) ;
#3609 = ADVANCED_FACE ( 'NONE', ( #2357 ), #1851, .T. ) ;
#3610 = DIRECTION ( 'NONE',  ( -0.000000000000000000, -0.000000000000000000, -1.000000000000000000 ) ) ;
#3611 = CIRCLE ( 'NONE', #5606, 1.999999999999251932 ) ;
#3612 = VECTOR ( 'NONE', #1821, 1000.000000000000114 ) ;
#3613 = EDGE_LOOP ( 'NONE', ( #2324, #124, #3079, #366 ) ) ;
#3614 = ORIENTED_EDGE ( 'NONE', *, *, #394, .T. ) ;
#3615 = AXIS2_PLACEMENT_3D ( 'NONE', #4760, #6334, #5223 ) ;
#3616 = DIRECTION ( 'NONE',  ( -0.000000000000000000, -0.000000000000000000, -1.000000000000000000 ) ) ;
#3617 = DIRECTION ( 'NONE',  ( -0.000000000000000000, -0.000000000000000000, -1.000000000000000000 ) ) ;
#3618 = CARTESIAN_POINT ( 'NONE',  ( 0.000000000000000000, 0.000000000000000000, 21.81024260084479138 ) ) ;
#3619 = CIRCLE ( 'NONE', #596, 2.250000000000680345 ) ;
#3620 = FACE_OUTER_BOUND ( 'NONE', #1252, .T. ) ;
#3621 = CARTESIAN_POINT ( 'NONE',  ( -1.999999999999285238, 0.000000000000000000, 23.41024260084478925 ) ) ;
#3622 = FACE_OUTER_BOUND ( 'NONE', #88, .T. ) ;
#3623 = ADVANCED_FACE ( 'NONE', ( #3869 ), #6359, .T. ) ;
#3624 = ORIENTED_EDGE ( 'NONE', *, *, #5169, .T. ) ;
#3625 = VERTEX_POINT ( 'NONE', #2880 ) ;
#3626 = EDGE_CURVE ( 'NONE', #4763, #2847, #6305, .T. ) ;
#3627 = DIRECTION ( 'NONE',  ( -1.000000000000000000, 0.000000000000000000, 0.000000000000000000 ) ) ;
#3628 = DIRECTION ( 'NONE',  ( -0.000000000000000000, -0.000000000000000000, -1.000000000000000000 ) ) ;
#3629 = DIRECTION ( 'NONE',  ( -1.000000000000000000, 0.000000000000000000, 0.000000000000000000 ) ) ;
#3630 = DIRECTION ( 'NONE',  ( -1.000000000000000000, 0.000000000000000000, 0.000000000000000000 ) ) ;
#3631 = DIRECTION ( 'NONE',  ( -0.000000000000000000, -0.000000000000000000, -1.000000000000000000 ) ) ;
#3632 = AXIS2_PLACEMENT_3D ( 'NONE', #1445, #4321, #2937 ) ;
#3633 = CIRCLE ( 'NONE', #3741, 1.899999999999997469 ) ;
#3634 = DIRECTION ( 'NONE',  ( -1.000000000000000000, 0.000000000000000000, 0.000000000000000000 ) ) ;
#3635 = DIRECTION ( 'NONE',  ( -0.000000000000000000, -0.000000000000000000, -1.000000000000000000 ) ) ;
#3636 = EDGE_CURVE ( 'NONE', #3891, #3056, #301, .T. ) ;
#3637 = AXIS2_PLACEMENT_3D ( 'NONE', #1774, #6267, #5243 ) ;
#3638 = CONICAL_SURFACE ( 'NONE', #5208, 2.250000000000275779, 0.7679448708778131572 ) ;
#3639 = ORIENTED_EDGE ( 'NONE', *, *, #801, .T. ) ;
#3640 = VERTEX_POINT ( 'NONE', #4890 ) ;
#3641 = DIRECTION ( 'NONE',  ( 1.000000000000000000, 0.000000000000000000, 0.000000000000000000 ) ) ;
#3642 = CARTESIAN_POINT ( 'NONE',  ( 0.000000000000000000, 0.000000000000000000, -1.517087345604219983 ) ) ;
#3643 = VERTEX_POINT ( 'NONE', #409 ) ;
#3644 = CIRCLE ( 'NONE', #2181, 2.250000000000630607 ) ;
#3645 = DIRECTION ( 'NONE',  ( -1.000000000000000000, 0.000000000000000000, 0.000000000000000000 ) ) ;
#3646 = AXIS2_PLACEMENT_3D ( 'NONE', #5492, #4313, #6322 ) ;
#3647 = VECTOR ( 'NONE', #2961, 1000.000000000000000 ) ;
#3648 = EDGE_CURVE ( 'NONE', #478, #6324, #1227, .T. ) ;
#3649 = DIRECTION ( 'NONE',  ( -0.000000000000000000, -0.000000000000000000, -1.000000000000000000 ) ) ;
#3650 = ORIENTED_EDGE ( 'NONE', *, *, #1168, .F. ) ;
#3651 = VERTEX_POINT ( 'NONE', #4797 ) ;
#3652 = CARTESIAN_POINT ( 'NONE',  ( 0.000000000000000000, 0.000000000000000000, 13.51221608641805894 ) ) ;
#3653 = DIRECTION ( 'NONE',  ( -0.000000000000000000, -0.000000000000000000, -1.000000000000000000 ) ) ;
#3654 = LINE ( 'NONE', #188, #4802 ) ;
#3655 = DIRECTION ( 'NONE',  ( -0.000000000000000000, -0.000000000000000000, -1.000000000000000000 ) ) ;
#3656 = DIRECTION ( 'NONE',  ( -0.000000000000000000, -0.000000000000000000, -1.000000000000000000 ) ) ;
#3657 = ORIENTED_EDGE ( 'NONE', *, *, #4525, .F. ) ;
#3658 = ADVANCED_FACE ( 'NONE', ( #6336 ), #3402, .T. ) ;
#3659 = ORIENTED_EDGE ( 'NONE', *, *, #1840, .T. ) ;
#3660 = CARTESIAN_POINT ( 'NONE',  ( 0.000000000000000000, 0.000000000000000000, 25.81024260084478072 ) ) ;
#3661 = FACE_OUTER_BOUND ( 'NONE', #1144, .T. ) ;
#3662 = DIRECTION ( 'NONE',  ( -1.000000000000000000, 0.000000000000000000, 0.000000000000000000 ) ) ;
#3663 = CARTESIAN_POINT ( 'NONE',  ( 0.000000000000000000, 0.000000000000000000, -2.698918212968115071 ) ) ;
#3664 = DIRECTION ( 'NONE',  ( -0.000000000000000000, -0.000000000000000000, -1.000000000000000000 ) ) ;
#3665 = ORIENTED_EDGE ( 'NONE', *, *, #4684, .F. ) ;
#3666 = DIRECTION ( 'NONE',  ( -1.000000000000000000, 0.000000000000000000, 0.000000000000000000 ) ) ;
#3667 = LINE ( 'NONE', #3108, #1083 ) ;
#3668 = ORIENTED_EDGE ( 'NONE', *, *, #2514, .F. ) ;
#3669 = ORIENTED_EDGE ( 'NONE', *, *, #4402, .T. ) ;
#3670 = EDGE_CURVE ( 'NONE', #954, #499, #2796, .T. ) ;
#3671 = DIRECTION ( 'NONE',  ( -1.000000000000000000, 0.000000000000000000, 0.000000000000000000 ) ) ;
#3672 = DIRECTION ( 'NONE',  ( -1.000000000000000000, 0.000000000000000000, 0.000000000000000000 ) ) ;
#3673 = ORIENTED_EDGE ( 'NONE', *, *, #4025, .F. ) ;
#3674 = DIRECTION ( 'NONE',  ( -1.000000000000000000, 0.000000000000000000, 0.000000000000000000 ) ) ;
#3675 = FACE_OUTER_BOUND ( 'NONE', #5450, .T. ) ;
#3676 = VERTEX_POINT ( 'NONE', #2296 ) ;
#3677 = ORIENTED_EDGE ( 'NONE', *, *, #5792, .T. ) ;
#3678 = ADVANCED_FACE ( 'NONE', ( #2820 ), #5816, .T. ) ;
#3679 = DIRECTION ( 'NONE',  ( -0.000000000000000000, -0.000000000000000000, -1.000000000000000000 ) ) ;
#3680 = ADVANCED_FACE ( 'NONE', ( #4824 ), #347, .T. ) ;
#3681 = DIRECTION ( 'NONE',  ( -1.000000000000000000, 0.000000000000000000, 0.000000000000000000 ) ) ;
#3682 = DIRECTION ( 'NONE',  ( 0.6946583704590054698, 0.000000000000000000, 0.7193398003386431983 ) ) ;
#3683 = AXIS2_PLACEMENT_3D ( 'NONE', #1830, #3824, #1331 ) ;
#3684 = CONICAL_SURFACE ( 'NONE', #960, 1.999999999999368505, 0.7653268769995106302 ) ;
#3685 = CARTESIAN_POINT ( 'NONE',  ( 0.000000000000000000, 0.000000000000000000, 33.81024260084478072 ) ) ;
#3686 = EDGE_CURVE ( 'NONE', #4696, #4304, #6110, .T. ) ;
#3687 = AXIS2_PLACEMENT_3D ( 'NONE', #3320, #3939, #4437 ) ;
#3688 = EDGE_LOOP ( 'NONE', ( #1568, #635, #2468, #2633 ) ) ;
#3689 = ORIENTED_EDGE ( 'NONE', *, *, #1527, .T. ) ;
#3690 = CARTESIAN_POINT ( 'NONE',  ( 0.000000000000000000, 0.000000000000000000, 32.21024260084477930 ) ) ;
#3691 = LINE ( 'NONE', #1737, #3817 ) ;
#3692 = DIRECTION ( 'NONE',  ( -0.000000000000000000, -0.000000000000000000, -1.000000000000000000 ) ) ;
#3693 = EDGE_CURVE ( 'NONE', #4153, #42, #5108, .T. ) ;
#3694 = FACE_OUTER_BOUND ( 'NONE', #2081, .T. ) ;
#3695 = DIRECTION ( 'NONE',  ( -0.000000000000000000, -0.000000000000000000, -1.000000000000000000 ) ) ;
#3696 = VERTEX_POINT ( 'NONE', #6143 ) ;
#3697 = DIRECTION ( 'NONE',  ( -1.000000000000000000, 0.000000000000000000, 0.000000000000000000 ) ) ;
#3698 = ORIENTED_EDGE ( 'NONE', *, *, #5735, .T. ) ;
#3699 = ORIENTED_EDGE ( 'NONE', *, *, #3129, .T. ) ;
#3700 = CARTESIAN_POINT ( 'NONE',  ( 0.000000000000000000, 0.000000000000000000, 27.14999999999993108 ) ) ;
#3701 = EDGE_CURVE ( 'NONE', #6097, #3884, #1139, .T. ) ;
#3702 = CARTESIAN_POINT ( 'NONE',  ( 0.000000000000000000, 0.000000000000000000, 18.61024260084479565 ) ) ;
#3703 = EDGE_LOOP ( 'NONE', ( #4922, #4182, #827, #5454 ) ) ;
#3704 = VECTOR ( 'NONE', #5314, 1000.000000000000000 ) ;
#3705 = CARTESIAN_POINT ( 'NONE',  ( -2.327585631254335485, 0.000000000000000000, 6.111126589273411014 ) ) ;
#3706 = EDGE_CURVE ( 'NONE', #6332, #3027, #1547, .T. ) ;
#3707 = DIRECTION ( 'NONE',  ( -0.000000000000000000, -0.000000000000000000, -1.000000000000000000 ) ) ;
#3708 = ORIENTED_EDGE ( 'NONE', *, *, #35, .T. ) ;
#3709 = CIRCLE ( 'NONE', #576, 1.899999999999997469 ) ;
#3710 = ORIENTED_EDGE ( 'NONE', *, *, #4758, .F. ) ;
#3711 = DIRECTION ( 'NONE',  ( -0.000000000000000000, -0.000000000000000000, -1.000000000000000000 ) ) ;
#3712 = DIRECTION ( 'NONE',  ( -1.000000000000000000, 0.000000000000000000, 0.000000000000000000 ) ) ;
#3713 = CONICAL_SURFACE ( 'NONE', #481, 2.250000000000635936, 0.7679448708775218346 ) ;
#3714 = ADVANCED_FACE ( 'NONE', ( #626 ), #654, .T. ) ;
#3715 = CONICAL_SURFACE ( 'NONE', #2149, 2.327585631254335485, 0.08552113334771467568 ) ;
#3716 = LINE ( 'NONE', #191, #4836 ) ;
#3717 = EDGE_CURVE ( 'NONE', #4850, #3820, #2371, .T. ) ;
#3718 = EDGE_CURVE ( 'NONE', #850, #3996, #4582, .T. ) ;
#3719 = EDGE_LOOP ( 'NONE', ( #126, #368, #1596, #4647 ) ) ;
#3720 = EDGE_CURVE ( 'NONE', #2940, #421, #2899, .T. ) ;
#3721 = AXIS2_PLACEMENT_3D ( 'NONE', #5599, #5502, #106 ) ;
#3722 = VECTOR ( 'NONE', #4791, 1000.000000000000000 ) ;
#3723 = AXIS2_PLACEMENT_3D ( 'NONE', #3211, #739, #2818 ) ;
#3724 = CARTESIAN_POINT ( 'NONE',  ( 2.265437129225214452, 0.000000000000000000, 14.55000000000000249 ) ) ;
#3725 = DIRECTION ( 'NONE',  ( 0.000000000000000000, 0.000000000000000000, 1.000000000000000000 ) ) ;
#3726 = CIRCLE ( 'NONE', #2573, 2.250000000000357492 ) ;
#3727 = FACE_OUTER_BOUND ( 'NONE', #2790, .T. ) ;
#3728 = ADVANCED_FACE ( 'NONE', ( #4125 ), #108, .T. ) ;
#3729 = EDGE_CURVE ( 'NONE', #3884, #4862, #5602, .T. ) ;
#3730 = DIRECTION ( 'NONE',  ( 1.000000000000000000, 0.000000000000000000, 0.000000000000000000 ) ) ;
#3731 = CARTESIAN_POINT ( 'NONE',  ( 0.000000000000000000, 0.000000000000000000, 34.61024260084478499 ) ) ;
#3732 = EDGE_CURVE ( 'NONE', #1485, #3861, #402, .T. ) ;
#3733 = AXIS2_PLACEMENT_3D ( 'NONE', #5153, #6166, #3091 ) ;
#3734 = ORIENTED_EDGE ( 'NONE', *, *, #2402, .T. ) ;
#3735 = ADVANCED_FACE ( 'NONE', ( #2102 ), #1646, .T. ) ;
#3736 = AXIS2_PLACEMENT_3D ( 'NONE', #2140, #4762, #3749 ) ;
#3737 = CARTESIAN_POINT ( 'NONE',  ( 0.000000000000000000, 0.000000000000000000, -2.698918212968115071 ) ) ;
#3738 = ORIENTED_EDGE ( 'NONE', *, *, #3812, .T. ) ;
#3739 = VECTOR ( 'NONE', #5578, 1000.000000000000000 ) ;
#3740 = ORIENTED_EDGE ( 'NONE', *, *, #2365, .T. ) ;
#3741 = AXIS2_PLACEMENT_3D ( 'NONE', #221, #2199, #3215 ) ;
#3742 = DIRECTION ( 'NONE',  ( -0.000000000000000000, -0.000000000000000000, -1.000000000000000000 ) ) ;
#3743 = CARTESIAN_POINT ( 'NONE',  ( 1.999999999999314770, 2.449293598293867757E-16, -2.698918212968115071 ) ) ;
#3744 = VERTEX_POINT ( 'NONE', #4091 ) ;
#3745 = FACE_OUTER_BOUND ( 'NONE', #4830, .T. ) ;
#3746 = AXIS2_PLACEMENT_3D ( 'NONE', #1412, #3497, #3962 ) ;
#3747 = AXIS2_PLACEMENT_3D ( 'NONE', #3529, #2775, #3163 ) ;
#3748 = CONICAL_SURFACE ( 'NONE', #718, 1.899999999999986366, 1.110029404268418896 ) ;
#3749 = DIRECTION ( 'NONE',  ( -1.000000000000000000, 0.000000000000000000, 0.000000000000000000 ) ) ;
#3750 = ORIENTED_EDGE ( 'NONE', *, *, #4707, .T. ) ;
#3751 = ORIENTED_EDGE ( 'NONE', *, *, #4167, .F. ) ;
#3752 = AXIS2_PLACEMENT_3D ( 'NONE', #1727, #3711, #2233 ) ;
#3753 = FACE_OUTER_BOUND ( 'NONE', #4189, .T. ) ;
#3754 = CARTESIAN_POINT ( 'NONE',  ( -1.999999999999330091, 2.602374448187889184E-16, 19.54111742155136611 ) ) ;
#3755 = APPLICATION_PROTOCOL_DEFINITION ( 'draft international standard', 'automotive_design', 1998, #5837 ) ;
#3756 = AXIS2_PLACEMENT_3D ( 'NONE', #3663, #2993, #936 ) ;
#3757 = CIRCLE ( 'NONE', #3853, 2.250000000000671907 ) ;
#3758 = DIRECTION ( 'NONE',  ( -0.7501110696304630343, 9.186211204279439226E-17, 0.6613118653236479405 ) ) ;
#3759 = ADVANCED_FACE ( 'NONE', ( #5135 ), #5002, .T. ) ;
#3760 = AXIS2_PLACEMENT_3D ( 'NONE', #4570, #92, #2090 ) ;
#3761 = ORIENTED_EDGE ( 'NONE', *, *, #262, .F. ) ;
#3762 = EDGE_CURVE ( 'NONE', #2310, #2668, #614, .T. ) ;
#3763 = CARTESIAN_POINT ( 'NONE',  ( -1.999999999999376943, 0.000000000000000000, 31.54111742155134834 ) ) ;
#3764 = CARTESIAN_POINT ( 'NONE',  ( 0.000000000000000000, 0.000000000000000000, -2.698918212968115071 ) ) ;
#3765 = DIRECTION ( 'NONE',  ( 0.6946583704594623265, 0.000000000000000000, 0.7193398003382022177 ) ) ;
#3766 = LINE ( 'NONE', #4715, #3949 ) ;
#3767 = FACE_OUTER_BOUND ( 'NONE', #5980, .T. ) ;
#3768 = ORIENTED_EDGE ( 'NONE', *, *, #5932, .F. ) ;
#3769 = DIRECTION ( 'NONE',  ( 0.8957117602394155664, 1.096930540135841709E-16, -0.4446351791849219581 ) ) ;
#3770 = ADVANCED_FACE ( 'NONE', ( #1075 ), #164, .T. ) ;
#3771 = VERTEX_POINT ( 'NONE', #5164 ) ;
#3772 = EDGE_LOOP ( 'NONE', ( #4015, #195, #87, #307 ) ) ;
#3773 = CARTESIAN_POINT ( 'NONE',  ( 2.250000000000365930, 2.755455298081992456E-16, 35.14999999999994174 ) ) ;
#3774 = CARTESIAN_POINT ( 'NONE',  ( -2.265437129225214008, 0.000000000000000000, 11.56106853381298372 ) ) ;
#3775 = ORIENTED_EDGE ( 'NONE', *, *, #2404, .T. ) ;
#3776 = DIRECTION ( 'NONE',  ( -1.000000000000000000, 0.000000000000000000, 0.000000000000000000 ) ) ;
#3777 = DIRECTION ( 'NONE',  ( -0.000000000000000000, -0.000000000000000000, -1.000000000000000000 ) ) ;
#3778 = DIRECTION ( 'NONE',  ( -1.000000000000000000, 0.000000000000000000, 0.000000000000000000 ) ) ;
#3779 = EDGE_LOOP ( 'NONE', ( #5698, #6214 ) ) ;
#3780 = ADVANCED_FACE ( 'NONE', ( #687 ), #2800, .T. ) ;
#3781 = ORIENTED_EDGE ( 'NONE', *, *, #4407, .T. ) ;
#3782 = FACE_OUTER_BOUND ( 'NONE', #2625, .T. ) ;
#3783 = CARTESIAN_POINT ( 'NONE',  ( 1.999999999999226841, 2.449293598293759781E-16, 17.81024260084479494 ) ) ;
#3784 = CARTESIAN_POINT ( 'NONE',  ( -1.999999999999352074, 0.000000000000000000, 29.81024260084477717 ) ) ;
#3785 = LINE ( 'NONE', #1703, #6005 ) ;
#3786 = AXIS2_PLACEMENT_3D ( 'NONE', #4910, #939, #4873 ) ;
#3787 = ORIENTED_EDGE ( 'NONE', *, *, #4812, .T. ) ;
#3788 = ADVANCED_FACE ( 'NONE', ( #2188 ), #3319, .T. ) ;
#3789 = AXIS2_PLACEMENT_3D ( 'NONE', #1289, #3315, #5232 ) ;
#3790 = DIRECTION ( 'NONE',  ( -1.000000000000000000, 0.000000000000000000, 0.000000000000000000 ) ) ;
#3791 = CIRCLE ( 'NONE', #1923, 1.999999999999360289 ) ;
#3792 = CYLINDRICAL_SURFACE ( 'NONE', #3177, 2.250000000000323297 ) ;
#3793 = DIRECTION ( 'NONE',  ( -0.000000000000000000, -0.000000000000000000, -1.000000000000000000 ) ) ;
#3794 = ADVANCED_FACE ( 'NONE', ( #1238 ), #2591, .T. ) ;
#3795 = CARTESIAN_POINT ( 'NONE',  ( 2.250000000000641265, 2.755455298082329694E-16, 29.39999999999997371 ) ) ;
#3796 = AXIS2_PLACEMENT_3D ( 'NONE', #5828, #3347, #4902 ) ;
#3797 = CARTESIAN_POINT ( 'NONE',  ( -2.349999999999997424, 0.000000000000000000, 9.400000000000000355 ) ) ;
#3798 = ORIENTED_EDGE ( 'NONE', *, *, #5886, .F. ) ;
#3799 = CARTESIAN_POINT ( 'NONE',  ( 0.000000000000000000, 0.000000000000000000, 10.91658899635839752 ) ) ;
#3800 = ADVANCED_FACE ( 'NONE', ( #3261 ), #3748, .T. ) ;
#3801 = ORIENTED_EDGE ( 'NONE', *, *, #4921, .T. ) ;
#3802 = EDGE_LOOP ( 'NONE', ( #3343, #1258, #2114, #1694 ) ) ;
#3803 = CARTESIAN_POINT ( 'NONE',  ( 0.000000000000000000, 0.000000000000000000, 9.623381939944312791 ) ) ;
#3804 = DIRECTION ( 'NONE',  ( -0.000000000000000000, -0.000000000000000000, -1.000000000000000000 ) ) ;
#3805 = ORIENTED_EDGE ( 'NONE', *, *, #6470, .T. ) ;
#3806 = AXIS2_PLACEMENT_3D ( 'NONE', #1806, #3235, #6296 ) ;
#3807 = LINE ( 'NONE', #2294, #489 ) ;
#3808 = DIRECTION ( 'NONE',  ( -0.000000000000000000, -0.000000000000000000, -1.000000000000000000 ) ) ;
#3809 = CARTESIAN_POINT ( 'NONE',  ( 0.000000000000000000, 0.000000000000000000, 30.61024260084477078 ) ) ;
#3810 = VERTEX_POINT ( 'NONE', #1772 ) ;
#3811 = AXIS2_PLACEMENT_3D ( 'NONE', #2384, #5565, #6142 ) ;
#3812 = EDGE_CURVE ( 'NONE', #5865, #4868, #4809, .T. ) ;
#3813 = ORIENTED_EDGE ( 'NONE', *, *, #2293, .F. ) ;
#3814 = CARTESIAN_POINT ( 'NONE',  ( 0.000000000000000000, 0.000000000000000000, 9.150000000000000355 ) ) ;
#3815 = DIRECTION ( 'NONE',  ( -0.000000000000000000, -0.000000000000000000, -1.000000000000000000 ) ) ;
#3816 = ORIENTED_EDGE ( 'NONE', *, *, #1525, .F. ) ;
#3817 = VECTOR ( 'NONE', #1800, 999.9999999999998863 ) ;
#3818 = EDGE_CURVE ( 'NONE', #5389, #3056, #1831, .T. ) ;
#3819 = DIRECTION ( 'NONE',  ( -0.000000000000000000, -0.000000000000000000, -1.000000000000000000 ) ) ;
#3820 = VERTEX_POINT ( 'NONE', #3329 ) ;
#3821 = ADVANCED_FACE ( 'NONE', ( #4779 ), #1553, .T. ) ;
#3822 = VECTOR ( 'NONE', #439, 1000.000000000000000 ) ;
#3823 = FACE_OUTER_BOUND ( 'NONE', #3540, .T. ) ;
#3824 = DIRECTION ( 'NONE',  ( -0.000000000000000000, -0.000000000000000000, -1.000000000000000000 ) ) ;
#3825 = DIRECTION ( 'NONE',  ( -0.000000000000000000, -0.000000000000000000, -1.000000000000000000 ) ) ;
#3826 = AXIS2_PLACEMENT_3D ( 'NONE', #4564, #1662, #5687 ) ;
#3827 = DIRECTION ( 'NONE',  ( -0.000000000000000000, -0.000000000000000000, -1.000000000000000000 ) ) ;
#3828 = EDGE_LOOP ( 'NONE', ( #5467, #6106, #2585, #1461 ) ) ;
#3829 = AXIS2_PLACEMENT_3D ( 'NONE', #3581, #4044, #2091 ) ;
#3830 = DIRECTION ( 'NONE',  ( -1.000000000000000000, 0.000000000000000000, 0.000000000000000000 ) ) ;
#3831 = CIRCLE ( 'NONE', #3931, 2.250000000000324185 ) ;
#3832 = ORIENTED_EDGE ( 'NONE', *, *, #5470, .F. ) ;
#3833 = LINE ( 'NONE', #4453, #3525 ) ;
#3834 = CARTESIAN_POINT ( 'NONE',  ( 1.999999999999410250, 0.000000000000000000, 34.74111742155135829 ) ) ;
#3835 = DIRECTION ( 'NONE',  ( 0.6946583704592188546, 0.000000000000000000, 0.7193398003384370298 ) ) ;
#3836 = CARTESIAN_POINT ( 'NONE',  ( 1.999999999999275690, 2.449293598293819439E-16, -2.698918212968115071 ) ) ;
#3837 = EDGE_CURVE ( 'NONE', #2634, #1942, #1297, .T. ) ;
#3838 = CYLINDRICAL_SURFACE ( 'NONE', #5739, 2.250000000000284661 ) ;
#3839 = AXIS2_PLACEMENT_3D ( 'NONE', #4362, #798, #4393 ) ;
#3840 = ORIENTED_EDGE ( 'NONE', *, *, #2172, .T. ) ;
#3841 = ORIENTED_EDGE ( 'NONE', *, *, #2244, .T. ) ;
#3842 = FACE_OUTER_BOUND ( 'NONE', #2466, .T. ) ;
#3843 = CARTESIAN_POINT ( 'NONE',  ( -2.250000000000671907, 0.000000000000000000, 33.39999999999998437 ) ) ;
#3844 = DIRECTION ( 'NONE',  ( -0.8957117602394155664, 0.000000000000000000, -0.4446351791849219581 ) ) ;
#3845 = VERTEX_POINT ( 'NONE', #5834 ) ;
#3846 = AXIS2_PLACEMENT_3D ( 'NONE', #1278, #3742, #5178 ) ;
#3847 = EDGE_CURVE ( 'NONE', #4078, #1752, #5423, .T. ) ;
#3848 = CIRCLE ( 'NONE', #1552, 2.265437129225214452 ) ;
#3849 = AXIS2_PLACEMENT_3D ( 'NONE', #2930, #2473, #6485 ) ;
#3850 = CARTESIAN_POINT ( 'NONE',  ( 0.000000000000000000, 0.000000000000000000, 27.54111742155102149 ) ) ;
#3851 = CIRCLE ( 'NONE', #1123, 1.999999999999418465 ) ;
#3852 = ORIENTED_EDGE ( 'NONE', *, *, #4977, .T. ) ;
#3853 = AXIS2_PLACEMENT_3D ( 'NONE', #4118, #1066, #5098 ) ;
#3854 = ORIENTED_EDGE ( 'NONE', *, *, #2158, .F. ) ;
#3855 = VECTOR ( 'NONE', #4405, 1000.000000000000114 ) ;
#3856 = CARTESIAN_POINT ( 'NONE',  ( 0.000000000000000000, 0.000000000000000000, -2.698918212968115071 ) ) ;
#3857 = CIRCLE ( 'NONE', #5109, 2.250000000000615508 ) ;
#3858 = LINE ( 'NONE', #2832, #2013 ) ;
#3859 = CARTESIAN_POINT ( 'NONE',  ( 2.250000000000671907, 2.755455298082367658E-16, 33.39999999999998437 ) ) ;
#3860 = DIRECTION ( 'NONE',  ( -0.000000000000000000, -0.000000000000000000, -1.000000000000000000 ) ) ;
#3861 = VERTEX_POINT ( 'NONE', #2279 ) ;
#3862 = LINE ( 'NONE', #2478, #3185 ) ;
#3863 = DIRECTION ( 'NONE',  ( -1.000000000000000000, 0.000000000000000000, 0.000000000000000000 ) ) ;
#3864 = ORIENTED_EDGE ( 'NONE', *, *, #2158, .T. ) ;
#3865 = CARTESIAN_POINT ( 'NONE',  ( 0.000000000000000000, 0.000000000000000000, -2.698918212968115071 ) ) ;
#3866 = ORIENTED_EDGE ( 'NONE', *, *, #4056, .T. ) ;
#3867 = DIRECTION ( 'NONE',  ( -1.000000000000000000, 0.000000000000000000, 0.000000000000000000 ) ) ;
#3868 = DIRECTION ( 'NONE',  ( -1.000000000000000000, 0.000000000000000000, 0.000000000000000000 ) ) ;
#3869 = FACE_OUTER_BOUND ( 'NONE', #759, .T. ) ;
#3870 = EDGE_LOOP ( 'NONE', ( #4088, #1243, #5331, #4394 ) ) ;
#3871 = ORIENTED_EDGE ( 'NONE', *, *, #2789, .T. ) ;
#3872 = DIRECTION ( 'NONE',  ( -0.000000000000000000, -0.000000000000000000, -1.000000000000000000 ) ) ;
#3873 = CARTESIAN_POINT ( 'NONE',  ( 0.000000000000000000, 0.000000000000000000, 6.111126589273411014 ) ) ;
#3874 = ORIENTED_EDGE ( 'NONE', *, *, #6011, .T. ) ;
#3875 = CARTESIAN_POINT ( 'NONE',  ( -1.999999999999360289, 0.000000000000000000, 30.61024260084477078 ) ) ;
#3876 = CARTESIAN_POINT ( 'NONE',  ( 2.250000000000301981, 2.755455298081914556E-16, 24.74999999999993960 ) ) ;
#3877 = ORIENTED_EDGE ( 'NONE', *, *, #2125, .F. ) ;
#3878 = CARTESIAN_POINT ( 'NONE',  ( 0.000000000000000000, 0.000000000000000000, -2.698918212968115071 ) ) ;
#3879 = ORIENTED_EDGE ( 'NONE', *, *, #4159, .T. ) ;
#3880 = DIRECTION ( 'NONE',  ( -0.000000000000000000, -0.000000000000000000, -1.000000000000000000 ) ) ;
#3881 = DIRECTION ( 'NONE',  ( -1.000000000000000000, 0.000000000000000000, 0.000000000000000000 ) ) ;
#3882 = DIRECTION ( 'NONE',  ( -1.000000000000000000, 0.000000000000000000, 0.000000000000000000 ) ) ;
#3883 = CYLINDRICAL_SURFACE ( 'NONE', #1202, 1.999999999999342526 ) ;
#3884 = VERTEX_POINT ( 'NONE', #5270 ) ;
#3885 = CONICAL_SURFACE ( 'NONE', #6304, 2.349999999999993872, 0.8482300164692494482 ) ;
#3886 = LINE ( 'NONE', #5340, #378 ) ;
#3887 = DIRECTION ( 'NONE',  ( -1.000000000000000000, 0.000000000000000000, 0.000000000000000000 ) ) ;
#3888 = AXIS2_PLACEMENT_3D ( 'NONE', #2952, #3411, #1897 ) ;
#3889 = ORIENTED_EDGE ( 'NONE', *, *, #998, .T. ) ;
#3890 = DIRECTION ( 'NONE',  ( -0.000000000000000000, -0.000000000000000000, -1.000000000000000000 ) ) ;
#3891 = VERTEX_POINT ( 'NONE', #1710 ) ;
#3892 = FACE_OUTER_BOUND ( 'NONE', #3779, .T. ) ;
#3893 = CARTESIAN_POINT ( 'NONE',  ( 2.101900007112964541, 0.000000000000000000, 17.24663796789311476 ) ) ;
#3894 = DIRECTION ( 'NONE',  ( -0.000000000000000000, -0.000000000000000000, -1.000000000000000000 ) ) ;
#3895 = EDGE_LOOP ( 'NONE', ( #6138, #2821, #4352, #3397 ) ) ;
#3896 = ADVANCED_FACE ( 'NONE', ( #4284 ), #4713, .T. ) ;
#3897 = EDGE_LOOP ( 'NONE', ( #2557, #4388, #1465, #6030 ) ) ;
#3898 = CARTESIAN_POINT ( 'NONE',  ( -2.250000000000463629, 0.000000000000000000, -2.698918212968115071 ) ) ;
#3899 = CONICAL_SURFACE ( 'NONE', #5157, 2.250000000000295319, 0.7679448708775163945 ) ;
#3900 = DIRECTION ( 'NONE',  ( -0.000000000000000000, -0.000000000000000000, -1.000000000000000000 ) ) ;
#3901 = EDGE_LOOP ( 'NONE', ( #1989, #2492, #4364, #4011 ) ) ;
#3902 = DIRECTION ( 'NONE',  ( -1.000000000000000000, 0.000000000000000000, 0.000000000000000000 ) ) ;
#3903 = AXIS2_PLACEMENT_3D ( 'NONE', #5174, #4617, #211 ) ;
#3904 = DIRECTION ( 'NONE',  ( -0.000000000000000000, -0.000000000000000000, -1.000000000000000000 ) ) ;
#3905 = EDGE_CURVE ( 'NONE', #4281, #3643, #5319, .T. ) ;
#3906 = ORIENTED_EDGE ( 'NONE', *, *, #220, .T. ) ;
#3907 = ORIENTED_EDGE ( 'NONE', *, *, #1316, .T. ) ;
#3908 = DIRECTION ( 'NONE',  ( -0.000000000000000000, -0.000000000000000000, -1.000000000000000000 ) ) ;
#3909 = AXIS2_PLACEMENT_3D ( 'NONE', #3299, #5308, #2837 ) ;
#3910 = ADVANCED_FACE ( 'NONE', ( #233 ), #5798, .T. ) ;
#3911 = AXIS2_PLACEMENT_3D ( 'NONE', #2685, #4683, #237 ) ;
#3912 = DIRECTION ( 'NONE',  ( -0.000000000000000000, -0.000000000000000000, -1.000000000000000000 ) ) ;
#3913 = EDGE_CURVE ( 'NONE', #499, #2847, #815, .T. ) ;
#3914 = DIRECTION ( 'NONE',  ( 1.000000000000000000, 0.000000000000000000, 0.000000000000000000 ) ) ;
#3915 = DIRECTION ( 'NONE',  ( -0.000000000000000000, -0.000000000000000000, -1.000000000000000000 ) ) ;
#3916 = AXIS2_PLACEMENT_3D ( 'NONE', #5872, #362, #6454 ) ;
#3917 = DIRECTION ( 'NONE',  ( -0.000000000000000000, -0.000000000000000000, -1.000000000000000000 ) ) ;
#3918 = ORIENTED_EDGE ( 'NONE', *, *, #2911, .T. ) ;
#3919 = ADVANCED_FACE ( 'NONE', ( #4838 ), #3422, .T. ) ;
#3920 = DIRECTION ( 'NONE',  ( -1.000000000000000000, 0.000000000000000000, 0.000000000000000000 ) ) ;
#3921 = ADVANCED_FACE ( 'NONE', ( #3727 ), #3638, .T. ) ;
#3922 = CIRCLE ( 'NONE', #5186, 1.999999999999277023 ) ;
#3923 = AXIS2_PLACEMENT_3D ( 'NONE', #2329, #4240, #4332 ) ;
#3924 = DIRECTION ( 'NONE',  ( -0.000000000000000000, -0.000000000000000000, -1.000000000000000000 ) ) ;
#3925 = AXIS2_PLACEMENT_3D ( 'NONE', #6066, #1573, #3549 ) ;
#3926 = EDGE_LOOP ( 'NONE', ( #4988, #681, #5170, #1627 ) ) ;
#3927 = DIRECTION ( 'NONE',  ( -0.000000000000000000, -0.000000000000000000, -1.000000000000000000 ) ) ;
#3928 = AXIS2_PLACEMENT_3D ( 'NONE', #4822, #795, #5253 ) ;
#3929 = CARTESIAN_POINT ( 'NONE',  ( 0.000000000000000000, 0.000000000000000000, -2.698918212968115071 ) ) ;
#3930 = DIRECTION ( 'NONE',  ( -1.000000000000000000, 0.000000000000000000, 0.000000000000000000 ) ) ;
#3931 = AXIS2_PLACEMENT_3D ( 'NONE', #1125, #3617, #6062 ) ;
#3932 = ORIENTED_EDGE ( 'NONE', *, *, #2612, .F. ) ;
#3933 = ORIENTED_EDGE ( 'NONE', *, *, #5997, .F. ) ;
#3934 = DIRECTION ( 'NONE',  ( -0.000000000000000000, -0.000000000000000000, -1.000000000000000000 ) ) ;
#3935 = EDGE_CURVE ( 'NONE', #4406, #3820, #6235, .T. ) ;
#3936 = DIRECTION ( 'NONE',  ( -0.000000000000000000, -0.000000000000000000, -1.000000000000000000 ) ) ;
#3937 = ORIENTED_EDGE ( 'NONE', *, *, #2412, .F. ) ;
#3938 = DIRECTION ( 'NONE',  ( -1.000000000000000000, 0.000000000000000000, 0.000000000000000000 ) ) ;
#3939 = DIRECTION ( 'NONE',  ( -0.000000000000000000, -0.000000000000000000, -1.000000000000000000 ) ) ;
#3940 = VERTEX_POINT ( 'NONE', #5241 ) ;
#3941 = AXIS2_PLACEMENT_3D ( 'NONE', #1657, #3021, #3641 ) ;
#3942 = ORIENTED_EDGE ( 'NONE', *, *, #5333, .F. ) ;
#3943 = DIRECTION ( 'NONE',  ( -0.000000000000000000, -0.000000000000000000, -1.000000000000000000 ) ) ;
#3944 = CIRCLE ( 'NONE', #4685, 2.250000000000277556 ) ;
#3945 = AXIS2_PLACEMENT_3D ( 'NONE', #1816, #3310, #5320 ) ;
#3946 = DIRECTION ( 'NONE',  ( -0.000000000000000000, -0.000000000000000000, -1.000000000000000000 ) ) ;
#3947 = CIRCLE ( 'NONE', #5103, 1.999999999999357847 ) ;
#3948 = CARTESIAN_POINT ( 'NONE',  ( 0.000000000000000000, 0.000000000000000000, -2.698918212968115071 ) ) ;
#3949 = VECTOR ( 'NONE', #4224, 1000.000000000000000 ) ;
#3950 = AXIS2_PLACEMENT_3D ( 'NONE', #3071, #1167, #3162 ) ;
#3951 = DIRECTION ( 'NONE',  ( -1.000000000000000000, 0.000000000000000000, 0.000000000000000000 ) ) ;
#3952 = EDGE_CURVE ( 'NONE', #4623, #2406, #6265, .T. ) ;
#3953 = AXIS2_PLACEMENT_3D ( 'NONE', #5663, #5092, #672 ) ;
#3954 = CARTESIAN_POINT ( 'NONE',  ( 0.000000000000000000, 0.000000000000000000, -2.698918212968115071 ) ) ;
#3955 = AXIS2_PLACEMENT_3D ( 'NONE', #3184, #3150, #6064 ) ;
#3956 = CIRCLE ( 'NONE', #5110, 1.999999999999410250 ) ;
#3957 = EDGE_LOOP ( 'NONE', ( #3650, #440, #6022, #1606 ) ) ;
#3958 = CARTESIAN_POINT ( 'NONE',  ( 0.000000000000000000, 0.000000000000000000, 22.61024260084478499 ) ) ;
#3959 = DIRECTION ( 'NONE',  ( -0.000000000000000000, -0.000000000000000000, -1.000000000000000000 ) ) ;
#3960 = LINE ( 'NONE', #4322, #2342 ) ;
#3961 = ORIENTED_EDGE ( 'NONE', *, *, #3693, .F. ) ;
#3962 = DIRECTION ( 'NONE',  ( -1.000000000000000000, 0.000000000000000000, 0.000000000000000000 ) ) ;
#3963 = FACE_OUTER_BOUND ( 'NONE', #5311, .T. ) ;
#3964 = ORIENTED_EDGE ( 'NONE', *, *, #5237, .F. ) ;
#3965 = ORIENTED_EDGE ( 'NONE', *, *, #2879, .T. ) ;
#3966 = CARTESIAN_POINT ( 'NONE',  ( 0.000000000000000000, 0.000000000000000000, -2.698918212968115071 ) ) ;
#3967 = CARTESIAN_POINT ( 'NONE',  ( -2.250000000000663469, 2.755455298082357305E-16, 32.59999999999997300 ) ) ;
#3968 = ORIENTED_EDGE ( 'NONE', *, *, #5303, .F. ) ;
#3969 = CARTESIAN_POINT ( 'NONE',  ( -1.999999999999293676, 0.000000000000000000, 24.21024260084478286 ) ) ;
#3970 = EDGE_CURVE ( 'NONE', #767, #4273, #5972, .T. ) ;
#3971 = LINE ( 'NONE', #86, #3158 ) ;
#3972 = EDGE_LOOP ( 'NONE', ( #2866, #2782, #144, #1937 ) ) ;
#3973 = CYLINDRICAL_SURFACE ( 'NONE', #4268, 1.899999999999999467 ) ;
#3974 = ORIENTED_EDGE ( 'NONE', *, *, #2746, .F. ) ;
#3975 = LINE ( 'NONE', #965, #415 ) ;
#3976 = DIRECTION ( 'NONE',  ( -1.000000000000000000, 0.000000000000000000, 0.000000000000000000 ) ) ;
#3977 = DIRECTION ( 'NONE',  ( -1.000000000000000000, 0.000000000000000000, 0.000000000000000000 ) ) ;
#3978 = LINE ( 'NONE', #1872, #3647 ) ;
#3979 = ORIENTED_EDGE ( 'NONE', *, *, #2879, .F. ) ;
#3980 = ORIENTED_EDGE ( 'NONE', *, *, #1985, .F. ) ;
#3981 = DIRECTION ( 'NONE',  ( -0.6927727648613485334, 0.000000000000000000, -0.7211559444852151390 ) ) ;
#3982 = DIRECTION ( 'NONE',  ( -0.000000000000000000, -0.000000000000000000, -1.000000000000000000 ) ) ;
#3983 = ADVANCED_FACE ( 'NONE', ( #2507 ), #4445, .T. ) ;
#3984 = DIRECTION ( 'NONE',  ( -0.000000000000000000, -0.000000000000000000, -1.000000000000000000 ) ) ;
#3985 = CARTESIAN_POINT ( 'NONE',  ( 0.000000000000000000, 0.000000000000000000, 22.74111742155136184 ) ) ;
#3986 = ORIENTED_EDGE ( 'NONE', *, *, #3255, .T. ) ;
#3987 = LINE ( 'NONE', #5911, #5522 ) ;
#3988 = TOROIDAL_SURFACE ( 'NONE', #4622, 3.299999999999997158, 1.500000000000000444 ) ;
#3989 = DIRECTION ( 'NONE',  ( 1.000000000000000000, 0.000000000000000000, 0.000000000000000000 ) ) ;
#3990 = VECTOR ( 'NONE', #6230, 1000.000000000000000 ) ;
#3991 = EDGE_CURVE ( 'NONE', #1726, #152, #3452, .T. ) ;
#3992 = EDGE_LOOP ( 'NONE', ( #6481, #2953, #4172, #6311 ) ) ;
#3993 = ORIENTED_EDGE ( 'NONE', *, *, #3366, .F. ) ;
#3994 = CARTESIAN_POINT ( 'NONE',  ( 2.250000000000477396, 2.755455298082129521E-16, -2.698918212968115071 ) ) ;
#3995 = DIRECTION ( 'NONE',  ( -1.000000000000000000, 0.000000000000000000, 0.000000000000000000 ) ) ;
#3996 = VERTEX_POINT ( 'NONE', #3859 ) ;
#3997 = VECTOR ( 'NONE', #1054, 1000.000000000000000 ) ;
#3998 = CARTESIAN_POINT ( 'NONE',  ( -2.150000000000002132, 0.000000000000000000, 15.77723155024511570 ) ) ;
#3999 = DIRECTION ( 'NONE',  ( -0.000000000000000000, -0.000000000000000000, -1.000000000000000000 ) ) ;
#4000 = CIRCLE ( 'NONE', #3375, 2.250000000000618172 ) ;
#4001 = ORIENTED_EDGE ( 'NONE', *, *, #3330, .T. ) ;
#4002 = DIRECTION ( 'NONE',  ( 0.6927727648613810629, 8.484019490239524201E-17, -0.7211559444851838307 ) ) ;
#4003 = EDGE_LOOP ( 'NONE', ( #6127, #5995, #3787, #1776 ) ) ;
#4004 = ADVANCED_FACE ( 'NONE', ( #1998 ), #1905, .T. ) ;
#4005 = CARTESIAN_POINT ( 'NONE',  ( 0.000000000000000000, 0.000000000000000000, 29.01024260084526674 ) ) ;
#4006 = EDGE_CURVE ( 'NONE', #1578, #3640, #6000, .T. ) ;
#4007 = CIRCLE ( 'NONE', #3380, 2.250000000000278888 ) ;
#4008 = CARTESIAN_POINT ( 'NONE',  ( 0.000000000000000000, 0.000000000000000000, 29.81024260084477717 ) ) ;
#4009 = CARTESIAN_POINT ( 'NONE',  ( 1.999999999999402034, 2.449293598293975732E-16, 34.61024260084478499 ) ) ;
#4010 = DIRECTION ( 'NONE',  ( 0.6927727648613485334, 8.484019490239124840E-17, -0.7211559444852151390 ) ) ;
#4011 = ORIENTED_EDGE ( 'NONE', *, *, #5725, .T. ) ;
#4012 = EDGE_CURVE ( 'NONE', #5714, #3034, #4483, .T. ) ;
#4013 = ORIENTED_EDGE ( 'NONE', *, *, #3847, .T. ) ;
#4014 = AXIS2_PLACEMENT_3D ( 'NONE', #3505, #1051, #3049 ) ;
#4015 = ORIENTED_EDGE ( 'NONE', *, *, #5257, .F. ) ;
#4016 = DIRECTION ( 'NONE',  ( -0.000000000000000000, -0.000000000000000000, -1.000000000000000000 ) ) ;
#4017 = CIRCLE ( 'NONE', #5171, 2.250000000000316192 ) ;
#4018 = CYLINDRICAL_SURFACE ( 'NONE', #2857, 2.349999999999990319 ) ;
#4019 = AXIS2_PLACEMENT_3D ( 'NONE', #3074, #1583, #1108 ) ;
#4020 = DIRECTION ( 'NONE',  ( -0.000000000000000000, -0.000000000000000000, -1.000000000000000000 ) ) ;
#4021 = DIRECTION ( 'NONE',  ( -0.000000000000000000, -0.000000000000000000, -1.000000000000000000 ) ) ;
#4022 = CARTESIAN_POINT ( 'NONE',  ( 0.000000000000000000, 0.000000000000000000, -2.698918212968115071 ) ) ;
#4023 = AXIS2_PLACEMENT_3D ( 'NONE', #2760, #224, #1224 ) ;
#4024 = DIRECTION ( 'NONE',  ( -1.000000000000000000, 0.000000000000000000, 0.000000000000000000 ) ) ;
#4025 = EDGE_CURVE ( 'NONE', #4486, #5649, #6173, .T. ) ;
#4026 = ORIENTED_EDGE ( 'NONE', *, *, #4190, .F. ) ;
#4027 = VECTOR ( 'NONE', #1769, 1000.000000000000114 ) ;
#4028 = ORIENTED_EDGE ( 'NONE', *, *, #4680, .F. ) ;
#4029 = VECTOR ( 'NONE', #3173, 1000.000000000000000 ) ;
#4030 = CARTESIAN_POINT ( 'NONE',  ( 0.000000000000000000, 0.000000000000000000, 30.19999999999997797 ) ) ;
#4031 = CARTESIAN_POINT ( 'NONE',  ( -2.250000000000281108, 0.000000000000000000, 18.99999999999999645 ) ) ;
#4032 = VECTOR ( 'NONE', #6248, 1000.000000000000000 ) ;
#4033 = ORIENTED_EDGE ( 'NONE', *, *, #5733, .F. ) ;
#4034 = EDGE_CURVE ( 'NONE', #991, #3205, #6354, .T. ) ;
#4035 = CARTESIAN_POINT ( 'NONE',  ( -2.250000000000613731, 0.000000000000000000, 21.39999999999998792 ) ) ;
#4036 = AXIS2_PLACEMENT_3D ( 'NONE', #5933, #4377, #6317 ) ;
#4037 = CARTESIAN_POINT ( 'NONE',  ( 1.999999999999357847, 0.000000000000000000, 27.54111742155102149 ) ) ;
#4038 = ORIENTED_EDGE ( 'NONE', *, *, #3847, .F. ) ;
#4039 = ORIENTED_EDGE ( 'NONE', *, *, #4534, .T. ) ;
#4040 = FACE_OUTER_BOUND ( 'NONE', #5623, .T. ) ;
#4041 = DIRECTION ( 'NONE',  ( 0.6927727648614158129, 8.484019490239948214E-17, -0.7211559444851505241 ) ) ;
#4042 = DIRECTION ( 'NONE',  ( -0.000000000000000000, -0.000000000000000000, -1.000000000000000000 ) ) ;
#4043 = AXIS2_PLACEMENT_3D ( 'NONE', #766, #2730, #3778 ) ;
#4044 = DIRECTION ( 'NONE',  ( -0.000000000000000000, -0.000000000000000000, -1.000000000000000000 ) ) ;
#4045 = DIRECTION ( 'NONE',  ( -1.000000000000000000, 0.000000000000000000, 0.000000000000000000 ) ) ;
#4046 = DIRECTION ( 'NONE',  ( 0.6946583704590093555, 0.000000000000000000, 0.7193398003386394235 ) ) ;
#4047 = AXIS2_PLACEMENT_3D ( 'NONE', #1220, #251, #1150 ) ;
#4048 = ORIENTED_EDGE ( 'NONE', *, *, #3046, .T. ) ;
#4049 = EDGE_LOOP ( 'NONE', ( #2185, #6390, #1641, #1221 ) ) ;
#4050 = ORIENTED_EDGE ( 'NONE', *, *, #4933, .F. ) ;
#4051 = EDGE_CURVE ( 'NONE', #2662, #6405, #1966, .T. ) ;
#4052 = CARTESIAN_POINT ( 'NONE',  ( 0.000000000000000000, 0.000000000000000000, 22.61024260084478499 ) ) ;
#4053 = CIRCLE ( 'NONE', #1332, 1.999999999999338307 ) ;
#4054 = AXIS2_PLACEMENT_3D ( 'NONE', #3557, #4157, #3629 ) ;
#4055 = FACE_OUTER_BOUND ( 'NONE', #610, .T. ) ;
#4056 = EDGE_CURVE ( 'NONE', #3861, #6095, #3978, .T. ) ;
#4057 = CARTESIAN_POINT ( 'NONE',  ( 0.000000000000000000, 0.000000000000000000, 29.54999999999992966 ) ) ;
#4058 = EDGE_CURVE ( 'NONE', #3382, #5198, #4485, .T. ) ;
#4059 = AXIS2_PLACEMENT_3D ( 'NONE', #4112, #5523, #6098 ) ;
#4060 = VECTOR ( 'NONE', #5204, 999.9999999999998863 ) ;
#4061 = CONICAL_SURFACE ( 'NONE', #1236, 2.250000000000278888, 0.7679448708775163945 ) ;
#4062 = CARTESIAN_POINT ( 'NONE',  ( -1.899999999999997913, 0.000000000000000000, 9.623381939944312791 ) ) ;
#4063 = DIRECTION ( 'NONE',  ( -0.000000000000000000, -0.000000000000000000, -1.000000000000000000 ) ) ;
#4064 = VERTEX_POINT ( 'NONE', #491 ) ;
#4065 = ADVANCED_FACE ( 'NONE', ( #4911 ), #456, .T. ) ;
#4066 = CARTESIAN_POINT ( 'NONE',  ( 0.000000000000000000, 0.000000000000000000, -2.698918212968115071 ) ) ;
#4067 = VECTOR ( 'NONE', #2327, 1000.000000000000000 ) ;
#4068 = DIRECTION ( 'NONE',  ( -1.000000000000000000, 0.000000000000000000, 0.000000000000000000 ) ) ;
#4069 = VECTOR ( 'NONE', #1802, 1000.000000000000000 ) ;
#4070 = VECTOR ( 'NONE', #5619, 1000.000000000000000 ) ;
#4071 = EDGE_LOOP ( 'NONE', ( #4542, #4499, #5807, #6125 ) ) ;
#4072 = ORIENTED_EDGE ( 'NONE', *, *, #4357, .T. ) ;
#4073 = DIRECTION ( 'NONE',  ( -1.000000000000000000, 0.000000000000000000, 0.000000000000000000 ) ) ;
#4074 = CARTESIAN_POINT ( 'NONE',  ( -1.899999999999989697, 2.602374448188113024E-16, 6.553271633436568600 ) ) ;
#4075 = ORIENTED_EDGE ( 'NONE', *, *, #123, .F. ) ;
#4076 = CYLINDRICAL_SURFACE ( 'NONE', #1341, 2.250000000000468958 ) ;
#4077 = CARTESIAN_POINT ( 'NONE',  ( 0.000000000000000000, 0.000000000000000000, 25.81024260084478072 ) ) ;
#4078 = VERTEX_POINT ( 'NONE', #5397 ) ;
#4079 = EDGE_CURVE ( 'NONE', #7, #1284, #6479, .T. ) ;
#4080 = VERTEX_POINT ( 'NONE', #5870 ) ;
#4081 = DIRECTION ( 'NONE',  ( -1.000000000000000000, 0.000000000000000000, 0.000000000000000000 ) ) ;
#4082 = FACE_OUTER_BOUND ( 'NONE', #5217, .T. ) ;
#4083 = CARTESIAN_POINT ( 'NONE',  ( 0.000000000000000000, 0.000000000000000000, 9.623381939944312791 ) ) ;
#4084 = CARTESIAN_POINT ( 'NONE',  ( 0.000000000000000000, 0.000000000000000000, 6.111126589273411014 ) ) ;
#4085 = CARTESIAN_POINT ( 'NONE',  ( 2.350000000000035616, 2.877919977996323708E-16, -2.698918212968115071 ) ) ;
#4086 = CARTESIAN_POINT ( 'NONE',  ( 0.000000000000000000, 0.000000000000000000, 18.99999999999999645 ) ) ;
#4087 = EDGE_LOOP ( 'NONE', ( #2521, #103, #1214, #3657 ) ) ;
#4088 = ORIENTED_EDGE ( 'NONE', *, *, #4916, .T. ) ;
#4089 = DIRECTION ( 'NONE',  ( -0.000000000000000000, -0.000000000000000000, -1.000000000000000000 ) ) ;
#4090 = LINE ( 'NONE', #532, #1625 ) ;
#4091 = CARTESIAN_POINT ( 'NONE',  ( -2.250000000000688338, 0.000000000000000000, 34.99999999999999289 ) ) ;
#4092 = DIRECTION ( 'NONE',  ( -1.000000000000000000, 0.000000000000000000, 0.000000000000000000 ) ) ;
#4093 = DIRECTION ( 'NONE',  ( -1.000000000000000000, 0.000000000000000000, 0.000000000000000000 ) ) ;
#4094 = EDGE_CURVE ( 'NONE', #6396, #743, #200, .T. ) ;
#4095 = EDGE_CURVE ( 'NONE', #5544, #6461, #870, .T. ) ;
#4096 = DIRECTION ( 'NONE',  ( -1.000000000000000000, 0.000000000000000000, 0.000000000000000000 ) ) ;
#4097 = CARTESIAN_POINT ( 'NONE',  ( 0.000000000000000000, 0.000000000000000000, 29.81024260084477717 ) ) ;
#4098 = ORIENTED_EDGE ( 'NONE', *, *, #1711, .T. ) ;
#4099 = AXIS2_PLACEMENT_3D ( 'NONE', #4837, #843, #3977 ) ;
#4100 = ORIENTED_EDGE ( 'NONE', *, *, #1246, .F. ) ;
#4101 = CARTESIAN_POINT ( 'NONE',  ( 0.000000000000000000, 0.000000000000000000, 13.34999999999999964 ) ) ;
#4102 = DIRECTION ( 'NONE',  ( 0.000000000000000000, 0.000000000000000000, 1.000000000000000000 ) ) ;
#4103 = EDGE_CURVE ( 'NONE', #3205, #2984, #425, .T. ) ;
#4104 = CIRCLE ( 'NONE', #3789, 2.500000000000000444 ) ;
#4105 = ORIENTED_EDGE ( 'NONE', *, *, #5325, .F. ) ;
#4106 = CARTESIAN_POINT ( 'NONE',  ( 0.000000000000000000, 0.000000000000000000, 17.54999999999999716 ) ) ;
#4107 = VECTOR ( 'NONE', #3758, 1000.000000000000000 ) ;
#4108 = CARTESIAN_POINT ( 'NONE',  ( 0.000000000000000000, 0.000000000000000000, -2.698918212968115071 ) ) ;
#4109 = VERTEX_POINT ( 'NONE', #4381 ) ;
#4110 = ORIENTED_EDGE ( 'NONE', *, *, #2849, .F. ) ;
#4111 = EDGE_CURVE ( 'NONE', #377, #4696, #3956, .T. ) ;
#4112 = CARTESIAN_POINT ( 'NONE',  ( 0.000000000000000000, 0.000000000000000000, 29.01024260084526674 ) ) ;
#4113 = CARTESIAN_POINT ( 'NONE',  ( 0.000000000000000000, 0.000000000000000000, 6.111126589273411014 ) ) ;
#4114 = LINE ( 'NONE', #4532, #2276 ) ;
#4115 = CARTESIAN_POINT ( 'NONE',  ( 2.250000000000277556, 2.755455298081884481E-16, 17.54999999999999716 ) ) ;
#4116 = VECTOR ( 'NONE', #2422, 1000.000000000000000 ) ;
#4117 = CARTESIAN_POINT ( 'NONE',  ( -1.600000000000002087, 0.000000000000000000, -2.698918212968115071 ) ) ;
#4118 = CARTESIAN_POINT ( 'NONE',  ( 0.000000000000000000, 0.000000000000000000, 33.39999999999998437 ) ) ;
#4119 = EDGE_LOOP ( 'NONE', ( #1456, #4001, #733, #2692 ) ) ;
#4120 = VECTOR ( 'NONE', #1110, 1000.000000000000114 ) ;
#4121 = VERTEX_POINT ( 'NONE', #905 ) ;
#4122 = EDGE_CURVE ( 'NONE', #242, #693, #2411, .T. ) ;
#4123 = CARTESIAN_POINT ( 'NONE',  ( 1.600000000000002087, 1.959434878635767695E-16, 13.51221608641805894 ) ) ;
#4124 = DIRECTION ( 'NONE',  ( -1.000000000000000000, 0.000000000000000000, 0.000000000000000000 ) ) ;
#4125 = FACE_OUTER_BOUND ( 'NONE', #1068, .T. ) ;
#4126 = AXIS2_PLACEMENT_3D ( 'NONE', #3600, #112, #1142 ) ;
#4127 = FACE_OUTER_BOUND ( 'NONE', #670, .T. ) ;
#4128 = AXIS2_PLACEMENT_3D ( 'NONE', #1273, #6270, #496 ) ;
#4129 = EDGE_CURVE ( 'NONE', #2962, #383, #2180, .T. ) ;
#4130 = DIRECTION ( 'NONE',  ( -0.000000000000000000, -0.000000000000000000, -1.000000000000000000 ) ) ;
#4131 = DIRECTION ( 'NONE',  ( -0.000000000000000000, -0.000000000000000000, -1.000000000000000000 ) ) ;
#4132 = VECTOR ( 'NONE', #3263, 1000.000000000000114 ) ;
#4133 = ORIENTED_EDGE ( 'NONE', *, *, #5612, .F. ) ;
#4134 = ORIENTED_EDGE ( 'NONE', *, *, #2967, .F. ) ;
#4135 = DIRECTION ( 'NONE',  ( -1.000000000000000000, 0.000000000000000000, 0.000000000000000000 ) ) ;
#4136 = DIRECTION ( 'NONE',  ( -1.000000000000000000, 0.000000000000000000, 0.000000000000000000 ) ) ;
#4137 = CIRCLE ( 'NONE', #3496, 1.999999999999352074 ) ;
#4138 = CIRCLE ( 'NONE', #5077, 2.250000000000618172 ) ;
#4139 = ORIENTED_EDGE ( 'NONE', *, *, #4947, .F. ) ;
#4140 = CARTESIAN_POINT ( 'NONE',  ( 0.000000000000000000, 0.000000000000000000, -2.698918212968115071 ) ) ;
#4141 = DIRECTION ( 'NONE',  ( -0.6946583704589959218, 8.507111498835255873E-17, 0.7193398003386525241 ) ) ;
#4142 = CIRCLE ( 'NONE', #172, 2.250000000000295319 ) ;
#4143 = ORIENTED_EDGE ( 'NONE', *, *, #929, .F. ) ;
#4144 = EDGE_CURVE ( 'NONE', #557, #857, #6104, .T. ) ;
#4145 = VERTEX_POINT ( 'NONE', #3551 ) ;
#4146 = CONICAL_SURFACE ( 'NONE', #1531, 2.250000000000671907, 0.7679448708781513311 ) ;
#4147 = CARTESIAN_POINT ( 'NONE',  ( 0.000000000000000000, 0.000000000000000000, 18.61024260084479565 ) ) ;
#4148 = LINE ( 'NONE', #155, #5964 ) ;
#4149 = CARTESIAN_POINT ( 'NONE',  ( -2.250000000000322409, 0.000000000000000000, 30.99999999999997158 ) ) ;
#4150 = DIRECTION ( 'NONE',  ( -0.6927727648614868672, 0.000000000000000000, -0.7211559444850822453 ) ) ;
#4151 = VECTOR ( 'NONE', #4569, 1000.000000000000000 ) ;
#4152 = ORIENTED_EDGE ( 'NONE', *, *, #688, .T. ) ;
#4153 = VERTEX_POINT ( 'NONE', #4537 ) ;
#4154 = DIRECTION ( 'NONE',  ( -1.000000000000000000, 0.000000000000000000, 0.000000000000000000 ) ) ;
#4155 = DIRECTION ( 'NONE',  ( -1.000000000000000000, 0.000000000000000000, 0.000000000000000000 ) ) ;
#4156 = AXIS2_PLACEMENT_3D ( 'NONE', #1255, #3649, #5255 ) ;
#4157 = DIRECTION ( 'NONE',  ( -0.000000000000000000, -0.000000000000000000, -1.000000000000000000 ) ) ;
#4158 = PRODUCT_DEFINITION_CONTEXT ( 'detailed design', #5837, 'design' ) ;
#4159 = EDGE_CURVE ( 'NONE', #4720, #1148, #2600, .T. ) ;
#4160 = CARTESIAN_POINT ( 'NONE',  ( 0.000000000000000000, 0.000000000000000000, 0.000000000000000000 ) ) ;
#4161 = AXIS2_PLACEMENT_3D ( 'NONE', #1082, #507, #3080 ) ;
#4162 = LINE ( 'NONE', #1743, #5067 ) ;
#4163 = AXIS2_PLACEMENT_3D ( 'NONE', #4354, #5371, #5877 ) ;
#4164 = AXIS2_PLACEMENT_3D ( 'NONE', #3196, #2717, #2340 ) ;
#4165 = CARTESIAN_POINT ( 'NONE',  ( 0.000000000000000000, 0.000000000000000000, -2.698918212968115071 ) ) ;
#4166 = LINE ( 'NONE', #1652, #3276 ) ;
#4167 = EDGE_CURVE ( 'NONE', #3996, #114, #3757, .T. ) ;
#4168 = AXIS2_PLACEMENT_3D ( 'NONE', #4513, #4614, #5472 ) ;
#4169 = CIRCLE ( 'NONE', #1337, 1.999999999999393818 ) ;
#4170 = ORIENTED_EDGE ( 'NONE', *, *, #688, .F. ) ;
#4171 = ADVANCED_FACE ( 'NONE', ( #3622 ), #2904, .T. ) ;
#4172 = ORIENTED_EDGE ( 'NONE', *, *, #5172, .F. ) ;
#4173 = CARTESIAN_POINT ( 'NONE',  ( 1.999999999999418465, 0.000000000000000000, 35.54111742155136255 ) ) ;
#4174 = CARTESIAN_POINT ( 'NONE',  ( 2.250000000000644373, 2.755455298082333639E-16, 30.19999999999997797 ) ) ;
#4175 = ORIENTED_EDGE ( 'NONE', *, *, #184, .F. ) ;
#4176 = AXIS2_PLACEMENT_3D ( 'NONE', #1154, #6029, #1668 ) ;
#4177 = CARTESIAN_POINT ( 'NONE',  ( 0.000000000000000000, 0.000000000000000000, 9.400000000000000355 ) ) ;
#4178 = VECTOR ( 'NONE', #674, 1000.000000000000000 ) ;
#4179 = EDGE_CURVE ( 'NONE', #2696, #50, #5130, .T. ) ;
#4180 = LINE ( 'NONE', #6196, #5307 ) ;
#4181 = ORIENTED_EDGE ( 'NONE', *, *, #4684, .T. ) ;
#4182 = ORIENTED_EDGE ( 'NONE', *, *, #325, .F. ) ;
#4183 = DIRECTION ( 'NONE',  ( 0.000000000000000000, 0.000000000000000000, 1.000000000000000000 ) ) ;
#4184 = CARTESIAN_POINT ( 'NONE',  ( 1.999999999999360289, 2.449293598293922977E-16, 30.61024260084477078 ) ) ;
#4185 = DIRECTION ( 'NONE',  ( 0.8957117602394241151, 1.096930540135852063E-16, -0.4446351791849048052 ) ) ;
#4186 = EDGE_CURVE ( 'NONE', #4287, #1134, #3322, .T. ) ;
#4187 = CARTESIAN_POINT ( 'NONE',  ( -2.250000000000680345, 2.755455298082378012E-16, 34.19999999999998153 ) ) ;
#4188 = ORIENTED_EDGE ( 'NONE', *, *, #2200, .F. ) ;
#4189 = EDGE_LOOP ( 'NONE', ( #3677, #3750, #520, #1492 ) ) ;
#4190 = EDGE_CURVE ( 'NONE', #6097, #6095, #5630, .T. ) ;
#4191 = CARTESIAN_POINT ( 'NONE',  ( 0.000000000000000000, 0.000000000000000000, 23.14999999999998437 ) ) ;
#4192 = CARTESIAN_POINT ( 'NONE',  ( 0.000000000000000000, 0.000000000000000000, -2.698918212968115071 ) ) ;
#4193 = CARTESIAN_POINT ( 'NONE',  ( -1.999999999999410250, 0.000000000000000000, 35.41024260084478215 ) ) ;
#4194 = MANIFOLD_SOLID_BREP ( 'Fillet1', #3302 ) ;
#4195 = CARTESIAN_POINT ( 'NONE',  ( 0.000000000000000000, 0.000000000000000000, 22.99999999999998579 ) ) ;
#4196 = CARTESIAN_POINT ( 'NONE',  ( 0.000000000000000000, 0.000000000000000000, 27.79999999999997584 ) ) ;
#4197 = ORIENTED_EDGE ( 'NONE', *, *, #3084, .F. ) ;
#4198 = DIRECTION ( 'NONE',  ( -0.000000000000000000, -0.000000000000000000, -1.000000000000000000 ) ) ;
#4199 = EDGE_CURVE ( 'NONE', #1286, #242, #5328, .T. ) ;
#4200 = VERTEX_POINT ( 'NONE', #2012 ) ;
#4201 = ORIENTED_EDGE ( 'NONE', *, *, #2746, .T. ) ;
#4202 = CARTESIAN_POINT ( 'NONE',  ( 0.000000000000000000, 0.000000000000000000, -2.698918212968115071 ) ) ;
#4203 = CARTESIAN_POINT ( 'NONE',  ( 1.999999999999410250, 2.449293598293984114E-16, 35.41024260084478215 ) ) ;
#4204 = EDGE_LOOP ( 'NONE', ( #2686, #5662, #6051, #6105 ) ) ;
#4205 = FACE_OUTER_BOUND ( 'NONE', #2197, .T. ) ;
#4206 = ADVANCED_FACE ( 'NONE', ( #3509 ), #2491, .T. ) ;
#4207 = CARTESIAN_POINT ( 'NONE',  ( 0.000000000000000000, 0.000000000000000000, 13.51221608641805894 ) ) ;
#4208 = ORIENTED_EDGE ( 'NONE', *, *, #3253, .F. ) ;
#4209 = ORIENTED_EDGE ( 'NONE', *, *, #6011, .F. ) ;
#4210 = DIRECTION ( 'NONE',  ( -1.000000000000000000, 0.000000000000000000, 0.000000000000000000 ) ) ;
#4211 = DIRECTION ( 'NONE',  ( -1.000000000000000000, 0.000000000000000000, 0.000000000000000000 ) ) ;
#4212 = DIRECTION ( 'NONE',  ( -1.000000000000000000, 0.000000000000000000, 0.000000000000000000 ) ) ;
#4213 = VECTOR ( 'NONE', #3421, 1000.000000000000000 ) ;
#4214 = EDGE_CURVE ( 'NONE', #6189, #6174, #5888, .T. ) ;
#4215 = CARTESIAN_POINT ( 'NONE',  ( 0.000000000000000000, 0.000000000000000000, 28.59999999999998010 ) ) ;
#4216 = CIRCLE ( 'NONE', #3888, 1.999999999999324762 ) ;
#4217 = EDGE_CURVE ( 'NONE', #4281, #2759, #2463, .T. ) ;
#4218 = ORIENTED_EDGE ( 'NONE', *, *, #3762, .T. ) ;
#4219 = VECTOR ( 'NONE', #1564, 1000.000000000000000 ) ;
#4220 = DIRECTION ( 'NONE',  ( -0.000000000000000000, -0.000000000000000000, -1.000000000000000000 ) ) ;
#4221 = CYLINDRICAL_SURFACE ( 'NONE', #3488, 2.250000000000527134 ) ;
#4222 = DIRECTION ( 'NONE',  ( 0.000000000000000000, 0.000000000000000000, 1.000000000000000000 ) ) ;
#4223 = EDGE_CURVE ( 'NONE', #340, #3003, #3327, .T. ) ;
#4224 = DIRECTION ( 'NONE',  ( -0.000000000000000000, -0.000000000000000000, -1.000000000000000000 ) ) ;
#4225 = CYLINDRICAL_SURFACE ( 'NONE', #1734, 1.900000000000001465 ) ;
#4226 = EDGE_LOOP ( 'NONE', ( #1248, #648, #6399, #2427 ) ) ;
#4227 = DIRECTION ( 'NONE',  ( -1.000000000000000000, 0.000000000000000000, 0.000000000000000000 ) ) ;
#4228 = VERTEX_POINT ( 'NONE', #3443 ) ;
#4229 = EDGE_LOOP ( 'NONE', ( #1410, #2301, #5763, #1430 ) ) ;
#4230 = DIRECTION ( 'NONE',  ( 0.6927727648613968281, 8.484019490239714021E-17, -0.7211559444851688427 ) ) ;
#4231 = VECTOR ( 'NONE', #3456, 1000.000000000000000 ) ;
#4232 = CARTESIAN_POINT ( 'NONE',  ( 0.000000000000000000, 0.000000000000000000, -2.698918212968115071 ) ) ;
#4233 = EDGE_CURVE ( 'NONE', #5761, #5883, #1924, .T. ) ;
#4234 = CIRCLE ( 'NONE', #3911, 2.150000000000134026 ) ;
#4235 = DIRECTION ( 'NONE',  ( -0.000000000000000000, -0.000000000000000000, -1.000000000000000000 ) ) ;
#4236 = FACE_OUTER_BOUND ( 'NONE', #3828, .T. ) ;
#4237 = ADVANCED_FACE ( 'NONE', ( #47 ), #441, .T. ) ;
#4238 = ORIENTED_EDGE ( 'NONE', *, *, #3129, .F. ) ;
#4239 = VERTEX_POINT ( 'NONE', #6474 ) ;
#4240 = DIRECTION ( 'NONE',  ( 0.000000000000000000, 0.000000000000000000, 1.000000000000000000 ) ) ;
#4241 = DIRECTION ( 'NONE',  ( -0.000000000000000000, -0.000000000000000000, -1.000000000000000000 ) ) ;
#4242 = CIRCLE ( 'NONE', #2973, 2.350000000000028511 ) ;
#4243 = VECTOR ( 'NONE', #352, 1000.000000000000000 ) ;
#4244 = CARTESIAN_POINT ( 'NONE',  ( 0.000000000000000000, 0.000000000000000000, 20.21024260084479351 ) ) ;
#4245 = VERTEX_POINT ( 'NONE', #3969 ) ;
#4246 = EDGE_CURVE ( 'NONE', #4720, #1284, #4401, .T. ) ;
#4247 = AXIS2_PLACEMENT_3D ( 'NONE', #685, #4220, #5300 ) ;
#4248 = CIRCLE ( 'NONE', #3615, 1.899999999999989697 ) ;
#4249 = EDGE_CURVE ( 'NONE', #873, #1928, #1519, .T. ) ;
#4250 = CARTESIAN_POINT ( 'NONE',  ( -2.265437129225214008, 0.000000000000000000, 11.56106853381298372 ) ) ;
#4251 = CARTESIAN_POINT ( 'NONE',  ( 0.000000000000000000, 0.000000000000000000, 21.39999999999998792 ) ) ;
#4252 = AXIS2_PLACEMENT_3D ( 'NONE', #582, #1129, #96 ) ;
#4253 = DIRECTION ( 'NONE',  ( -0.000000000000000000, -0.000000000000000000, -1.000000000000000000 ) ) ;
#4254 = FACE_OUTER_BOUND ( 'NONE', #1090, .T. ) ;
#4255 = CYLINDRICAL_SURFACE ( 'NONE', #4548, 2.250000000000466294 ) ;
#4256 = ORIENTED_EDGE ( 'NONE', *, *, #1881, .T. ) ;
#4257 = EDGE_CURVE ( 'NONE', #5713, #850, #4169, .T. ) ;
#4258 = CARTESIAN_POINT ( 'NONE',  ( 0.000000000000000000, 0.000000000000000000, 33.01024260084477646 ) ) ;
#4259 = ORIENTED_EDGE ( 'NONE', *, *, #2927, .T. ) ;
#4260 = ORIENTED_EDGE ( 'NONE', *, *, #4603, .T. ) ;
#4261 = VECTOR ( 'NONE', #3924, 1000.000000000000000 ) ;
#4262 = CIRCLE ( 'NONE', #1866, 2.250000000000318412 ) ;
#4263 = CARTESIAN_POINT ( 'NONE',  ( 0.000000000000000000, 0.000000000000000000, 27.41024260084538966 ) ) ;
#4264 = DIRECTION ( 'NONE',  ( -0.000000000000000000, -0.000000000000000000, -1.000000000000000000 ) ) ;
#4265 = ORIENTED_EDGE ( 'NONE', *, *, #1857, .T. ) ;
#4266 = EDGE_CURVE ( 'NONE', #3056, #2191, #5530, .T. ) ;
#4267 = LINE ( 'NONE', #1814, #386 ) ;
#4268 = AXIS2_PLACEMENT_3D ( 'NONE', #446, #6414, #866 ) ;
#4269 = DIRECTION ( 'NONE',  ( -1.000000000000000000, 0.000000000000000000, 0.000000000000000000 ) ) ;
#4270 = VECTOR ( 'NONE', #1268, 1000.000000000000000 ) ;
#4271 = DIRECTION ( 'NONE',  ( -0.000000000000000000, -0.000000000000000000, -1.000000000000000000 ) ) ;
#4272 = ORIENTED_EDGE ( 'NONE', *, *, #702, .F. ) ;
#4273 = VERTEX_POINT ( 'NONE', #3470 ) ;
#4274 = VECTOR ( 'NONE', #5858, 1000.000000000000000 ) ;
#4275 = LINE ( 'NONE', #2203, #616 ) ;
#4276 = DIRECTION ( 'NONE',  ( -1.000000000000000000, 0.000000000000000000, 0.000000000000000000 ) ) ;
#4277 = CONICAL_SURFACE ( 'NONE', #5860, 2.349999999999993872, 0.8482300164692494482 ) ;
#4278 = VECTOR ( 'NONE', #1387, 1000.000000000000000 ) ;
#4279 = DIRECTION ( 'NONE',  ( -0.000000000000000000, -0.000000000000000000, -1.000000000000000000 ) ) ;
#4280 = ADVANCED_FACE ( 'NONE', ( #418 ), #5024, .T. ) ;
#4281 = VERTEX_POINT ( 'NONE', #5991 ) ;
#4282 = DIRECTION ( 'NONE',  ( -1.000000000000000000, 0.000000000000000000, 0.000000000000000000 ) ) ;
#4283 = DIRECTION ( 'NONE',  ( -1.000000000000000000, 0.000000000000000000, 0.000000000000000000 ) ) ;
#4284 = FACE_OUTER_BOUND ( 'NONE', #2008, .T. ) ;
#4285 = DIRECTION ( 'NONE',  ( -1.000000000000000000, 0.000000000000000000, 0.000000000000000000 ) ) ;
#4286 = FACE_OUTER_BOUND ( 'NONE', #2747, .T. ) ;
#4287 = VERTEX_POINT ( 'NONE', #1486 ) ;
#4288 = LINE ( 'NONE', #4688, #6144 ) ;
#4289 = CARTESIAN_POINT ( 'NONE',  ( 0.000000000000000000, 0.000000000000000000, 28.21024260084477930 ) ) ;
#4290 = EDGE_CURVE ( 'NONE', #1877, #4609, #1454, .T. ) ;
#4291 = EDGE_LOOP ( 'NONE', ( #4866, #253, #3889, #282 ) ) ;
#4292 = ORIENTED_EDGE ( 'NONE', *, *, #777, .F. ) ;
#4293 = DIRECTION ( 'NONE',  ( -0.000000000000000000, -0.000000000000000000, -1.000000000000000000 ) ) ;
#4294 = ADVANCED_FACE ( 'NONE', ( #2920 ), #4061, .T. ) ;
#4295 = LINE ( 'NONE', #5716, #2676 ) ;
#4296 = EDGE_LOOP ( 'NONE', ( #2553, #3019, #1976, #4992 ) ) ;
#4297 = DIRECTION ( 'NONE',  ( -0.000000000000000000, -0.000000000000000000, -1.000000000000000000 ) ) ;
#4298 = DIRECTION ( 'NONE',  ( -0.000000000000000000, -0.000000000000000000, -1.000000000000000000 ) ) ;
#4299 = FACE_OUTER_BOUND ( 'NONE', #1417, .T. ) ;
#4300 = ORIENTED_EDGE ( 'NONE', *, *, #465, .F. ) ;
#4301 = EDGE_LOOP ( 'NONE', ( #5209, #6298, #4855, #2728 ) ) ;
#4302 = FACE_OUTER_BOUND ( 'NONE', #3688, .T. ) ;
#4303 = DIRECTION ( 'NONE',  ( -1.000000000000000000, 0.000000000000000000, 0.000000000000000000 ) ) ;
#4304 = VERTEX_POINT ( 'NONE', #5484 ) ;
#4305 = DIRECTION ( 'NONE',  ( 1.000000000000000000, 0.000000000000000000, 0.000000000000000000 ) ) ;
#4306 = VECTOR ( 'NONE', #5833, 1000.000000000000000 ) ;
#4307 = EDGE_LOOP ( 'NONE', ( #1280, #1271, #575, #4567 ) ) ;
#4308 =( GEOMETRIC_REPRESENTATION_CONTEXT ( 3 ) GLOBAL_UNCERTAINTY_ASSIGNED_CONTEXT ( ( #2650 ) ) GLOBAL_UNIT_ASSIGNED_CONTEXT ( ( #2235, #5326, #4734 ) ) REPRESENTATION_CONTEXT ( 'NONE', 'WORKASPACE' ) );
#4309 = CYLINDRICAL_SURFACE ( 'NONE', #4036, 2.150000000000001688 ) ;
#4310 = AXIS2_PLACEMENT_3D ( 'NONE', #1676, #1291, #5296 ) ;
#4311 = LINE ( 'NONE', #812, #442 ) ;
#4312 = CARTESIAN_POINT ( 'NONE',  ( 0.000000000000000000, 0.000000000000000000, 15.77723155024511570 ) ) ;
#4313 = DIRECTION ( 'NONE',  ( -0.000000000000000000, -0.000000000000000000, -1.000000000000000000 ) ) ;
#4314 = CARTESIAN_POINT ( 'NONE',  ( 0.000000000000000000, 0.000000000000000000, -2.698918212968115071 ) ) ;
#4315 = EDGE_CURVE ( 'NONE', #2887, #2116, #2277, .T. ) ;
#4316 = ORIENTED_EDGE ( 'NONE', *, *, #1254, .F. ) ;
#4317 = DIRECTION ( 'NONE',  ( -1.000000000000000000, 0.000000000000000000, 0.000000000000000000 ) ) ;
#4318 = AXIS2_PLACEMENT_3D ( 'NONE', #2819, #3777, #3868 ) ;
#4319 = EDGE_CURVE ( 'NONE', #4850, #1080, #1462, .T. ) ;
#4320 = ORIENTED_EDGE ( 'NONE', *, *, #3499, .F. ) ;
#4321 = DIRECTION ( 'NONE',  ( -0.000000000000000000, -0.000000000000000000, -1.000000000000000000 ) ) ;
#4322 = CARTESIAN_POINT ( 'NONE',  ( -1.999999999999352962, 0.000000000000000000, -2.698918212968115071 ) ) ;
#4323 = VERTEX_POINT ( 'NONE', #4035 ) ;
#4324 = CIRCLE ( 'NONE', #6232, 1.999999999999393818 ) ;
#4325 = DIRECTION ( 'NONE',  ( -1.000000000000000000, 0.000000000000000000, 0.000000000000000000 ) ) ;
#4326 = CARTESIAN_POINT ( 'NONE',  ( -2.250000000000276668, 0.000000000000000000, -2.698918212968115071 ) ) ;
#4327 = CARTESIAN_POINT ( 'NONE',  ( 2.250000000000297984, 2.755455298081909626E-16, 23.79999999999998650 ) ) ;
#4328 = ORIENTED_EDGE ( 'NONE', *, *, #5701, .F. ) ;
#4329 = CONICAL_SURFACE ( 'NONE', #4128, 2.250000000000638600, 0.7679448708775085120 ) ;
#4330 = ORIENTED_EDGE ( 'NONE', *, *, #79, .F. ) ;
#4331 = DIRECTION ( 'NONE',  ( -1.000000000000000000, 0.000000000000000000, 0.000000000000000000 ) ) ;
#4332 = DIRECTION ( 'NONE',  ( 1.000000000000000000, 0.000000000000000000, 0.000000000000000000 ) ) ;
#4333 = DIRECTION ( 'NONE',  ( -1.000000000000000000, 0.000000000000000000, 0.000000000000000000 ) ) ;
#4334 = ORIENTED_EDGE ( 'NONE', *, *, #1567, .F. ) ;
#4335 = AXIS2_PLACEMENT_3D ( 'NONE', #5738, #1771, #2681 ) ;
#4336 = ADVANCED_FACE ( 'NONE', ( #2082 ), #4076, .T. ) ;
#4337 = FACE_OUTER_BOUND ( 'NONE', #3165, .T. ) ;
#4338 = AXIS2_PLACEMENT_3D ( 'NONE', #2003, #1546, #111 ) ;
#4339 = ORIENTED_EDGE ( 'NONE', *, *, #1567, .T. ) ;
#4340 = VECTOR ( 'NONE', #1244, 1000.000000000000000 ) ;
#4341 = CIRCLE ( 'NONE', #3392, 2.265437129225214008 ) ;
#4342 = DIRECTION ( 'NONE',  ( -1.000000000000000000, 0.000000000000000000, 0.000000000000000000 ) ) ;
#4343 = FACE_OUTER_BOUND ( 'NONE', #6054, .T. ) ;
#4344 = DIRECTION ( 'NONE',  ( -0.6946583704589998076, 8.507111498835303945E-17, 0.7193398003386487494 ) ) ;
#4345 = CIRCLE ( 'NONE', #2351, 1.999999999999376943 ) ;
#4346 = CONICAL_SURFACE ( 'NONE', #5187, 1.924626583725415285, 0.2591813939211511375 ) ;
#4347 = CARTESIAN_POINT ( 'NONE',  ( 0.000000000000000000, 0.000000000000000000, 25.94111742155135758 ) ) ;
#4348 = ORIENTED_EDGE ( 'NONE', *, *, #2232, .T. ) ;
#4349 = FACE_OUTER_BOUND ( 'NONE', #5150, .T. ) ;
#4350 = ADVANCED_FACE ( 'NONE', ( #4698 ), #4379, .T. ) ;
#4351 = FACE_OUTER_BOUND ( 'NONE', #335, .T. ) ;
#4352 = ORIENTED_EDGE ( 'NONE', *, *, #4051, .T. ) ;
#4353 = EDGE_LOOP ( 'NONE', ( #2038, #4521, #343, #1725 ) ) ;
#4354 = CARTESIAN_POINT ( 'NONE',  ( 0.000000000000000000, 0.000000000000000000, -2.698918212968115071 ) ) ;
#4355 = CARTESIAN_POINT ( 'NONE',  ( 2.150000000000134026, 2.632990618166973417E-16, 36.89999999999999858 ) ) ;
#4356 = ORIENTED_EDGE ( 'NONE', *, *, #3905, .F. ) ;
#4357 = EDGE_CURVE ( 'NONE', #1726, #2096, #1569, .T. ) ;
#4358 = CARTESIAN_POINT ( 'NONE',  ( -1.999999999999346523, 2.602374448188108093E-16, 24.34111742155135971 ) ) ;
#4359 = EDGE_CURVE ( 'NONE', #1038, #4239, #5537, .T. ) ;
#4360 = CARTESIAN_POINT ( 'NONE',  ( -2.250000000000632827, 0.000000000000000000, 26.99999999999998224 ) ) ;
#4361 = VECTOR ( 'NONE', #5546, 1000.000000000000000 ) ;
#4362 = CARTESIAN_POINT ( 'NONE',  ( 0.000000000000000000, 0.000000000000000000, -2.698918212968115071 ) ) ;
#4363 = VECTOR ( 'NONE', #5642, 1000.000000000000000 ) ;
#4364 = ORIENTED_EDGE ( 'NONE', *, *, #6315, .T. ) ;
#4365 = VERTEX_POINT ( 'NONE', #2663 ) ;
#4366 = LINE ( 'NONE', #6375, #1439 ) ;
#4367 = CARTESIAN_POINT ( 'NONE',  ( 2.250000000000466294, 2.755455298082115716E-16, -2.698918212968115071 ) ) ;
#4368 = ORIENTED_EDGE ( 'NONE', *, *, #235, .F. ) ;
#4369 = AXIS2_PLACEMENT_3D ( 'NONE', #1343, #5407, #4919 ) ;
#4370 = CARTESIAN_POINT ( 'NONE',  ( 0.000000000000000000, 0.000000000000000000, 35.54111742155136255 ) ) ;
#4371 = ORIENTED_EDGE ( 'NONE', *, *, #3436, .F. ) ;
#4372 = VECTOR ( 'NONE', #4010, 1000.000000000000000 ) ;
#4373 = FACE_OUTER_BOUND ( 'NONE', #4428, .T. ) ;
#4374 = ORIENTED_EDGE ( 'NONE', *, *, #5932, .T. ) ;
#4375 = EDGE_CURVE ( 'NONE', #4064, #912, #5120, .T. ) ;
#4376 = VECTOR ( 'NONE', #3934, 1000.000000000000000 ) ;
#4377 = DIRECTION ( 'NONE',  ( -0.000000000000000000, -0.000000000000000000, -1.000000000000000000 ) ) ;
#4378 = AXIS2_PLACEMENT_3D ( 'NONE', #4083, #6130, #5095 ) ;
#4379 = CONICAL_SURFACE ( 'NONE', #5010, 1.899999999999997913, 1.110029404268399800 ) ;
#4380 = CARTESIAN_POINT ( 'NONE',  ( 4.667188066030102611, 5.715656926082489955E-16, -1.517087345604219983 ) ) ;
#4381 = CARTESIAN_POINT ( 'NONE',  ( -1.999999999999360289, 2.602374448188124857E-16, 28.34111742155101510 ) ) ;
#4382 = EDGE_CURVE ( 'NONE', #4064, #4709, #2388, .T. ) ;
#4383 = DIRECTION ( 'NONE',  ( -0.000000000000000000, -0.000000000000000000, -1.000000000000000000 ) ) ;
#4384 = VERTEX_POINT ( 'NONE', #6093 ) ;
#4385 = CARTESIAN_POINT ( 'NONE',  ( 0.000000000000000000, 0.000000000000000000, 27.14999999999993108 ) ) ;
#4386 = LINE ( 'NONE', #1009, #4231 ) ;
#4387 = EDGE_CURVE ( 'NONE', #2759, #2134, #605, .T. ) ;
#4388 = ORIENTED_EDGE ( 'NONE', *, *, #6321, .F. ) ;
#4389 = CYLINDRICAL_SURFACE ( 'NONE', #2795, 1.999999999999358957 ) ;
#4390 = CARTESIAN_POINT ( 'NONE',  ( 1.999999999999293676, 2.449293598293857403E-16, 24.21024260084478286 ) ) ;
#4391 = DIRECTION ( 'NONE',  ( -1.000000000000000000, 0.000000000000000000, 0.000000000000000000 ) ) ;
#4392 = DIRECTION ( 'NONE',  ( -0.000000000000000000, -0.000000000000000000, -1.000000000000000000 ) ) ;
#4393 = DIRECTION ( 'NONE',  ( -1.000000000000000000, 0.000000000000000000, 0.000000000000000000 ) ) ;
#4394 = ORIENTED_EDGE ( 'NONE', *, *, #1533, .F. ) ;
#4395 = ORIENTED_EDGE ( 'NONE', *, *, #4416, .F. ) ;
#4396 = EDGE_CURVE ( 'NONE', #986, #349, #5184, .T. ) ;
#4397 = DIRECTION ( 'NONE',  ( -0.000000000000000000, -0.000000000000000000, -1.000000000000000000 ) ) ;
#4398 = DIRECTION ( 'NONE',  ( -0.000000000000000000, -0.000000000000000000, -1.000000000000000000 ) ) ;
#4399 = ORIENTED_EDGE ( 'NONE', *, *, #983, .F. ) ;
#4400 = EDGE_CURVE ( 'NONE', #2208, #2777, #4877, .T. ) ;
#4401 = LINE ( 'NONE', #6023, #4278 ) ;
#4402 = EDGE_CURVE ( 'NONE', #21, #2406, #6152, .T. ) ;
#4403 = CARTESIAN_POINT ( 'NONE',  ( 1.899999999999997913, 2.326828918379969886E-16, 9.623381939944312791 ) ) ;
#4404 = ORIENTED_EDGE ( 'NONE', *, *, #675, .F. ) ;
#4405 = DIRECTION ( 'NONE',  ( 0.6946583704590054698, 0.000000000000000000, 0.7193398003386431983 ) ) ;
#4406 = VERTEX_POINT ( 'NONE', #2046 ) ;
#4407 = EDGE_CURVE ( 'NONE', #3625, #5883, #2678, .T. ) ;
#4408 = DIRECTION ( 'NONE',  ( -0.6927727648613485334, 0.000000000000000000, -0.7211559444852151390 ) ) ;
#4409 = DIRECTION ( 'NONE',  ( -1.000000000000000000, 0.000000000000000000, 0.000000000000000000 ) ) ;
#4410 = CARTESIAN_POINT ( 'NONE',  ( -1.999999999999318767, 0.000000000000000000, 26.61024260084478144 ) ) ;
#4411 = ADVANCED_FACE ( 'NONE', ( #1086 ), #4624, .T. ) ;
#4412 = AXIS2_PLACEMENT_3D ( 'NONE', #2410, #5396, #2897 ) ;
#4413 = DIRECTION ( 'NONE',  ( 1.000000000000000000, 0.000000000000000000, 0.000000000000000000 ) ) ;
#4414 = ORIENTED_EDGE ( 'NONE', *, *, #4144, .F. ) ;
#4415 = CARTESIAN_POINT ( 'NONE',  ( -1.999999999999336531, 0.000000000000000000, -2.698918212968115071 ) ) ;
#4416 = EDGE_CURVE ( 'NONE', #986, #704, #4666, .T. ) ;
#4417 = EDGE_CURVE ( 'NONE', #1791, #3342, #6043, .T. ) ;
#4418 = CONICAL_SURFACE ( 'NONE', #4518, 1.999999999999318767, 0.7653268769994974186 ) ;
#4419 = ADVANCED_FACE ( 'NONE', ( #1695 ), #572, .T. ) ;
#4420 = DIRECTION ( 'NONE',  ( -1.000000000000000000, 0.000000000000000000, 0.000000000000000000 ) ) ;
#4421 = CARTESIAN_POINT ( 'NONE',  ( 3.299999999999997158, 4.041334437186261565E-16, -0.9000000000000003553 ) ) ;
#4422 = ORIENTED_EDGE ( 'NONE', *, *, #2642, .F. ) ;
#4423 = DIRECTION ( 'NONE',  ( -0.000000000000000000, -0.000000000000000000, -1.000000000000000000 ) ) ;
#4424 = CIRCLE ( 'NONE', #4839, 2.250000000000641265 ) ;
#4425 = CARTESIAN_POINT ( 'NONE',  ( 2.250000000000287770, 2.755455298081897300E-16, -2.698918212968115071 ) ) ;
#4426 = CARTESIAN_POINT ( 'NONE',  ( 0.000000000000000000, 0.000000000000000000, -2.698918212968115071 ) ) ;
#4427 = ORIENTED_EDGE ( 'NONE', *, *, #1153, .T. ) ;
#4428 = EDGE_LOOP ( 'NONE', ( #2724, #3365, #4927, #6117 ) ) ;
#4429 = DIRECTION ( 'NONE',  ( -1.000000000000000000, 0.000000000000000000, 0.000000000000000000 ) ) ;
#4430 = CONICAL_SURFACE ( 'NONE', #5476, 2.250000000000286882, 0.7679448708775029608 ) ;
#4431 = DIRECTION ( 'NONE',  ( -1.000000000000000000, 0.000000000000000000, 0.000000000000000000 ) ) ;
#4432 = SHAPE_DEFINITION_REPRESENTATION ( #3580, #3026 ) ;
#4433 = ORIENTED_EDGE ( 'NONE', *, *, #6063, .F. ) ;
#4434 = DIRECTION ( 'NONE',  ( 1.000000000000000000, 0.000000000000000000, 0.000000000000000000 ) ) ;
#4435 = ADVANCED_FACE ( 'NONE', ( #5549 ), #796, .T. ) ;
#4436 = CONICAL_SURFACE ( 'NONE', #1398, 1.999999999999385158, 0.7653268769994305831 ) ;
#4437 = DIRECTION ( 'NONE',  ( -1.000000000000000000, 0.000000000000000000, 0.000000000000000000 ) ) ;
#4438 = ORIENTED_EDGE ( 'NONE', *, *, #5841, .F. ) ;
#4439 = CARTESIAN_POINT ( 'NONE',  ( -2.250000000000331735, 0.000000000000000000, -2.698918212968115071 ) ) ;
#4440 = ORIENTED_EDGE ( 'NONE', *, *, #6096, .T. ) ;
#4441 = DIRECTION ( 'NONE',  ( 0.000000000000000000, 0.000000000000000000, 1.000000000000000000 ) ) ;
#4442 = AXIS2_PLACEMENT_3D ( 'NONE', #2647, #1041, #5600 ) ;
#4443 = DIRECTION ( 'NONE',  ( -1.000000000000000000, 0.000000000000000000, 0.000000000000000000 ) ) ;
#4444 = CARTESIAN_POINT ( 'NONE',  ( 0.000000000000000000, 0.000000000000000000, 32.59999999999997300 ) ) ;
#4445 = CYLINDRICAL_SURFACE ( 'NONE', #3849, 2.250000000000527134 ) ;
#4446 = CIRCLE ( 'NONE', #581, 1.899999999999990141 ) ;
#4447 = AXIS2_PLACEMENT_3D ( 'NONE', #1728, #3314, #3712 ) ;
#4448 = CARTESIAN_POINT ( 'NONE',  ( -1.999999999999398037, 0.000000000000000000, -2.698918212968115071 ) ) ;
#4449 = ORIENTED_EDGE ( 'NONE', *, *, #3324, .T. ) ;
#4450 = DIRECTION ( 'NONE',  ( 0.6946583704594718744, 0.000000000000000000, 0.7193398003381928918 ) ) ;
#4451 = DIRECTION ( 'NONE',  ( -0.000000000000000000, -0.000000000000000000, -1.000000000000000000 ) ) ;
#4452 = AXIS2_PLACEMENT_3D ( 'NONE', #771, #1759, #4303 ) ;
#4453 = CARTESIAN_POINT ( 'NONE',  ( -2.250000000000286882, 2.755455298081895821E-16, 20.59999999999999432 ) ) ;
#4454 = DIRECTION ( 'NONE',  ( -1.000000000000000000, 0.000000000000000000, 0.000000000000000000 ) ) ;
#4455 = CIRCLE ( 'NONE', #2254, 2.500000000000000444 ) ;
#4456 = ORIENTED_EDGE ( 'NONE', *, *, #4894, .F. ) ;
#4457 = EDGE_CURVE ( 'NONE', #12, #5534, #2252, .T. ) ;
#4458 = DIRECTION ( 'NONE',  ( -1.000000000000000000, 0.000000000000000000, 0.000000000000000000 ) ) ;
#4459 = CARTESIAN_POINT ( 'NONE',  ( 2.250000000000615508, 2.755455298082298633E-16, 21.54999999999998650 ) ) ;
#4460 = DIRECTION ( 'NONE',  ( -1.000000000000000000, 0.000000000000000000, 0.000000000000000000 ) ) ;
#4461 = VECTOR ( 'NONE', #5192, 1000.000000000000000 ) ;
#4462 = EDGE_LOOP ( 'NONE', ( #5847, #5343, #3236, #6223 ) ) ;
#4463 = ORIENTED_EDGE ( 'NONE', *, *, #3579, .F. ) ;
#4464 = CONICAL_SURFACE ( 'NONE', #4043, 2.150000000000002132, 0.2155481626212946700 ) ;
#4465 = FACE_OUTER_BOUND ( 'NONE', #2285, .T. ) ;
#4466 = DIRECTION ( 'NONE',  ( -0.000000000000000000, -0.000000000000000000, -1.000000000000000000 ) ) ;
#4467 = EDGE_CURVE ( 'NONE', #5009, #1577, #5297, .T. ) ;
#4468 = ORIENTED_EDGE ( 'NONE', *, *, #5424, .F. ) ;
#4469 = DIRECTION ( 'NONE',  ( -1.000000000000000000, 0.000000000000000000, 0.000000000000000000 ) ) ;
#4470 = EDGE_CURVE ( 'NONE', #5252, #254, #5610, .T. ) ;
#4471 = DIRECTION ( 'NONE',  ( -0.000000000000000000, -0.000000000000000000, -1.000000000000000000 ) ) ;
#4472 = EDGE_LOOP ( 'NONE', ( #2644, #3267, #3852, #5352 ) ) ;
#4473 = AXIS2_PLACEMENT_3D ( 'NONE', #2361, #5884, #2398 ) ;
#4474 = CARTESIAN_POINT ( 'NONE',  ( 0.000000000000000000, 0.000000000000000000, 21.39999999999998792 ) ) ;
#4475 = EDGE_LOOP ( 'NONE', ( #3130, #2000, #3303, #5306 ) ) ;
#4476 = DIRECTION ( 'NONE',  ( 1.000000000000000000, 0.000000000000000000, 0.000000000000000000 ) ) ;
#4477 = CIRCLE ( 'NONE', #5312, 2.265437129225214008 ) ;
#4478 = CONICAL_SURFACE ( 'NONE', #5951, 1.999999999999318767, 0.7653268769994974186 ) ;
#4479 = FACE_OUTER_BOUND ( 'NONE', #1081, .T. ) ;
#4480 = AXIS2_PLACEMENT_3D ( 'NONE', #74, #2104, #2586 ) ;
#4481 = CARTESIAN_POINT ( 'NONE',  ( -2.250000000000278888, 0.000000000000000000, 18.19999999999999574 ) ) ;
#4482 = CIRCLE ( 'NONE', #1671, 1.999999999999402034 ) ;
#4483 = CIRCLE ( 'NONE', #6179, 2.350000000000036060 ) ;
#4484 = DIRECTION ( 'NONE',  ( -0.6927727648606909483, 0.000000000000000000, -0.7211559444858468559 ) ) ;
#4485 = CIRCLE ( 'NONE', #1982, 1.900000000000001243 ) ;
#4486 = VERTEX_POINT ( 'NONE', #2752 ) ;
#4487 = FACE_OUTER_BOUND ( 'NONE', #4799, .T. ) ;
#4488 = CARTESIAN_POINT ( 'NONE',  ( 0.000000000000000000, 0.000000000000000000, 11.56106853381298372 ) ) ;
#4489 = CARTESIAN_POINT ( 'NONE',  ( 0.000000000000000000, 0.000000000000000000, 6.553271633436568600 ) ) ;
#4490 = ORIENTED_EDGE ( 'NONE', *, *, #5657, .T. ) ;
#4491 = ADVANCED_FACE ( 'NONE', ( #344 ), #2057, .T. ) ;
#4492 = DIRECTION ( 'NONE',  ( -0.000000000000000000, -0.000000000000000000, -1.000000000000000000 ) ) ;
#4493 = CARTESIAN_POINT ( 'NONE',  ( -1.999999999999402034, 0.000000000000000000, 34.61024260084478499 ) ) ;
#4494 = VERTEX_POINT ( 'NONE', #1281 ) ;
#4495 = EDGE_CURVE ( 'NONE', #5914, #1185, #2461, .T. ) ;
#4496 = ORIENTED_EDGE ( 'NONE', *, *, #2628, .T. ) ;
#4497 = CARTESIAN_POINT ( 'NONE',  ( 0.000000000000000000, 0.000000000000000000, 35.69644696862068400 ) ) ;
#4498 = LINE ( 'NONE', #15, #4771 ) ;
#4499 = ORIENTED_EDGE ( 'NONE', *, *, #1518, .T. ) ;
#4500 = DIRECTION ( 'NONE',  ( -1.000000000000000000, 0.000000000000000000, 0.000000000000000000 ) ) ;
#4501 = CARTESIAN_POINT ( 'NONE',  ( 0.000000000000000000, 0.000000000000000000, -2.698918212968115071 ) ) ;
#4502 = ADVANCED_FACE ( 'NONE', ( #4205 ), #6348, .T. ) ;
#4503 = ORIENTED_EDGE ( 'NONE', *, *, #983, .T. ) ;
#4504 = ORIENTED_EDGE ( 'NONE', *, *, #5151, .T. ) ;
#4505 = DIRECTION ( 'NONE',  ( -1.000000000000000000, 0.000000000000000000, 0.000000000000000000 ) ) ;
#4506 = FACE_OUTER_BOUND ( 'NONE', #5283, .T. ) ;
#4507 = DIRECTION ( 'NONE',  ( -1.000000000000000000, 0.000000000000000000, 0.000000000000000000 ) ) ;
#4508 = ORIENTED_EDGE ( 'NONE', *, *, #3245, .F. ) ;
#4509 = VERTEX_POINT ( 'NONE', #2260 ) ;
#4510 = ORIENTED_EDGE ( 'NONE', *, *, #5669, .F. ) ;
#4511 = CARTESIAN_POINT ( 'NONE',  ( 2.250000000000279776, 2.755455298081887439E-16, -2.698918212968115071 ) ) ;
#4512 = FACE_OUTER_BOUND ( 'NONE', #826, .T. ) ;
#4513 = CARTESIAN_POINT ( 'NONE',  ( 0.000000000000000000, 0.000000000000000000, -2.698918212968115071 ) ) ;
#4514 = CARTESIAN_POINT ( 'NONE',  ( 0.000000000000000000, 0.000000000000000000, 27.41024260084538966 ) ) ;
#4515 = EDGE_LOOP ( 'NONE', ( #4134, #4520, #5587, #4368 ) ) ;
#4516 = DIRECTION ( 'NONE',  ( -0.000000000000000000, -0.000000000000000000, -1.000000000000000000 ) ) ;
#4517 = LINE ( 'NONE', #4425, #151 ) ;
#4518 = AXIS2_PLACEMENT_3D ( 'NONE', #2921, #2889, #1326 ) ;
#4519 = EDGE_CURVE ( 'NONE', #3205, #6139, #1106, .T. ) ;
#4520 = ORIENTED_EDGE ( 'NONE', *, *, #4223, .T. ) ;
#4521 = ORIENTED_EDGE ( 'NONE', *, *, #3670, .T. ) ;
#4522 = DIRECTION ( 'NONE',  ( 0.000000000000000000, 0.000000000000000000, 1.000000000000000000 ) ) ;
#4523 = FACE_OUTER_BOUND ( 'NONE', #6443, .T. ) ;
#4524 = ORIENTED_EDGE ( 'NONE', *, *, #3837, .T. ) ;
#4525 = EDGE_CURVE ( 'NONE', #6339, #4627, #5348, .T. ) ;
#4526 = DIRECTION ( 'NONE',  ( -0.000000000000000000, -0.000000000000000000, -1.000000000000000000 ) ) ;
#4527 = LINE ( 'NONE', #3542, #3997 ) ;
#4528 = VERTEX_POINT ( 'NONE', #3705 ) ;
#4529 = AXIS2_PLACEMENT_3D ( 'NONE', #3479, #5495, #1001 ) ;
#4530 = ORIENTED_EDGE ( 'NONE', *, *, #3379, .F. ) ;
#4531 = CARTESIAN_POINT ( 'NONE',  ( 2.250000000000275779, 2.755455298081883002E-16, 17.39999999999999858 ) ) ;
#4532 = CARTESIAN_POINT ( 'NONE',  ( 1.924626583725415285, 2.356987785313235535E-16, 37.75000000000000000 ) ) ;
#4533 = VECTOR ( 'NONE', #3168, 1000.000000000000000 ) ;
#4534 = EDGE_CURVE ( 'NONE', #4494, #3891, #593, .T. ) ;
#4535 = CARTESIAN_POINT ( 'NONE',  ( -2.101900007112964541, 2.664770206960286782E-16, 17.24663796789311476 ) ) ;
#4536 = DIRECTION ( 'NONE',  ( -0.000000000000000000, -0.000000000000000000, -1.000000000000000000 ) ) ;
#4537 = CARTESIAN_POINT ( 'NONE',  ( 1.999999999999243716, 2.449293598293807113E-16, 19.41024260084479280 ) ) ;
#4538 = AXIS2_PLACEMENT_3D ( 'NONE', #911, #3982, #3426 ) ;
#4539 = ORIENTED_EDGE ( 'NONE', *, *, #651, .F. ) ;
#4540 = EDGE_CURVE ( 'NONE', #2096, #16, #3807, .T. ) ;
#4541 = ADVANCED_FACE ( 'NONE', ( #4793 ), #4146, .T. ) ;
#4542 = ORIENTED_EDGE ( 'NONE', *, *, #1402, .F. ) ;
#4543 = EDGE_CURVE ( 'NONE', #50, #566, #6278, .T. ) ;
#4544 = CIRCLE ( 'NONE', #5723, 2.250000000000613731 ) ;
#4545 = ORIENTED_EDGE ( 'NONE', *, *, #394, .F. ) ;
#4546 = DIRECTION ( 'NONE',  ( -0.6946583704590054698, 8.507111498835374203E-17, 0.7193398003386431983 ) ) ;
#4547 = FACE_OUTER_BOUND ( 'NONE', #1797, .T. ) ;
#4548 = AXIS2_PLACEMENT_3D ( 'NONE', #5168, #3164, #729 ) ;
#4549 = CARTESIAN_POINT ( 'NONE',  ( 0.000000000000000000, 0.000000000000000000, 17.54999999999999716 ) ) ;
#4550 = LINE ( 'NONE', #4615, #1629 ) ;
#4551 = VECTOR ( 'NONE', #3695, 1000.000000000000000 ) ;
#4552 = AXIS2_PLACEMENT_3D ( 'NONE', #2982, #4991, #508 ) ;
#4553 = CARTESIAN_POINT ( 'NONE',  ( -2.250000000000281997, 0.000000000000000000, -2.698918212968115071 ) ) ;
#4554 = EDGE_CURVE ( 'NONE', #5622, #6361, #3507, .T. ) ;
#4555 = ORIENTED_EDGE ( 'NONE', *, *, #5831, .F. ) ;
#4556 = VECTOR ( 'NONE', #4546, 1000.000000000000114 ) ;
#4557 = ORIENTED_EDGE ( 'NONE', *, *, #5172, .T. ) ;
#4558 = AXIS2_PLACEMENT_3D ( 'NONE', #4756, #6275, #5782 ) ;
#4559 = DIRECTION ( 'NONE',  ( -0.000000000000000000, -0.000000000000000000, -1.000000000000000000 ) ) ;
#4560 = CARTESIAN_POINT ( 'NONE',  ( 0.000000000000000000, 0.000000000000000000, 30.99999999999997158 ) ) ;
#4561 = ADVANCED_FACE ( 'NONE', ( #1219 ), #2774, .T. ) ;
#4562 = AXIS2_PLACEMENT_3D ( 'NONE', #1946, #4852, #2487 ) ;
#4563 = ORIENTED_EDGE ( 'NONE', *, *, #530, .F. ) ;
#4564 = CARTESIAN_POINT ( 'NONE',  ( 0.000000000000000000, 0.000000000000000000, 6.949999999999999289 ) ) ;
#4565 = CIRCLE ( 'NONE', #6046, 1.999999999999410250 ) ;
#4566 = CARTESIAN_POINT ( 'NONE',  ( 0.000000000000000000, 0.000000000000000000, 25.39999999999998437 ) ) ;
#4567 = ORIENTED_EDGE ( 'NONE', *, *, #2542, .F. ) ;
#4568 = ORIENTED_EDGE ( 'NONE', *, *, #5196, .F. ) ;
#4569 = DIRECTION ( 'NONE',  ( -0.000000000000000000, -0.000000000000000000, -1.000000000000000000 ) ) ;
#4570 = CARTESIAN_POINT ( 'NONE',  ( 0.000000000000000000, 0.000000000000000000, 13.84999999999999964 ) ) ;
#4571 = CARTESIAN_POINT ( 'NONE',  ( 0.000000000000000000, 0.000000000000000000, 34.34999999999993747 ) ) ;
#4572 = CARTESIAN_POINT ( 'NONE',  ( 2.349999999999997424, 2.877919977996277362E-16, 9.150000000000000355 ) ) ;
#4573 = DIRECTION ( 'NONE',  ( -1.000000000000000000, 0.000000000000000000, 0.000000000000000000 ) ) ;
#4574 = CIRCLE ( 'NONE', #1969, 2.250000000000688338 ) ;
#4575 = AXIS2_PLACEMENT_3D ( 'NONE', #430, #3959, #4420 ) ;
#4576 = AXIS2_PLACEMENT_3D ( 'NONE', #3809, #5881, #2788 ) ;
#4577 = ORIENTED_EDGE ( 'NONE', *, *, #6327, .T. ) ;
#4578 = CONICAL_SURFACE ( 'NONE', #2698, 1.999999999999251932, 0.7653268769996666165 ) ;
#4579 = DIRECTION ( 'NONE',  ( -0.000000000000000000, -0.000000000000000000, -1.000000000000000000 ) ) ;
#4580 = AXIS2_PLACEMENT_3D ( 'NONE', #3040, #3560, #4092 ) ;
#4581 = LINE ( 'NONE', #107, #2965 ) ;
#4582 = LINE ( 'NONE', #5071, #398 ) ;
#4583 = CONICAL_SURFACE ( 'NONE', #2804, 2.250000000000624834, 0.7679448708781647648 ) ;
#4584 = AXIS2_PLACEMENT_3D ( 'NONE', #1534, #61, #5594 ) ;
#4585 = DIRECTION ( 'NONE',  ( -0.000000000000000000, -0.000000000000000000, -1.000000000000000000 ) ) ;
#4586 = DIRECTION ( 'NONE',  ( -1.000000000000000000, 0.000000000000000000, 0.000000000000000000 ) ) ;
#4587 = CARTESIAN_POINT ( 'NONE',  ( -1.899999999999990141, 0.000000000000000000, 7.423381939944311725 ) ) ;
#4588 = DIRECTION ( 'NONE',  ( -1.000000000000000000, 0.000000000000000000, 0.000000000000000000 ) ) ;
#4589 = ORIENTED_EDGE ( 'NONE', *, *, #252, .F. ) ;
#4590 = ORIENTED_EDGE ( 'NONE', *, *, #1420, .T. ) ;
#4591 = DIRECTION ( 'NONE',  ( -1.000000000000000000, 0.000000000000000000, 0.000000000000000000 ) ) ;
#4592 = FACE_OUTER_BOUND ( 'NONE', #3537, .T. ) ;
#4593 = EDGE_CURVE ( 'NONE', #372, #767, #4248, .T. ) ;
#4594 = ORIENTED_EDGE ( 'NONE', *, *, #969, .T. ) ;
#4595 = CARTESIAN_POINT ( 'NONE',  ( 0.000000000000000000, 0.000000000000000000, 31.41024260084477504 ) ) ;
#4596 = DIRECTION ( 'NONE',  ( -1.000000000000000000, 0.000000000000000000, 0.000000000000000000 ) ) ;
#4597 = ORIENTED_EDGE ( 'NONE', *, *, #1195, .T. ) ;
#4598 = ORIENTED_EDGE ( 'NONE', *, *, #6213, .T. ) ;
#4599 = CARTESIAN_POINT ( 'NONE',  ( 0.000000000000000000, 0.000000000000000000, -2.698918212968115071 ) ) ;
#4600 = ORIENTED_EDGE ( 'NONE', *, *, #4103, .F. ) ;
#4601 = ADVANCED_FACE ( 'NONE', ( #6302 ), #854, .T. ) ;
#4602 = CARTESIAN_POINT ( 'NONE',  ( -2.250000000000340616, 0.000000000000000000, 32.74999999999992895 ) ) ;
#4603 = EDGE_CURVE ( 'NONE', #1577, #4709, #4267, .T. ) ;
#4604 = FACE_OUTER_BOUND ( 'NONE', #4847, .T. ) ;
#4605 = CYLINDRICAL_SURFACE ( 'NONE', #5265, 1.999999999999325651 ) ;
#4606 = SURFACE_SIDE_STYLE ('',( #2640 ) ) ;
#4607 = EDGE_CURVE ( 'NONE', #5501, #3425, #4725, .T. ) ;
#4608 = EDGE_LOOP ( 'NONE', ( #641, #2072, #132, #2731 ) ) ;
#4609 = VERTEX_POINT ( 'NONE', #1753 ) ;
#4610 = ADVANCED_FACE ( 'NONE', ( #3745 ), #897, .T. ) ;
#4611 = CARTESIAN_POINT ( 'NONE',  ( 0.000000000000000000, 0.000000000000000000, 20.21024260084479351 ) ) ;
#4612 = DIRECTION ( 'NONE',  ( -0.6927727648605431776, 0.000000000000000000, -0.7211559444859887424 ) ) ;
#4613 = DIRECTION ( 'NONE',  ( -1.000000000000000000, 0.000000000000000000, 0.000000000000000000 ) ) ;
#4614 = DIRECTION ( 'NONE',  ( -0.000000000000000000, -0.000000000000000000, -1.000000000000000000 ) ) ;
#4615 = CARTESIAN_POINT ( 'NONE',  ( -1.999999999999320099, 0.000000000000000000, -2.698918212968115071 ) ) ;
#4616 = EDGE_CURVE ( 'NONE', #6247, #4365, #5879, .T. ) ;
#4617 = DIRECTION ( 'NONE',  ( -0.000000000000000000, -0.000000000000000000, -1.000000000000000000 ) ) ;
#4618 = ORIENTED_EDGE ( 'NONE', *, *, #4094, .F. ) ;
#4619 = ORIENTED_EDGE ( 'NONE', *, *, #3436, .T. ) ;
#4620 = CARTESIAN_POINT ( 'NONE',  ( 2.250000000000468958, 2.755455298082119167E-16, -2.698918212968115071 ) ) ;
#4621 = FACE_OUTER_BOUND ( 'NONE', #2893, .T. ) ;
#4622 = AXIS2_PLACEMENT_3D ( 'NONE', #5294, #4241, #2330 ) ;
#4623 = VERTEX_POINT ( 'NONE', #4985 ) ;
#4624 = CYLINDRICAL_SURFACE ( 'NONE', #5190, 2.349999999999997424 ) ;
#4625 = CIRCLE ( 'NONE', #2315, 1.999999999999285238 ) ;
#4626 = CARTESIAN_POINT ( 'NONE',  ( 0.000000000000000000, 0.000000000000000000, -2.698918212968115071 ) ) ;
#4627 = VERTEX_POINT ( 'NONE', #5447 ) ;
#4628 = ORIENTED_EDGE ( 'NONE', *, *, #184, .T. ) ;
#4629 = LINE ( 'NONE', #153, #3115 ) ;
#4630 = CARTESIAN_POINT ( 'NONE',  ( 2.250000000000340616, 2.755455298081961888E-16, 32.74999999999992895 ) ) ;
#4631 = DIRECTION ( 'NONE',  ( -1.000000000000000000, 0.000000000000000000, 0.000000000000000000 ) ) ;
#4632 = DIRECTION ( 'NONE',  ( -0.000000000000000000, -0.000000000000000000, -1.000000000000000000 ) ) ;
#4633 = CARTESIAN_POINT ( 'NONE',  ( -2.250000000000616396, 2.755455298082299619E-16, 22.19999999999999218 ) ) ;
#4634 =( NAMED_UNIT ( * ) SI_UNIT ( $, .STERADIAN. ) SOLID_ANGLE_UNIT ( ) );
#4635 = ORIENTED_EDGE ( 'NONE', *, *, #3469, .T. ) ;
#4636 = CIRCLE ( 'NONE', #5059, 1.999999999999335198 ) ;
#4637 = EDGE_LOOP ( 'NONE', ( #3781, #6099, #2229, #1172 ) ) ;
#4638 = DIRECTION ( 'NONE',  ( -1.000000000000000000, 0.000000000000000000, 0.000000000000000000 ) ) ;
#4639 = CARTESIAN_POINT ( 'NONE',  ( 0.000000000000000000, 0.000000000000000000, 24.21024260084478286 ) ) ;
#4640 = EDGE_CURVE ( 'NONE', #1994, #495, #5509, .T. ) ;
#4641 = CARTESIAN_POINT ( 'NONE',  ( 0.000000000000000000, 0.000000000000000000, 9.150000000000000355 ) ) ;
#4642 = CIRCLE ( 'NONE', #2761, 1.999999999999293676 ) ;
#4643 = ADVANCED_FACE ( 'NONE', ( #501 ), #1002, .T. ) ;
#4644 = FACE_OUTER_BOUND ( 'NONE', #6383, .T. ) ;
#4645 = ADVANCED_FACE ( 'NONE', ( #1014 ), #5400, .T. ) ;
#4646 = DIRECTION ( 'NONE',  ( -0.000000000000000000, -0.000000000000000000, -1.000000000000000000 ) ) ;
#4647 = ORIENTED_EDGE ( 'NONE', *, *, #4223, .F. ) ;
#4648 = CARTESIAN_POINT ( 'NONE',  ( 0.000000000000000000, 0.000000000000000000, 35.54111742155136255 ) ) ;
#4649 = FACE_OUTER_BOUND ( 'NONE', #2419, .T. ) ;
#4650 = AXIS2_PLACEMENT_3D ( 'NONE', #5473, #2971, #5943 ) ;
#4651 = EDGE_LOOP ( 'NONE', ( #2264, #1345, #5589, #516 ) ) ;
#4652 = EDGE_CURVE ( 'NONE', #4109, #6240, #2798, .T. ) ;
#4653 = ORIENTED_EDGE ( 'NONE', *, *, #1585, .T. ) ;
#4654 = CARTESIAN_POINT ( 'NONE',  ( 2.250000000000349498, 2.755455298081972242E-16, 33.54999999999993321 ) ) ;
#4655 = EDGE_CURVE ( 'NONE', #2108, #6175, #1375, .T. ) ;
#4656 = CYLINDRICAL_SURFACE ( 'NONE', #5393, 2.150000000000134026 ) ;
#4657 = AXIS2_PLACEMENT_3D ( 'NONE', #208, #1205, #2652 ) ;
#4658 = VECTOR ( 'NONE', #5260, 1000.000000000000000 ) ;
#4659 = ORIENTED_EDGE ( 'NONE', *, *, #5968, .F. ) ;
#4660 = CARTESIAN_POINT ( 'NONE',  ( 0.000000000000000000, 0.000000000000000000, 28.59999999999998010 ) ) ;
#4661 = CARTESIAN_POINT ( 'NONE',  ( 1.899999999999999467, 2.326828918379970872E-16, -2.698918212968115071 ) ) ;
#4662 = VECTOR ( 'NONE', #3981, 1000.000000000000000 ) ;
#4663 = CONICAL_SURFACE ( 'NONE', #6346, 2.250000000000275779, 0.7679448708778131572 ) ;
#4664 = ORIENTED_EDGE ( 'NONE', *, *, #4714, .T. ) ;
#4665 = ORIENTED_EDGE ( 'NONE', *, *, #4785, .T. ) ;
#4666 = CIRCLE ( 'NONE', #2355, 2.349999999999997424 ) ;
#4667 = CARTESIAN_POINT ( 'NONE',  ( -2.250000000000635936, 0.000000000000000000, 27.79999999999997584 ) ) ;
#4668 = DIRECTION ( 'NONE',  ( -1.000000000000000000, 0.000000000000000000, 0.000000000000000000 ) ) ;
#4669 = CONICAL_SURFACE ( 'NONE', #6453, 1.999999999999335198, 0.7653268769994757692 ) ;
#4670 = ADVANCED_FACE ( 'NONE', ( #2354 ), #405, .T. ) ;
#4671 = DIRECTION ( 'NONE',  ( 1.000000000000000000, 0.000000000000000000, 0.000000000000000000 ) ) ;
#4672 = VERTEX_POINT ( 'NONE', #4358 ) ;
#4673 = ORIENTED_EDGE ( 'NONE', *, *, #3001, .T. ) ;
#4674 = ADVANCED_FACE ( 'NONE', ( #3892 ), #1978, .F. ) ;
#4675 = DIRECTION ( 'NONE',  ( 1.000000000000000000, 0.000000000000000000, 0.000000000000000000 ) ) ;
#4676 = VECTOR ( 'NONE', #6156, 1000.000000000000000 ) ;
#4677 = FACE_OUTER_BOUND ( 'NONE', #3058, .T. ) ;
#4678 = AXIS2_PLACEMENT_3D ( 'NONE', #1378, #2425, #1414 ) ;
#4679 = DIRECTION ( 'NONE',  ( -0.000000000000000000, -0.000000000000000000, -1.000000000000000000 ) ) ;
#4680 = EDGE_CURVE ( 'NONE', #2130, #152, #2704, .T. ) ;
#4681 = CYLINDRICAL_SURFACE ( 'NONE', #5852, 1.999999999999336531 ) ;
#4682 = VECTOR ( 'NONE', #602, 1000.000000000000000 ) ;
#4683 = DIRECTION ( 'NONE',  ( -0.000000000000000000, -0.000000000000000000, -1.000000000000000000 ) ) ;
#4684 = EDGE_CURVE ( 'NONE', #3445, #5245, #3947, .T. ) ;
#4685 = AXIS2_PLACEMENT_3D ( 'NONE', #4549, #6044, #1476 ) ;
#4686 = AXIS2_PLACEMENT_3D ( 'NONE', #4057, #2456, #4460 ) ;
#4687 = ORIENTED_EDGE ( 'NONE', *, *, #1358, .T. ) ;
#4688 = CARTESIAN_POINT ( 'NONE',  ( 1.999999999999320099, 2.449293598293873673E-16, -2.698918212968115071 ) ) ;
#4689 = DIRECTION ( 'NONE',  ( -1.000000000000000000, 0.000000000000000000, 0.000000000000000000 ) ) ;
#4690 = AXIS2_PLACEMENT_3D ( 'NONE', #996, #2954, #1466 ) ;
#4691 = CONICAL_SURFACE ( 'NONE', #1025, 1.900000000000001465, 1.110029404268399800 ) ;
#4692 = ORIENTED_EDGE ( 'NONE', *, *, #4257, .F. ) ;
#4693 = VERTEX_POINT ( 'NONE', #2941 ) ;
#4694 = DIRECTION ( 'NONE',  ( -1.000000000000000000, 0.000000000000000000, 0.000000000000000000 ) ) ;
#4695 = CARTESIAN_POINT ( 'NONE',  ( 0.000000000000000000, 0.000000000000000000, 35.69644696862068400 ) ) ;
#4696 = VERTEX_POINT ( 'NONE', #5946 ) ;
#4697 = CIRCLE ( 'NONE', #3953, 1.900000000000001243 ) ;
#4698 = FACE_OUTER_BOUND ( 'NONE', #395, .T. ) ;
#4699 = CIRCLE ( 'NONE', #824, 1.924626583725415285 ) ;
#4700 = ADVANCED_FACE ( 'NONE', ( #3367 ), #3432, .T. ) ;
#4701 = EDGE_CURVE ( 'NONE', #528, #1766, #470, .T. ) ;
#4702 = DIRECTION ( 'NONE',  ( 1.000000000000000000, 0.000000000000000000, 0.000000000000000000 ) ) ;
#4703 = ORIENTED_EDGE ( 'NONE', *, *, #2477, .T. ) ;
#4704 = EDGE_LOOP ( 'NONE', ( #961, #1733, #1619, #2603 ) ) ;
#4705 = DIRECTION ( 'NONE',  ( -1.000000000000000000, 0.000000000000000000, 0.000000000000000000 ) ) ;
#4706 = FACE_OUTER_BOUND ( 'NONE', #3484, .T. ) ;
#4707 = EDGE_CURVE ( 'NONE', #1791, #16, #3987, .T. ) ;
#4708 = DIRECTION ( 'NONE',  ( -0.000000000000000000, -0.000000000000000000, -1.000000000000000000 ) ) ;
#4709 = VERTEX_POINT ( 'NONE', #3462 ) ;
#4710 = ORIENTED_EDGE ( 'NONE', *, *, #2006, .T. ) ;
#4711 = CARTESIAN_POINT ( 'NONE',  ( 0.000000000000000000, 0.000000000000000000, 18.34999999999999076 ) ) ;
#4712 = DIRECTION ( 'NONE',  ( -0.000000000000000000, -0.000000000000000000, -1.000000000000000000 ) ) ;
#4713 = CYLINDRICAL_SURFACE ( 'NONE', #6475, 1.899999999999991918 ) ;
#4714 = EDGE_CURVE ( 'NONE', #704, #986, #2896, .T. ) ;
#4715 = CARTESIAN_POINT ( 'NONE',  ( 1.899999999999991918, 2.326828918379961011E-16, -2.698918212968115071 ) ) ;
#4716 = DIRECTION ( 'NONE',  ( -1.000000000000000000, 0.000000000000000000, 0.000000000000000000 ) ) ;
#4717 = ORIENTED_EDGE ( 'NONE', *, *, #3253, .T. ) ;
#4718 = DIRECTION ( 'NONE',  ( -0.000000000000000000, -0.000000000000000000, -1.000000000000000000 ) ) ;
#4719 = ADVANCED_FACE ( 'NONE', ( #5981 ), #4578, .T. ) ;
#4720 = VERTEX_POINT ( 'NONE', #917 ) ;
#4721 = EDGE_LOOP ( 'NONE', ( #785, #3639, #4496, #4133 ) ) ;
#4722 = LINE ( 'NONE', #5780, #503 ) ;
#4723 = DIRECTION ( 'NONE',  ( -0.000000000000000000, -0.000000000000000000, -1.000000000000000000 ) ) ;
#4724 = ORIENTED_EDGE ( 'NONE', *, *, #3265, .F. ) ;
#4725 = LINE ( 'NONE', #247, #4032 ) ;
#4726 = CARTESIAN_POINT ( 'NONE',  ( 0.000000000000000000, 0.000000000000000000, 29.54999999999992966 ) ) ;
#4727 = ADVANCED_FACE ( 'NONE', ( #2912 ), #2655, .T. ) ;
#4728 = ORIENTED_EDGE ( 'NONE', *, *, #4179, .T. ) ;
#4729 = EDGE_LOOP ( 'NONE', ( #3965, #150, #5580, #3545 ) ) ;
#4730 = DIRECTION ( 'NONE',  ( -0.000000000000000000, -0.000000000000000000, -1.000000000000000000 ) ) ;
#4731 = EDGE_CURVE ( 'NONE', #5474, #3454, #5742, .T. ) ;
#4732 = FACE_OUTER_BOUND ( 'NONE', #5552, .T. ) ;
#4733 = EDGE_CURVE ( 'NONE', #494, #5622, #2375, .T. ) ;
#4734 =( NAMED_UNIT ( * ) SI_UNIT ( $, .STERADIAN. ) SOLID_ANGLE_UNIT ( ) );
#4735 = VECTOR ( 'NONE', #4150, 1000.000000000000000 ) ;
#4736 = LINE ( 'NONE', #5767, #6312 ) ;
#4737 = EDGE_CURVE ( 'NONE', #3771, #3034, #5076, .T. ) ;
#4738 = AXIS2_PLACEMENT_3D ( 'NONE', #3685, #6287, #6258 ) ;
#4739 = ORIENTED_EDGE ( 'NONE', *, *, #367, .F. ) ;
#4740 = VECTOR ( 'NONE', #5520, 1000.000000000000000 ) ;
#4741 = LINE ( 'NONE', #5268, #3292 ) ;
#4742 = FACE_OUTER_BOUND ( 'NONE', #1319, .T. ) ;
#4743 = CARTESIAN_POINT ( 'NONE',  ( 0.000000000000000000, 0.000000000000000000, 22.61024260084478499 ) ) ;
#4744 = VECTOR ( 'NONE', #434, 1000.000000000000000 ) ;
#4745 = ADVANCED_FACE ( 'NONE', ( #1651 ), #5317, .T. ) ;
#4746 = DIRECTION ( 'NONE',  ( -0.000000000000000000, -0.000000000000000000, -1.000000000000000000 ) ) ;
#4747 = CYLINDRICAL_SURFACE ( 'NONE', #6438, 2.350000000000035616 ) ;
#4748 = ORIENTED_EDGE ( 'NONE', *, *, #2006, .F. ) ;
#4749 = CONICAL_SURFACE ( 'NONE', #5699, 2.350000000000035172, 0.8482300164692492261 ) ;
#4750 = DIRECTION ( 'NONE',  ( -1.000000000000000000, 0.000000000000000000, 0.000000000000000000 ) ) ;
#4751 = ADVANCED_FACE ( 'NONE', ( #5650 ), #1141, .T. ) ;
#4752 = ORIENTED_EDGE ( 'NONE', *, *, #4359, .T. ) ;
#4753 = VERTEX_POINT ( 'NONE', #4587 ) ;
#4754 = DIRECTION ( 'NONE',  ( -0.000000000000000000, -0.000000000000000000, -1.000000000000000000 ) ) ;
#4755 = CIRCLE ( 'NONE', #5281, 2.250000000000663469 ) ;
#4756 = CARTESIAN_POINT ( 'NONE',  ( 0.000000000000000000, 0.000000000000000000, 30.34999999999997300 ) ) ;
#4757 = EDGE_LOOP ( 'NONE', ( #4238, #671, #891, #4510 ) ) ;
#4758 = EDGE_CURVE ( 'NONE', #2984, #577, #5958, .T. ) ;
#4759 = CIRCLE ( 'NONE', #4338, 1.999999999999327427 ) ;
#4760 = CARTESIAN_POINT ( 'NONE',  ( 0.000000000000000000, 0.000000000000000000, 6.553271633436568600 ) ) ;
#4761 = CARTESIAN_POINT ( 'NONE',  ( 0.000000000000000000, 0.000000000000000000, -2.698918212968115071 ) ) ;
#4762 = DIRECTION ( 'NONE',  ( -0.000000000000000000, -0.000000000000000000, -1.000000000000000000 ) ) ;
#4763 = VERTEX_POINT ( 'NONE', #631 ) ;
#4764 = AXIS2_PLACEMENT_3D ( 'NONE', #846, #5305, #1300 ) ;
#4765 = ORIENTED_EDGE ( 'NONE', *, *, #4246, .F. ) ;
#4766 = EDGE_CURVE ( 'NONE', #3120, #5501, #3851, .T. ) ;
#4767 = DIRECTION ( 'NONE',  ( -0.6946583704589998076, 8.507111498835303945E-17, 0.7193398003386487494 ) ) ;
#4768 = CARTESIAN_POINT ( 'NONE',  ( -2.150000000000001688, 0.000000000000000000, 16.89999999999999858 ) ) ;
#4769 = CARTESIAN_POINT ( 'NONE',  ( -2.150000000000134026, 0.000000000000000000, 36.89999999999999858 ) ) ;
#4770 = CIRCLE ( 'NONE', #3721, 1.999999999999260147 ) ;
#4771 = VECTOR ( 'NONE', #2918, 1000.000000000000000 ) ;
#4772 = CARTESIAN_POINT ( 'NONE',  ( 0.000000000000000000, 0.000000000000000000, -2.698918212968115071 ) ) ;
#4773 = ORIENTED_EDGE ( 'NONE', *, *, #4006, .T. ) ;
#4774 = AXIS2_PLACEMENT_3D ( 'NONE', #4084, #2570, #3516 ) ;
#4775 = ADVANCED_FACE ( 'NONE', ( #2131 ), #3212, .T. ) ;
#4776 = CARTESIAN_POINT ( 'NONE',  ( -1.899999999999995692, 0.000000000000000000, -2.698918212968115071 ) ) ;
#4777 = DIRECTION ( 'NONE',  ( 0.000000000000000000, 0.000000000000000000, 1.000000000000000000 ) ) ;
#4778 = AXIS2_PLACEMENT_3D ( 'NONE', #612, #3653, #2606 ) ;
#4779 = FACE_OUTER_BOUND ( 'NONE', #5322, .T. ) ;
#4780 = ADVANCED_FACE ( 'NONE', ( #2163 ), #5678, .T. ) ;
#4781 = CARTESIAN_POINT ( 'NONE',  ( 0.000000000000000000, 0.000000000000000000, 23.79999999999998650 ) ) ;
#4782 = CARTESIAN_POINT ( 'NONE',  ( -1.999999999999260147, 0.000000000000000000, 21.01024260084479067 ) ) ;
#4783 = ORIENTED_EDGE ( 'NONE', *, *, #6412, .T. ) ;
#4784 = CARTESIAN_POINT ( 'NONE',  ( -2.250000000000627942, 2.755455298082313424E-16, 25.39999999999998437 ) ) ;
#4785 = EDGE_CURVE ( 'NONE', #3425, #4121, #3523, .T. ) ;
#4786 = ORIENTED_EDGE ( 'NONE', *, *, #2430, .F. ) ;
#4787 = CIRCLE ( 'NONE', #713, 2.250000000000275779 ) ;
#4788 = ORIENTED_EDGE ( 'NONE', *, *, #248, .T. ) ;
#4789 = AXIS2_PLACEMENT_3D ( 'NONE', #4207, #2632, #2755 ) ;
#4790 = LINE ( 'NONE', #701, #318 ) ;
#4791 = DIRECTION ( 'NONE',  ( -0.000000000000000000, -0.000000000000000000, -1.000000000000000000 ) ) ;
#4792 = ORIENTED_EDGE ( 'NONE', *, *, #5841, .T. ) ;
#4793 = FACE_OUTER_BOUND ( 'NONE', #3897, .T. ) ;
#4794 = DIRECTION ( 'NONE',  ( -1.000000000000000000, 0.000000000000000000, 0.000000000000000000 ) ) ;
#4795 = AXIS2_PLACEMENT_3D ( 'NONE', #4195, #6209, #5272 ) ;
#4796 = VECTOR ( 'NONE', #2862, 999.9999999999998863 ) ;
#4797 = CARTESIAN_POINT ( 'NONE',  ( 1.999999999999226841, 2.449293598293788871E-16, 17.81024260084479494 ) ) ;
#4798 = EDGE_LOOP ( 'NONE', ( #5159, #1747, #3476, #1780 ) ) ;
#4799 = EDGE_LOOP ( 'NONE', ( #177, #884, #2842, #2094 ) ) ;
#4800 = LINE ( 'NONE', #1321, #1560 ) ;
#4801 = DIRECTION ( 'NONE',  ( -0.6889873220616160587, 8.437661186158645184E-17, 0.7247733921981153182 ) ) ;
#4802 = VECTOR ( 'NONE', #2178, 1000.000000000000000 ) ;
#4803 = AXIS2_PLACEMENT_3D ( 'NONE', #1934, #3354, #3951 ) ;
#4804 = CARTESIAN_POINT ( 'NONE',  ( 0.000000000000000000, 0.000000000000000000, -2.698918212968115071 ) ) ;
#4805 = ORIENTED_EDGE ( 'NONE', *, *, #1549, .T. ) ;
#4806 = DIRECTION ( 'NONE',  ( -0.000000000000000000, -0.000000000000000000, -1.000000000000000000 ) ) ;
#4807 = LINE ( 'NONE', #6318, #4306 ) ;
#4808 = ADVANCED_FACE ( 'NONE', ( #2036 ), #1045, .T. ) ;
#4809 = LINE ( 'NONE', #3229, #2700 ) ;
#4810 = DIRECTION ( 'NONE',  ( -0.000000000000000000, -0.000000000000000000, -1.000000000000000000 ) ) ;
#4811 = DIRECTION ( 'NONE',  ( -0.000000000000000000, -0.000000000000000000, -1.000000000000000000 ) ) ;
#4812 = EDGE_CURVE ( 'NONE', #2108, #2018, #3042, .T. ) ;
#4813 = ORIENTED_EDGE ( 'NONE', *, *, #5332, .T. ) ;
#4814 = CARTESIAN_POINT ( 'NONE',  ( 0.000000000000000000, 0.000000000000000000, 20.34111742155136326 ) ) ;
#4815 = ORIENTED_EDGE ( 'NONE', *, *, #2689, .F. ) ;
#4816 = EDGE_LOOP ( 'NONE', ( #6122, #3906, #3064, #1448 ) ) ;
#4817 = FACE_OUTER_BOUND ( 'NONE', #4301, .T. ) ;
#4818 = LINE ( 'NONE', #3743, #4029 ) ;
#4819 = ADVANCED_FACE ( 'NONE', ( #2550 ), #2073, .T. ) ;
#4820 = ORIENTED_EDGE ( 'NONE', *, *, #2423, .F. ) ;
#4821 = ADVANCED_FACE ( 'NONE', ( #2990 ), #1874, .T. ) ;
#4822 = CARTESIAN_POINT ( 'NONE',  ( 0.000000000000000000, 0.000000000000000000, 31.54111742155134834 ) ) ;
#4823 = DIRECTION ( 'NONE',  ( -0.000000000000000000, -0.000000000000000000, -1.000000000000000000 ) ) ;
#4824 = FACE_OUTER_BOUND ( 'NONE', #1474, .T. ) ;
#4825 = ORIENTED_EDGE ( 'NONE', *, *, #5591, .T. ) ;
#4826 = ORIENTED_EDGE ( 'NONE', *, *, #4812, .F. ) ;
#4827 = LINE ( 'NONE', #5191, #2488 ) ;
#4828 = CARTESIAN_POINT ( 'NONE',  ( 0.000000000000000000, 0.000000000000000000, 23.79999999999998650 ) ) ;
#4829 = LINE ( 'NONE', #804, #5359 ) ;
#4830 = EDGE_LOOP ( 'NONE', ( #5065, #459, #3932, #2922 ) ) ;
#4831 = DIRECTION ( 'NONE',  ( -0.000000000000000000, -0.000000000000000000, -1.000000000000000000 ) ) ;
#4832 = CIRCLE ( 'NONE', #6001, 1.999999999999235500 ) ;
#4833 = EDGE_LOOP ( 'NONE', ( #3536, #4490, #543, #3474 ) ) ;
#4834 = EDGE_CURVE ( 'NONE', #4239, #1928, #1429, .T. ) ;
#4835 = LINE ( 'NONE', #903, #2985 ) ;
#4836 = VECTOR ( 'NONE', #716, 1000.000000000000000 ) ;
#4837 = CARTESIAN_POINT ( 'NONE',  ( 0.000000000000000000, 0.000000000000000000, 21.01024260084479067 ) ) ;
#4838 = FACE_OUTER_BOUND ( 'NONE', #1069, .T. ) ;
#4839 = AXIS2_PLACEMENT_3D ( 'NONE', #1120, #608, #3053 ) ;
#4840 = ADVANCED_FACE ( 'NONE', ( #6480 ), #3973, .T. ) ;
#4841 = DIRECTION ( 'NONE',  ( -1.000000000000000000, 0.000000000000000000, 0.000000000000000000 ) ) ;
#4842 = ORIENTED_EDGE ( 'NONE', *, *, #3373, .F. ) ;
#4843 = ADVANCED_FACE ( 'NONE', ( #2016 ), #197, .T. ) ;
#4844 = LINE ( 'NONE', #1778, #1504 ) ;
#4845 = EDGE_CURVE ( 'NONE', #6017, #21, #5430, .T. ) ;
#4846 = VECTOR ( 'NONE', #4298, 1000.000000000000000 ) ;
#4847 = EDGE_LOOP ( 'NONE', ( #2255, #5775, #3131, #3464 ) ) ;
#4848 = FACE_OUTER_BOUND ( 'NONE', #3037, .T. ) ;
#4849 = DIRECTION ( 'NONE',  ( -1.000000000000000000, -1.224646799147353207E-16, 0.000000000000000000 ) ) ;
#4850 = VERTEX_POINT ( 'NONE', #934 ) ;
#4851 = VECTOR ( 'NONE', #2287, 1000.000000000000000 ) ;
#4852 = DIRECTION ( 'NONE',  ( 0.000000000000000000, 0.000000000000000000, 1.000000000000000000 ) ) ;
#4853 = LINE ( 'NONE', #1282, #2540 ) ;
#4854 = DIRECTION ( 'NONE',  ( -0.000000000000000000, -0.000000000000000000, -1.000000000000000000 ) ) ;
#4855 = ORIENTED_EDGE ( 'NONE', *, *, #450, .T. ) ;
#4856 = CIRCLE ( 'NONE', #4538, 2.250000000000616396 ) ;
#4857 = ADVANCED_FACE ( 'NONE', ( #388 ), #3420, .T. ) ;
#4858 = ORIENTED_EDGE ( 'NONE', *, *, #546, .F. ) ;
#4859 = CARTESIAN_POINT ( 'NONE',  ( 2.250000000000299316, 2.755455298081911105E-16, 23.94999999999998508 ) ) ;
#4860 = DIRECTION ( 'NONE',  ( -0.000000000000000000, -0.000000000000000000, -1.000000000000000000 ) ) ;
#4861 = CIRCLE ( 'NONE', #5505, 4.667188066030102611 ) ;
#4862 = VERTEX_POINT ( 'NONE', #2369 ) ;
#4863 = VECTOR ( 'NONE', #1709, 1000.000000000000000 ) ;
#4864 = CARTESIAN_POINT ( 'NONE',  ( 0.000000000000000000, 0.000000000000000000, 25.39999999999998437 ) ) ;
#4865 = CONICAL_SURFACE ( 'NONE', #58, 1.924626583725415285, 0.2591813939211511375 ) ;
#4866 = ORIENTED_EDGE ( 'NONE', *, *, #4766, .F. ) ;
#4867 = DIRECTION ( 'NONE',  ( 1.000000000000000000, 0.000000000000000000, 0.000000000000000000 ) ) ;
#4868 = VERTEX_POINT ( 'NONE', #899 ) ;
#4869 = ADVANCED_FACE ( 'NONE', ( #4373 ), #1027, .T. ) ;
#4870 = CONICAL_SURFACE ( 'NONE', #2767, 1.999999999999335198, 0.7653268769994757692 ) ;
#4871 = CIRCLE ( 'NONE', #4452, 1.999999999999410250 ) ;
#4872 = DIRECTION ( 'NONE',  ( -1.000000000000000000, 0.000000000000000000, 0.000000000000000000 ) ) ;
#4873 = DIRECTION ( 'NONE',  ( -1.000000000000000000, 0.000000000000000000, 0.000000000000000000 ) ) ;
#4874 = CARTESIAN_POINT ( 'NONE',  ( 1.999999999999331202, 2.449293598293887478E-16, -2.698918212968115071 ) ) ;
#4875 = CIRCLE ( 'NONE', #3501, 2.250000000000297096 ) ;
#4876 = AXIS2_PLACEMENT_3D ( 'NONE', #6020, #146, #542 ) ;
#4877 = CIRCLE ( 'NONE', #3400, 2.250000000000638600 ) ;
#4878 = CARTESIAN_POINT ( 'NONE',  ( -2.250000000000313527, 0.000000000000000000, 27.94999999999993179 ) ) ;
#4879 = ORIENTED_EDGE ( 'NONE', *, *, #6131, .F. ) ;
#4880 = AXIS2_PLACEMENT_3D ( 'NONE', #3856, #3385, #4872 ) ;
#4881 = DIRECTION ( 'NONE',  ( -0.000000000000000000, -0.000000000000000000, -1.000000000000000000 ) ) ;
#4882 = CYLINDRICAL_SURFACE ( 'NONE', #676, 1.999999999999303446 ) ;
#4883 = ORIENTED_EDGE ( 'NONE', *, *, #4457, .F. ) ;
#4884 = DIRECTION ( 'NONE',  ( -1.000000000000000000, 0.000000000000000000, 0.000000000000000000 ) ) ;
#4885 = DIRECTION ( 'NONE',  ( -0.000000000000000000, -0.000000000000000000, -1.000000000000000000 ) ) ;
#4886 = ORIENTED_EDGE ( 'NONE', *, *, #6061, .F. ) ;
#4887 = CARTESIAN_POINT ( 'NONE',  ( 0.000000000000000000, 0.000000000000000000, -2.698918212968115071 ) ) ;
#4888 = CARTESIAN_POINT ( 'NONE',  ( 2.250000000000295319, 2.755455298081907161E-16, 22.99999999999998579 ) ) ;
#4889 = AXIS2_PLACEMENT_3D ( 'NONE', #762, #2222, #1215 ) ;
#4890 = CARTESIAN_POINT ( 'NONE',  ( -2.250000000000307754, 0.000000000000000000, 26.34999999999993747 ) ) ;
#4891 = AXIS2_PLACEMENT_3D ( 'NONE', #3178, #2263, #5185 ) ;
#4892 = ORIENTED_EDGE ( 'NONE', *, *, #1392, .T. ) ;
#4893 = ADVANCED_FACE ( 'NONE', ( #4965 ), #1929, .T. ) ;
#4894 = EDGE_CURVE ( 'NONE', #954, #5686, #483, .T. ) ;
#4895 = ORIENTED_EDGE ( 'NONE', *, *, #6266, .F. ) ;
#4896 = CARTESIAN_POINT ( 'NONE',  ( -1.999999999999357847, 2.602374448188121898E-16, 27.54111742155102149 ) ) ;
#4897 = DIRECTION ( 'NONE',  ( -0.6946583704594718744, 8.507111498841084816E-17, 0.7193398003381928918 ) ) ;
#4898 = ORIENTED_EDGE ( 'NONE', *, *, #2430, .T. ) ;
#4899 = AXIS2_PLACEMENT_3D ( 'NONE', #1509, #950, #4458 ) ;
#4900 = CARTESIAN_POINT ( 'NONE',  ( 0.000000000000000000, 0.000000000000000000, -2.698918212968115071 ) ) ;
#4901 = EDGE_CURVE ( 'NONE', #3271, #3447, #1390, .T. ) ;
#4902 = DIRECTION ( 'NONE',  ( 1.000000000000000000, 0.000000000000000000, 0.000000000000000000 ) ) ;
#4903 = AXIS2_PLACEMENT_3D ( 'NONE', #2705, #6225, #3313 ) ;
#4904 = ORIENTED_EDGE ( 'NONE', *, *, #4266, .T. ) ;
#4905 = AXIS2_PLACEMENT_3D ( 'NONE', #4086, #5531, #2538 ) ;
#4906 = ORIENTED_EDGE ( 'NONE', *, *, #3070, .T. ) ;
#4907 = CIRCLE ( 'NONE', #1239, 1.999999999999385158 ) ;
#4908 = CARTESIAN_POINT ( 'NONE',  ( 0.000000000000000000, 0.000000000000000000, 28.34111742155101510 ) ) ;
#4909 = VECTOR ( 'NONE', #3682, 1000.000000000000114 ) ;
#4910 = CARTESIAN_POINT ( 'NONE',  ( 0.000000000000000000, 0.000000000000000000, -2.698918212968115071 ) ) ;
#4911 = FACE_OUTER_BOUND ( 'NONE', #709, .T. ) ;
#4912 = FACE_OUTER_BOUND ( 'NONE', #3190, .T. ) ;
#4913 = ORIENTED_EDGE ( 'NONE', *, *, #6386, .T. ) ;
#4914 = CARTESIAN_POINT ( 'NONE',  ( 2.250000000000635936, 2.755455298082323285E-16, 27.79999999999997584 ) ) ;
#4915 = LINE ( 'NONE', #4415, #2035 ) ;
#4916 = EDGE_CURVE ( 'NONE', #4304, #5532, #6374, .T. ) ;
#4917 = ORIENTED_EDGE ( 'NONE', *, *, #2903, .F. ) ;
#4918 = ORIENTED_EDGE ( 'NONE', *, *, #4731, .F. ) ;
#4919 = DIRECTION ( 'NONE',  ( -1.000000000000000000, 0.000000000000000000, 0.000000000000000000 ) ) ;
#4920 = CARTESIAN_POINT ( 'NONE',  ( 2.250000000000297096, 2.755455298081908640E-16, 23.14999999999998437 ) ) ;
#4921 = EDGE_CURVE ( 'NONE', #879, #2984, #5927, .T. ) ;
#4922 = ORIENTED_EDGE ( 'NONE', *, *, #258, .F. ) ;
#4923 = DIRECTION ( 'NONE',  ( -1.000000000000000000, 0.000000000000000000, 0.000000000000000000 ) ) ;
#4924 = DIRECTION ( 'NONE',  ( -0.000000000000000000, -0.000000000000000000, -1.000000000000000000 ) ) ;
#4925 = CARTESIAN_POINT ( 'NONE',  ( 0.000000000000000000, 0.000000000000000000, -2.698918212968115071 ) ) ;
#4926 = ORIENTED_EDGE ( 'NONE', *, *, #2967, .T. ) ;
#4927 = ORIENTED_EDGE ( 'NONE', *, *, #6077, .F. ) ;
#4928 = DIRECTION ( 'NONE',  ( -1.000000000000000000, 0.000000000000000000, 0.000000000000000000 ) ) ;
#4929 = CARTESIAN_POINT ( 'NONE',  ( 0.000000000000000000, 0.000000000000000000, 17.24663796789311476 ) ) ;
#4930 = EDGE_LOOP ( 'NONE', ( #246, #4209, #5500, #1907 ) ) ;
#4931 = CARTESIAN_POINT ( 'NONE',  ( 0.000000000000000000, 0.000000000000000000, 18.19999999999999574 ) ) ;
#4932 = CARTESIAN_POINT ( 'NONE',  ( 0.000000000000000000, 0.000000000000000000, 25.01024260084478712 ) ) ;
#4933 = EDGE_CURVE ( 'NONE', #4486, #4720, #4629, .T. ) ;
#4934 = ORIENTED_EDGE ( 'NONE', *, *, #1447, .F. ) ;
#4935 = CARTESIAN_POINT ( 'NONE',  ( -2.250000000000322409, 2.755455298081939701E-16, 30.99999999999997158 ) ) ;
#4936 = ORIENTED_EDGE ( 'NONE', *, *, #6381, .F. ) ;
#4937 = DIRECTION ( 'NONE',  ( 1.000000000000000000, 0.000000000000000000, 0.000000000000000000 ) ) ;
#4938 = DIRECTION ( 'NONE',  ( -1.000000000000000000, 0.000000000000000000, 0.000000000000000000 ) ) ;
#4939 = DIRECTION ( 'NONE',  ( -0.000000000000000000, -0.000000000000000000, -1.000000000000000000 ) ) ;
#4940 = CARTESIAN_POINT ( 'NONE',  ( -1.999999999999343414, 0.000000000000000000, 29.01024260084526674 ) ) ;
#4941 = ADVANCED_FACE ( 'NONE', ( #90 ), #5056, .T. ) ;
#4942 = CARTESIAN_POINT ( 'NONE',  ( -1.999999999999301892, 0.000000000000000000, 25.01024260084478712 ) ) ;
#4943 = ORIENTED_EDGE ( 'NONE', *, *, #4766, .T. ) ;
#4944 = VECTOR ( 'NONE', #524, 1000.000000000000000 ) ;
#4945 = DIRECTION ( 'NONE',  ( -1.000000000000000000, 0.000000000000000000, 0.000000000000000000 ) ) ;
#4946 = DIRECTION ( 'NONE',  ( -1.000000000000000000, 0.000000000000000000, 0.000000000000000000 ) ) ;
#4947 = EDGE_CURVE ( 'NONE', #5198, #3382, #4697, .T. ) ;
#4948 = CARTESIAN_POINT ( 'NONE',  ( -1.900000000000001465, 0.000000000000000000, 10.72338193994432132 ) ) ;
#4949 = CARTESIAN_POINT ( 'NONE',  ( 2.101900007112964541, 2.574085115838691055E-16, 17.24663796789311476 ) ) ;
#4950 = ORIENTED_EDGE ( 'NONE', *, *, #1452, .F. ) ;
#4951 = DIRECTION ( 'NONE',  ( -0.000000000000000000, -0.000000000000000000, -1.000000000000000000 ) ) ;
#4952 = CARTESIAN_POINT ( 'NONE',  ( 0.000000000000000000, 0.000000000000000000, 29.01024260084526674 ) ) ;
#4953 = CARTESIAN_POINT ( 'NONE',  ( 1.999999999999352962, 2.449293598293914102E-16, -2.698918212968115071 ) ) ;
#4954 = ORIENTED_EDGE ( 'NONE', *, *, #5239, .T. ) ;
#4955 = EDGE_LOOP ( 'NONE', ( #5055, #5726, #2359, #738 ) ) ;
#4956 = LINE ( 'NONE', #5382, #412 ) ;
#4957 = AXIS2_PLACEMENT_3D ( 'NONE', #4097, #2074, #2192 ) ;
#4958 = DIRECTION ( 'NONE',  ( -1.000000000000000000, 0.000000000000000000, 0.000000000000000000 ) ) ;
#4959 = ADVANCED_FACE ( 'NONE', ( #2144 ), #5533, .T. ) ;
#4960 = ORIENTED_EDGE ( 'NONE', *, *, #5443, .T. ) ;
#4961 = CARTESIAN_POINT ( 'NONE',  ( 0.000000000000000000, 0.000000000000000000, 13.34999999999999964 ) ) ;
#4962 = CIRCLE ( 'NONE', #781, 1.999999999999368505 ) ;
#4963 = DIRECTION ( 'NONE',  ( 0.000000000000000000, 0.000000000000000000, 1.000000000000000000 ) ) ;
#4964 = ORIENTED_EDGE ( 'NONE', *, *, #1174, .T. ) ;
#4965 = FACE_OUTER_BOUND ( 'NONE', #5939, .T. ) ;
#4966 = ORIENTED_EDGE ( 'NONE', *, *, #2338, .T. ) ;
#4967 = FACE_OUTER_BOUND ( 'NONE', #6472, .T. ) ;
#4968 = CARTESIAN_POINT ( 'NONE',  ( -2.250000000000616396, 0.000000000000000000, 22.19999999999999218 ) ) ;
#4969 = FACE_OUTER_BOUND ( 'NONE', #3311, .T. ) ;
#4970 = DIRECTION ( 'NONE',  ( -0.000000000000000000, -0.000000000000000000, -1.000000000000000000 ) ) ;
#4971 = ADVANCED_FACE ( 'NONE', ( #4040 ), #6067, .T. ) ;
#4972 = VECTOR ( 'NONE', #5211, 1000.000000000000114 ) ;
#4973 = CIRCLE ( 'NONE', #6037, 2.265437129225214008 ) ;
#4974 = ORIENTED_EDGE ( 'NONE', *, *, #2240, .F. ) ;
#4975 = ORIENTED_EDGE ( 'NONE', *, *, #4652, .T. ) ;
#4976 = ADVANCED_FACE ( 'NONE', ( #5588 ), #5643, .T. ) ;
#4977 = EDGE_CURVE ( 'NONE', #2389, #3696, #3644, .T. ) ;
#4978 = DIRECTION ( 'NONE',  ( -1.000000000000000000, 0.000000000000000000, 0.000000000000000000 ) ) ;
#4979 = AXIS2_PLACEMENT_3D ( 'NONE', #5104, #3590, #1040 ) ;
#4980 = VECTOR ( 'NONE', #433, 1000.000000000000114 ) ;
#4981 = DIRECTION ( 'NONE',  ( -0.000000000000000000, -0.000000000000000000, -1.000000000000000000 ) ) ;
#4982 = FACE_OUTER_BOUND ( 'NONE', #5417, .T. ) ;
#4983 = CIRCLE ( 'NONE', #4774, 2.327585631254335485 ) ;
#4984 = ORIENTED_EDGE ( 'NONE', *, *, #1894, .T. ) ;
#4985 = CARTESIAN_POINT ( 'NONE',  ( 2.250000000000332623, 2.755455298081951534E-16, 31.94999999999992824 ) ) ;
#4986 = DIRECTION ( 'NONE',  ( -0.000000000000000000, -0.000000000000000000, -1.000000000000000000 ) ) ;
#4987 = CONICAL_SURFACE ( 'NONE', #2992, 2.265437129225214452, 0.7600908892435240816 ) ;
#4988 = ORIENTED_EDGE ( 'NONE', *, *, #2423, .T. ) ;
#4989 = ORIENTED_EDGE ( 'NONE', *, *, #859, .T. ) ;
#4990 = CARTESIAN_POINT ( 'NONE',  ( 0.000000000000000000, 0.000000000000000000, 0.7999999999999999334 ) ) ;
#4991 = DIRECTION ( 'NONE',  ( -0.000000000000000000, -0.000000000000000000, -1.000000000000000000 ) ) ;
#4992 = ORIENTED_EDGE ( 'NONE', *, *, #1174, .F. ) ;
#4993 = DIRECTION ( 'NONE',  ( -0.000000000000000000, -0.000000000000000000, -1.000000000000000000 ) ) ;
#4994 = CIRCLE ( 'NONE', #85, 2.250000000000635936 ) ;
#4995 = CARTESIAN_POINT ( 'NONE',  ( -1.900000000000001243, 2.602374448188147536E-16, 9.853271633436531118 ) ) ;
#4996 = ORIENTED_EDGE ( 'NONE', *, *, #5535, .F. ) ;
#4997 = AXIS2_PLACEMENT_3D ( 'NONE', #4497, #4522, #43 ) ;
#4998 = DIRECTION ( 'NONE',  ( -0.000000000000000000, -0.000000000000000000, -1.000000000000000000 ) ) ;
#4999 = ORIENTED_EDGE ( 'NONE', *, *, #4079, .T. ) ;
#5000 = DIRECTION ( 'NONE',  ( -1.000000000000000000, 0.000000000000000000, 0.000000000000000000 ) ) ;
#5001 = CIRCLE ( 'NONE', #2584, 2.250000000000301981 ) ;
#5002 = CONICAL_SURFACE ( 'NONE', #5640, 2.349999999999997424, 0.8482300164692490041 ) ;
#5003 = DIRECTION ( 'NONE',  ( -1.000000000000000000, 0.000000000000000000, 0.000000000000000000 ) ) ;
#5004 = AXIS2_PLACEMENT_3D ( 'NONE', #171, #4130, #5139 ) ;
#5005 = CYLINDRICAL_SURFACE ( 'NONE', #3571, 2.250000000000279776 ) ;
#5006 = ADVANCED_FACE ( 'NONE', ( #125 ), #1979, .T. ) ;
#5007 = DIRECTION ( 'NONE',  ( -0.000000000000000000, -0.000000000000000000, -1.000000000000000000 ) ) ;
#5008 = AXIS2_PLACEMENT_3D ( 'NONE', #3513, #611, #1570 ) ;
#5009 = VERTEX_POINT ( 'NONE', #53 ) ;
#5010 = AXIS2_PLACEMENT_3D ( 'NONE', #1053, #3608, #2697 ) ;
#5011 = ORIENTED_EDGE ( 'NONE', *, *, #161, .T. ) ;
#5012 = FACE_OUTER_BOUND ( 'NONE', #294, .T. ) ;
#5013 = CARTESIAN_POINT ( 'NONE',  ( -1.999999999999335198, 0.000000000000000000, 28.21024260084477930 ) ) ;
#5014 = LINE ( 'NONE', #976, #3110 ) ;
#5015 = CARTESIAN_POINT ( 'NONE',  ( -1.899999999999986366, 0.000000000000000000, 6.323381939944311192 ) ) ;
#5016 = DIRECTION ( 'NONE',  ( -1.000000000000000000, 0.000000000000000000, 0.000000000000000000 ) ) ;
#5017 = CARTESIAN_POINT ( 'NONE',  ( 0.000000000000000000, 0.000000000000000000, 21.94111742155136113 ) ) ;
#5018 = VERTEX_POINT ( 'NONE', #6128 ) ;
#5019 = EDGE_LOOP ( 'NONE', ( #2360, #6404, #1361, #3574 ) ) ;
#5020 = DIRECTION ( 'NONE',  ( -0.000000000000000000, -0.000000000000000000, -1.000000000000000000 ) ) ;
#5021 = EDGE_CURVE ( 'NONE', #5778, #3607, #823, .T. ) ;
#5022 = CARTESIAN_POINT ( 'NONE',  ( 0.000000000000000000, 0.000000000000000000, -2.698918212968115071 ) ) ;
#5023 = ORIENTED_EDGE ( 'NONE', *, *, #248, .F. ) ;
#5024 = CYLINDRICAL_SURFACE ( 'NONE', #724, 1.999999999999297895 ) ;
#5025 = CARTESIAN_POINT ( 'NONE',  ( 0.000000000000000000, 0.000000000000000000, -2.698918212968115071 ) ) ;
#5026 = EDGE_CURVE ( 'NONE', #5532, #4304, #3533, .T. ) ;
#5027 = ORIENTED_EDGE ( 'NONE', *, *, #1672, .T. ) ;
#5028 = DIRECTION ( 'NONE',  ( -1.000000000000000000, 0.000000000000000000, 0.000000000000000000 ) ) ;
#5029 = ORIENTED_EDGE ( 'NONE', *, *, #5210, .T. ) ;
#5030 = FACE_OUTER_BOUND ( 'NONE', #3383, .T. ) ;
#5031 = DIRECTION ( 'NONE',  ( -1.000000000000000000, 0.000000000000000000, 0.000000000000000000 ) ) ;
#5032 = DIRECTION ( 'NONE',  ( -1.000000000000000000, 0.000000000000000000, 0.000000000000000000 ) ) ;
#5033 = EDGE_CURVE ( 'NONE', #5009, #4064, #5624, .T. ) ;
#5034 = EDGE_LOOP ( 'NONE', ( #5584, #1389, #1306, #4468 ) ) ;
#5035 = ORIENTED_EDGE ( 'NONE', *, *, #3490, .T. ) ;
#5036 = ORIENTED_EDGE ( 'NONE', *, *, #1111, .F. ) ;
#5037 = CYLINDRICAL_SURFACE ( 'NONE', #280, 2.250000000000480060 ) ;
#5038 = CARTESIAN_POINT ( 'NONE',  ( 0.000000000000000000, 0.000000000000000000, -2.698918212968115071 ) ) ;
#5039 = CARTESIAN_POINT ( 'NONE',  ( 2.349999999999990319, 2.877919977996267994E-16, -2.698918212968115071 ) ) ;
#5040 = AXIS2_PLACEMENT_3D ( 'NONE', #4444, #2929, #3881 ) ;
#5041 = DIRECTION ( 'NONE',  ( -0.000000000000000000, -0.000000000000000000, -1.000000000000000000 ) ) ;
#5042 = ORIENTED_EDGE ( 'NONE', *, *, #5591, .F. ) ;
#5043 = CARTESIAN_POINT ( 'NONE',  ( 2.250000000000295319, 0.000000000000000000, 22.99999999999998579 ) ) ;
#5044 = DIRECTION ( 'NONE',  ( -0.000000000000000000, -0.000000000000000000, -1.000000000000000000 ) ) ;
#5045 = VECTOR ( 'NONE', #5962, 1000.000000000000000 ) ;
#5046 = ORIENTED_EDGE ( 'NONE', *, *, #1192, .F. ) ;
#5047 = VERTEX_POINT ( 'NONE', #5124 ) ;
#5048 = DIRECTION ( 'NONE',  ( -1.000000000000000000, 0.000000000000000000, 0.000000000000000000 ) ) ;
#5049 = CARTESIAN_POINT ( 'NONE',  ( 0.000000000000000000, 0.000000000000000000, 24.59999999999998366 ) ) ;
#5050 = ORIENTED_EDGE ( 'NONE', *, *, #245, .T. ) ;
#5051 = CARTESIAN_POINT ( 'NONE',  ( 1.999999999999368505, 2.449293598293932838E-16, 31.41024260084477504 ) ) ;
#5052 = EDGE_CURVE ( 'NONE', #1039, #1277, #97, .T. ) ;
#5053 = FACE_OUTER_BOUND ( 'NONE', #4296, .T. ) ;
#5054 = ORIENTED_EDGE ( 'NONE', *, *, #4701, .T. ) ;
#5055 = ORIENTED_EDGE ( 'NONE', *, *, #4901, .F. ) ;
#5056 = CYLINDRICAL_SURFACE ( 'NONE', #3325, 1.999999999999320099 ) ;
#5057 = LINE ( 'NONE', #578, #5620 ) ;
#5058 = CARTESIAN_POINT ( 'NONE',  ( 0.000000000000000000, 0.000000000000000000, 28.74999999999992895 ) ) ;
#5059 = AXIS2_PLACEMENT_3D ( 'NONE', #4289, #5748, #4750 ) ;
#5060 = FACE_OUTER_BOUND ( 'NONE', #2916, .T. ) ;
#5061 = LINE ( 'NONE', #60, #1601 ) ;
#5062 = PRESENTATION_STYLE_ASSIGNMENT (( #1575 ) ) ;
#5063 = ADVANCED_FACE ( 'NONE', ( #1259 ), #3250, .T. ) ;
#5064 = AXIS2_PLACEMENT_3D ( 'NONE', #6424, #6007, #4946 ) ;
#5065 = ORIENTED_EDGE ( 'NONE', *, *, #2136, .T. ) ;
#5066 = ORIENTED_EDGE ( 'NONE', *, *, #6079, .T. ) ;
#5067 = VECTOR ( 'NONE', #5206, 1000.000000000000000 ) ;
#5068 = EDGE_LOOP ( 'NONE', ( #2615, #2702, #1846, #3393 ) ) ;
#5069 = DIRECTION ( 'NONE',  ( -1.000000000000000000, 0.000000000000000000, 0.000000000000000000 ) ) ;
#5070 = CARTESIAN_POINT ( 'NONE',  ( 0.000000000000000000, 0.000000000000000000, -2.698918212968115071 ) ) ;
#5071 = CARTESIAN_POINT ( 'NONE',  ( 2.250000000000671907, 0.000000000000000000, 33.39999999999998437 ) ) ;
#5072 = AXIS2_PLACEMENT_3D ( 'NONE', #1777, #210, #5803 ) ;
#5073 = DIRECTION ( 'NONE',  ( -1.000000000000000000, 0.000000000000000000, 0.000000000000000000 ) ) ;
#5074 = DIRECTION ( 'NONE',  ( -0.000000000000000000, -0.000000000000000000, -1.000000000000000000 ) ) ;
#5075 = AXIS2_PLACEMENT_3D ( 'NONE', #3524, #6040, #4638 ) ;
#5076 = LINE ( 'NONE', #1616, #2589 ) ;
#5077 = AXIS2_PLACEMENT_3D ( 'NONE', #837, #324, #4276 ) ;
#5078 = LINE ( 'NONE', #5114, #975 ) ;
#5079 = ORIENTED_EDGE ( 'NONE', *, *, #4159, .F. ) ;
#5080 = CONICAL_SURFACE ( 'NONE', #1639, 1.999999999999368505, 0.7653268769995106302 ) ;
#5081 = ORIENTED_EDGE ( 'NONE', *, *, #1088, .F. ) ;
#5082 = CARTESIAN_POINT ( 'NONE',  ( 0.000000000000000000, 0.000000000000000000, 17.39999999999999858 ) ) ;
#5083 = DIRECTION ( 'NONE',  ( -1.000000000000000000, 0.000000000000000000, 0.000000000000000000 ) ) ;
#5084 = AXIS2_PLACEMENT_3D ( 'NONE', #2786, #6220, #5285 ) ;
#5085 = EDGE_LOOP ( 'NONE', ( #4152, #2766, #3979, #3179 ) ) ;
#5086 = DIRECTION ( 'NONE',  ( -0.000000000000000000, -0.000000000000000000, -1.000000000000000000 ) ) ;
#5087 = CIRCLE ( 'NONE', #176, 2.350000000000028511 ) ;
#5088 = ADVANCED_FACE ( 'NONE', ( #1223 ), #2710, .T. ) ;
#5089 = CARTESIAN_POINT ( 'NONE',  ( -0.1499999999999726275, -1.836970198720694791E-17, 7.700000000000000178 ) ) ;
#5090 = ORIENTED_EDGE ( 'NONE', *, *, #2628, .F. ) ;
#5091 = EDGE_CURVE ( 'NONE', #4109, #2208, #4827, .T. ) ;
#5092 = DIRECTION ( 'NONE',  ( -0.000000000000000000, -0.000000000000000000, -1.000000000000000000 ) ) ;
#5093 = DIRECTION ( 'NONE',  ( -0.000000000000000000, -0.000000000000000000, -1.000000000000000000 ) ) ;
#5094 = EDGE_CURVE ( 'NONE', #2116, #2887, #6182, .T. ) ;
#5095 = DIRECTION ( 'NONE',  ( -1.000000000000000000, 0.000000000000000000, 0.000000000000000000 ) ) ;
#5096 = CARTESIAN_POINT ( 'NONE',  ( 0.000000000000000000, 0.000000000000000000, 28.21024260084477930 ) ) ;
#5097 = LINE ( 'NONE', #617, #4944 ) ;
#5098 = DIRECTION ( 'NONE',  ( -1.000000000000000000, 0.000000000000000000, 0.000000000000000000 ) ) ;
#5099 = CIRCLE ( 'NONE', #5310, 2.250000000000688338 ) ;
#5100 = VECTOR ( 'NONE', #5288, 1000.000000000000000 ) ;
#5101 = ORIENTED_EDGE ( 'NONE', *, *, #261, .F. ) ;
#5102 = ORIENTED_EDGE ( 'NONE', *, *, #3483, .T. ) ;
#5103 = AXIS2_PLACEMENT_3D ( 'NONE', #2974, #8, #4923 ) ;
#5104 = CARTESIAN_POINT ( 'NONE',  ( 0.000000000000000000, 0.000000000000000000, 34.74111742155135829 ) ) ;
#5105 = AXIS2_PLACEMENT_3D ( 'NONE', #4743, #6319, #780 ) ;
#5106 = EDGE_CURVE ( 'NONE', #372, #1823, #4275, .T. ) ;
#5107 = DIRECTION ( 'NONE',  ( -0.000000000000000000, -0.000000000000000000, -1.000000000000000000 ) ) ;
#5108 = LINE ( 'NONE', #592, #6466 ) ;
#5109 = AXIS2_PLACEMENT_3D ( 'NONE', #1633, #613, #4631 ) ;
#5110 = AXIS2_PLACEMENT_3D ( 'NONE', #2900, #6388, #3882 ) ;
#5111 = CARTESIAN_POINT ( 'NONE',  ( 0.000000000000000000, 0.000000000000000000, 26.19999999999998153 ) ) ;
#5112 = LINE ( 'NONE', #628, #2667 ) ;
#5113 = CARTESIAN_POINT ( 'NONE',  ( 0.000000000000000000, 0.000000000000000000, 24.59999999999998366 ) ) ;
#5114 = CARTESIAN_POINT ( 'NONE',  ( -2.250000000000688338, 2.755455298082387873E-16, 34.99999999999999289 ) ) ;
#5115 = CIRCLE ( 'NONE', #2281, 1.999999999999366063 ) ;
#5116 = ORIENTED_EDGE ( 'NONE', *, *, #5368, .F. ) ;
#5117 = FACE_OUTER_BOUND ( 'NONE', #4651, .T. ) ;
#5118 = DIRECTION ( 'NONE',  ( -1.000000000000000000, 0.000000000000000000, 0.000000000000000000 ) ) ;
#5119 = VERTEX_POINT ( 'NONE', #5821 ) ;
#5120 = LINE ( 'NONE', #5051, #6378 ) ;
#5121 = DIRECTION ( 'NONE',  ( -0.000000000000000000, -0.000000000000000000, -1.000000000000000000 ) ) ;
#5122 = EDGE_LOOP ( 'NONE', ( #3377, #1507, #5873, #6259 ) ) ;
#5123 = ORIENTED_EDGE ( 'NONE', *, *, #2764, .F. ) ;
#5124 = CARTESIAN_POINT ( 'NONE',  ( -2.250000000000295319, 0.000000000000000000, 22.99999999999998579 ) ) ;
#5125 = LINE ( 'NONE', #154, #1961 ) ;
#5126 = CARTESIAN_POINT ( 'NONE',  ( 1.600000000000002087, 1.959434878635767695E-16, 13.51221608641805894 ) ) ;
#5127 = EDGE_CURVE ( 'NONE', #4672, #577, #1188, .T. ) ;
#5128 = LINE ( 'NONE', #4326, #773 ) ;
#5129 = LINE ( 'NONE', #3621, #4735 ) ;
#5130 = LINE ( 'NONE', #2613, #4372 ) ;
#5131 = ORIENTED_EDGE ( 'NONE', *, *, #5755, .F. ) ;
#5132 = ORIENTED_EDGE ( 'NONE', *, *, #329, .T. ) ;
#5133 = DIRECTION ( 'NONE',  ( 0.7501110696304629233, 0.000000000000000000, 0.6613118653236480515 ) ) ;
#5134 = FACE_OUTER_BOUND ( 'NONE', #1986, .T. ) ;
#5135 = FACE_OUTER_BOUND ( 'NONE', #427, .T. ) ;
#5136 = ADVANCED_FACE ( 'NONE', ( #1758 ), #3182, .T. ) ;
#5137 = DIRECTION ( 'NONE',  ( -0.000000000000000000, -0.000000000000000000, -1.000000000000000000 ) ) ;
#5138 = FACE_OUTER_BOUND ( 'NONE', #2713, .T. ) ;
#5139 = DIRECTION ( 'NONE',  ( -1.000000000000000000, 0.000000000000000000, 0.000000000000000000 ) ) ;
#5140 = CARTESIAN_POINT ( 'NONE',  ( 0.000000000000000000, 0.000000000000000000, -2.698918212968115071 ) ) ;
#5141 = ORIENTED_EDGE ( 'NONE', *, *, #500, .F. ) ;
#5142 = CIRCLE ( 'NONE', #1165, 2.350000000000001865 ) ;
#5143 = ORIENTED_EDGE ( 'NONE', *, *, #1266, .T. ) ;
#5144 = LINE ( 'NONE', #664, #2582 ) ;
#5145 = DIRECTION ( 'NONE',  ( -1.000000000000000000, 0.000000000000000000, 0.000000000000000000 ) ) ;
#5146 = ORIENTED_EDGE ( 'NONE', *, *, #2472, .T. ) ;
#5147 = DIRECTION ( 'NONE',  ( -1.000000000000000000, 0.000000000000000000, 0.000000000000000000 ) ) ;
#5148 = ADVANCED_FACE ( 'NONE', ( #3782 ), #323, .T. ) ;
#5149 = DIRECTION ( 'NONE',  ( -0.000000000000000000, -0.000000000000000000, -1.000000000000000000 ) ) ;
#5150 = EDGE_LOOP ( 'NONE', ( #4825, #1490, #4883, #6231 ) ) ;
#5151 = EDGE_CURVE ( 'NONE', #6240, #2777, #4800, .T. ) ;
#5152 = VERTEX_POINT ( 'NONE', #1700 ) ;
#5153 = CARTESIAN_POINT ( 'NONE',  ( 0.000000000000000000, 0.000000000000000000, -2.698918212968115071 ) ) ;
#5154 = DIRECTION ( 'NONE',  ( 0.6946583704589959218, 0.000000000000000000, 0.7193398003386525241 ) ) ;
#5155 = DIRECTION ( 'NONE',  ( 0.6946583704594718744, 0.000000000000000000, 0.7193398003381928918 ) ) ;
#5156 = EDGE_CURVE ( 'NONE', #6097, #1524, #1233, .T. ) ;
#5157 = AXIS2_PLACEMENT_3D ( 'NONE', #3126, #2787, #1315 ) ;
#5158 = DIRECTION ( 'NONE',  ( -0.000000000000000000, -0.000000000000000000, -1.000000000000000000 ) ) ;
#5159 = ORIENTED_EDGE ( 'NONE', *, *, #3223, .T. ) ;
#5160 = AXIS2_PLACEMENT_3D ( 'NONE', #1015, #1947, #6401 ) ;
#5161 = ORIENTED_EDGE ( 'NONE', *, *, #6161, .T. ) ;
#5162 = DIRECTION ( 'NONE',  ( 0.000000000000000000, 0.000000000000000000, 1.000000000000000000 ) ) ;
#5163 = LINE ( 'NONE', #2305, #4863 ) ;
#5164 = CARTESIAN_POINT ( 'NONE',  ( 1.900000000000001465, 2.326828918379972844E-16, 10.72338193994432132 ) ) ;
#5165 = ADVANCED_FACE ( 'NONE', ( #4302 ), #2901, .T. ) ;
#5166 = CIRCLE ( 'NONE', #1732, 1.500000000000000444 ) ;
#5167 = CARTESIAN_POINT ( 'NONE',  ( -1.999999999999325651, 0.000000000000000000, -2.698918212968115071 ) ) ;
#5168 = CARTESIAN_POINT ( 'NONE',  ( 0.000000000000000000, 0.000000000000000000, -2.698918212968115071 ) ) ;
#5169 = EDGE_CURVE ( 'NONE', #4228, #528, #5728, .T. ) ;
#5170 = ORIENTED_EDGE ( 'NONE', *, *, #161, .F. ) ;
#5171 = AXIS2_PLACEMENT_3D ( 'NONE', #5703, #266, #686 ) ;
#5172 = EDGE_CURVE ( 'NONE', #4145, #1994, #1768, .T. ) ;
#5173 = LINE ( 'NONE', #5246, #787 ) ;
#5174 = CARTESIAN_POINT ( 'NONE',  ( 0.000000000000000000, 0.000000000000000000, -2.698918212968115071 ) ) ;
#5175 = AXIS2_PLACEMENT_3D ( 'NONE', #1648, #3631, #595 ) ;
#5176 = ORIENTED_EDGE ( 'NONE', *, *, #5831, .T. ) ;
#5177 = ORIENTED_EDGE ( 'NONE', *, *, #3419, .T. ) ;
#5178 = DIRECTION ( 'NONE',  ( -1.000000000000000000, 0.000000000000000000, 0.000000000000000000 ) ) ;
#5179 = CYLINDRICAL_SURFACE ( 'NONE', #487, 2.250000000000287770 ) ;
#5180 = VECTOR ( 'NONE', #2283, 1000.000000000000000 ) ;
#5181 = VECTOR ( 'NONE', #2042, 1000.000000000000000 ) ;
#5182 = ADVANCED_FACE ( 'NONE', ( #3753 ), #5764, .T. ) ;
#5183 = ORIENTED_EDGE ( 'NONE', *, *, #6470, .F. ) ;
#5184 = LINE ( 'NONE', #705, #4070 ) ;
#5185 = DIRECTION ( 'NONE',  ( -1.000000000000000000, 0.000000000000000000, 0.000000000000000000 ) ) ;
#5186 = AXIS2_PLACEMENT_3D ( 'NONE', #4052, #2646, #3627 ) ;
#5187 = AXIS2_PLACEMENT_3D ( 'NONE', #6121, #1622, #5514 ) ;
#5188 = ORIENTED_EDGE ( 'NONE', *, *, #6423, .F. ) ;
#5189 = EDGE_LOOP ( 'NONE', ( #5768, #1554, #1584, #4100 ) ) ;
#5190 = AXIS2_PLACEMENT_3D ( 'NONE', #2170, #2558, #3116 ) ;
#5191 = CARTESIAN_POINT ( 'NONE',  ( -2.250000000000638600, 2.755455298082326736E-16, 28.59999999999998010 ) ) ;
#5192 = DIRECTION ( 'NONE',  ( 0.6927727648615527034, 8.484019490241624543E-17, -0.7211559444850190737 ) ) ;
#5193 = FACE_OUTER_BOUND ( 'NONE', #5690, .T. ) ;
#5194 = CIRCLE ( 'NONE', #3195, 1.999999999999243716 ) ;
#5195 = DIRECTION ( 'NONE',  ( -0.000000000000000000, -0.000000000000000000, -1.000000000000000000 ) ) ;
#5196 = EDGE_CURVE ( 'NONE', #6139, #577, #5452, .T. ) ;
#5197 = CIRCLE ( 'NONE', #1649, 1.999999999999349409 ) ;
#5198 = VERTEX_POINT ( 'NONE', #2981 ) ;
#5199 = CIRCLE ( 'NONE', #3736, 2.250000000000299316 ) ;
#5200 = EDGE_LOOP ( 'NONE', ( #5011, #5161, #4786, #1032 ) ) ;
#5201 = CARTESIAN_POINT ( 'NONE',  ( -2.250000000000318412, 0.000000000000000000, 29.54999999999992966 ) ) ;
#5202 = DIRECTION ( 'NONE',  ( -0.000000000000000000, -0.000000000000000000, -1.000000000000000000 ) ) ;
#5203 = CARTESIAN_POINT ( 'NONE',  ( 0.000000000000000000, 0.000000000000000000, 6.323381939944311192 ) ) ;
#5204 = DIRECTION ( 'NONE',  ( 0.6946583704589959218, 0.000000000000000000, 0.7193398003386525241 ) ) ;
#5205 = AXIS2_PLACEMENT_3D ( 'NONE', #142, #3562, #4096 ) ;
#5206 = DIRECTION ( 'NONE',  ( -0.000000000000000000, -0.000000000000000000, -1.000000000000000000 ) ) ;
#5207 = CIRCLE ( 'NONE', #3006, 2.250000000000632827 ) ;
#5208 = AXIS2_PLACEMENT_3D ( 'NONE', #2211, #4222, #267 ) ;
#5209 = ORIENTED_EDGE ( 'NONE', *, *, #1153, .F. ) ;
#5210 = EDGE_CURVE ( 'NONE', #4609, #4323, #351, .T. ) ;
#5211 = DIRECTION ( 'NONE',  ( -0.2562893731329899949, 0.000000000000000000, -0.9666001020169089353 ) ) ;
#5212 = DIRECTION ( 'NONE',  ( -0.000000000000000000, -0.000000000000000000, -1.000000000000000000 ) ) ;
#5213 = AXIS2_PLACEMENT_3D ( 'NONE', #3278, #744, #5292 ) ;
#5214 = EDGE_CURVE ( 'NONE', #3810, #2696, #4907, .T. ) ;
#5215 = CIRCLE ( 'NONE', #2482, 1.900000000000001465 ) ;
#5216 = AXIS2_PLACEMENT_3D ( 'NONE', #512, #5922, #1423 ) ;
#5217 = EDGE_LOOP ( 'NONE', ( #2162, #1312, #3854, #3111 ) ) ;
#5218 = ORIENTED_EDGE ( 'NONE', *, *, #1985, .T. ) ;
#5219 = DIRECTION ( 'NONE',  ( -0.000000000000000000, 0.000000000000000000, -1.000000000000000000 ) ) ;
#5220 = DIRECTION ( 'NONE',  ( -1.000000000000000000, 0.000000000000000000, 0.000000000000000000 ) ) ;
#5221 = ORIENTED_EDGE ( 'NONE', *, *, #2141, .F. ) ;
#5222 = VECTOR ( 'NONE', #955, 1000.000000000000000 ) ;
#5223 = DIRECTION ( 'NONE',  ( -1.000000000000000000, 0.000000000000000000, 0.000000000000000000 ) ) ;
#5224 = CIRCLE ( 'NONE', #4378, 1.899999999999997913 ) ;
#5225 = AXIS2_PLACEMENT_3D ( 'NONE', #3051, #668, #5582 ) ;
#5226 = ADVANCED_FACE ( 'NONE', ( #3466 ), #2459, .T. ) ;
#5227 = CARTESIAN_POINT ( 'NONE',  ( -2.250000000000281108, 2.755455298081888918E-16, 18.99999999999999645 ) ) ;
#5228 = VERTEX_POINT ( 'NONE', #6469 ) ;
#5229 = VERTEX_POINT ( 'NONE', #3439 ) ;
#5230 = DIRECTION ( 'NONE',  ( -0.6927727648619714795, 0.000000000000000000, -0.7211559444846167288 ) ) ;
#5231 = DIRECTION ( 'NONE',  ( -0.000000000000000000, -0.000000000000000000, -1.000000000000000000 ) ) ;
#5232 = DIRECTION ( 'NONE',  ( -1.000000000000000000, 0.000000000000000000, 0.000000000000000000 ) ) ;
#5233 = EDGE_CURVE ( 'NONE', #6324, #4365, #2850, .T. ) ;
#5234 = EDGE_CURVE ( 'NONE', #5719, #529, #6406, .T. ) ;
#5235 = DIRECTION ( 'NONE',  ( -1.000000000000000000, 0.000000000000000000, 0.000000000000000000 ) ) ;
#5236 = ORIENTED_EDGE ( 'NONE', *, *, #2246, .F. ) ;
#5237 = EDGE_CURVE ( 'NONE', #719, #5252, #3374, .T. ) ;
#5238 = LINE ( 'NONE', #3724, #1950 ) ;
#5239 = EDGE_CURVE ( 'NONE', #1185, #1678, #5480, .T. ) ;
#5240 = DIRECTION ( 'NONE',  ( -0.000000000000000000, -0.000000000000000000, -1.000000000000000000 ) ) ;
#5241 = CARTESIAN_POINT ( 'NONE',  ( 2.250000000000286882, 2.755455298081896807E-16, 20.59999999999999432 ) ) ;
#5242 = ADVANCED_FACE ( 'NONE', ( #3842 ), #5737, .T. ) ;
#5243 = DIRECTION ( 'NONE',  ( -1.000000000000000000, 0.000000000000000000, 0.000000000000000000 ) ) ;
#5244 = CYLINDRICAL_SURFACE ( 'NONE', #3601, 1.999999999999347855 ) ;
#5245 = VERTEX_POINT ( 'NONE', #4896 ) ;
#5246 = CARTESIAN_POINT ( 'NONE',  ( -1.999999999999243716, 0.000000000000000000, 19.41024260084479280 ) ) ;
#5247 = LINE ( 'NONE', #3266, #6132 ) ;
#5248 = ORIENTED_EDGE ( 'NONE', *, *, #5440, .F. ) ;
#5249 = ORIENTED_EDGE ( 'NONE', *, *, #429, .T. ) ;
#5250 = DIRECTION ( 'NONE',  ( -0.7501110696304629233, 9.186211204279437993E-17, 0.6613118653236480515 ) ) ;
#5251 = DIRECTION ( 'NONE',  ( -1.000000000000000000, 0.000000000000000000, 0.000000000000000000 ) ) ;
#5252 = VERTEX_POINT ( 'NONE', #4859 ) ;
#5253 = DIRECTION ( 'NONE',  ( -1.000000000000000000, 0.000000000000000000, 0.000000000000000000 ) ) ;
#5254 = CONICAL_SURFACE ( 'NONE', #2417, 1.999999999999226841, 0.7653268769997136900 ) ;
#5255 = DIRECTION ( 'NONE',  ( -1.000000000000000000, 0.000000000000000000, 0.000000000000000000 ) ) ;
#5256 = ORIENTED_EDGE ( 'NONE', *, *, #1904, .F. ) ;
#5257 = EDGE_CURVE ( 'NONE', #912, #5119, #4956, .T. ) ;
#5258 = ORIENTED_EDGE ( 'NONE', *, *, #3718, .F. ) ;
#5259 = DIRECTION ( 'NONE',  ( -0.000000000000000000, -0.000000000000000000, -1.000000000000000000 ) ) ;
#5260 = DIRECTION ( 'NONE',  ( -0.000000000000000000, -0.000000000000000000, -1.000000000000000000 ) ) ;
#5261 = CARTESIAN_POINT ( 'NONE',  ( -1.899999999999997913, 0.000000000000000000, 9.623381939944312791 ) ) ;
#5262 = CONICAL_SURFACE ( 'NONE', #1276, 1.999999999999251932, 0.7653268769996666165 ) ;
#5263 = ADVANCED_FACE ( 'NONE', ( #475 ), #2891, .T. ) ;
#5264 = CARTESIAN_POINT ( 'NONE',  ( -2.250000000000641265, 0.000000000000000000, 29.39999999999997371 ) ) ;
#5265 = AXIS2_PLACEMENT_3D ( 'NONE', #552, #26, #583 ) ;
#5266 = ORIENTED_EDGE ( 'NONE', *, *, #3483, .F. ) ;
#5267 = CIRCLE ( 'NONE', #5692, 2.250000000000627942 ) ;
#5268 = CARTESIAN_POINT ( 'NONE',  ( -2.250000000000635936, 2.755455298082323285E-16, 27.79999999999997584 ) ) ;
#5269 = FACE_OUTER_BOUND ( 'NONE', #3772, .T. ) ;
#5270 = CARTESIAN_POINT ( 'NONE',  ( 1.999999999999343414, 2.449293598293908679E-16, 29.01024260084526674 ) ) ;
#5271 = AXIS2_PLACEMENT_3D ( 'NONE', #3929, #3463, #2913 ) ;
#5272 = DIRECTION ( 'NONE',  ( -1.000000000000000000, 0.000000000000000000, 0.000000000000000000 ) ) ;
#5273 = FACE_OUTER_BOUND ( 'NONE', #180, .T. ) ;
#5274 = ORIENTED_EDGE ( 'NONE', *, *, #4186, .F. ) ;
#5275 = DIRECTION ( 'NONE',  ( -1.000000000000000000, 0.000000000000000000, 0.000000000000000000 ) ) ;
#5276 = CIRCLE ( 'NONE', #2132, 1.999999999999332978 ) ;
#5277 = DIRECTION ( 'NONE',  ( -1.000000000000000000, 0.000000000000000000, 0.000000000000000000 ) ) ;
#5278 = ORIENTED_EDGE ( 'NONE', *, *, #5033, .F. ) ;
#5279 = ORIENTED_EDGE ( 'NONE', *, *, #1615, .F. ) ;
#5280 = DIRECTION ( 'NONE',  ( -0.000000000000000000, -0.000000000000000000, -1.000000000000000000 ) ) ;
#5281 = AXIS2_PLACEMENT_3D ( 'NONE', #1972, #5903, #3887 ) ;
#5282 = LINE ( 'NONE', #1179, #2352 ) ;
#5283 = EDGE_LOOP ( 'NONE', ( #5042, #2334, #6422, #5548 ) ) ;
#5284 = CONICAL_SURFACE ( 'NONE', #4019, 2.250000000000281108, 0.7679448708775029608 ) ;
#5285 = DIRECTION ( 'NONE',  ( -1.000000000000000000, 0.000000000000000000, 0.000000000000000000 ) ) ;
#5286 = CARTESIAN_POINT ( 'NONE',  ( 0.000000000000000000, 0.000000000000000000, 32.21024260084477930 ) ) ;
#5287 = ADVANCED_FACE ( 'NONE', ( #4465 ), #1987, .T. ) ;
#5288 = DIRECTION ( 'NONE',  ( -0.000000000000000000, -0.000000000000000000, -1.000000000000000000 ) ) ;
#5289 = EDGE_LOOP ( 'NONE', ( #4545, #4664, #3114, #3512 ) ) ;
#5290 = AXIS2_PLACEMENT_3D ( 'NONE', #1906, #3827, #3356 ) ;
#5291 = ORIENTED_EDGE ( 'NONE', *, *, #4834, .T. ) ;
#5292 = DIRECTION ( 'NONE',  ( -1.000000000000000000, 0.000000000000000000, 0.000000000000000000 ) ) ;
#5293 = CARTESIAN_POINT ( 'NONE',  ( 1.999999999999318767, 2.449293598293883041E-16, 26.61024260084478144 ) ) ;
#5294 = CARTESIAN_POINT ( 'NONE',  ( 0.000000000000000000, 0.000000000000000000, -0.9000000000000003553 ) ) ;
#5295 = AXIS2_PLACEMENT_3D ( 'NONE', #4711, #1265, #749 ) ;
#5296 = DIRECTION ( 'NONE',  ( -1.000000000000000000, 0.000000000000000000, 0.000000000000000000 ) ) ;
#5297 = CIRCLE ( 'NONE', #3928, 1.999999999999376943 ) ;
#5298 = ORIENTED_EDGE ( 'NONE', *, *, #651, .T. ) ;
#5299 = AXIS2_PLACEMENT_3D ( 'NONE', #1363, #3912, #5395 ) ;
#5300 = DIRECTION ( 'NONE',  ( -1.000000000000000000, 0.000000000000000000, 0.000000000000000000 ) ) ;
#5301 = CARTESIAN_POINT ( 'NONE',  ( -2.265437129225214008, 0.000000000000000000, 15.25000000000000178 ) ) ;
#5302 = CARTESIAN_POINT ( 'NONE',  ( 0.000000000000000000, 0.000000000000000000, 23.54111742155135545 ) ) ;
#5303 = EDGE_CURVE ( 'NONE', #5458, #5047, #2428, .T. ) ;
#5304 = LINE ( 'NONE', #3515, #2599 ) ;
#5305 = DIRECTION ( 'NONE',  ( 0.000000000000000000, 0.000000000000000000, 1.000000000000000000 ) ) ;
#5306 = ORIENTED_EDGE ( 'NONE', *, *, #5586, .F. ) ;
#5307 = VECTOR ( 'NONE', #5689, 1000.000000000000000 ) ;
#5308 = DIRECTION ( 'NONE',  ( -0.000000000000000000, -0.000000000000000000, -1.000000000000000000 ) ) ;
#5309 = EDGE_LOOP ( 'NONE', ( #3088, #3335, #4504, #5671 ) ) ;
#5310 = AXIS2_PLACEMENT_3D ( 'NONE', #413, #4397, #3112 ) ;
#5311 = EDGE_LOOP ( 'NONE', ( #555, #3140, #2383, #957 ) ) ;
#5312 = AXIS2_PLACEMENT_3D ( 'NONE', #4488, #3595, #5073 ) ;
#5313 = DIRECTION ( 'NONE',  ( -1.000000000000000000, 0.000000000000000000, 0.000000000000000000 ) ) ;
#5314 = DIRECTION ( 'NONE',  ( 0.6927727648613485334, 8.484019490239124840E-17, -0.7211559444852151390 ) ) ;
#5315 = ORIENTED_EDGE ( 'NONE', *, *, #1873, .T. ) ;
#5316 = DIRECTION ( 'NONE',  ( 1.000000000000000000, 0.000000000000000000, 0.000000000000000000 ) ) ;
#5317 = CONICAL_SURFACE ( 'NONE', #3321, 2.250000000000322409, 0.7679448708775163945 ) ;
#5318 = DIRECTION ( 'NONE',  ( -0.6946583704592188546, 8.507111498837987304E-17, 0.7193398003384370298 ) ) ;
#5319 = CIRCLE ( 'NONE', #2483, 2.150000000000002132 ) ;
#5320 = DIRECTION ( 'NONE',  ( -1.000000000000000000, 0.000000000000000000, 0.000000000000000000 ) ) ;
#5321 = ADVANCED_FACE ( 'NONE', ( #381 ), #889, .T. ) ;
#5322 = EDGE_LOOP ( 'NONE', ( #52, #5351, #2674, #3438 ) ) ;
#5323 = ORIENTED_EDGE ( 'NONE', *, *, #113, .T. ) ;
#5324 = DIRECTION ( 'NONE',  ( 0.000000000000000000, 0.000000000000000000, 1.000000000000000000 ) ) ;
#5325 = EDGE_CURVE ( 'NONE', #549, #4384, #4366, .T. ) ;
#5326 =( NAMED_UNIT ( * ) PLANE_ANGLE_UNIT ( ) SI_UNIT ( $, .RADIAN. ) );
#5327 = CONICAL_SURFACE ( 'NONE', #927, 1.999999999999268363, 0.7653268770002932264 ) ;
#5328 = CIRCLE ( 'NONE', #5853, 1.999999999999285238 ) ;
#5329 = ORIENTED_EDGE ( 'NONE', *, *, #5652, .T. ) ;
#5330 = CARTESIAN_POINT ( 'NONE',  ( 1.999999999999260147, 2.449293598293800703E-16, 21.01024260084479067 ) ) ;
#5331 = ORIENTED_EDGE ( 'NONE', *, *, #5443, .F. ) ;
#5332 = EDGE_CURVE ( 'NONE', #5229, #3744, #5099, .T. ) ;
#5333 = EDGE_CURVE ( 'NONE', #3810, #6339, #80, .T. ) ;
#5334 = DIRECTION ( 'NONE',  ( -0.000000000000000000, -0.000000000000000000, -1.000000000000000000 ) ) ;
#5335 = CARTESIAN_POINT ( 'NONE',  ( -2.250000000000288658, 0.000000000000000000, 20.74999999999998934 ) ) ;
#5336 = DIRECTION ( 'NONE',  ( 0.000000000000000000, 0.000000000000000000, 1.000000000000000000 ) ) ;
#5337 = DIRECTION ( 'NONE',  ( -0.000000000000000000, -0.000000000000000000, -1.000000000000000000 ) ) ;
#5338 = ORIENTED_EDGE ( 'NONE', *, *, #2025, .F. ) ;
#5339 = EDGE_CURVE ( 'NONE', #2297, #3696, #6090, .T. ) ;
#5340 = CARTESIAN_POINT ( 'NONE',  ( 1.999999999999310552, 2.449293598293861840E-16, 25.81024260084478072 ) ) ;
#5341 = ADVANCED_FACE ( 'NONE', ( #2109 ), #567, .T. ) ;
#5342 = CARTESIAN_POINT ( 'NONE',  ( 1.999999999999281464, 2.449293598293826834E-16, -2.698918212968115071 ) ) ;
#5343 = ORIENTED_EDGE ( 'NONE', *, *, #63, .T. ) ;
#5344 = DIRECTION ( 'NONE',  ( 0.000000000000000000, 0.000000000000000000, 1.000000000000000000 ) ) ;
#5345 = CARTESIAN_POINT ( 'NONE',  ( 0.000000000000000000, 0.000000000000000000, 21.14111742155136398 ) ) ;
#5346 = ORIENTED_EDGE ( 'NONE', *, *, #4616, .T. ) ;
#5347 = EDGE_CURVE ( 'NONE', #3820, #4763, #3048, .T. ) ;
#5348 = LINE ( 'NONE', #2320, #3192 ) ;
#5349 = FACE_OUTER_BOUND ( 'NONE', #5559, .T. ) ;
#5350 = CARTESIAN_POINT ( 'NONE',  ( 1.999999999999268363, 2.449293598293810564E-16, 21.81024260084479138 ) ) ;
#5351 = ORIENTED_EDGE ( 'NONE', *, *, #4122, .T. ) ;
#5352 = ORIENTED_EDGE ( 'NONE', *, *, #1867, .F. ) ;
#5353 = DIRECTION ( 'NONE',  ( -0.000000000000000000, -0.000000000000000000, -1.000000000000000000 ) ) ;
#5354 = CARTESIAN_POINT ( 'NONE',  ( -1.899999999999988143, 0.000000000000000000, -2.698918212968115071 ) ) ;
#5355 = ORIENTED_EDGE ( 'NONE', *, *, #4006, .F. ) ;
#5356 = FACE_OUTER_BOUND ( 'NONE', #2063, .T. ) ;
#5357 = ORIENTED_EDGE ( 'NONE', *, *, #5916, .F. ) ;
#5358 = ORIENTED_EDGE ( 'NONE', *, *, #4603, .F. ) ;
#5359 = VECTOR ( 'NONE', #1760, 1000.000000000000000 ) ;
#5360 = DIRECTION ( 'NONE',  ( -0.000000000000000000, -0.000000000000000000, -1.000000000000000000 ) ) ;
#5361 = VECTOR ( 'NONE', #3381, 1000.000000000000000 ) ;
#5362 = FACE_OUTER_BOUND ( 'NONE', #2989, .T. ) ;
#5363 = CARTESIAN_POINT ( 'NONE',  ( 1.999999999999301892, 2.449293598293850993E-16, 25.01024260084478712 ) ) ;
#5364 = AXIS2_PLACEMENT_3D ( 'NONE', #864, #2854, #419 ) ;
#5365 = CARTESIAN_POINT ( 'NONE',  ( -1.999999999999405809, 0.000000000000000000, -2.698918212968115071 ) ) ;
#5366 = ORIENTED_EDGE ( 'NONE', *, *, #647, .F. ) ;
#5367 = CARTESIAN_POINT ( 'NONE',  ( 0.000000000000000000, 0.000000000000000000, 32.74999999999992895 ) ) ;
#5368 = EDGE_CURVE ( 'NONE', #3003, #340, #1330, .T. ) ;
#5369 = CIRCLE ( 'NONE', #5695, 2.350000000000001865 ) ;
#5370 = ORIENTED_EDGE ( 'NONE', *, *, #493, .F. ) ;
#5371 = DIRECTION ( 'NONE',  ( -0.000000000000000000, -0.000000000000000000, -1.000000000000000000 ) ) ;
#5372 = EDGE_CURVE ( 'NONE', #5883, #3625, #298, .T. ) ;
#5373 = DIRECTION ( 'NONE',  ( -0.000000000000000000, -0.000000000000000000, -1.000000000000000000 ) ) ;
#5374 = EDGE_LOOP ( 'NONE', ( #4692, #2955, #4374, #5258 ) ) ;
#5375 = DIRECTION ( 'NONE',  ( -1.000000000000000000, 0.000000000000000000, 0.000000000000000000 ) ) ;
#5376 = DIRECTION ( 'NONE',  ( -1.000000000000000000, 0.000000000000000000, 0.000000000000000000 ) ) ;
#5377 = DIRECTION ( 'NONE',  ( -1.000000000000000000, 0.000000000000000000, 0.000000000000000000 ) ) ;
#5378 = EDGE_LOOP ( 'NONE', ( #4783, #1804, #1968, #5358 ) ) ;
#5379 = CONICAL_SURFACE ( 'NONE', #6434, 2.250000000000331291, 0.7679448708775038490 ) ;
#5380 = ORIENTED_EDGE ( 'NONE', *, *, #6161, .F. ) ;
#5381 = ADVANCED_FACE ( 'NONE', ( #3567 ), #2691, .T. ) ;
#5382 = CARTESIAN_POINT ( 'NONE',  ( 2.250000000000323297, 2.755455298081940687E-16, -2.698918212968115071 ) ) ;
#5383 = DIRECTION ( 'NONE',  ( -1.000000000000000000, 0.000000000000000000, 0.000000000000000000 ) ) ;
#5384 = AXIS2_PLACEMENT_3D ( 'NONE', #3702, #2291, #5220 ) ;
#5385 = ORIENTED_EDGE ( 'NONE', *, *, #6408, .F. ) ;
#5386 = DIRECTION ( 'NONE',  ( 0.8957117602394157885, 1.096930540135841956E-16, -0.4446351791849217916 ) ) ;
#5387 = CARTESIAN_POINT ( 'NONE',  ( 0.000000000000000000, 0.000000000000000000, 30.61024260084477078 ) ) ;
#5388 = CIRCLE ( 'NONE', #683, 1.999999999999226841 ) ;
#5389 = VERTEX_POINT ( 'NONE', #3603 ) ;
#5390 = DIRECTION ( 'NONE',  ( -0.000000000000000000, -0.000000000000000000, -1.000000000000000000 ) ) ;
#5391 = ORIENTED_EDGE ( 'NONE', *, *, #2212, .F. ) ;
#5392 = VECTOR ( 'NONE', #2902, 1000.000000000000000 ) ;
#5393 = AXIS2_PLACEMENT_3D ( 'NONE', #5022, #5579, #5118 ) ;
#5394 = EDGE_CURVE ( 'NONE', #4862, #2777, #2594, .T. ) ;
#5395 = DIRECTION ( 'NONE',  ( -1.000000000000000000, 0.000000000000000000, 0.000000000000000000 ) ) ;
#5396 = DIRECTION ( 'NONE',  ( -0.000000000000000000, -0.000000000000000000, -1.000000000000000000 ) ) ;
#5397 = CARTESIAN_POINT ( 'NONE',  ( -1.999999999999343858, 2.602374448187905948E-16, 23.54111742155135545 ) ) ;
#5398 = CIRCLE ( 'NONE', #5295, 2.250000000000280220 ) ;
#5399 = EDGE_CURVE ( 'NONE', #1877, #495, #1556, .T. ) ;
#5400 = CONICAL_SURFACE ( 'NONE', #6176, 1.999999999999260147, 0.7653268769996693921 ) ;
#5401 = FACE_OUTER_BOUND ( 'NONE', #1818, .T. ) ;
#5402 = EDGE_LOOP ( 'NONE', ( #4013, #6384, #1667, #1212 ) ) ;
#5403 = AXIS2_PLACEMENT_3D ( 'NONE', #2895, #5360, #4342 ) ;
#5404 = DIRECTION ( 'NONE',  ( -1.000000000000000000, 0.000000000000000000, 0.000000000000000000 ) ) ;
#5405 = LINE ( 'NONE', #5013, #48 ) ;
#5406 = ORIENTED_EDGE ( 'NONE', *, *, #2341, .T. ) ;
#5407 = DIRECTION ( 'NONE',  ( -0.000000000000000000, -0.000000000000000000, -1.000000000000000000 ) ) ;
#5408 = DIRECTION ( 'NONE',  ( -0.08541692313736000408, 0.000000000000000000, -0.9963452961909069483 ) ) ;
#5409 = ORIENTED_EDGE ( 'NONE', *, *, #3732, .F. ) ;
#5410 = DIRECTION ( 'NONE',  ( -0.000000000000000000, 0.000000000000000000, -1.000000000000000000 ) ) ;
#5411 = ADVANCED_FACE ( 'NONE', ( #5117 ), #1864, .F. ) ;
#5412 = CARTESIAN_POINT ( 'NONE',  ( 1.999999999999405809, 2.449293598293978690E-16, -2.698918212968115071 ) ) ;
#5413 = AXIS2_PLACEMENT_3D ( 'NONE', #178, #6244, #6191 ) ;
#5414 = DIRECTION ( 'NONE',  ( -0.000000000000000000, -0.000000000000000000, -1.000000000000000000 ) ) ;
#5415 = CIRCLE ( 'NONE', #4369, 2.250000000000322409 ) ;
#5416 = ORIENTED_EDGE ( 'NONE', *, *, #1264, .T. ) ;
#5417 = EDGE_LOOP ( 'NONE', ( #1757, #41, #3734, #420 ) ) ;
#5418 = CARTESIAN_POINT ( 'NONE',  ( 0.000000000000000000, 0.000000000000000000, 17.24663796789311476 ) ) ;
#5419 = CARTESIAN_POINT ( 'NONE',  ( 1.999999999999285238, 2.449293598293849514E-16, 23.41024260084478925 ) ) ;
#5420 = ORIENTED_EDGE ( 'NONE', *, *, #3355, .T. ) ;
#5421 = AXIS2_PLACEMENT_3D ( 'NONE', #6115, #6085, #659 ) ;
#5422 = DIRECTION ( 'NONE',  ( -1.000000000000000000, 0.000000000000000000, 0.000000000000000000 ) ) ;
#5423 = CIRCLE ( 'NONE', #913, 1.999999999999343858 ) ;
#5424 = EDGE_CURVE ( 'NONE', #495, #4323, #5842, .T. ) ;
#5425 = DIRECTION ( 'NONE',  ( -0.000000000000000000, -0.000000000000000000, -1.000000000000000000 ) ) ;
#5426 = AXIS2_PLACEMENT_3D ( 'NONE', #2733, #4730, #6254 ) ;
#5427 = ORIENTED_EDGE ( 'NONE', *, *, #2444, .F. ) ;
#5428 = AXIS2_PLACEMENT_3D ( 'NONE', #2956, #1299, #24 ) ;
#5429 = AXIS2_PLACEMENT_3D ( 'NONE', #1498, #5007, #1366 ) ;
#5430 = LINE ( 'NONE', #4439, #3009 ) ;
#5431 = ORIENTED_EDGE ( 'NONE', *, *, #4616, .F. ) ;
#5432 = DIRECTION ( 'NONE',  ( -1.000000000000000000, 0.000000000000000000, 0.000000000000000000 ) ) ;
#5433 = ADVANCED_FACE ( 'NONE', ( #2627 ), #909, .T. ) ;
#5434 = DIRECTION ( 'NONE',  ( -1.000000000000000000, 0.000000000000000000, 0.000000000000000000 ) ) ;
#5435 = CIRCLE ( 'NONE', #6279, 2.250000000000310418 ) ;
#5436 = CARTESIAN_POINT ( 'NONE',  ( -2.350000000000035172, 0.000000000000000000, 10.24999999999999112 ) ) ;
#5437 = CARTESIAN_POINT ( 'NONE',  ( 2.349999999999990319, 0.000000000000000000, 6.949999999999999289 ) ) ;
#5438 = EDGE_CURVE ( 'NONE', #5882, #16, #4787, .T. ) ;
#5439 = DIRECTION ( 'NONE',  ( 0.000000000000000000, 0.000000000000000000, -1.000000000000000000 ) ) ;
#5440 = EDGE_CURVE ( 'NONE', #529, #1863, #5631, .T. ) ;
#5441 = ORIENTED_EDGE ( 'NONE', *, *, #2266, .T. ) ;
#5442 = DIRECTION ( 'NONE',  ( -0.000000000000000000, -0.000000000000000000, -1.000000000000000000 ) ) ;
#5443 = EDGE_CURVE ( 'NONE', #3744, #5229, #4574, .T. ) ;
#5444 = DIRECTION ( 'NONE',  ( -0.000000000000000000, -0.000000000000000000, -1.000000000000000000 ) ) ;
#5445 = DIRECTION ( 'NONE',  ( -0.000000000000000000, -0.000000000000000000, -1.000000000000000000 ) ) ;
#5446 = ORIENTED_EDGE ( 'NONE', *, *, #2323, .F. ) ;
#5447 = CARTESIAN_POINT ( 'NONE',  ( -2.250000000000663469, 0.000000000000000000, 32.59999999999997300 ) ) ;
#5448 = CARTESIAN_POINT ( 'NONE',  ( 0.000000000000000000, 0.000000000000000000, 30.61024260084477078 ) ) ;
#5449 = DIRECTION ( 'NONE',  ( -0.000000000000000000, -0.000000000000000000, -1.000000000000000000 ) ) ;
#5450 = EDGE_LOOP ( 'NONE', ( #3170, #2111, #1500, #4619 ) ) ;
#5451 = ORIENTED_EDGE ( 'NONE', *, *, #715, .F. ) ;
#5452 = LINE ( 'NONE', #3898, #4274 ) ;
#5453 = CARTESIAN_POINT ( 'NONE',  ( 0.000000000000000000, 0.000000000000000000, 25.39999999999998437 ) ) ;
#5454 = ORIENTED_EDGE ( 'NONE', *, *, #2822, .T. ) ;
#5455 = CARTESIAN_POINT ( 'NONE',  ( 1.999999999999235500, 2.449293598293770135E-16, 18.61024260084479565 ) ) ;
#5456 = CARTESIAN_POINT ( 'NONE',  ( -2.250000000000295319, 2.755455298081906175E-16, 22.99999999999998579 ) ) ;
#5457 = EDGE_CURVE ( 'NONE', #1185, #5914, #6464, .T. ) ;
#5458 = VERTEX_POINT ( 'NONE', #541 ) ;
#5459 = DIRECTION ( 'NONE',  ( -1.000000000000000000, 0.000000000000000000, 0.000000000000000000 ) ) ;
#5460 = ORIENTED_EDGE ( 'NONE', *, *, #2097, .T. ) ;
#5461 = DIRECTION ( 'NONE',  ( -0.000000000000000000, -0.000000000000000000, -1.000000000000000000 ) ) ;
#5462 = EDGE_CURVE ( 'NONE', #3146, #2848, #2368, .T. ) ;
#5463 = CARTESIAN_POINT ( 'NONE',  ( -1.999999999999376943, 0.000000000000000000, 32.21024260084477930 ) ) ;
#5464 = CYLINDRICAL_SURFACE ( 'NONE', #27, 1.999999999999372946 ) ;
#5465 = CARTESIAN_POINT ( 'NONE',  ( 0.000000000000000000, 0.000000000000000000, 28.21024260084477930 ) ) ;
#5466 = AXIS2_PLACEMENT_3D ( 'NONE', #6291, #4777, #3290 ) ;
#5467 = ORIENTED_EDGE ( 'NONE', *, *, #1050, .F. ) ;
#5468 = ORIENTED_EDGE ( 'NONE', *, *, #5875, .F. ) ;
#5469 = CIRCLE ( 'NONE', #3687, 2.250000000000288658 ) ;
#5470 = EDGE_CURVE ( 'NONE', #1148, #4720, #606, .T. ) ;
#5471 = CARTESIAN_POINT ( 'NONE',  ( 0.000000000000000000, 0.000000000000000000, -2.698918212968115071 ) ) ;
#5472 = DIRECTION ( 'NONE',  ( -1.000000000000000000, 0.000000000000000000, 0.000000000000000000 ) ) ;
#5473 = CARTESIAN_POINT ( 'NONE',  ( 0.000000000000000000, 0.000000000000000000, 26.61024260084478144 ) ) ;
#5474 = VERTEX_POINT ( 'NONE', #4654 ) ;
#5475 = DIRECTION ( 'NONE',  ( -1.000000000000000000, 0.000000000000000000, 0.000000000000000000 ) ) ;
#5476 = AXIS2_PLACEMENT_3D ( 'NONE', #855, #1888, #2845 ) ;
#5477 = DIRECTION ( 'NONE',  ( -0.000000000000000000, -0.000000000000000000, -1.000000000000000000 ) ) ;
#5478 = ORIENTED_EDGE ( 'NONE', *, *, #4214, .T. ) ;
#5479 = EDGE_LOOP ( 'NONE', ( #2392, #3502, #6343, #5691 ) ) ;
#5480 = LINE ( 'NONE', #987, #6074 ) ;
#5481 = VECTOR ( 'NONE', #5805, 1000.000000000000000 ) ;
#5482 = CYLINDRICAL_SURFACE ( 'NONE', #4552, 2.250000000000323297 ) ;
#5483 = ORIENTED_EDGE ( 'NONE', *, *, #5813, .F. ) ;
#5484 = CARTESIAN_POINT ( 'NONE',  ( -2.250000000000365930, 0.000000000000000000, 35.14999999999994174 ) ) ;
#5485 = AXIS2_PLACEMENT_3D ( 'NONE', #625, #2066, #1074 ) ;
#5486 = DIRECTION ( 'NONE',  ( -0.000000000000000000, -0.000000000000000000, -1.000000000000000000 ) ) ;
#5487 = CIRCLE ( 'NONE', #3485, 1.999999999999327427 ) ;
#5488 = EDGE_LOOP ( 'NONE', ( #584, #5249, #4356, #799 ) ) ;
#5489 = DIRECTION ( 'NONE',  ( 1.000000000000000000, 0.000000000000000000, 0.000000000000000000 ) ) ;
#5490 = ORIENTED_EDGE ( 'NONE', *, *, #4246, .T. ) ;
#5491 = ADVANCED_FACE ( 'NONE', ( #3142 ), #2167, .T. ) ;
#5492 = CARTESIAN_POINT ( 'NONE',  ( 0.000000000000000000, 0.000000000000000000, 21.81024260084479138 ) ) ;
#5493 = CONICAL_SURFACE ( 'NONE', #2039, 2.250000000000613731, 0.7679448708781647648 ) ;
#5494 = CIRCLE ( 'NONE', #3180, 1.899999999999989697 ) ;
#5495 = DIRECTION ( 'NONE',  ( -0.000000000000000000, -0.000000000000000000, -1.000000000000000000 ) ) ;
#5496 = CYLINDRICAL_SURFACE ( 'NONE', #1170, 2.250000000000510703 ) ;
#5497 = EDGE_CURVE ( 'NONE', #42, #3200, #6056, .T. ) ;
#5498 = DIRECTION ( 'NONE',  ( -1.000000000000000000, 0.000000000000000000, 0.000000000000000000 ) ) ;
#5499 = CIRCLE ( 'NONE', #2562, 2.101900007112964541 ) ;
#5500 = ORIENTED_EDGE ( 'NONE', *, *, #6195, .T. ) ;
#5501 = VERTEX_POINT ( 'NONE', #4173 ) ;
#5502 = DIRECTION ( 'NONE',  ( -0.000000000000000000, -0.000000000000000000, -1.000000000000000000 ) ) ;
#5503 = CARTESIAN_POINT ( 'NONE',  ( 0.000000000000000000, 0.000000000000000000, 7.423381939944311725 ) ) ;
#5504 = CIRCLE ( 'NONE', #1745, 2.250000000000331291 ) ;
#5505 = AXIS2_PLACEMENT_3D ( 'NONE', #3642, #3143, #5145 ) ;
#5506 = CARTESIAN_POINT ( 'NONE',  ( 0.000000000000000000, 0.000000000000000000, 26.74111742155101723 ) ) ;
#5507 = CARTESIAN_POINT ( 'NONE',  ( 0.000000000000000000, 0.000000000000000000, 29.14111742155101581 ) ) ;
#5508 = AXIS2_PLACEMENT_3D ( 'NONE', #1063, #59, #3060 ) ;
#5509 = LINE ( 'NONE', #2421, #697 ) ;
#5510 = FACE_OUTER_BOUND ( 'NONE', #554, .T. ) ;
#5511 = EDGE_LOOP ( 'NONE', ( #924, #6269, #5441, #1513 ) ) ;
#5512 = ORIENTED_EDGE ( 'NONE', *, *, #4519, .T. ) ;
#5513 = DIRECTION ( 'NONE',  ( -0.000000000000000000, -0.000000000000000000, -1.000000000000000000 ) ) ;
#5514 = DIRECTION ( 'NONE',  ( -1.000000000000000000, 0.000000000000000000, 0.000000000000000000 ) ) ;
#5515 = ORIENTED_EDGE ( 'NONE', *, *, #5586, .T. ) ;
#5516 = DIRECTION ( 'NONE',  ( -0.000000000000000000, -0.000000000000000000, -1.000000000000000000 ) ) ;
#5517 = AXIS2_PLACEMENT_3D ( 'NONE', #5418, #3344, #2947 ) ;
#5518 = EDGE_CURVE ( 'NONE', #196, #2297, #4722, .T. ) ;
#5519 = VECTOR ( 'NONE', #2618, 1000.000000000000000 ) ;
#5520 = DIRECTION ( 'NONE',  ( -0.000000000000000000, -0.000000000000000000, -1.000000000000000000 ) ) ;
#5521 = ORIENTED_EDGE ( 'NONE', *, *, #19, .F. ) ;
#5522 = VECTOR ( 'NONE', #6400, 1000.000000000000000 ) ;
#5523 = DIRECTION ( 'NONE',  ( -0.000000000000000000, -0.000000000000000000, -1.000000000000000000 ) ) ;
#5524 = ORIENTED_EDGE ( 'NONE', *, *, #1357, .T. ) ;
#5525 = DIRECTION ( 'NONE',  ( -0.000000000000000000, -0.000000000000000000, -1.000000000000000000 ) ) ;
#5526 = VECTOR ( 'NONE', #3481, 999.9999999999998863 ) ;
#5527 = DIRECTION ( 'NONE',  ( 0.000000000000000000, 0.000000000000000000, 1.000000000000000000 ) ) ;
#5528 = EDGE_CURVE ( 'NONE', #2932, #5894, #6171, .T. ) ;
#5529 = DIRECTION ( 'NONE',  ( -0.000000000000000000, -0.000000000000000000, -1.000000000000000000 ) ) ;
#5530 = CIRCLE ( 'NONE', #6370, 2.500000000000000444 ) ;
#5531 = DIRECTION ( 'NONE',  ( -0.000000000000000000, -0.000000000000000000, -1.000000000000000000 ) ) ;
#5532 = VERTEX_POINT ( 'NONE', #3773 ) ;
#5533 = CONICAL_SURFACE ( 'NONE', #4176, 1.999999999999310552, 0.7653268769995086318 ) ;
#5534 = VERTEX_POINT ( 'NONE', #243 ) ;
#5535 = EDGE_CURVE ( 'NONE', #5891, #1039, #5144, .T. ) ;
#5536 = AXIS2_PLACEMENT_3D ( 'NONE', #1468, #3295, #2504 ) ;
#5537 = CIRCLE ( 'NONE', #5225, 1.999999999999368505 ) ;
#5538 = ORIENTED_EDGE ( 'NONE', *, *, #3605, .F. ) ;
#5539 = DIRECTION ( 'NONE',  ( -0.000000000000000000, -0.000000000000000000, -1.000000000000000000 ) ) ;
#5540 = CYLINDRICAL_SURFACE ( 'NONE', #5485, 1.999999999999372946 ) ;
#5541 = DIRECTION ( 'NONE',  ( 0.000000000000000000, 0.000000000000000000, 1.000000000000000000 ) ) ;
#5542 = EDGE_CURVE ( 'NONE', #3382, #2827, #2290, .T. ) ;
#5543 = DIRECTION ( 'NONE',  ( -0.000000000000000000, -0.000000000000000000, -1.000000000000000000 ) ) ;
#5544 = VERTEX_POINT ( 'NONE', #278 ) ;
#5545 = ORIENTED_EDGE ( 'NONE', *, *, #5497, .F. ) ;
#5546 = DIRECTION ( 'NONE',  ( -0.6927727648613485334, 0.000000000000000000, -0.7211559444852151390 ) ) ;
#5547 = CARTESIAN_POINT ( 'NONE',  ( 0.000000000000000000, 0.000000000000000000, 20.59999999999999432 ) ) ;
#5548 = ORIENTED_EDGE ( 'NONE', *, *, #5234, .F. ) ;
#5549 = FACE_OUTER_BOUND ( 'NONE', #3514, .T. ) ;
#5550 = FACE_OUTER_BOUND ( 'NONE', #5479, .T. ) ;
#5551 = ORIENTED_EDGE ( 'NONE', *, *, #5094, .T. ) ;
#5552 = EDGE_LOOP ( 'NONE', ( #4320, #2344, #4703, #2319 ) ) ;
#5553 = EDGE_CURVE ( 'NONE', #3454, #114, #3269, .T. ) ;
#5554 = CYLINDRICAL_SURFACE ( 'NONE', #3733, 2.500000000000000444 ) ;
#5555 = DIRECTION ( 'NONE',  ( -1.000000000000000000, 0.000000000000000000, 0.000000000000000000 ) ) ;
#5556 = FACE_OUTER_BOUND ( 'NONE', #1071, .T. ) ;
#5557 = LINE ( 'NONE', #4117, #3256 ) ;
#5558 = CARTESIAN_POINT ( 'NONE',  ( 0.000000000000000000, 0.000000000000000000, 27.94999999999993179 ) ) ;
#5559 = EDGE_LOOP ( 'NONE', ( #1786, #6224, #2835, #629 ) ) ;
#5560 = EDGE_LOOP ( 'NONE', ( #5806, #5490, #2216, #6190 ) ) ;
#5561 = ORIENTED_EDGE ( 'NONE', *, *, #1963, .T. ) ;
#5562 = PRODUCT_RELATED_PRODUCT_CATEGORY ( 'part', '', ( #95 ) ) ;
#5563 = ADVANCED_FACE ( 'NONE', ( #2256 ), #1016, .T. ) ;
#5564 = DIRECTION ( 'NONE',  ( -0.000000000000000000, -0.000000000000000000, -1.000000000000000000 ) ) ;
#5565 = DIRECTION ( 'NONE',  ( 0.000000000000000000, 0.000000000000000000, 1.000000000000000000 ) ) ;
#5566 = DIRECTION ( 'NONE',  ( 0.6927727648615364942, 8.484019490241424863E-17, -0.7211559444850345058 ) ) ;
#5567 = DIRECTION ( 'NONE',  ( 1.000000000000000000, 0.000000000000000000, 0.000000000000000000 ) ) ;
#5568 = CARTESIAN_POINT ( 'NONE',  ( 0.000000000000000000, 0.000000000000000000, 37.75000000000000000 ) ) ;
#5569 = ADVANCED_FACE ( 'NONE', ( #216, #2749 ), #5683, .F. ) ;
#5570 = ADVANCED_FACE ( 'NONE', ( #1783 ), #3317, .T. ) ;
#5571 = DIRECTION ( 'NONE',  ( -0.000000000000000000, -0.000000000000000000, -1.000000000000000000 ) ) ;
#5572 = CARTESIAN_POINT ( 'NONE',  ( 2.150000000000001688, 2.632990618166811207E-16, 16.89999999999999858 ) ) ;
#5573 = AXIS2_PLACEMENT_3D ( 'NONE', #1035, #3032, #2572 ) ;
#5574 = EDGE_CURVE ( 'NONE', #3248, #3348, #1226, .T. ) ;
#5575 = ORIENTED_EDGE ( 'NONE', *, *, #6277, .F. ) ;
#5576 = ADVANCED_FACE ( 'NONE', ( #6274 ), #2694, .T. ) ;
#5577 = ORIENTED_EDGE ( 'NONE', *, *, #853, .T. ) ;
#5578 = DIRECTION ( 'NONE',  ( 0.6946583704594718744, 0.000000000000000000, 0.7193398003381928918 ) ) ;
#5579 = DIRECTION ( 'NONE',  ( -0.000000000000000000, -0.000000000000000000, -1.000000000000000000 ) ) ;
#5580 = ORIENTED_EDGE ( 'NONE', *, *, #5786, .F. ) ;
#5581 = AXIS2_PLACEMENT_3D ( 'NONE', #5089, #6058, #3471 ) ;
#5582 = DIRECTION ( 'NONE',  ( -1.000000000000000000, 0.000000000000000000, 0.000000000000000000 ) ) ;
#5583 = CYLINDRICAL_SURFACE ( 'NONE', #6226, 2.250000000000477396 ) ;
#5584 = ORIENTED_EDGE ( 'NONE', *, *, #4640, .F. ) ;
#5585 = AXIS2_PLACEMENT_3D ( 'NONE', #982, #4392, #1480 ) ;
#5586 = EDGE_CURVE ( 'NONE', #4245, #254, #4790, .T. ) ;
#5587 = ORIENTED_EDGE ( 'NONE', *, *, #1992, .T. ) ;
#5588 = FACE_OUTER_BOUND ( 'NONE', #5122, .T. ) ;
#5589 = ORIENTED_EDGE ( 'NONE', *, *, #2098, .T. ) ;
#5590 = CARTESIAN_POINT ( 'NONE',  ( 1.999999999999330091, 0.000000000000000000, 19.54111742155136611 ) ) ;
#5591 = EDGE_CURVE ( 'NONE', #1555, #5719, #5115, .T. ) ;
#5592 = DIRECTION ( 'NONE',  ( -0.000000000000000000, -0.000000000000000000, -1.000000000000000000 ) ) ;
#5593 = DIRECTION ( 'NONE',  ( -0.000000000000000000, -0.000000000000000000, -1.000000000000000000 ) ) ;
#5594 = DIRECTION ( 'NONE',  ( -1.000000000000000000, 0.000000000000000000, 0.000000000000000000 ) ) ;
#5595 = AXIS2_PLACEMENT_3D ( 'NONE', #945, #4451, #875 ) ;
#5596 = ORIENTED_EDGE ( 'NONE', *, *, #1354, .T. ) ;
#5597 = ORIENTED_EDGE ( 'NONE', *, *, #2172, .F. ) ;
#5598 = CONICAL_SURFACE ( 'NONE', #6333, 1.999999999999326983, 0.7653268769983139208 ) ;
#5599 = CARTESIAN_POINT ( 'NONE',  ( 0.000000000000000000, 0.000000000000000000, 21.01024260084479067 ) ) ;
#5600 = DIRECTION ( 'NONE',  ( -1.000000000000000000, 0.000000000000000000, 0.000000000000000000 ) ) ;
#5601 = EDGE_CURVE ( 'NONE', #2078, #6187, #3427, .T. ) ;
#5602 = LINE ( 'NONE', #2944, #1333 ) ;
#5603 = VECTOR ( 'NONE', #872, 1000.000000000000114 ) ;
#5604 = DIRECTION ( 'NONE',  ( -1.000000000000000000, 0.000000000000000000, 0.000000000000000000 ) ) ;
#5605 = DIRECTION ( 'NONE',  ( -1.000000000000000000, 0.000000000000000000, 0.000000000000000000 ) ) ;
#5606 = AXIS2_PLACEMENT_3D ( 'NONE', #4611, #5564, #6078 ) ;
#5607 = DIRECTION ( 'NONE',  ( -0.000000000000000000, -0.000000000000000000, -1.000000000000000000 ) ) ;
#5608 = VECTOR ( 'NONE', #4897, 1000.000000000000000 ) ;
#5609 = DIRECTION ( 'NONE',  ( 0.6946583704590093555, 0.000000000000000000, 0.7193398003386394235 ) ) ;
#5610 = CIRCLE ( 'NONE', #2983, 2.250000000000299316 ) ;
#5611 = ORIENTED_EDGE ( 'NONE', *, *, #1689, .T. ) ;
#5612 = EDGE_CURVE ( 'NONE', #506, #877, #5435, .T. ) ;
#5613 = ORIENTED_EDGE ( 'NONE', *, *, #1105, .T. ) ;
#5614 = CARTESIAN_POINT ( 'NONE',  ( 0.000000000000000000, 0.000000000000000000, 25.54999999999993321 ) ) ;
#5615 = DIRECTION ( 'NONE',  ( -0.000000000000000000, -0.000000000000000000, -1.000000000000000000 ) ) ;
#5616 = AXIS2_PLACEMENT_3D ( 'NONE', #1561, #1116, #2598 ) ;
#5617 = ORIENTED_EDGE ( 'NONE', *, *, #1900, .T. ) ;
#5618 = ADVANCED_FACE ( 'NONE', ( #403 ), #3213, .T. ) ;
#5619 = DIRECTION ( 'NONE',  ( -0.000000000000000000, -0.000000000000000000, -1.000000000000000000 ) ) ;
#5620 = VECTOR ( 'NONE', #91, 1000.000000000000000 ) ;
#5621 = CYLINDRICAL_SURFACE ( 'NONE', #3368, 2.250000000000474731 ) ;
#5622 = VERTEX_POINT ( 'NONE', #1911 ) ;
#5623 = EDGE_LOOP ( 'NONE', ( #720, #4598, #5116, #5391 ) ) ;
#5624 = LINE ( 'NONE', #1124, #1675 ) ;
#5625 = CARTESIAN_POINT ( 'NONE',  ( 0.000000000000000000, 0.000000000000000000, 25.14111742155135332 ) ) ;
#5626 = DIRECTION ( 'NONE',  ( 0.9715491199976455938, 1.189804520019544474E-16, -0.2368381460656208970 ) ) ;
#5627 = EDGE_CURVE ( 'NONE', #175, #5714, #2416, .T. ) ;
#5628 = CARTESIAN_POINT ( 'NONE',  ( 0.000000000000000000, 0.000000000000000000, 30.19999999999997797 ) ) ;
#5629 = DIRECTION ( 'NONE',  ( -0.000000000000000000, -0.000000000000000000, -1.000000000000000000 ) ) ;
#5630 = LINE ( 'NONE', #2059, #1563 ) ;
#5631 = CIRCLE ( 'NONE', #6357, 2.250000000000644373 ) ;
#5632 = AXIS2_PLACEMENT_3D ( 'NONE', #1582, #2002, #1612 ) ;
#5633 = AXIS2_PLACEMENT_3D ( 'NONE', #2665, #669, #4702 ) ;
#5634 = EDGE_LOOP ( 'NONE', ( #2457, #1438, #5917, #5248 ) ) ;
#5635 = ORIENTED_EDGE ( 'NONE', *, *, #2903, .T. ) ;
#5636 = ADVANCED_FACE ( 'NONE', ( #1308 ), #4389, .T. ) ;
#5637 = AXIS2_PLACEMENT_3D ( 'NONE', #4022, #6047, #3531 ) ;
#5638 = DIRECTION ( 'NONE',  ( -1.000000000000000000, 0.000000000000000000, 0.000000000000000000 ) ) ;
#5639 = AXIS2_PLACEMENT_3D ( 'NONE', #1169, #2189, #5772 ) ;
#5640 = AXIS2_PLACEMENT_3D ( 'NONE', #4641, #2067, #5674 ) ;
#5641 = CARTESIAN_POINT ( 'NONE',  ( 0.000000000000000000, 0.000000000000000000, 24.21024260084478286 ) ) ;
#5642 = DIRECTION ( 'NONE',  ( -0.000000000000000000, -0.000000000000000000, -1.000000000000000000 ) ) ;
#5643 = CONICAL_SURFACE ( 'NONE', #5008, 2.250000000000630607, 0.7679448708781647648 ) ;
#5644 = EDGE_CURVE ( 'NONE', #1482, #2231, #5844, .T. ) ;
#5645 = CIRCLE ( 'NONE', #5428, 2.250000000000283773 ) ;
#5646 = STYLED_ITEM ( 'NONE', ( #5062 ), #4194 ) ;
#5647 = DIRECTION ( 'NONE',  ( -0.000000000000000000, -0.000000000000000000, -1.000000000000000000 ) ) ;
#5648 = DIRECTION ( 'NONE',  ( -1.000000000000000000, 0.000000000000000000, 0.000000000000000000 ) ) ;
#5649 = VERTEX_POINT ( 'NONE', #3336 ) ;
#5650 = FACE_OUTER_BOUND ( 'NONE', #2614, .T. ) ;
#5651 = CARTESIAN_POINT ( 'NONE',  ( -2.500000000000000444, 0.000000000000000000, 0.7999999999999999334 ) ) ;
#5652 = EDGE_CURVE ( 'NONE', #2134, #3447, #93, .T. ) ;
#5653 = ORIENTED_EDGE ( 'NONE', *, *, #4894, .T. ) ;
#5654 = ORIENTED_EDGE ( 'NONE', *, *, #4470, .F. ) ;
#5655 = CARTESIAN_POINT ( 'NONE',  ( -1.999999999999385158, 0.000000000000000000, 33.01024260084477646 ) ) ;
#5656 = DIRECTION ( 'NONE',  ( -0.000000000000000000, -0.000000000000000000, -1.000000000000000000 ) ) ;
#5657 = EDGE_CURVE ( 'NONE', #3445, #3348, #5907, .T. ) ;
#5658 = ORIENTED_EDGE ( 'NONE', *, *, #2405, .F. ) ;
#5659 = CARTESIAN_POINT ( 'NONE',  ( -2.265437129225214008, 0.000000000000000000, -2.698918212968115071 ) ) ;
#5660 = DIRECTION ( 'NONE',  ( -1.000000000000000000, 0.000000000000000000, 0.000000000000000000 ) ) ;
#5661 = ORIENTED_EDGE ( 'NONE', *, *, #1594, .F. ) ;
#5662 = ORIENTED_EDGE ( 'NONE', *, *, #2307, .T. ) ;
#5663 = CARTESIAN_POINT ( 'NONE',  ( 0.000000000000000000, 0.000000000000000000, 9.853271633436531118 ) ) ;
#5664 = ORIENTED_EDGE ( 'NONE', *, *, #5394, .T. ) ;
#5665 = DIRECTION ( 'NONE',  ( -0.000000000000000000, -0.000000000000000000, -1.000000000000000000 ) ) ;
#5666 = EDGE_CURVE ( 'NONE', #1134, #4287, #6065, .T. ) ;
#5667 = FACE_OUTER_BOUND ( 'NONE', #5200, .T. ) ;
#5668 = DIRECTION ( 'NONE',  ( -1.000000000000000000, 0.000000000000000000, 0.000000000000000000 ) ) ;
#5669 = EDGE_CURVE ( 'NONE', #6439, #1942, #5207, .T. ) ;
#5670 = ORIENTED_EDGE ( 'NONE', *, *, #5542, .F. ) ;
#5671 = ORIENTED_EDGE ( 'NONE', *, *, #3102, .T. ) ;
#5672 = LINE ( 'NONE', #4250, #4027 ) ;
#5673 = FACE_OUTER_BOUND ( 'NONE', #2446, .T. ) ;
#5674 = DIRECTION ( 'NONE',  ( 1.000000000000000000, 0.000000000000000000, 0.000000000000000000 ) ) ;
#5675 = LINE ( 'NONE', #5167, #2083 ) ;
#5676 = CARTESIAN_POINT ( 'NONE',  ( 1.999999999999324762, 0.000000000000000000, 17.94111742155136824 ) ) ;
#5677 = ORIENTED_EDGE ( 'NONE', *, *, #4655, .T. ) ;
#5678 = CYLINDRICAL_SURFACE ( 'NONE', #6473, 1.999999999999380718 ) ;
#5679 = DIRECTION ( 'NONE',  ( -1.000000000000000000, 0.000000000000000000, 0.000000000000000000 ) ) ;
#5680 = ORIENTED_EDGE ( 'NONE', *, *, #6195, .F. ) ;
#5681 = CONICAL_SURFACE ( 'NONE', #2836, 1.900000000000001465, 1.110029404268399800 ) ;
#5682 = ORIENTED_EDGE ( 'NONE', *, *, #527, .F. ) ;
#5683 = PLANE ( 'NONE',  #396 ) ;
#5684 = LINE ( 'NONE', #4203, #3704 ) ;
#5685 = AXIS2_PLACEMENT_3D ( 'NONE', #6256, #2826, #4212 ) ;
#5686 = VERTEX_POINT ( 'NONE', #946 ) ;
#5687 = DIRECTION ( 'NONE',  ( 1.000000000000000000, 0.000000000000000000, 0.000000000000000000 ) ) ;
#5688 = CIRCLE ( 'NONE', #6417, 2.250000000000638600 ) ;
#5689 = DIRECTION ( 'NONE',  ( -0.000000000000000000, -0.000000000000000000, -1.000000000000000000 ) ) ;
#5690 = EDGE_LOOP ( 'NONE', ( #1951, #3465, #2530, #5783 ) ) ;
#5691 = ORIENTED_EDGE ( 'NONE', *, *, #3102, .F. ) ;
#5692 = AXIS2_PLACEMENT_3D ( 'NONE', #4566, #4471, #4596 ) ;
#5693 = CARTESIAN_POINT ( 'NONE',  ( -1.999999999999352074, 0.000000000000000000, 29.81024260084477717 ) ) ;
#5694 = CARTESIAN_POINT ( 'NONE',  ( -4.667188066030102611, 0.000000000000000000, -1.517087345604219983 ) ) ;
#5695 = AXIS2_PLACEMENT_3D ( 'NONE', #1788, #3808, #4794 ) ;
#5696 = CYLINDRICAL_SURFACE ( 'NONE', #1491, 1.899999999999988143 ) ;
#5697 = ADVANCED_FACE ( 'NONE', ( #4848 ), #2377, .T. ) ;
#5698 = ORIENTED_EDGE ( 'NONE', *, *, #6079, .F. ) ;
#5699 = AXIS2_PLACEMENT_3D ( 'NONE', #2976, #502, #3989 ) ;
#5700 = ORIENTED_EDGE ( 'NONE', *, *, #1849, .T. ) ;
#5701 = EDGE_CURVE ( 'NONE', #5891, #2814, #3833, .T. ) ;
#5702 = DIRECTION ( 'NONE',  ( -1.000000000000000000, 0.000000000000000000, 0.000000000000000000 ) ) ;
#5703 = CARTESIAN_POINT ( 'NONE',  ( 0.000000000000000000, 0.000000000000000000, 30.34999999999997300 ) ) ;
#5704 = DIRECTION ( 'NONE',  ( -1.000000000000000000, 0.000000000000000000, 0.000000000000000000 ) ) ;
#5705 = CONICAL_SURFACE ( 'NONE', #2335, 1.999999999999293676, 0.7653268769996244281 ) ;
#5706 = CIRCLE ( 'NONE', #6026, 2.250000000000322409 ) ;
#5707 = FACE_OUTER_BOUND ( 'NONE', #964, .T. ) ;
#5708 = ORIENTED_EDGE ( 'NONE', *, *, #6021, .T. ) ;
#5709 = AXIS2_PLACEMENT_3D ( 'NONE', #4192, #5202, #1267 ) ;
#5710 = DIRECTION ( 'NONE',  ( -0.6927727648615364942, 0.000000000000000000, -0.7211559444850345058 ) ) ;
#5711 = LINE ( 'NONE', #5342, #3478 ) ;
#5712 = VECTOR ( 'NONE', #2190, 1000.000000000000114 ) ;
#5713 = VERTEX_POINT ( 'NONE', #1884 ) ;
#5714 = VERTEX_POINT ( 'NONE', #2815 ) ;
#5715 = DIRECTION ( 'NONE',  ( -0.000000000000000000, -0.000000000000000000, -1.000000000000000000 ) ) ;
#5716 = CARTESIAN_POINT ( 'NONE',  ( -1.899999999999993916, 0.000000000000000000, 8.523381939944311370 ) ) ;
#5717 = AXIS2_PLACEMENT_3D ( 'NONE', #4314, #5900, #6355 ) ;
#5718 = VECTOR ( 'NONE', #2268, 999.9999999999998863 ) ;
#5719 = VERTEX_POINT ( 'NONE', #6459 ) ;
#5720 = DIRECTION ( 'NONE',  ( 0.000000000000000000, 0.000000000000000000, 1.000000000000000000 ) ) ;
#5721 = CARTESIAN_POINT ( 'NONE',  ( 0.000000000000000000, 0.000000000000000000, 32.34111742155135261 ) ) ;
#5722 = AXIS2_PLACEMENT_3D ( 'NONE', #1579, #6177, #2186 ) ;
#5723 = AXIS2_PLACEMENT_3D ( 'NONE', #2750, #1785, #703 ) ;
#5724 = EDGE_LOOP ( 'NONE', ( #4033, #2298, #928, #3078 ) ) ;
#5725 = EDGE_CURVE ( 'NONE', #5119, #1928, #5415, .T. ) ;
#5726 = ORIENTED_EDGE ( 'NONE', *, *, #227, .T. ) ;
#5727 = VECTOR ( 'NONE', #4297, 1000.000000000000000 ) ;
#5728 = LINE ( 'NONE', #3219, #5749 ) ;
#5729 = FACE_OUTER_BOUND ( 'NONE', #3297, .T. ) ;
#5730 = EDGE_CURVE ( 'NONE', #3447, #2134, #3848, .T. ) ;
#5731 = DIRECTION ( 'NONE',  ( -0.000000000000000000, -0.000000000000000000, -1.000000000000000000 ) ) ;
#5732 = CARTESIAN_POINT ( 'NONE',  ( 1.600000000000002087, 0.000000000000000000, 13.84999999999999964 ) ) ;
#5733 = EDGE_CURVE ( 'NONE', #6297, #1277, #2908, .T. ) ;
#5734 = EDGE_LOOP ( 'NONE', ( #984, #5451, #3519, #5315 ) ) ;
#5735 = EDGE_CURVE ( 'NONE', #65, #2431, #6465, .T. ) ;
#5736 = CARTESIAN_POINT ( 'NONE',  ( 2.250000000000627942, 2.755455298082313424E-16, 25.39999999999998437 ) ) ;
#5737 = CONICAL_SURFACE ( 'NONE', #5517, 2.101900007112964541, 0.1378810109075440105 ) ;
#5738 = CARTESIAN_POINT ( 'NONE',  ( 0.000000000000000000, 0.000000000000000000, 36.89999999999999858 ) ) ;
#5739 = AXIS2_PLACEMENT_3D ( 'NONE', #4426, #435, #6371 ) ;
#5740 = CARTESIAN_POINT ( 'NONE',  ( -1.999999999999281464, 0.000000000000000000, -2.698918212968115071 ) ) ;
#5741 = CARTESIAN_POINT ( 'NONE',  ( 0.000000000000000000, 0.000000000000000000, 11.40000000000000036 ) ) ;
#5742 = CIRCLE ( 'NONE', #5205, 2.250000000000349498 ) ;
#5743 = DIRECTION ( 'NONE',  ( -0.000000000000000000, -0.000000000000000000, -1.000000000000000000 ) ) ;
#5744 = CONICAL_SURFACE ( 'NONE', #300, 2.250000000000624834, 0.7679448708781647648 ) ;
#5745 = AXIS2_PLACEMENT_3D ( 'NONE', #2683, #4679, #203 ) ;
#5746 = EDGE_LOOP ( 'NONE', ( #6306, #3588, #2525, #2979 ) ) ;
#5747 = CARTESIAN_POINT ( 'NONE',  ( 0.000000000000000000, 0.000000000000000000, 7.700000000000000178 ) ) ;
#5748 = DIRECTION ( 'NONE',  ( -0.000000000000000000, -0.000000000000000000, -1.000000000000000000 ) ) ;
#5749 = VECTOR ( 'NONE', #5230, 1000.000000000000000 ) ;
#5750 = AXIS2_PLACEMENT_3D ( 'NONE', #5741, #3197, #3730 ) ;
#5751 = AXIS2_PLACEMENT_3D ( 'NONE', #5558, #3585, #4573 ) ;
#5752 = EDGE_LOOP ( 'NONE', ( #4050, #1324, #1371, #5079 ) ) ;
#5753 = EDGE_LOOP ( 'NONE', ( #2122, #218, #4898, #2522 ) ) ;
#5754 = CARTESIAN_POINT ( 'NONE',  ( 0.000000000000000000, 0.000000000000000000, -2.698918212968115071 ) ) ;
#5755 = EDGE_CURVE ( 'NONE', #5865, #1749, #4053, .T. ) ;
#5756 = CARTESIAN_POINT ( 'NONE',  ( -1.999999999999352074, 2.602374448188114996E-16, 25.94111742155135758 ) ) ;
#5757 = ORIENTED_EDGE ( 'NONE', *, *, #2141, .T. ) ;
#5758 = CARTESIAN_POINT ( 'NONE',  ( 0.000000000000000000, 0.000000000000000000, 32.21024260084477930 ) ) ;
#5759 = CIRCLE ( 'NONE', #105, 1.999999999999393818 ) ;
#5760 = CYLINDRICAL_SURFACE ( 'NONE', #601, 2.250000000000519140 ) ;
#5761 = VERTEX_POINT ( 'NONE', #1842 ) ;
#5762 = ADVANCED_FACE ( 'NONE', ( #828 ), #6330, .T. ) ;
#5763 = ORIENTED_EDGE ( 'NONE', *, *, #2136, .F. ) ;
#5764 = CYLINDRICAL_SURFACE ( 'NONE', #727, 2.250000000000276668 ) ;
#5765 = LINE ( 'NONE', #803, #4243 ) ;
#5766 = ADVANCED_FACE ( 'NONE', ( #4817 ), #5744, .T. ) ;
#5767 = CARTESIAN_POINT ( 'NONE',  ( -2.250000000000477396, 0.000000000000000000, -2.698918212968115071 ) ) ;
#5768 = ORIENTED_EDGE ( 'NONE', *, *, #1229, .T. ) ;
#5769 = CARTESIAN_POINT ( 'NONE',  ( 2.250000000000296208, 2.755455298081907654E-16, -2.698918212968115071 ) ) ;
#5770 = DIRECTION ( 'NONE',  ( -1.000000000000000000, 0.000000000000000000, 0.000000000000000000 ) ) ;
#5771 = CARTESIAN_POINT ( 'NONE',  ( 2.250000000000331735, 2.755455298081950548E-16, -2.698918212968115071 ) ) ;
#5772 = DIRECTION ( 'NONE',  ( -1.000000000000000000, 0.000000000000000000, 0.000000000000000000 ) ) ;
#5773 = CARTESIAN_POINT ( 'NONE',  ( 0.000000000000000000, 0.000000000000000000, -2.698918212968115071 ) ) ;
#5774 = ADVANCED_FACE ( 'NONE', ( #1076 ), #2898, .T. ) ;
#5775 = ORIENTED_EDGE ( 'NONE', *, *, #4470, .T. ) ;
#5776 = EDGE_CURVE ( 'NONE', #5883, #4273, #5978, .T. ) ;
#5777 = CARTESIAN_POINT ( 'NONE',  ( -1.999999999999297895, 0.000000000000000000, -2.698918212968115071 ) ) ;
#5778 = VERTEX_POINT ( 'NONE', #594 ) ;
#5779 = ORIENTED_EDGE ( 'NONE', *, *, #3460, .T. ) ;
#5780 = CARTESIAN_POINT ( 'NONE',  ( 1.999999999999318767, 2.449293598293871701E-16, 26.61024260084478144 ) ) ;
#5781 = EDGE_CURVE ( 'NONE', #6139, #3205, #5001, .T. ) ;
#5782 = DIRECTION ( 'NONE',  ( -1.000000000000000000, 0.000000000000000000, 0.000000000000000000 ) ) ;
#5783 = ORIENTED_EDGE ( 'NONE', *, *, #3307, .F. ) ;
#5784 = DIRECTION ( 'NONE',  ( 0.000000000000000000, 0.000000000000000000, 1.000000000000000000 ) ) ;
#5785 = DIRECTION ( 'NONE',  ( -0.000000000000000000, -0.000000000000000000, -1.000000000000000000 ) ) ;
#5786 = EDGE_CURVE ( 'NONE', #4763, #1080, #3416, .T. ) ;
#5787 = CARTESIAN_POINT ( 'NONE',  ( 0.000000000000000000, 0.000000000000000000, 26.61024260084478144 ) ) ;
#5788 = ORIENTED_EDGE ( 'NONE', *, *, #6131, .T. ) ;
#5789 = ORIENTED_EDGE ( 'NONE', *, *, #3499, .T. ) ;
#5790 = LINE ( 'NONE', #711, #3612 ) ;
#5791 = CARTESIAN_POINT ( 'NONE',  ( 0.000000000000000000, 0.000000000000000000, 0.000000000000000000 ) ) ;
#5792 = EDGE_CURVE ( 'NONE', #3342, #1791, #3944, .T. ) ;
#5793 = DIRECTION ( 'NONE',  ( -1.000000000000000000, 0.000000000000000000, 0.000000000000000000 ) ) ;
#5794 = ORIENTED_EDGE ( 'NONE', *, *, #202, .F. ) ;
#5795 = VECTOR ( 'NONE', #5318, 1000.000000000000114 ) ;
#5796 = CARTESIAN_POINT ( 'NONE',  ( 0.000000000000000000, 0.000000000000000000, 33.81024260084478072 ) ) ;
#5797 = CARTESIAN_POINT ( 'NONE',  ( 1.999999999999385158, 2.449293598293955517E-16, 33.01024260084477646 ) ) ;
#5798 = CYLINDRICAL_SURFACE ( 'NONE', #1871, 2.500000000000000444 ) ;
#5799 = CIRCLE ( 'NONE', #3806, 2.350000000000035172 ) ;
#5800 = CARTESIAN_POINT ( 'NONE',  ( -2.250000000000316192, 0.000000000000000000, 30.34999999999997300 ) ) ;
#5801 = DIRECTION ( 'NONE',  ( -0.000000000000000000, -0.000000000000000000, -1.000000000000000000 ) ) ;
#5802 = ORIENTED_EDGE ( 'NONE', *, *, #5021, .T. ) ;
#5803 = DIRECTION ( 'NONE',  ( -1.000000000000000000, 0.000000000000000000, 0.000000000000000000 ) ) ;
#5804 = EDGE_CURVE ( 'NONE', #5018, #2634, #2076, .T. ) ;
#5805 = DIRECTION ( 'NONE',  ( -0.000000000000000000, -0.000000000000000000, -1.000000000000000000 ) ) ;
#5806 = ORIENTED_EDGE ( 'NONE', *, *, #5470, .T. ) ;
#5807 = ORIENTED_EDGE ( 'NONE', *, *, #3626, .T. ) ;
#5808 = CARTESIAN_POINT ( 'NONE',  ( 0.000000000000000000, 0.000000000000000000, 29.94111742155101297 ) ) ;
#5809 = AXIS2_PLACEMENT_3D ( 'NONE', #2738, #4712, #299 ) ;
#5810 = CARTESIAN_POINT ( 'NONE',  ( 0.000000000000000000, 0.000000000000000000, -2.698918212968115071 ) ) ;
#5811 = ORIENTED_EDGE ( 'NONE', *, *, #3234, .F. ) ;
#5812 = CONICAL_SURFACE ( 'NONE', #2863, 2.250000000000663469, 0.7679448708781647648 ) ;
#5813 = EDGE_CURVE ( 'NONE', #2696, #3810, #5950, .T. ) ;
#5814 = CARTESIAN_POINT ( 'NONE',  ( -3.299999999999997158, 0.000000000000000000, -0.9000000000000003553 ) ) ;
#5815 = CARTESIAN_POINT ( 'NONE',  ( -2.250000000000275779, 2.755455298081882509E-16, 17.39999999999999858 ) ) ;
#5816 = CYLINDRICAL_SURFACE ( 'NONE', #3945, 1.999999999999281464 ) ;
#5817 = EDGE_LOOP ( 'NONE', ( #604, #2367, #5329, #4934 ) ) ;
#5818 = CONICAL_SURFACE ( 'NONE', #3916, 1.999999999999260147, 0.7653268769996693921 ) ;
#5819 = ORIENTED_EDGE ( 'NONE', *, *, #4467, .F. ) ;
#5820 = AXIS2_PLACEMENT_3D ( 'NONE', #1383, #988, #414 ) ;
#5821 = CARTESIAN_POINT ( 'NONE',  ( 2.250000000000322409, 2.755455298081940194E-16, 30.99999999999997158 ) ) ;
#5822 = LINE ( 'NONE', #2734, #4658 ) ;
#5823 = EDGE_CURVE ( 'NONE', #1524, #3029, #138, .T. ) ;
#5824 = DIRECTION ( 'NONE',  ( -1.000000000000000000, 0.000000000000000000, 0.000000000000000000 ) ) ;
#5825 = ORIENTED_EDGE ( 'NONE', *, *, #2346, .F. ) ;
#5826 = AXIS2_PLACEMENT_3D ( 'NONE', #810, #2680, #4154 ) ;
#5827 = VECTOR ( 'NONE', #5408, 1000.000000000000114 ) ;
#5828 = CARTESIAN_POINT ( 'NONE',  ( 0.000000000000000000, 0.000000000000000000, 19.79999999999999005 ) ) ;
#5829 = ORIENTED_EDGE ( 'NONE', *, *, #30, .F. ) ;
#5830 = VECTOR ( 'NONE', #966, 1000.000000000000000 ) ;
#5831 = EDGE_CURVE ( 'NONE', #538, #1650, #4477, .T. ) ;
#5832 = DIRECTION ( 'NONE',  ( -1.000000000000000000, 0.000000000000000000, 0.000000000000000000 ) ) ;
#5833 = DIRECTION ( 'NONE',  ( -0.000000000000000000, -0.000000000000000000, -1.000000000000000000 ) ) ;
#5834 = CARTESIAN_POINT ( 'NONE',  ( -1.999999999999410250, 2.602374448188186486E-16, 34.74111742155135829 ) ) ;
#5835 = DIRECTION ( 'NONE',  ( -1.000000000000000000, 0.000000000000000000, 0.000000000000000000 ) ) ;
#5836 = VERTEX_POINT ( 'NONE', #4062 ) ;
#5837 = APPLICATION_CONTEXT ( 'automotive_design' ) ;
#5838 = VECTOR ( 'NONE', #3707, 1000.000000000000000 ) ;
#5839 = EDGE_CURVE ( 'NONE', #3696, #2389, #6172, .T. ) ;
#5840 = DIRECTION ( 'NONE',  ( -0.000000000000000000, -0.000000000000000000, -1.000000000000000000 ) ) ;
#5841 = EDGE_CURVE ( 'NONE', #767, #6187, #1043, .T. ) ;
#5842 = CIRCLE ( 'NONE', #4161, 2.250000000000613731 ) ;
#5843 = ORIENTED_EDGE ( 'NONE', *, *, #1354, .F. ) ;
#5844 = CIRCLE ( 'NONE', #84, 1.999999999999402034 ) ;
#5845 = VECTOR ( 'NONE', #1435, 1000.000000000000114 ) ;
#5846 = DIRECTION ( 'NONE',  ( -0.000000000000000000, -0.000000000000000000, -1.000000000000000000 ) ) ;
#5847 = ORIENTED_EDGE ( 'NONE', *, *, #2886, .F. ) ;
#5848 = ADVANCED_FACE ( 'NONE', ( #2103 ), #2620, .T. ) ;
#5849 = DIRECTION ( 'NONE',  ( 0.000000000000000000, -1.000000000000000000, 0.000000000000000000 ) ) ;
#5850 = AXIS2_PLACEMENT_3D ( 'NONE', #4474, #2923, #4867 ) ;
#5851 = DIRECTION ( 'NONE',  ( -0.000000000000000000, -0.000000000000000000, -1.000000000000000000 ) ) ;
#5852 = AXIS2_PLACEMENT_3D ( 'NONE', #2651, #1204, #6147 ) ;
#5853 = AXIS2_PLACEMENT_3D ( 'NONE', #1036, #544, #4500 ) ;
#5854 = CARTESIAN_POINT ( 'NONE',  ( 2.250000000000480060, 2.755455298082132479E-16, -2.698918212968115071 ) ) ;
#5855 = ORIENTED_EDGE ( 'NONE', *, *, #1254, .T. ) ;
#5856 = ORIENTED_EDGE ( 'NONE', *, *, #1452, .T. ) ;
#5857 = AXIS2_PLACEMENT_3D ( 'NONE', #3446, #5864, #5459 ) ;
#5858 = DIRECTION ( 'NONE',  ( -0.000000000000000000, -0.000000000000000000, -1.000000000000000000 ) ) ;
#5859 = DIRECTION ( 'NONE',  ( -1.000000000000000000, 0.000000000000000000, 0.000000000000000000 ) ) ;
#5860 = AXIS2_PLACEMENT_3D ( 'NONE', #1432, #4441, #4937 ) ;
#5861 = ORIENTED_EDGE ( 'NONE', *, *, #6458, .T. ) ;
#5862 = CARTESIAN_POINT ( 'NONE',  ( -2.250000000000282885, 0.000000000000000000, 19.14999999999999503 ) ) ;
#5863 = ORIENTED_EDGE ( 'NONE', *, *, #1057, .F. ) ;
#5864 = DIRECTION ( 'NONE',  ( -0.000000000000000000, -0.000000000000000000, -1.000000000000000000 ) ) ;
#5865 = VERTEX_POINT ( 'NONE', #2128 ) ;
#5866 = EDGE_CURVE ( 'NONE', #991, #6468, #199, .T. ) ;
#5867 = CARTESIAN_POINT ( 'NONE',  ( 0.000000000000000000, 0.000000000000000000, 26.99999999999998224 ) ) ;
#5868 = DIRECTION ( 'NONE',  ( -0.000000000000000000, -0.000000000000000000, -1.000000000000000000 ) ) ;
#5869 = EDGE_CURVE ( 'NONE', #3301, #5836, #1128, .T. ) ;
#5870 = CARTESIAN_POINT ( 'NONE',  ( 1.999999999999360289, 2.449293598293924949E-16, 30.61024260084477078 ) ) ;
#5871 = ADVANCED_FACE ( 'NONE', ( #627 ), #1544, .T. ) ;
#5872 = CARTESIAN_POINT ( 'NONE',  ( 0.000000000000000000, 0.000000000000000000, 21.01024260084479067 ) ) ;
#5873 = ORIENTED_EDGE ( 'NONE', *, *, #1867, .T. ) ;
#5874 = CYLINDRICAL_SURFACE ( 'NONE', #5915, 2.250000000000519140 ) ;
#5875 = EDGE_CURVE ( 'NONE', #663, #5229, #5014, .T. ) ;
#5876 = EDGE_LOOP ( 'NONE', ( #3689, #3907, #3566, #4300 ) ) ;
#5877 = DIRECTION ( 'NONE',  ( -1.000000000000000000, 0.000000000000000000, 0.000000000000000000 ) ) ;
#5878 = DIRECTION ( 'NONE',  ( -0.000000000000000000, -0.000000000000000000, -1.000000000000000000 ) ) ;
#5879 = LINE ( 'NONE', #1449, #4980 ) ;
#5880 = FACE_OUTER_BOUND ( 'NONE', #6427, .T. ) ;
#5881 = DIRECTION ( 'NONE',  ( -0.000000000000000000, -0.000000000000000000, -1.000000000000000000 ) ) ;
#5882 = VERTEX_POINT ( 'NONE', #6009 ) ;
#5883 = VERTEX_POINT ( 'NONE', #3492 ) ;
#5884 = DIRECTION ( 'NONE',  ( -0.000000000000000000, -0.000000000000000000, -1.000000000000000000 ) ) ;
#5885 = DIRECTION ( 'NONE',  ( -1.000000000000000000, 0.000000000000000000, 0.000000000000000000 ) ) ;
#5886 = EDGE_CURVE ( 'NONE', #175, #3771, #5215, .T. ) ;
#5887 = ORIENTED_EDGE ( 'NONE', *, *, #5325, .T. ) ;
#5888 = LINE ( 'NONE', #3875, #2382 ) ;
#5889 = CARTESIAN_POINT ( 'NONE',  ( -2.250000000000284661, 0.000000000000000000, -2.698918212968115071 ) ) ;
#5890 = ADVANCED_FACE ( 'NONE', ( #36 ), #1764, .T. ) ;
#5891 = VERTEX_POINT ( 'NONE', #728 ) ;
#5892 = CARTESIAN_POINT ( 'NONE',  ( 2.250000000000278888, 0.000000000000000000, 18.19999999999999574 ) ) ;
#5893 = CIRCLE ( 'NONE', #4099, 1.999999999999260147 ) ;
#5894 = VERTEX_POINT ( 'NONE', #752 ) ;
#5895 = CARTESIAN_POINT ( 'NONE',  ( -1.999999999999414468, 0.000000000000000000, -2.698918212968115071 ) ) ;
#5896 = AXIS2_PLACEMENT_3D ( 'NONE', #3187, #3224, #4671 ) ;
#5897 = CARTESIAN_POINT ( 'NONE',  ( -1.600000000000002087, 2.366897603805498042E-16, 13.84999999999999964 ) ) ;
#5898 = CARTESIAN_POINT ( 'NONE',  ( 0.000000000000000000, 0.000000000000000000, 27.79999999999997584 ) ) ;
#5899 = CIRCLE ( 'NONE', #770, 2.250000000000332623 ) ;
#5900 = DIRECTION ( 'NONE',  ( -0.000000000000000000, -0.000000000000000000, -1.000000000000000000 ) ) ;
#5901 = ORIENTED_EDGE ( 'NONE', *, *, #3913, .T. ) ;
#5902 = DIRECTION ( 'NONE',  ( 0.6927727648614048217, 8.484019490239815093E-17, -0.7211559444851611822 ) ) ;
#5903 = DIRECTION ( 'NONE',  ( -0.000000000000000000, -0.000000000000000000, -1.000000000000000000 ) ) ;
#5904 = CONICAL_SURFACE ( 'NONE', #1499, 1.999999999999376943, 0.7653268769994305831 ) ;
#5905 = ORIENTED_EDGE ( 'NONE', *, *, #1047, .T. ) ;
#5906 = ORIENTED_EDGE ( 'NONE', *, *, #1402, .T. ) ;
#5907 = LINE ( 'NONE', #6364, #2699 ) ;
#5908 = DIRECTION ( 'NONE',  ( -0.000000000000000000, -0.000000000000000000, -1.000000000000000000 ) ) ;
#5909 = ORIENTED_EDGE ( 'NONE', *, *, #756, .T. ) ;
#5910 = CONICAL_SURFACE ( 'NONE', #2758, 1.999999999999360289, 0.7653268769995239529 ) ;
#5911 = CARTESIAN_POINT ( 'NONE',  ( 2.250000000000276668, 2.755455298081883495E-16, -2.698918212968115071 ) ) ;
#5912 = LINE ( 'NONE', #5412, #1293 ) ;
#5913 = DIRECTION ( 'NONE',  ( 0.6927727648619705914, 8.484019490246743511E-17, -0.7211559444846175060 ) ) ;
#5914 = VERTEX_POINT ( 'NONE', #2741 ) ;
#5915 = AXIS2_PLACEMENT_3D ( 'NONE', #1370, #6360, #3920 ) ;
#5916 = EDGE_CURVE ( 'NONE', #2932, #6468, #5675, .T. ) ;
#5917 = ORIENTED_EDGE ( 'NONE', *, *, #3430, .T. ) ;
#5918 = CARTESIAN_POINT ( 'NONE',  ( 0.000000000000000000, 0.000000000000000000, -2.698918212968115071 ) ) ;
#5919 = CARTESIAN_POINT ( 'NONE',  ( -1.999999999999251932, 0.000000000000000000, 20.21024260084479351 ) ) ;
#5920 = AXIS2_PLACEMENT_3D ( 'NONE', #404, #5878, #1477 ) ;
#5921 = ORIENTED_EDGE ( 'NONE', *, *, #530, .T. ) ;
#5922 = DIRECTION ( 'NONE',  ( -0.000000000000000000, -0.000000000000000000, -1.000000000000000000 ) ) ;
#5923 = DIRECTION ( 'NONE',  ( -1.000000000000000000, 0.000000000000000000, 0.000000000000000000 ) ) ;
#5924 = CONICAL_SURFACE ( 'NONE', #4657, 2.265437129225214008, 0.4834562028024232405 ) ;
#5925 = ORIENTED_EDGE ( 'NONE', *, *, #3701, .T. ) ;
#5926 = ADVANCED_FACE ( 'NONE', ( #1269 ), #723, .T. ) ;
#5927 = LINE ( 'NONE', #1631, #6477 ) ;
#5928 = ORIENTED_EDGE ( 'NONE', *, *, #1217, .T. ) ;
#5929 = CARTESIAN_POINT ( 'NONE',  ( 0.000000000000000000, 0.000000000000000000, 37.75000000000000000 ) ) ;
#5930 = CONICAL_SURFACE ( 'NONE', #2675, 1.999999999999410250, 0.7653268769994305831 ) ;
#5931 = AXIS2_PLACEMENT_3D ( 'NONE', #4828, #2300, #3279 ) ;
#5932 = EDGE_CURVE ( 'NONE', #114, #3996, #2179, .T. ) ;
#5933 = CARTESIAN_POINT ( 'NONE',  ( 0.000000000000000000, 0.000000000000000000, -2.698918212968115071 ) ) ;
#5934 = CARTESIAN_POINT ( 'NONE',  ( 0.000000000000000000, 0.000000000000000000, 33.54999999999993321 ) ) ;
#5935 = DIRECTION ( 'NONE',  ( -0.000000000000000000, -0.000000000000000000, -1.000000000000000000 ) ) ;
#5936 = AXIS2_PLACEMENT_3D ( 'NONE', #453, #2337, #6385 ) ;
#5937 = AXIS2_PLACEMENT_3D ( 'NONE', #1182, #3176, #83 ) ;
#5938 = DIRECTION ( 'NONE',  ( -1.000000000000000000, 0.000000000000000000, 0.000000000000000000 ) ) ;
#5939 = EDGE_LOOP ( 'NONE', ( #2503, #389, #4503, #2151 ) ) ;
#5940 = CIRCLE ( 'NONE', #286, 2.250000000000680345 ) ;
#5941 = CARTESIAN_POINT ( 'NONE',  ( -2.250000000000630607, 0.000000000000000000, 26.19999999999998153 ) ) ;
#5942 = DIRECTION ( 'NONE',  ( -0.000000000000000000, -0.000000000000000000, -1.000000000000000000 ) ) ;
#5943 = DIRECTION ( 'NONE',  ( -1.000000000000000000, 0.000000000000000000, 0.000000000000000000 ) ) ;
#5944 = ORIENTED_EDGE ( 'NONE', *, *, #5518, .T. ) ;
#5945 = ADVANCED_FACE ( 'NONE', ( #2213 ), #4691, .T. ) ;
#5946 = CARTESIAN_POINT ( 'NONE',  ( -1.999999999999410250, 0.000000000000000000, 35.41024260084478215 ) ) ;
#5947 = DIRECTION ( 'NONE',  ( 0.000000000000000000, -1.000000000000000000, 0.000000000000000000 ) ) ;
#5948 = VECTOR ( 'NONE', #14, 1000.000000000000000 ) ;
#5949 = DIRECTION ( 'NONE',  ( -1.000000000000000000, 0.000000000000000000, 0.000000000000000000 ) ) ;
#5950 = CIRCLE ( 'NONE', #5632, 1.999999999999385158 ) ;
#5951 = AXIS2_PLACEMENT_3D ( 'NONE', #5787, #6222, #5660 ) ;
#5952 = ORIENTED_EDGE ( 'NONE', *, *, #6277, .T. ) ;
#5953 = ADVANCED_FACE ( 'NONE', ( #3694 ), #4681, .T. ) ;
#5954 = EDGE_LOOP ( 'NONE', ( #62, #2414, #3669, #4858 ) ) ;
#5955 = DIRECTION ( 'NONE',  ( -0.000000000000000000, -0.000000000000000000, -1.000000000000000000 ) ) ;
#5956 = LINE ( 'NONE', #1459, #1839 ) ;
#5957 = ORIENTED_EDGE ( 'NONE', *, *, #6315, .F. ) ;
#5958 = CIRCLE ( 'NONE', #511, 2.250000000000624834 ) ;
#5959 = DIRECTION ( 'NONE',  ( -1.000000000000000000, 0.000000000000000000, 0.000000000000000000 ) ) ;
#5960 = AXIS2_PLACEMENT_3D ( 'NONE', #3135, #4746, #2719 ) ;
#5961 = AXIS2_PLACEMENT_3D ( 'NONE', #3592, #1104, #1581 ) ;
#5962 = DIRECTION ( 'NONE',  ( -0.000000000000000000, -0.000000000000000000, -1.000000000000000000 ) ) ;
#5963 = ORIENTED_EDGE ( 'NONE', *, *, #465, .T. ) ;
#5964 = VECTOR ( 'NONE', #4185, 1000.000000000000114 ) ;
#5965 = AXIS2_PLACEMENT_3D ( 'NONE', #6440, #1955, #3938 ) ;
#5966 = VERTEX_POINT ( 'NONE', #783 ) ;
#5967 = DIRECTION ( 'NONE',  ( -0.000000000000000000, -0.000000000000000000, -1.000000000000000000 ) ) ;
#5968 = EDGE_CURVE ( 'NONE', #3891, #4494, #2273, .T. ) ;
#5969 = CARTESIAN_POINT ( 'NONE',  ( -1.999999999999358957, 0.000000000000000000, -2.698918212968115071 ) ) ;
#5970 = AXIS2_PLACEMENT_3D ( 'NONE', #4202, #790, #2783 ) ;
#5971 = DIRECTION ( 'NONE',  ( -0.000000000000000000, -0.000000000000000000, -1.000000000000000000 ) ) ;
#5972 = LINE ( 'NONE', #5437, #1444 ) ;
#5973 = ORIENTED_EDGE ( 'NONE', *, *, #2762, .F. ) ;
#5974 = ORIENTED_EDGE ( 'NONE', *, *, #3198, .F. ) ;
#5975 = DIRECTION ( 'NONE',  ( -1.000000000000000000, 0.000000000000000000, 0.000000000000000000 ) ) ;
#5976 = CARTESIAN_POINT ( 'NONE',  ( 1.999999999999376943, 2.449293598293945164E-16, 32.21024260084477930 ) ) ;
#5977 = ADVANCED_FACE ( 'NONE', ( #4254 ), #3230, .T. ) ;
#5978 = LINE ( 'NONE', #5039, #1971 ) ;
#5979 = LINE ( 'NONE', #1409, #5827 ) ;
#5980 = EDGE_LOOP ( 'NONE', ( #4975, #2174, #3813, #263 ) ) ;
#5981 = FACE_OUTER_BOUND ( 'NONE', #6301, .T. ) ;
#5982 = DIRECTION ( 'NONE',  ( -0.000000000000000000, -0.000000000000000000, -1.000000000000000000 ) ) ;
#5983 = ADVANCED_FACE ( 'NONE', ( #207 ), #2590, .T. ) ;
#5984 = ORIENTED_EDGE ( 'NONE', *, *, #5156, .T. ) ;
#5985 = EDGE_CURVE ( 'NONE', #3027, #5761, #3766, .T. ) ;
#5986 = ORIENTED_EDGE ( 'NONE', *, *, #4144, .T. ) ;
#5987 = DIRECTION ( 'NONE',  ( -0.000000000000000000, -0.000000000000000000, -1.000000000000000000 ) ) ;
#5988 = LINE ( 'NONE', #5919, #1952 ) ;
#5989 = EDGE_LOOP ( 'NONE', ( #3414, #5131, #3738, #238 ) ) ;
#5990 = ADVANCED_FACE ( 'NONE', ( #4644 ), #6238, .T. ) ;
#5991 = CARTESIAN_POINT ( 'NONE',  ( -2.150000000000002132, 0.000000000000000000, 15.77723155024511570 ) ) ;
#5992 = CYLINDRICAL_SURFACE ( 'NONE', #2994, 1.999999999999398037 ) ;
#5993 = ORIENTED_EDGE ( 'NONE', *, *, #5233, .F. ) ;
#5994 = DIRECTION ( 'NONE',  ( 0.000000000000000000, 0.000000000000000000, 1.000000000000000000 ) ) ;
#5995 = ORIENTED_EDGE ( 'NONE', *, *, #847, .F. ) ;
#5996 = DIRECTION ( 'NONE',  ( -1.000000000000000000, 0.000000000000000000, 0.000000000000000000 ) ) ;
#5997 = EDGE_CURVE ( 'NONE', #2018, #5047, #6178, .T. ) ;
#5998 = DIRECTION ( 'NONE',  ( 0.000000000000000000, 0.000000000000000000, 1.000000000000000000 ) ) ;
#5999 = DIRECTION ( 'NONE',  ( -1.000000000000000000, 0.000000000000000000, 0.000000000000000000 ) ) ;
#6000 = LINE ( 'NONE', #4410, #4796 ) ;
#6001 = AXIS2_PLACEMENT_3D ( 'NONE', #3451, #4939, #3328 ) ;
#6002 = AXIS2_PLACEMENT_3D ( 'NONE', #3281, #1794, #1323 ) ;
#6003 = ORIENTED_EDGE ( 'NONE', *, *, #4457, .T. ) ;
#6004 = EDGE_LOOP ( 'NONE', ( #1, #4752, #1618, #1523 ) ) ;
#6005 = VECTOR ( 'NONE', #2797, 1000.000000000000000 ) ;
#6006 = DIRECTION ( 'NONE',  ( -1.000000000000000000, 0.000000000000000000, 0.000000000000000000 ) ) ;
#6007 = DIRECTION ( 'NONE',  ( -0.000000000000000000, -0.000000000000000000, -1.000000000000000000 ) ) ;
#6008 = CIRCLE ( 'NONE', #2432, 1.999999999999418465 ) ;
#6009 = CARTESIAN_POINT ( 'NONE',  ( -2.250000000000275779, 0.000000000000000000, 17.39999999999999858 ) ) ;
#6010 = CARTESIAN_POINT ( 'NONE',  ( 2.250000000000324185, 2.755455298081941673E-16, 31.14999999999997016 ) ) ;
#6011 = EDGE_CURVE ( 'NONE', #2231, #1482, #4482, .T. ) ;
#6012 = ORIENTED_EDGE ( 'NONE', *, *, #660, .T. ) ;
#6013 = CARTESIAN_POINT ( 'NONE',  ( 0.000000000000000000, 0.000000000000000000, 16.89999999999999858 ) ) ;
#6014 = DIRECTION ( 'NONE',  ( -1.000000000000000000, 0.000000000000000000, 0.000000000000000000 ) ) ;
#6015 = ADVANCED_FACE ( 'NONE', ( #656 ), #1235, .T. ) ;
#6016 = EDGE_LOOP ( 'NONE', ( #3993, #2915, #2193 ) ) ;
#6017 = VERTEX_POINT ( 'NONE', #166 ) ;
#6018 = DIRECTION ( 'NONE',  ( -0.000000000000000000, -0.000000000000000000, -1.000000000000000000 ) ) ;
#6019 = AXIS2_PLACEMENT_3D ( 'NONE', #5140, #3635, #3534 ) ;
#6020 = CARTESIAN_POINT ( 'NONE',  ( 0.000000000000000000, 0.000000000000000000, 29.94111742155101297 ) ) ;
#6021 = EDGE_CURVE ( 'NONE', #6297, #3940, #1712, .T. ) ;
#6022 = ORIENTED_EDGE ( 'NONE', *, *, #5234, .T. ) ;
#6023 = CARTESIAN_POINT ( 'NONE',  ( 2.250000000000474731, 2.755455298082126070E-16, -2.698918212968115071 ) ) ;
#6024 = CONICAL_SURFACE ( 'NONE', #268, 1.899999999999990141, 1.110029404268400022 ) ;
#6025 = DIRECTION ( 'NONE',  ( -0.000000000000000000, -0.000000000000000000, -1.000000000000000000 ) ) ;
#6027 = ADVANCED_FACE ( 'NONE', ( #6185 ), #1684, .T. ) ;
#6026 = AXIS2_PLACEMENT_3D ( 'NONE', #4560, #81, #4136 ) ;
#6028 = ORIENTED_EDGE ( 'NONE', *, *, #174, .T. ) ;
#6029 = DIRECTION ( 'NONE',  ( -0.000000000000000000, -0.000000000000000000, -1.000000000000000000 ) ) ;
#6030 = ORIENTED_EDGE ( 'NONE', *, *, #4167, .T. ) ;
#6031 = DIRECTION ( 'NONE',  ( -1.000000000000000000, 0.000000000000000000, 0.000000000000000000 ) ) ;
#6032 = CIRCLE ( 'NONE', #782, 2.250000000000283773 ) ;
#6033 = CARTESIAN_POINT ( 'NONE',  ( -1.999999999999338307, 2.602374448188097739E-16, 21.94111742155136113 ) ) ;
#6034 = CARTESIAN_POINT ( 'NONE',  ( 0.000000000000000000, 0.000000000000000000, -2.698918212968115071 ) ) ;
#6035 = EDGE_CURVE ( 'NONE', #6247, #4153, #3448, .T. ) ;
#6036 = ORIENTED_EDGE ( 'NONE', *, *, #337, .T. ) ;
#6037 = AXIS2_PLACEMENT_3D ( 'NONE', #2010, #2851, #5885 ) ;
#6038 = ORIENTED_EDGE ( 'NONE', *, *, #137, .T. ) ;
#6039 = ORIENTED_EDGE ( 'NONE', *, *, #1683, .T. ) ;
#6040 = DIRECTION ( 'NONE',  ( -0.000000000000000000, -0.000000000000000000, -1.000000000000000000 ) ) ;
#6041 = CYLINDRICAL_SURFACE ( 'NONE', #1298, 1.600000000000002087 ) ;
#6042 = CIRCLE ( 'NONE', #1828, 2.250000000000307754 ) ;
#6043 = CIRCLE ( 'NONE', #2780, 2.250000000000277556 ) ;
#6044 = DIRECTION ( 'NONE',  ( -0.000000000000000000, -0.000000000000000000, -1.000000000000000000 ) ) ;
#6045 = CARTESIAN_POINT ( 'NONE',  ( 2.250000000000680345, 2.755455298082378012E-16, 34.19999999999998153 ) ) ;
#6046 = AXIS2_PLACEMENT_3D ( 'NONE', #3326, #1964, #3418 ) ;
#6047 = DIRECTION ( 'NONE',  ( -0.000000000000000000, -0.000000000000000000, -1.000000000000000000 ) ) ;
#6048 = DIRECTION ( 'NONE',  ( -0.9715491199976455938, 0.000000000000000000, -0.2368381460656208970 ) ) ;
#6049 = VECTOR ( 'NONE', #4041, 1000.000000000000000 ) ;
#6050 = ORIENTED_EDGE ( 'NONE', *, *, #113, .F. ) ;
#6051 = ORIENTED_EDGE ( 'NONE', *, *, #3437, .T. ) ;
#6052 = CARTESIAN_POINT ( 'NONE',  ( 0.000000000000000000, 0.000000000000000000, 13.84999999999999964 ) ) ;
#6053 = CARTESIAN_POINT ( 'NONE',  ( 2.150000000000001688, 2.632990618166811700E-16, -2.698918212968115071 ) ) ;
#6054 = EDGE_LOOP ( 'NONE', ( #6467, #1028, #1052, #1605 ) ) ;
#6055 = DIRECTION ( 'NONE',  ( -0.000000000000000000, -0.000000000000000000, -1.000000000000000000 ) ) ;
#6056 = CIRCLE ( 'NONE', #3846, 2.250000000000282885 ) ;
#6057 = AXIS2_PLACEMENT_3D ( 'NONE', #136, #1682, #3662 ) ;
#6058 = DIRECTION ( 'NONE',  ( -1.224646799147353207E-16, 1.000000000000000000, 0.000000000000000000 ) ) ;
#6059 = ORIENTED_EDGE ( 'NONE', *, *, #2154, .F. ) ;
#6060 = ORIENTED_EDGE ( 'NONE', *, *, #6207, .F. ) ;
#6061 = EDGE_CURVE ( 'NONE', #6339, #50, #6183, .T. ) ;
#6062 = DIRECTION ( 'NONE',  ( -1.000000000000000000, 0.000000000000000000, 0.000000000000000000 ) ) ;
#6063 = EDGE_CURVE ( 'NONE', #6251, #4509, #2088, .T. ) ;
#6064 = DIRECTION ( 'NONE',  ( -1.000000000000000000, 0.000000000000000000, 0.000000000000000000 ) ) ;
#6065 = CIRCLE ( 'NONE', #6362, 1.899999999999993916 ) ;
#6066 = CARTESIAN_POINT ( 'NONE',  ( 0.000000000000000000, 0.000000000000000000, 21.81024260084479138 ) ) ;
#6067 = CONICAL_SURFACE ( 'NONE', #3218, 1.600000000000002087, 1.331686219271671190 ) ;
#6068 = DIRECTION ( 'NONE',  ( -0.000000000000000000, -0.000000000000000000, -1.000000000000000000 ) ) ;
#6069 = VECTOR ( 'NONE', #5516, 1000.000000000000000 ) ;
#6070 = FILL_AREA_STYLE_COLOUR ( '', #1133 ) ;
#6071 = ADVANCED_FACE ( 'NONE', ( #5030 ), #4277, .T. ) ;
#6072 = ORIENTED_EDGE ( 'NONE', *, *, #1264, .F. ) ;
#6073 = EDGE_CURVE ( 'NONE', #850, #2696, #1995, .T. ) ;
#6074 = VECTOR ( 'NONE', #1419, 1000.000000000000000 ) ;
#6075 = EDGE_LOOP ( 'NONE', ( #4765, #3879, #4984, #5538 ) ) ;
#6076 = ORIENTED_EDGE ( 'NONE', *, *, #3223, .F. ) ;
#6077 = EDGE_CURVE ( 'NONE', #2759, #3271, #2387, .T. ) ;
#6078 = DIRECTION ( 'NONE',  ( -1.000000000000000000, 0.000000000000000000, 0.000000000000000000 ) ) ;
#6079 = EDGE_CURVE ( 'NONE', #2668, #2310, #4699, .T. ) ;
#6080 = CARTESIAN_POINT ( 'NONE',  ( 0.000000000000000000, 0.000000000000000000, -2.698918212968115071 ) ) ;
#6081 = DIRECTION ( 'NONE',  ( 0.6927727648606909483, 8.484019490231071063E-17, -0.7211559444858468559 ) ) ;
#6082 = DIRECTION ( 'NONE',  ( -1.000000000000000000, 0.000000000000000000, 0.000000000000000000 ) ) ;
#6083 = DIRECTION ( 'NONE',  ( -0.000000000000000000, -0.000000000000000000, -1.000000000000000000 ) ) ;
#6084 = ORIENTED_EDGE ( 'NONE', *, *, #546, .T. ) ;
#6085 = DIRECTION ( 'NONE',  ( -0.000000000000000000, -0.000000000000000000, -1.000000000000000000 ) ) ;
#6086 = LINE ( 'NONE', #75, #4120 ) ;
#6087 = ADVANCED_FACE ( 'NONE', ( #2438 ), #6445, .T. ) ;
#6088 = EDGE_LOOP ( 'NONE', ( #4748, #4524, #3461, #5575 ) ) ;
#6089 = EDGE_LOOP ( 'NONE', ( #3045, #971, #3323, #401 ) ) ;
#6090 = LINE ( 'NONE', #4620, #5948 ) ;
#6091 = LINE ( 'NONE', #179, #5181 ) ;
#6092 = EDGE_LOOP ( 'NONE', ( #3864, #2115, #4904, #4143 ) ) ;
#6093 = CARTESIAN_POINT ( 'NONE',  ( -1.999999999999310552, 0.000000000000000000, 25.81024260084478072 ) ) ;
#6094 = CARTESIAN_POINT ( 'NONE',  ( 1.899999999999995692, 2.326828918379965941E-16, -2.698918212968115071 ) ) ;
#6095 = VERTEX_POINT ( 'NONE', #3795 ) ;
#6096 = EDGE_CURVE ( 'NONE', #693, #5458, #2490, .T. ) ;
#6097 = VERTEX_POINT ( 'NONE', #1962 ) ;
#6098 = DIRECTION ( 'NONE',  ( -1.000000000000000000, 0.000000000000000000, 0.000000000000000000 ) ) ;
#6099 = ORIENTED_EDGE ( 'NONE', *, *, #5776, .T. ) ;
#6100 = FACE_OUTER_BOUND ( 'NONE', #1691, .T. ) ;
#6101 = ADVANCED_FACE ( 'NONE', ( #1494 ), #1882, .T. ) ;
#6102 = DIRECTION ( 'NONE',  ( 1.000000000000000000, 0.000000000000000000, 0.000000000000000000 ) ) ;
#6103 = CARTESIAN_POINT ( 'NONE',  ( -2.350000000000001865, 2.877919977996282293E-16, 11.40000000000000036 ) ) ;
#6104 = LINE ( 'NONE', #3128, #3222 ) ;
#6105 = ORIENTED_EDGE ( 'NONE', *, *, #2404, .F. ) ;
#6106 = ORIENTED_EDGE ( 'NONE', *, *, #2765, .T. ) ;
#6107 = FACE_OUTER_BOUND ( 'NONE', #5068, .T. ) ;
#6108 = VECTOR ( 'NONE', #2537, 1000.000000000000000 ) ;
#6109 = CARTESIAN_POINT ( 'NONE',  ( 0.000000000000000000, 0.000000000000000000, 7.423381939944311725 ) ) ;
#6110 = LINE ( 'NONE', #4193, #5519 ) ;
#6111 = EDGE_CURVE ( 'NONE', #1823, #4273, #2712, .T. ) ;
#6112 = DIRECTION ( 'NONE',  ( -1.000000000000000000, 0.000000000000000000, 0.000000000000000000 ) ) ;
#6113 = AXIS2_PLACEMENT_3D ( 'NONE', #1464, #5425, #895 ) ;
#6114 = DIRECTION ( 'NONE',  ( -1.000000000000000000, 0.000000000000000000, 0.000000000000000000 ) ) ;
#6115 = CARTESIAN_POINT ( 'NONE',  ( 0.000000000000000000, 0.000000000000000000, -2.698918212968115071 ) ) ;
#6116 = CYLINDRICAL_SURFACE ( 'NONE', #3903, 1.899999999999988143 ) ;
#6117 = ORIENTED_EDGE ( 'NONE', *, *, #4217, .F. ) ;
#6118 = ORIENTED_EDGE ( 'NONE', *, *, #6236, .T. ) ;
#6119 = DIRECTION ( 'NONE',  ( -1.000000000000000000, 0.000000000000000000, 0.000000000000000000 ) ) ;
#6120 = EDGE_CURVE ( 'NONE', #2890, #2116, #3975, .T. ) ;
#6121 = CARTESIAN_POINT ( 'NONE',  ( 0.000000000000000000, 0.000000000000000000, 37.75000000000000000 ) ) ;
#6122 = ORIENTED_EDGE ( 'NONE', *, *, #5457, .T. ) ;
#6123 = CARTESIAN_POINT ( 'NONE',  ( 0.000000000000000000, 0.000000000000000000, -2.698918212968115071 ) ) ;
#6124 = FACE_OUTER_BOUND ( 'NONE', #6075, .T. ) ;
#6125 = ORIENTED_EDGE ( 'NONE', *, *, #2244, .F. ) ;
#6126 = AXIS2_PLACEMENT_3D ( 'NONE', #3017, #5477, #5376 ) ;
#6127 = ORIENTED_EDGE ( 'NONE', *, *, #3246, .F. ) ;
#6128 = CARTESIAN_POINT ( 'NONE',  ( 1.999999999999354738, 0.000000000000000000, 26.74111742155101723 ) ) ;
#6129 = ORIENTED_EDGE ( 'NONE', *, *, #4540, .T. ) ;
#6130 = DIRECTION ( 'NONE',  ( -0.000000000000000000, -0.000000000000000000, -1.000000000000000000 ) ) ;
#6131 = EDGE_CURVE ( 'NONE', #3676, #4365, #5645, .T. ) ;
#6132 = VECTOR ( 'NONE', #3769, 1000.000000000000000 ) ;
#6133 = CYLINDRICAL_SURFACE ( 'NONE', #4252, 2.350000000000035616 ) ;
#6134 = LINE ( 'NONE', #6103, #2527 ) ;
#6135 = ADVANCED_FACE ( 'NONE', ( #4967 ), #4583, .T. ) ;
#6136 = DIRECTION ( 'NONE',  ( -0.000000000000000000, -0.000000000000000000, -1.000000000000000000 ) ) ;
#6137 = VECTOR ( 'NONE', #2480, 1000.000000000000000 ) ;
#6138 = ORIENTED_EDGE ( 'NONE', *, *, #3729, .F. ) ;
#6139 = VERTEX_POINT ( 'NONE', #2308 ) ;
#6140 = CONICAL_SURFACE ( 'NONE', #990, 2.250000000000630607, 0.7679448708781647648 ) ;
#6141 = DIRECTION ( 'NONE',  ( -0.000000000000000000, -0.000000000000000000, -1.000000000000000000 ) ) ;
#6142 = DIRECTION ( 'NONE',  ( 1.000000000000000000, 0.000000000000000000, 0.000000000000000000 ) ) ;
#6143 = CARTESIAN_POINT ( 'NONE',  ( 2.250000000000630607, 2.755455298082316875E-16, 26.19999999999998153 ) ) ;
#6144 = VECTOR ( 'NONE', #2744, 1000.000000000000000 ) ;
#6145 = EDGE_CURVE ( 'NONE', #2662, #3884, #1132, .T. ) ;
#6146 = VECTOR ( 'NONE', #3022, 1000.000000000000000 ) ;
#6147 = DIRECTION ( 'NONE',  ( -1.000000000000000000, 0.000000000000000000, 0.000000000000000000 ) ) ;
#6148 = DIRECTION ( 'NONE',  ( -0.000000000000000000, -0.000000000000000000, -1.000000000000000000 ) ) ;
#6149 = EDGE_LOOP ( 'NONE', ( #4950, #4440, #2476, #3933 ) ) ;
#6150 = CIRCLE ( 'NONE', #1844, 1.900000000000001465 ) ;
#6151 = CARTESIAN_POINT ( 'NONE',  ( 1.999999999999341194, 0.000000000000000000, 22.74111742155136184 ) ) ;
#6152 = CIRCLE ( 'NONE', #6253, 2.250000000000331291 ) ;
#6153 = ORIENTED_EDGE ( 'NONE', *, *, #3044, .T. ) ;
#6154 = AXIS2_PLACEMENT_3D ( 'NONE', #5867, #3946, #1469 ) ;
#6155 = ORIENTED_EDGE ( 'NONE', *, *, #2765, .F. ) ;
#6156 = DIRECTION ( 'NONE',  ( -0.6927727648615349398, 0.000000000000000000, -0.7211559444850361711 ) ) ;
#6157 = CARTESIAN_POINT ( 'NONE',  ( -1.999999999999324762, 2.602374448187882775E-16, 17.94111742155136824 ) ) ;
#6158 = EDGE_CURVE ( 'NONE', #254, #5778, #5304, .T. ) ;
#6159 = ORIENTED_EDGE ( 'NONE', *, *, #4290, .T. ) ;
#6160 = CARTESIAN_POINT ( 'NONE',  ( 0.000000000000000000, 0.000000000000000000, 17.24663796789311476 ) ) ;
#6161 = EDGE_CURVE ( 'NONE', #2592, #4868, #1033, .T. ) ;
#6162 = DIRECTION ( 'NONE',  ( -1.000000000000000000, 0.000000000000000000, 0.000000000000000000 ) ) ;
#6163 = EDGE_LOOP ( 'NONE', ( #1020, #4906, #4724, #2963 ) ) ;
#6164 = EDGE_LOOP ( 'NONE', ( #3216, #5617, #277, #1705 ) ) ;
#6165 = DIRECTION ( 'NONE',  ( -0.000000000000000000, -0.000000000000000000, -1.000000000000000000 ) ) ;
#6166 = DIRECTION ( 'NONE',  ( -0.000000000000000000, -0.000000000000000000, -1.000000000000000000 ) ) ;
#6167 = CARTESIAN_POINT ( 'NONE',  ( 0.000000000000000000, 0.000000000000000000, 33.14111742155135687 ) ) ;
#6168 = AXIS2_PLACEMENT_3D ( 'NONE', #2395, #5414, #2914 ) ;
#6169 = CARTESIAN_POINT ( 'NONE',  ( 1.999999999999385158, 0.000000000000000000, 32.34111742155135261 ) ) ;
#6170 = DIRECTION ( 'NONE',  ( -0.000000000000000000, -0.000000000000000000, -1.000000000000000000 ) ) ;
#6171 = CIRCLE ( 'NONE', #5413, 1.999999999999349409 ) ;
#6172 = CIRCLE ( 'NONE', #3318, 2.250000000000630607 ) ;
#6173 = CIRCLE ( 'NONE', #504, 1.999999999999335198 ) ;
#6174 = VERTEX_POINT ( 'NONE', #5800 ) ;
#6175 = VERTEX_POINT ( 'NONE', #817 ) ;
#6176 = AXIS2_PLACEMENT_3D ( 'NONE', #1914, #3927, #3867 ) ;
#6177 = DIRECTION ( 'NONE',  ( 0.000000000000000000, 0.000000000000000000, 1.000000000000000000 ) ) ;
#6178 = CIRCLE ( 'NONE', #4795, 2.250000000000295319 ) ;
#6179 = AXIS2_PLACEMENT_3D ( 'NONE', #2999, #4970, #3423 ) ;
#6180 = FACE_OUTER_BOUND ( 'NONE', #5378, .T. ) ;
#6181 = DIRECTION ( 'NONE',  ( -1.000000000000000000, 0.000000000000000000, 0.000000000000000000 ) ) ;
#6182 = CIRCLE ( 'NONE', #6368, 2.349999999999993872 ) ;
#6183 = CIRCLE ( 'NONE', #2183, 2.250000000000340616 ) ;
#6184 = VECTOR ( 'NONE', #930, 1000.000000000000114 ) ;
#6185 = FACE_OUTER_BOUND ( 'NONE', #3802, .T. ) ;
#6186 = DIRECTION ( 'NONE',  ( -1.000000000000000000, 0.000000000000000000, 0.000000000000000000 ) ) ;
#6187 = VERTEX_POINT ( 'NONE', #1832 ) ;
#6188 = DIRECTION ( 'NONE',  ( 0.7501110696304630343, 0.000000000000000000, 0.6613118653236479405 ) ) ;
#6189 = VERTEX_POINT ( 'NONE', #2671 ) ;
#6190 = ORIENTED_EDGE ( 'NONE', *, *, #1894, .F. ) ;
#6191 = DIRECTION ( 'NONE',  ( -1.000000000000000000, 0.000000000000000000, 0.000000000000000000 ) ) ;
#6192 = DIRECTION ( 'NONE',  ( -1.000000000000000000, 0.000000000000000000, 0.000000000000000000 ) ) ;
#6193 = EDGE_LOOP ( 'NONE', ( #5635, #1718, #3768, #2690 ) ) ;
#6194 = DIRECTION ( 'NONE',  ( -0.000000000000000000, -0.000000000000000000, -1.000000000000000000 ) ) ;
#6195 = EDGE_CURVE ( 'NONE', #2231, #857, #127, .T. ) ;
#6196 = CARTESIAN_POINT ( 'NONE',  ( -2.250000000000468958, 0.000000000000000000, -2.698918212968115071 ) ) ;
#6197 = ORIENTED_EDGE ( 'NONE', *, *, #426, .T. ) ;
#6198 = ORIENTED_EDGE ( 'NONE', *, *, #702, .T. ) ;
#6199 = DIRECTION ( 'NONE',  ( -1.000000000000000000, 0.000000000000000000, 0.000000000000000000 ) ) ;
#6200 = CARTESIAN_POINT ( 'NONE',  ( 2.250000000000285549, 2.755455298081894835E-16, 19.94999999999998863 ) ) ;
#6201 = DIRECTION ( 'NONE',  ( -1.000000000000000000, 0.000000000000000000, 0.000000000000000000 ) ) ;
#6202 = ORIENTED_EDGE ( 'NONE', *, *, #3495, .F. ) ;
#6203 = ORIENTED_EDGE ( 'NONE', *, *, #4407, .F. ) ;
#6204 = DIRECTION ( 'NONE',  ( -0.000000000000000000, -0.000000000000000000, -1.000000000000000000 ) ) ;
#6205 = CARTESIAN_POINT ( 'NONE',  ( -1.999999999999354738, 2.602374448188117954E-16, 26.74111742155101723 ) ) ;
#6206 = DIRECTION ( 'NONE',  ( -0.000000000000000000, -0.000000000000000000, -1.000000000000000000 ) ) ;
#6207 = EDGE_CURVE ( 'NONE', #5865, #4509, #3092, .T. ) ;
#6208 = UNCERTAINTY_MEASURE_WITH_UNIT (LENGTH_MEASURE( 1.000000000000000082E-05 ), #130, 'distance_accuracy_value', 'NONE');
#6209 = DIRECTION ( 'NONE',  ( -0.000000000000000000, -0.000000000000000000, -1.000000000000000000 ) ) ;
#6210 = CARTESIAN_POINT ( 'NONE',  ( 1.999999999999326983, 2.449293598293882055E-16, 27.41024260084538966 ) ) ;
#6211 = ORIENTED_EDGE ( 'NONE', *, *, #777, .T. ) ;
#6212 = FACE_OUTER_BOUND ( 'NONE', #4757, .T. ) ;
#6213 = EDGE_CURVE ( 'NONE', #1385, #340, #1156, .T. ) ;
#6214 = ORIENTED_EDGE ( 'NONE', *, *, #3762, .F. ) ;
#6215 = CIRCLE ( 'NONE', #3683, 2.150000000000002132 ) ;
#6216 = ORIENTED_EDGE ( 'NONE', *, *, #3636, .T. ) ;
#6217 = DIRECTION ( 'NONE',  ( -0.000000000000000000, -0.000000000000000000, -1.000000000000000000 ) ) ;
#6218 = CARTESIAN_POINT ( 'NONE',  ( -1.999999999999364286, 0.000000000000000000, -2.698918212968115071 ) ) ;
#6219 = EDGE_LOOP ( 'NONE', ( #6050, #5420, #922, #2622 ) ) ;
#6220 = DIRECTION ( 'NONE',  ( -0.000000000000000000, -0.000000000000000000, -1.000000000000000000 ) ) ;
#6221 = CONICAL_SURFACE ( 'NONE', #2017, 2.250000000000627942, 0.7679448708781513311 ) ;
#6222 = DIRECTION ( 'NONE',  ( -0.000000000000000000, -0.000000000000000000, -1.000000000000000000 ) ) ;
#6223 = ORIENTED_EDGE ( 'NONE', *, *, #5866, .F. ) ;
#6224 = ORIENTED_EDGE ( 'NONE', *, *, #5701, .T. ) ;
#6225 = DIRECTION ( 'NONE',  ( -0.000000000000000000, -0.000000000000000000, -1.000000000000000000 ) ) ;
#6226 = AXIS2_PLACEMENT_3D ( 'NONE', #4501, #1520, #2601 ) ;
#6227 = FACE_OUTER_BOUND ( 'NONE', #865, .T. ) ;
#6228 = CARTESIAN_POINT ( 'NONE',  ( -2.250000000000316192, 0.000000000000000000, 28.74999999999992895 ) ) ;
#6229 = AXIS2_PLACEMENT_3D ( 'NONE', #1915, #2942, #3369 ) ;
#6230 = DIRECTION ( 'NONE',  ( -0.6946583704594718744, 8.507111498841084816E-17, 0.7193398003381928918 ) ) ;
#6231 = ORIENTED_EDGE ( 'NONE', *, *, #1634, .F. ) ;
#6232 = AXIS2_PLACEMENT_3D ( 'NONE', #3563, #5543, #4317 ) ;
#6233 = DIRECTION ( 'NONE',  ( -0.000000000000000000, -0.000000000000000000, -1.000000000000000000 ) ) ;
#6234 = DIRECTION ( 'NONE',  ( -0.000000000000000000, -0.000000000000000000, -1.000000000000000000 ) ) ;
#6235 = LINE ( 'NONE', #5740, #820 ) ;
#6236 = EDGE_CURVE ( 'NONE', #3029, #6095, #3018, .T. ) ;
#6237 = AXIS2_PLACEMENT_3D ( 'NONE', #3985, #72, #5648 ) ;
#6238 = CYLINDRICAL_SURFACE ( 'NONE', #5639, 1.999999999999325651 ) ;
#6239 = CARTESIAN_POINT ( 'NONE',  ( 0.000000000000000000, 0.000000000000000000, -2.698918212968115071 ) ) ;
#6240 = VERTEX_POINT ( 'NONE', #2535 ) ;
#6241 = FACE_OUTER_BOUND ( 'NONE', #5309, .T. ) ;
#6242 = ORIENTED_EDGE ( 'NONE', *, *, #1495, .T. ) ;
#6243 = ORIENTED_EDGE ( 'NONE', *, *, #3232, .F. ) ;
#6244 = DIRECTION ( 'NONE',  ( -0.000000000000000000, -0.000000000000000000, -1.000000000000000000 ) ) ;
#6245 = DIRECTION ( 'NONE',  ( -1.000000000000000000, 0.000000000000000000, 0.000000000000000000 ) ) ;
#6246 = CIRCLE ( 'NONE', #2347, 2.350000000000035172 ) ;
#6247 = VERTEX_POINT ( 'NONE', #5590 ) ;
#6248 = DIRECTION ( 'NONE',  ( 0.6946583704590050257, 0.000000000000000000, 0.7193398003386436423 ) ) ;
#6249 = LINE ( 'NONE', #5227, #607 ) ;
#6250 = VECTOR ( 'NONE', #2737, 1000.000000000000000 ) ;
#6251 = VERTEX_POINT ( 'NONE', #2054 ) ;
#6252 = ORIENTED_EDGE ( 'NONE', *, *, #561, .F. ) ;
#6253 = AXIS2_PLACEMENT_3D ( 'NONE', #1624, #6055, #2139 ) ;
#6254 = DIRECTION ( 'NONE',  ( -1.000000000000000000, 0.000000000000000000, 0.000000000000000000 ) ) ;
#6255 = CARTESIAN_POINT ( 'NONE',  ( 1.999999999999260147, 2.449293598293823383E-16, 21.01024260084479067 ) ) ;
#6256 = CARTESIAN_POINT ( 'NONE',  ( 0.000000000000000000, 0.000000000000000000, 31.54111742155134834 ) ) ;
#6257 = CIRCLE ( 'NONE', #5299, 1.999999999999360289 ) ;
#6258 = DIRECTION ( 'NONE',  ( -1.000000000000000000, 0.000000000000000000, 0.000000000000000000 ) ) ;
#6259 = ORIENTED_EDGE ( 'NONE', *, *, #5839, .T. ) ;
#6260 = EDGE_CURVE ( 'NONE', #5836, #3301, #5224, .T. ) ;
#6261 = CARTESIAN_POINT ( 'NONE',  ( 0.000000000000000000, 0.000000000000000000, 34.99999999999999289 ) ) ;
#6262 = AXIS2_PLACEMENT_3D ( 'NONE', #438, #5955, #4429 ) ;
#6263 = DIRECTION ( 'NONE',  ( 0.000000000000000000, 0.000000000000000000, 1.000000000000000000 ) ) ;
#6264 = AXIS2_PLACEMENT_3D ( 'NONE', #2322, #3134, #69 ) ;
#6265 = LINE ( 'NONE', #5771, #4270 ) ;
#6266 = EDGE_CURVE ( 'NONE', #1752, #3607, #2117, .T. ) ;
#6267 = DIRECTION ( 'NONE',  ( -0.000000000000000000, -0.000000000000000000, -1.000000000000000000 ) ) ;
#6268 = FACE_OUTER_BOUND ( 'NONE', #5019, .T. ) ;
#6269 = ORIENTED_EDGE ( 'NONE', *, *, #940, .T. ) ;
#6270 = DIRECTION ( 'NONE',  ( 0.000000000000000000, 0.000000000000000000, 1.000000000000000000 ) ) ;
#6271 = CIRCLE ( 'NONE', #517, 2.250000000000316192 ) ;
#6272 = EDGE_LOOP ( 'NONE', ( #2486, #1512, #4917, #2875 ) ) ;
#6273 = EDGE_LOOP ( 'NONE', ( #5081, #540, #1834, #3751 ) ) ;
#6274 = FACE_OUTER_BOUND ( 'NONE', #6193, .T. ) ;
#6275 = DIRECTION ( 'NONE',  ( -0.000000000000000000, -0.000000000000000000, -1.000000000000000000 ) ) ;
#6276 = EDGE_LOOP ( 'NONE', ( #185, #3708, #830, #2635 ) ) ;
#6277 = EDGE_CURVE ( 'NONE', #5018, #6439, #2636, .T. ) ;
#6278 = LINE ( 'NONE', #765, #5727 ) ;
#6279 = AXIS2_PLACEMENT_3D ( 'NONE', #3700, #5715, #734 ) ;
#6280 = CARTESIAN_POINT ( 'NONE',  ( -2.250000000000644373, 0.000000000000000000, 30.19999999999997797 ) ) ;
#6281 = FACE_OUTER_BOUND ( 'NONE', #3703, .T. ) ;
#6282 = ORIENTED_EDGE ( 'NONE', *, *, #1489, .T. ) ;
#6283 = ORIENTED_EDGE ( 'NONE', *, *, #1853, .T. ) ;
#6284 = CARTESIAN_POINT ( 'NONE',  ( -2.250000000000624834, 2.755455298082309973E-16, 24.59999999999998366 ) ) ;
#6285 = FACE_OUTER_BOUND ( 'NONE', #1350, .T. ) ;
#6286 = DIRECTION ( 'NONE',  ( 0.000000000000000000, 0.000000000000000000, 1.000000000000000000 ) ) ;
#6287 = DIRECTION ( 'NONE',  ( -0.000000000000000000, -0.000000000000000000, -1.000000000000000000 ) ) ;
#6288 = ORIENTED_EDGE ( 'NONE', *, *, #4382, .F. ) ;
#6289 = EDGE_CURVE ( 'NONE', #1994, #4145, #3857, .T. ) ;
#6290 = CARTESIAN_POINT ( 'NONE',  ( -2.250000000000527134, 0.000000000000000000, -2.698918212968115071 ) ) ;
#6291 = CARTESIAN_POINT ( 'NONE',  ( 0.000000000000000000, 0.000000000000000000, 31.79999999999997939 ) ) ;
#6292 = CARTESIAN_POINT ( 'NONE',  ( 2.500000000000000444, 3.061616997868383634E-16, -2.698918212968115071 ) ) ;
#6293 = CARTESIAN_POINT ( 'NONE',  ( 2.250000000000617284, 2.755455298082300605E-16, -2.698918212968115071 ) ) ;
#6294 = CYLINDRICAL_SURFACE ( 'NONE', #2241, 2.150000000000134026 ) ;
#6295 = ORIENTED_EDGE ( 'NONE', *, *, #4680, .T. ) ;
#6296 = DIRECTION ( 'NONE',  ( -1.000000000000000000, 0.000000000000000000, 0.000000000000000000 ) ) ;
#6297 = VERTEX_POINT ( 'NONE', #550 ) ;
#6298 = ORIENTED_EDGE ( 'NONE', *, *, #5127, .T. ) ;
#6299 = DIRECTION ( 'NONE',  ( -0.000000000000000000, -0.000000000000000000, -1.000000000000000000 ) ) ;
#6300 = CARTESIAN_POINT ( 'NONE',  ( 2.250000000000331291, 0.000000000000000000, 31.79999999999997939 ) ) ;
#6301 = EDGE_LOOP ( 'NONE', ( #2452, #1576, #2714, #4936 ) ) ;
#6302 = FACE_OUTER_BOUND ( 'NONE', #6004, .T. ) ;
#6303 = DIRECTION ( 'NONE',  ( -0.000000000000000000, -0.000000000000000000, -1.000000000000000000 ) ) ;
#6304 = AXIS2_PLACEMENT_3D ( 'NONE', #1933, #3352, #3914 ) ;
#6305 = LINE ( 'NONE', #883, #2474 ) ;
#6306 = ORIENTED_EDGE ( 'NONE', *, *, #571, .T. ) ;
#6307 = EDGE_CURVE ( 'NONE', #6187, #3285, #4148, .T. ) ;
#6308 = ORIENTED_EDGE ( 'NONE', *, *, #4519, .F. ) ;
#6309 = LINE ( 'NONE', #3251, #690 ) ;
#6310 = DIRECTION ( 'NONE',  ( 1.000000000000000000, 0.000000000000000000, 0.000000000000000000 ) ) ;
#6311 = ORIENTED_EDGE ( 'NONE', *, *, #141, .F. ) ;
#6312 = VECTOR ( 'NONE', #6170, 1000.000000000000000 ) ;
#6313 = DIRECTION ( 'NONE',  ( -1.000000000000000000, 0.000000000000000000, 0.000000000000000000 ) ) ;
#6314 = ORIENTED_EDGE ( 'NONE', *, *, #6145, .F. ) ;
#6315 = EDGE_CURVE ( 'NONE', #1038, #5119, #2146, .T. ) ;
#6316 = AXIS2_PLACEMENT_3D ( 'NONE', #2321, #5851, #1347 ) ;
#6317 = DIRECTION ( 'NONE',  ( -1.000000000000000000, 0.000000000000000000, 0.000000000000000000 ) ) ;
#6318 = CARTESIAN_POINT ( 'NONE',  ( 1.900000000000001465, 2.326828918379972844E-16, -2.698918212968115071 ) ) ;
#6319 = DIRECTION ( 'NONE',  ( -0.000000000000000000, -0.000000000000000000, -1.000000000000000000 ) ) ;
#6320 = CIRCLE ( 'NONE', #4126, 2.500000000000000444 ) ;
#6321 = EDGE_CURVE ( 'NONE', #850, #5713, #5759, .T. ) ;
#6322 = DIRECTION ( 'NONE',  ( -1.000000000000000000, 0.000000000000000000, 0.000000000000000000 ) ) ;
#6323 = FACE_OUTER_BOUND ( 'NONE', #6088, .T. ) ;
#6324 = VERTEX_POINT ( 'NONE', #6200 ) ;
#6325 = CIRCLE ( 'NONE', #1508, 2.250000000000332623 ) ;
#6326 = DIRECTION ( 'NONE',  ( -1.000000000000000000, 0.000000000000000000, 0.000000000000000000 ) ) ;
#6327 = EDGE_CURVE ( 'NONE', #2310, #743, #4114, .T. ) ;
#6328 = AXIS2_PLACEMENT_3D ( 'NONE', #3395, #5373, #4454 ) ;
#6329 = EDGE_LOOP ( 'NONE', ( #5825, #3169, #209, #2936 ) ) ;
#6330 = CYLINDRICAL_SURFACE ( 'NONE', #4163, 2.250000000000279776 ) ;
#6331 = CONICAL_SURFACE ( 'NONE', #2664, 2.250000000000680345, 0.7679448708781647648 ) ;
#6332 = VERTEX_POINT ( 'NONE', #1670 ) ;
#6333 = AXIS2_PLACEMENT_3D ( 'NONE', #4514, #6083, #37 ) ;
#6334 = DIRECTION ( 'NONE',  ( -0.000000000000000000, -0.000000000000000000, -1.000000000000000000 ) ) ;
#6335 = DIRECTION ( 'NONE',  ( -1.000000000000000000, 0.000000000000000000, 0.000000000000000000 ) ) ;
#6336 = FACE_OUTER_BOUND ( 'NONE', #5402, .T. ) ;
#6337 = ORIENTED_EDGE ( 'NONE', *, *, #1900, .F. ) ;
#6338 = CIRCLE ( 'NONE', #1739, 10.40000000000000036 ) ;
#6339 = VERTEX_POINT ( 'NONE', #4602 ) ;
#6340 = VECTOR ( 'NONE', #3900, 1000.000000000000000 ) ;
#6341 = DIRECTION ( 'NONE',  ( -1.000000000000000000, 0.000000000000000000, 0.000000000000000000 ) ) ;
#6342 = CYLINDRICAL_SURFACE ( 'NONE', #2050, 1.999999999999336531 ) ;
#6343 = ORIENTED_EDGE ( 'NONE', *, *, #3149, .T. ) ;
#6344 = ADVANCED_FACE ( 'NONE', ( #56 ), #5327, .T. ) ;
#6345 = AXIS2_PLACEMENT_3D ( 'NONE', #5796, #198, #3790 ) ;
#6346 = AXIS2_PLACEMENT_3D ( 'NONE', #2939, #915, #2872 ) ;
#6347 = CARTESIAN_POINT ( 'NONE',  ( 2.265437129225214008, 2.774360328975227403E-16, 15.25000000000000178 ) ) ;
#6348 = CONICAL_SURFACE ( 'NONE', #1427, 2.250000000000283773, 0.7679448708775163945 ) ;
#6349 = ORIENTED_EDGE ( 'NONE', *, *, #6307, .T. ) ;
#6350 = VECTOR ( 'NONE', #2831, 1000.000000000000000 ) ;
#6351 = EDGE_CURVE ( 'NONE', #5228, #2910, #3654, .T. ) ;
#6352 = DIRECTION ( 'NONE',  ( 0.000000000000000000, 0.000000000000000000, 1.000000000000000000 ) ) ;
#6353 = CARTESIAN_POINT ( 'NONE',  ( 2.250000000000638600, 2.755455298082326736E-16, 28.59999999999998010 ) ) ;
#6354 = LINE ( 'NONE', #5363, #5845 ) ;
#6355 = DIRECTION ( 'NONE',  ( -1.000000000000000000, 0.000000000000000000, 0.000000000000000000 ) ) ;
#6356 = VERTEX_POINT ( 'NONE', #1702 ) ;
#6357 = AXIS2_PLACEMENT_3D ( 'NONE', #4030, #116, #1514 ) ;
#6358 = CYLINDRICAL_SURFACE ( 'NONE', #3606, 1.999999999999358957 ) ;
#6359 = CONICAL_SURFACE ( 'NONE', #4576, 1.999999999999360289, 0.7653268769995239529 ) ;
#6360 = DIRECTION ( 'NONE',  ( -0.000000000000000000, -0.000000000000000000, -1.000000000000000000 ) ) ;
#6361 = VERTEX_POINT ( 'NONE', #5694 ) ;
#6362 = AXIS2_PLACEMENT_3D ( 'NONE', #851, #2840, #4884 ) ;
#6363 = AXIS2_PLACEMENT_3D ( 'NONE', #751, #5336, #2833 ) ;
#6364 = CARTESIAN_POINT ( 'NONE',  ( 1.999999999999342526, 2.449293598293901283E-16, -2.698918212968115071 ) ) ;
#6365 = LINE ( 'NONE', #4949, #373 ) ;
#6366 = ORIENTED_EDGE ( 'NONE', *, *, #1047, .F. ) ;
#6367 = DIRECTION ( 'NONE',  ( -0.000000000000000000, -0.000000000000000000, -1.000000000000000000 ) ) ;
#6368 = AXIS2_PLACEMENT_3D ( 'NONE', #255, #2267, #289 ) ;
#6369 = FACE_OUTER_BOUND ( 'NONE', #1960, .T. ) ;
#6370 = AXIS2_PLACEMENT_3D ( 'NONE', #1990, #2888, #2951 ) ;
#6371 = DIRECTION ( 'NONE',  ( -1.000000000000000000, 0.000000000000000000, 0.000000000000000000 ) ) ;
#6372 = EDGE_LOOP ( 'NONE', ( #4414, #3577, #4717, #510 ) ) ;
#6373 = ORIENTED_EDGE ( 'NONE', *, *, #853, .F. ) ;
#6374 = CIRCLE ( 'NONE', #2380, 2.250000000000365930 ) ;
#6375 = CARTESIAN_POINT ( 'NONE',  ( -1.999999999999331202, 0.000000000000000000, -2.698918212968115071 ) ) ;
#6376 = FACE_OUTER_BOUND ( 'NONE', #2052, .T. ) ;
#6377 = VECTOR ( 'NONE', #644, 1000.000000000000000 ) ;
#6378 = VECTOR ( 'NONE', #120, 1000.000000000000000 ) ;
#6379 = ORIENTED_EDGE ( 'NONE', *, *, #1591, .F. ) ;
#6380 = DIRECTION ( 'NONE',  ( -0.000000000000000000, -0.000000000000000000, -1.000000000000000000 ) ) ;
#6381 = EDGE_CURVE ( 'NONE', #6324, #478, #1340, .T. ) ;
#6382 = EDGE_CURVE ( 'NONE', #6405, #4862, #6271, .T. ) ;
#6383 = EDGE_LOOP ( 'NONE', ( #2666, #1597, #6076, #5357 ) ) ;
#6384 = ORIENTED_EDGE ( 'NONE', *, *, #527, .T. ) ;
#6385 = DIRECTION ( 'NONE',  ( -1.000000000000000000, 0.000000000000000000, 0.000000000000000000 ) ) ;
#6386 = EDGE_CURVE ( 'NONE', #2848, #3146, #3117, .T. ) ;
#6387 = CARTESIAN_POINT ( 'NONE',  ( 2.350000000000011191, 2.877919977996294125E-16, -2.698918212968115071 ) ) ;
#6388 = DIRECTION ( 'NONE',  ( -0.000000000000000000, -0.000000000000000000, -1.000000000000000000 ) ) ;
#6389 = CARTESIAN_POINT ( 'NONE',  ( 0.000000000000000000, 0.000000000000000000, -1.517087345604219983 ) ) ;
#6390 = ORIENTED_EDGE ( 'NONE', *, *, #4111, .T. ) ;
#6391 = DIRECTION ( 'NONE',  ( -0.000000000000000000, -0.000000000000000000, -1.000000000000000000 ) ) ;
#6392 = DIRECTION ( 'NONE',  ( -0.000000000000000000, -0.000000000000000000, -1.000000000000000000 ) ) ;
#6393 = ADVANCED_FACE ( 'NONE', ( #6100 ), #1600, .T. ) ;
#6394 = EDGE_CURVE ( 'NONE', #3640, #2297, #1807, .T. ) ;
#6395 = ORIENTED_EDGE ( 'NONE', *, *, #3255, .F. ) ;
#6396 = VERTEX_POINT ( 'NONE', #4769 ) ;
#6397 = DIRECTION ( 'NONE',  ( -1.000000000000000000, 0.000000000000000000, 0.000000000000000000 ) ) ;
#6398 = DIRECTION ( 'NONE',  ( 0.1374445460371387095, 1.683210233646429440E-17, -0.9905094632383100173 ) ) ;
#6399 = ORIENTED_EDGE ( 'NONE', *, *, #4012, .F. ) ;
#6400 = DIRECTION ( 'NONE',  ( -0.000000000000000000, -0.000000000000000000, -1.000000000000000000 ) ) ;
#6401 = DIRECTION ( 'NONE',  ( 1.000000000000000000, 0.000000000000000000, 0.000000000000000000 ) ) ;
#6402 = ADVANCED_FACE ( 'NONE', ( #2707 ), #3988, .T. ) ;
#6403 = CARTESIAN_POINT ( 'NONE',  ( 0.000000000000000000, 0.000000000000000000, 19.94999999999998863 ) ) ;
#6404 = ORIENTED_EDGE ( 'NONE', *, *, #1161, .T. ) ;
#6405 = VERTEX_POINT ( 'NONE', #6228 ) ;
#6406 = LINE ( 'NONE', #925, #5222 ) ;
#6407 = FACE_OUTER_BOUND ( 'NONE', #6455, .T. ) ;
#6408 = EDGE_CURVE ( 'NONE', #4693, #5474, #3221, .T. ) ;
#6409 = ORIENTED_EDGE ( 'NONE', *, *, #4707, .F. ) ;
#6410 = CARTESIAN_POINT ( 'NONE',  ( 0.000000000000000000, 0.000000000000000000, 21.14111742155136398 ) ) ;
#6411 = CARTESIAN_POINT ( 'NONE',  ( 0.000000000000000000, 0.000000000000000000, 31.14999999999997016 ) ) ;
#6412 = EDGE_CURVE ( 'NONE', #1577, #5009, #3153, .T. ) ;
#6413 = ORIENTED_EDGE ( 'NONE', *, *, #3167, .T. ) ;
#6414 = DIRECTION ( 'NONE',  ( -0.000000000000000000, -0.000000000000000000, -1.000000000000000000 ) ) ;
#6415 = EDGE_LOOP ( 'NONE', ( #4170, #5035, #2830, #5973 ) ) ;
#6416 = LINE ( 'NONE', #5895, #5830 ) ;
#6417 = AXIS2_PLACEMENT_3D ( 'NONE', #4215, #260, #1795 ) ;
#6418 = CARTESIAN_POINT ( 'NONE',  ( -2.350000000000028511, 0.000000000000000000, 8.299999999999991829 ) ) ;
#6419 = DIRECTION ( 'NONE',  ( -0.000000000000000000, -0.000000000000000000, -1.000000000000000000 ) ) ;
#6420 = ADVANCED_FACE ( 'NONE', ( #5193 ), #3684, .T. ) ;
#6421 = LINE ( 'NONE', #1936, #2049 ) ;
#6422 = ORIENTED_EDGE ( 'NONE', *, *, #1408, .T. ) ;
#6423 = EDGE_CURVE ( 'NONE', #5389, #2630, #4104, .T. ) ;
#6424 = CARTESIAN_POINT ( 'NONE',  ( 0.000000000000000000, 0.000000000000000000, 16.89999999999999858 ) ) ;
#6425 = DIRECTION ( 'NONE',  ( -1.000000000000000000, 0.000000000000000000, 0.000000000000000000 ) ) ;
#6426 = CARTESIAN_POINT ( 'NONE',  ( 0.000000000000000000, 0.000000000000000000, 8.753271633436568777 ) ) ;
#6427 = EDGE_LOOP ( 'NONE', ( #5794, #4805, #1338, #4842 ) ) ;
#6428 = CIRCLE ( 'NONE', #568, 2.250000000000282885 ) ;
#6429 = DIRECTION ( 'NONE',  ( -0.000000000000000000, -0.000000000000000000, -1.000000000000000000 ) ) ;
#6430 = DIRECTION ( 'NONE',  ( -0.000000000000000000, -0.000000000000000000, -1.000000000000000000 ) ) ;
#6431 = DIRECTION ( 'NONE',  ( -0.000000000000000000, -0.000000000000000000, -1.000000000000000000 ) ) ;
#6432 = EDGE_LOOP ( 'NONE', ( #1655, #4728, #4886, #3942 ) ) ;
#6433 = EDGE_CURVE ( 'NONE', #5252, #3607, #4829, .T. ) ;
#6434 = AXIS2_PLACEMENT_3D ( 'NONE', #428, #974, #2415 ) ;
#6435 = EDGE_LOOP ( 'NONE', ( #1930, #682, #13, #858 ) ) ;
#6436 = CARTESIAN_POINT ( 'NONE',  ( -2.250000000000296208, 0.000000000000000000, -2.698918212968115071 ) ) ;
#6437 = CARTESIAN_POINT ( 'NONE',  ( 0.000000000000000000, 0.000000000000000000, 32.34111742155135261 ) ) ;
#6438 = AXIS2_PLACEMENT_3D ( 'NONE', #1713, #5743, #1242 ) ;
#6439 = VERTEX_POINT ( 'NONE', #225 ) ;
#6440 = CARTESIAN_POINT ( 'NONE',  ( 0.000000000000000000, 0.000000000000000000, 8.050000000000000711 ) ) ;
#6441 = FACE_OUTER_BOUND ( 'NONE', #4204, .T. ) ;
#6442 = AXIS2_PLACEMENT_3D ( 'NONE', #4385, #3455, #397 ) ;
#6443 = EDGE_LOOP ( 'NONE', ( #4328, #2972, #5708, #1852 ) ) ;
#6444 = ORIENTED_EDGE ( 'NONE', *, *, #737, .F. ) ;
#6445 = CYLINDRICAL_SURFACE ( 'NONE', #1770, 2.265437129225214008 ) ;
#6446 = VECTOR ( 'NONE', #297, 1000.000000000000000 ) ;
#6447 = AXIS2_PLACEMENT_3D ( 'NONE', #2362, #4466, #1893 ) ;
#6448 = DIRECTION ( 'NONE',  ( -0.000000000000000000, -0.000000000000000000, -1.000000000000000000 ) ) ;
#6449 = AXIS2_PLACEMENT_3D ( 'NONE', #5814, #5849, #1313 ) ;
#6450 = CARTESIAN_POINT ( 'NONE',  ( 0.000000000000000000, 0.000000000000000000, -2.698918212968115071 ) ) ;
#6451 = EDGE_CURVE ( 'NONE', #5836, #986, #326, .T. ) ;
#6452 = CARTESIAN_POINT ( 'NONE',  ( -2.101900007112964541, 0.000000000000000000, 17.24663796789311476 ) ) ;
#6453 = AXIS2_PLACEMENT_3D ( 'NONE', #5096, #1095, #1496 ) ;
#6454 = DIRECTION ( 'NONE',  ( -1.000000000000000000, 0.000000000000000000, 0.000000000000000000 ) ) ;
#6455 = EDGE_LOOP ( 'NONE', ( #5338, #4098, #6012, #5188 ) ) ;
#6456 = CONICAL_SURFACE ( 'NONE', #805, 1.999999999999235500, 0.7653268769996891541 ) ;
#6457 = CARTESIAN_POINT ( 'NONE',  ( 0.000000000000000000, 0.000000000000000000, 30.74111742155134763 ) ) ;
#6458 = EDGE_CURVE ( 'NONE', #12, #1485, #1261, .T. ) ;
#6459 = CARTESIAN_POINT ( 'NONE',  ( 1.999999999999366063, 0.000000000000000000, 29.94111742155101297 ) ) ;
#6460 = CYLINDRICAL_SURFACE ( 'NONE', #6328, 1.999999999999389377 ) ;
#6461 = VERTEX_POINT ( 'NONE', #291 ) ;
#6462 = CARTESIAN_POINT ( 'NONE',  ( 4.953563821848447903E-15, 0.000000000000000000, 37.75000000000000000 ) ) ;
#6463 = LINE ( 'NONE', #1980, #457 ) ;
#6464 = CIRCLE ( 'NONE', #811, 2.250000000000305089 ) ;
#6465 = CIRCLE ( 'NONE', #4575, 1.900000000000001688 ) ;
#6466 = VECTOR ( 'NONE', #5566, 1000.000000000000114 ) ;
#6467 = ORIENTED_EDGE ( 'NONE', *, *, #4122, .F. ) ;
#6468 = VERTEX_POINT ( 'NONE', #1730 ) ;
#6469 = CARTESIAN_POINT ( 'NONE',  ( 1.899999999999997469, 0.000000000000000000, 8.753271633436568777 ) ) ;
#6470 = EDGE_CURVE ( 'NONE', #2883, #1162, #2638, .T. ) ;
#6471 = DIRECTION ( 'NONE',  ( -1.000000000000000000, 0.000000000000000000, 0.000000000000000000 ) ) ;
#6472 = EDGE_LOOP ( 'NONE', ( #2602, #2064, #3801, #2977 ) ) ;
#6473 = AXIS2_PLACEMENT_3D ( 'NONE', #4165, #3015, #5016 ) ;
#6474 = CARTESIAN_POINT ( 'NONE',  ( -1.999999999999368505, 2.602374448187936516E-16, 30.74111742155134763 ) ) ;
#6475 = AXIS2_PLACEMENT_3D ( 'NONE', #1801, #3692, #2306 ) ;
#6476 = DIRECTION ( 'NONE',  ( -0.000000000000000000, -0.000000000000000000, -1.000000000000000000 ) ) ;
#6477 = VECTOR ( 'NONE', #1598, 1000.000000000000000 ) ;
#6478 = ORIENTED_EDGE ( 'NONE', *, *, #4593, .T. ) ;
#6479 = CIRCLE ( 'NONE', #311, 2.250000000000635936 ) ;
#6480 = FACE_OUTER_BOUND ( 'NONE', #2743, .T. ) ;
#6481 = ORIENTED_EDGE ( 'NONE', *, *, #6063, .T. ) ;
#6482 = CARTESIAN_POINT ( 'NONE',  ( 0.000000000000000000, 0.000000000000000000, -2.698918212968115071 ) ) ;
#6483 = DIRECTION ( 'NONE',  ( 0.000000000000000000, 0.000000000000000000, 1.000000000000000000 ) ) ;
#6484 = CYLINDRICAL_SURFACE ( 'NONE', #1487, 2.350000000000011191 ) ;
#6485 = DIRECTION ( 'NONE',  ( -1.000000000000000000, 0.000000000000000000, 0.000000000000000000 ) ) ;
ENDSEC;
END-ISO-10303-21;
