ISO-10303-21;
HEADER;
FILE_DESCRIPTION (( 'STEP AP214' ),
    '1' );
FILE_NAME ('2 large nut.STEP',
    '2024-10-24T09:47:45',
    ( '' ),
    ( '' ),
    'SwSTEP 2.0',
    'SolidWorks 2018',
    '' );
FILE_SCHEMA (( 'AUTOMOTIVE_DESIGN' ));
ENDSEC;

DATA;
#1 = DIRECTION ( 'NONE',  ( -0.5045276238140675718, 1.057354597449330527E-16, -0.8633955506073277553 ) ) ;
#2 = CARTESIAN_POINT ( 'NONE',  ( -26.90028386192150123, 9.123618653647785104E-16, -7.450000000000002842 ) ) ;
#3 = CIRCLE ( 'NONE', #7352, 7.450000000000002842 ) ;
#4 = AXIS2_PLACEMENT_3D ( 'NONE', #2280, #3326, #1141 ) ;
#5 = AXIS2_PLACEMENT_3D ( 'NONE', #971, #605, #3142 ) ;
#6 = CARTESIAN_POINT ( 'NONE',  ( 0.0000000000000000000, 0.0000000000000000000, 0.0000000000000000000 ) ) ;
#7 = CARTESIAN_POINT ( 'NONE',  ( -82.27121258794144865, 8.817456953865042407E-16, -7.200000000003347722 ) ) ;
#8 = VECTOR ( 'NONE', #6850, 1000.000000000000227 ) ;
#9 = LINE ( 'NONE', #6015, #5782 ) ;
#10 = ORIENTED_EDGE ( 'NONE', *, *, #4400, .F. ) ;
#11 = DIRECTION ( 'NONE',  ( -1.000000000000000000, 0.0000000000000000000, 0.0000000000000000000 ) ) ;
#12 = EDGE_CURVE ( 'NONE', #5667, #2577, #78, .T. ) ;
#13 = DIRECTION ( 'NONE',  ( 0.6018150231520443816, 0.0000000000000000000, -0.7986355100472957158 ) ) ;
#14 = CARTESIAN_POINT ( 'NONE',  ( -60.08157296951890913, 0.0000000000000000000, 7.200000000003347722 ) ) ;
#15 = LINE ( 'NONE', #8051, #8223 ) ;
#16 = CIRCLE ( 'NONE', #6069, 6.500000000000012434 ) ;
#17 = ADVANCED_FACE ( 'NONE', ( #8020 ), #6635, .T. ) ;
#18 = ORIENTED_EDGE ( 'NONE', *, *, #5189, .F. ) ;
#19 = EDGE_CURVE ( 'NONE', #5655, #4846, #8276, .T. ) ;
#20 = EDGE_LOOP ( 'NONE', ( #4097, #6018, #4511, #6606 ) ) ;
#21 = CARTESIAN_POINT ( 'NONE',  ( -26.35745560418843780, 0.0000000000000000000, 0.0000000000000000000 ) ) ;
#22 = CARTESIAN_POINT ( 'NONE',  ( -50.43300091588812251, 0.0000000000000000000, 0.0000000000000000000 ) ) ;
#23 = FACE_OUTER_BOUND ( 'NONE', #2857, .T. ) ;
#24 = EDGE_CURVE ( 'NONE', #6947, #7292, #1646, .T. ) ;
#25 = DIRECTION ( 'NONE',  ( 0.0000000000000000000, 0.0000000000000000000, -1.000000000000000000 ) ) ;
#26 = CARTESIAN_POINT ( 'NONE',  ( -86.27150201067706803, 0.0000000000000000000, 0.0000000000000000000 ) ) ;
#27 = DIRECTION ( 'NONE',  ( 0.0000000000000000000, 0.0000000000000000000, 1.000000000000000000 ) ) ;
#28 = VECTOR ( 'NONE', #6134, 1000.000000000000000 ) ;
#29 = ORIENTED_EDGE ( 'NONE', *, *, #3154, .F. ) ;
#30 = ADVANCED_FACE ( 'NONE', ( #5163 ), #6435, .T. ) ;
#31 = ORIENTED_EDGE ( 'NONE', *, *, #6339, .F. ) ;
#32 = ORIENTED_EDGE ( 'NONE', *, *, #3117, .F. ) ;
#33 = ORIENTED_EDGE ( 'NONE', *, *, #3390, .F. ) ;
#34 = CIRCLE ( 'NONE', #3466, 7.200000000003361933 ) ;
#35 = CARTESIAN_POINT ( 'NONE',  ( 0.0000000000000000000, 9.123618653647791020E-16, 7.450000000000009059 ) ) ;
#36 = FACE_OUTER_BOUND ( 'NONE', #3085, .T. ) ;
#37 = AXIS2_PLACEMENT_3D ( 'NONE', #6960, #6945, #6908 ) ;
#38 = EDGE_LOOP ( 'NONE', ( #2172, #5935, #1448, #909 ) ) ;
#39 = CARTESIAN_POINT ( 'NONE',  ( 0.0000000000000000000, 0.0000000000000000000, 0.0000000000000000000 ) ) ;
#40 = CARTESIAN_POINT ( 'NONE',  ( 0.0000000000000000000, 0.0000000000000000000, 0.0000000000000000000 ) ) ;
#41 = EDGE_CURVE ( 'NONE', #478, #4415, #1427, .T. ) ;
#42 = ORIENTED_EDGE ( 'NONE', *, *, #6715, .F. ) ;
#43 = CARTESIAN_POINT ( 'NONE',  ( -19.34549591851357064, 0.0000000000000000000, 0.0000000000000000000 ) ) ;
#44 = ORIENTED_EDGE ( 'NONE', *, *, #4772, .F. ) ;
#45 = CYLINDRICAL_SURFACE ( 'NONE', #6809, 7.450000000000002842 ) ;
#46 = AXIS2_PLACEMENT_3D ( 'NONE', #1445, #1417, #4480 ) ;
#47 = ORIENTED_EDGE ( 'NONE', *, *, #7644, .F. ) ;
#48 = ORIENTED_EDGE ( 'NONE', *, *, #6872, .F. ) ;
#49 = DIRECTION ( 'NONE',  ( 1.000000000000000000, -0.0000000000000000000, -0.0000000000000000000 ) ) ;
#50 = CARTESIAN_POINT ( 'NONE',  ( -50.43300091588812251, 0.0000000000000000000, 7.248294035520856049 ) ) ;
#51 = ORIENTED_EDGE ( 'NONE', *, *, #5151, .F. ) ;
#52 = ORIENTED_EDGE ( 'NONE', *, *, #797, .F. ) ;
#53 = AXIS2_PLACEMENT_3D ( 'NONE', #8202, #823, #6678 ) ;
#54 = CONICAL_SURFACE ( 'NONE', #166, 7.450000000000002842, 0.9250245035569997221 ) ;
#55 = CIRCLE ( 'NONE', #2802, 7.450000000000052580 ) ;
#56 = ORIENTED_EDGE ( 'NONE', *, *, #1459, .T. ) ;
#57 = ORIENTED_EDGE ( 'NONE', *, *, #5979, .F. ) ;
#58 = ORIENTED_EDGE ( 'NONE', *, *, #5411, .T. ) ;
#59 = CARTESIAN_POINT ( 'NONE',  ( -71.64293583715290481, 7.960204194457805338E-16, 6.500000000000007105 ) ) ;
#60 = CARTESIAN_POINT ( 'NONE',  ( -96.75971941815659250, 0.0000000000000000000, -7.200000000003445422 ) ) ;
#61 = DIRECTION ( 'NONE',  ( 0.0000000000000000000, 0.0000000000000000000, 1.000000000000000000 ) ) ;
#62 = CARTESIAN_POINT ( 'NONE',  ( -39.62198214878872449, 9.123618653647881739E-16, -7.450000000000082778 ) ) ;
#63 = AXIS2_PLACEMENT_3D ( 'NONE', #3698, #3660, #3639 ) ;
#64 = AXIS2_PLACEMENT_3D ( 'NONE', #5677, #3101, #2342 ) ;
#65 = ORIENTED_EDGE ( 'NONE', *, *, #6043, .F. ) ;
#66 = DIRECTION ( 'NONE',  ( 1.000000000000000000, -0.0000000000000000000, -0.0000000000000000000 ) ) ;
#67 = LINE ( 'NONE', #523, #8263 ) ;
#68 = DIRECTION ( 'NONE',  ( 0.0000000000000000000, 0.0000000000000000000, -1.000000000000000000 ) ) ;
#69 = ORIENTED_EDGE ( 'NONE', *, *, #1867, .T. ) ;
#70 = ORIENTED_EDGE ( 'NONE', *, *, #525, .T. ) ;
#71 = ADVANCED_FACE ( 'NONE', ( #4972 ), #7899, .T. ) ;
#72 = CARTESIAN_POINT ( 'NONE',  ( 0.0000000000000000000, 0.0000000000000000000, -7.450000000000002842 ) ) ;
#73 = CARTESIAN_POINT ( 'NONE',  ( 0.0000000000000000000, 8.817456953865076920E-16, 7.200000000003375256 ) ) ;
#74 = DIRECTION ( 'NONE',  ( 0.0000000000000000000, 0.0000000000000000000, -1.000000000000000000 ) ) ;
#75 = EDGE_CURVE ( 'NONE', #244, #6454, #8096, .T. ) ;
#76 = FACE_OUTER_BOUND ( 'NONE', #337, .T. ) ;
#77 = FACE_OUTER_BOUND ( 'NONE', #5465, .T. ) ;
#78 = CIRCLE ( 'NONE', #4088, 6.500000000000012434 ) ;
#79 = CARTESIAN_POINT ( 'NONE',  ( -65.59121594121948817, 7.960204194457805338E-16, 6.500000000000007105 ) ) ;
#80 = CARTESIAN_POINT ( 'NONE',  ( -70.67236190065843005, 0.0000000000000000000, -7.200000000003333511 ) ) ;
#81 = ADVANCED_FACE ( 'NONE', ( #6838 ), #4536, .T. ) ;
#82 = CARTESIAN_POINT ( 'NONE',  ( -47.09540270340816193, 0.0000000000000000000, 0.0000000000000000000 ) ) ;
#83 = EDGE_CURVE ( 'NONE', #4638, #5622, #6243, .T. ) ;
#84 = DIRECTION ( 'NONE',  ( 0.0000000000000000000, 0.0000000000000000000, -1.000000000000000000 ) ) ;
#85 = CARTESIAN_POINT ( 'NONE',  ( -14.06628488821304579, 0.0000000000000000000, 0.0000000000000000000 ) ) ;
#86 = VECTOR ( 'NONE', #7670, 1000.000000000000227 ) ;
#87 = VECTOR ( 'NONE', #1461, 1000.000000000000000 ) ;
#88 = ORIENTED_EDGE ( 'NONE', *, *, #6357, .F. ) ;
#89 = CARTESIAN_POINT ( 'NONE',  ( -69.62569587184177067, 0.0000000000000000000, 0.0000000000000000000 ) ) ;
#90 = EDGE_CURVE ( 'NONE', #5908, #2977, #1215, .T. ) ;
#91 = DIRECTION ( 'NONE',  ( 0.8110638189892164229, 7.163665443099581461E-17, 0.5849576749873681702 ) ) ;
#92 = CARTESIAN_POINT ( 'NONE',  ( -59.53949604528606443, 8.388830574161415984E-16, 6.500000000000007105 ) ) ;
#93 = DIRECTION ( 'NONE',  ( 0.0000000000000000000, 0.0000000000000000000, -1.000000000000000000 ) ) ;
#94 = CARTESIAN_POINT ( 'NONE',  ( -89.72971450917985692, 0.0000000000000000000, 0.0000000000000000000 ) ) ;
#95 = FACE_OUTER_BOUND ( 'NONE', #681, .T. ) ;
#96 = EDGE_CURVE ( 'NONE', #1089, #467, #1845, .T. ) ;
#97 = CLOSED_SHELL ( 'NONE', ( #733, #1857, #4374, #1737, #7821, #756, #2112, #2309, #3325, #5324, #6114, #5165, #2674, #4118, #7828, #1733, #8386, #1607, #4590, #818, #1340, #5293, #5202, #7051, #1957, #3229, #2531, #1421, #335, #3878, #1770, #5829, #8072, #3733, #4683, #7296, #1979, #5614, #4036, #3644, #1652, #3187, #5579, #1430, #7422, #1125, #7345, #5177, #3772, #7384, #7858, #8116, #4649, #5459, #7714, #3741, #5413, #771, #1460, #1152, #2658, #4692, #1826, #3137, #7794, #2129, #5865, #7104, #210, #5131, #7058, #1240, #6446, #3837, #5253, #3432, #3394, #6534, #81, #4426, #6319, #1683, #4382, #6358, #5982, #6561, #5084, #5017, #7627, #5119, #3062, #5856, #4601, #2432, #4419, #6598, #6023, #7133, #3100, #686, #4507, #547, #3315, #1520, #3991, #6237, #1278, #6271, #3693, #4342, #3023, #7462, #611, #6309, #6158, #6772, #4129, #4161, #3485, #7311, #4788, #2795, #8150, #7262, #3404, #2043, #30, #4004, #643, #3279, #4562, #5213, #8196, #4520, #8272, #1162, #3786, #1775, #7538, #6933, #8159, #937, #7902, #3202, #6473, #3532, #7544, #4739, #2175, #2079, #7216, #7706, #994, #4048, #1946, #5374, #8344, #5537, #3145, #167, #7912, #5400, #421, #2738, #7176, #2030, #7525, #4779, #5686, #2750, #2215, #17, #2582, #5736, #4465, #300, #1563, #1865, #3963, #6391, #7141, #8297, #1203, #558, #2836, #4831, #7577, #6186, #4296, #3826, #7012, #3364, #4751, #2610, #2360, #3051, #4878, #600, #1069, #6348, #5779, #1293, #6032, #728, #1814, #6608, #506, #2269, #7989, #6401, #6683, #1905, #7620, #6942, #7746, #845, #7591, #6820, #2968, #5052, #8303, #6570, #6970, #5635, #6979, #3109, #7664, #3353, #8026, #2620, #6075, #1246, #6521, #2927, #4253, #1329, #1363, #3442, #1894, #3558, #5816, #2712, #8218, #5665, #1989, #459, #5260, #6737, #2380, #388, #71, #5492, #252, #5770, #5040, #7020, #514, #1465, #8228, #6436, #2787, #2406, #6893, #1084, #3925, #8127, #1703, #7251, #5744, #6643, #2572, #4553, #7226, #7738, #4659, #7783, #4919, #3035, #8265, #4458, #5988, #2519, #7167, #7506, #3271, #3610, #121, #5287, #8393, #5334, #5693, #2487, #8190, #5957, #1032, #2445, #110, #2880, #8356, #7942, #5945, #5905, #5894, #903, #4079, #7092, #4357, #416, #5091, #5656, #2495, #3915, #3239, #5001, #6654, #4964, #6860, #1375, #2399, #2703, #4070, #7652, #3868, #476, #7870, #4214, #6484, #5366, #3959, #2068, #697, #637, #1210, #1119 ) ) ;
#98 = ORIENTED_EDGE ( 'NONE', *, *, #534, .F. ) ;
#99 = EDGE_CURVE ( 'NONE', #7635, #1540, #4760, .T. ) ;
#100 = VECTOR ( 'NONE', #3488, 1000.000000000000114 ) ;
#101 = DIRECTION ( 'NONE',  ( 0.0000000000000000000, 0.0000000000000000000, -1.000000000000000000 ) ) ;
#102 = DIRECTION ( 'NONE',  ( 0.0000000000000000000, 0.0000000000000000000, -1.000000000000000000 ) ) ;
#103 = DIRECTION ( 'NONE',  ( 1.000000000000000000, -0.0000000000000000000, -0.0000000000000000000 ) ) ;
#104 = CARTESIAN_POINT ( 'NONE',  ( 0.0000000000000000000, 0.0000000000000000000, -6.500000000000006217 ) ) ;
#105 = AXIS2_PLACEMENT_3D ( 'NONE', #7519, #7976, #7580 ) ;
#106 = ADVANCED_BREP_SHAPE_REPRESENTATION ( '2 large nut', ( #375, #6864 ), #2526 ) ;
#107 = FACE_OUTER_BOUND ( 'NONE', #6917, .T. ) ;
#108 = CARTESIAN_POINT ( 'NONE',  ( -75.67741576777518731, 8.388830574161415984E-16, 6.500000000000007105 ) ) ;
#109 = DIRECTION ( 'NONE',  ( 0.0000000000000000000, 0.0000000000000000000, 1.000000000000000000 ) ) ;
#110 = ADVANCED_FACE ( 'NONE', ( #7704 ), #4127, .T. ) ;
#111 = AXIS2_PLACEMENT_3D ( 'NONE', #4839, #4708, #5020 ) ;
#112 = AXIS2_PLACEMENT_3D ( 'NONE', #4279, #3055, #3519 ) ;
#113 = EDGE_LOOP ( 'NONE', ( #5918, #2858, #5373, #8362 ) ) ;
#114 = CYLINDRICAL_SURFACE ( 'NONE', #6487, 7.200000000003340617 ) ;
#115 = DIRECTION ( 'NONE',  ( 0.0000000000000000000, 0.0000000000000000000, 1.000000000000000000 ) ) ;
#116 = FACE_OUTER_BOUND ( 'NONE', #5962, .T. ) ;
#117 = CARTESIAN_POINT ( 'NONE',  ( -22.69310805051658164, 0.0000000000000000000, 0.0000000000000000000 ) ) ;
#118 = CARTESIAN_POINT ( 'NONE',  ( -64.62064200472499920, 0.0000000000000000000, -7.200000000003333511 ) ) ;
#119 = CARTESIAN_POINT ( 'NONE',  ( 0.0000000000000000000, 0.0000000000000000000, 0.0000000000000000000 ) ) ;
#120 = VERTEX_POINT ( 'NONE', #3028 ) ;
#121 = ADVANCED_FACE ( 'NONE', ( #2379 ), #599, .T. ) ;
#122 = ORIENTED_EDGE ( 'NONE', *, *, #2276, .F. ) ;
#123 = LINE ( 'NONE', #3818, #6874 ) ;
#124 = EDGE_CURVE ( 'NONE', #1089, #6350, #2587, .T. ) ;
#125 = CONICAL_SURFACE ( 'NONE', #5489, 7.450000000000033040, 0.9250245035569996110 ) ;
#126 = CARTESIAN_POINT ( 'NONE',  ( -55.63804606567189381, 0.0000000000000000000, -6.500000000000005329 ) ) ;
#127 = DIRECTION ( 'NONE',  ( 1.000000000000000000, -0.0000000000000000000, -0.0000000000000000000 ) ) ;
#128 = DIRECTION ( 'NONE',  ( 0.0000000000000000000, 0.0000000000000000000, -1.000000000000000000 ) ) ;
#129 = EDGE_LOOP ( 'NONE', ( #7034, #4501, #2993, #3806 ) ) ;
#130 = CARTESIAN_POINT ( 'NONE',  ( -14.59549184937558941, 0.0000000000000000000, -7.450000000000002842 ) ) ;
#131 = FACE_OUTER_BOUND ( 'NONE', #4792, .T. ) ;
#132 = EDGE_CURVE ( 'NONE', #244, #8152, #800, .T. ) ;
#133 = VECTOR ( 'NONE', #2046, 1000.000000000000000 ) ;
#134 = ORIENTED_EDGE ( 'NONE', *, *, #4714, .F. ) ;
#135 = EDGE_CURVE ( 'NONE', #7665, #1052, #4334, .T. ) ;
#136 = EDGE_LOOP ( 'NONE', ( #7764, #1275, #1496, #8337 ) ) ;
#137 = CIRCLE ( 'NONE', #2412, 7.200000000000361666 ) ;
#138 = CYLINDRICAL_SURFACE ( 'NONE', #7684, 7.450000000000078337 ) ;
#139 = ORIENTED_EDGE ( 'NONE', *, *, #2670, .F. ) ;
#140 = EDGE_CURVE ( 'NONE', #1300, #5280, #1013, .T. ) ;
#141 = CARTESIAN_POINT ( 'NONE',  ( -15.13832010710865283, 0.0000000000000000000, 0.0000000000000000000 ) ) ;
#142 = ORIENTED_EDGE ( 'NONE', *, *, #1318, .T. ) ;
#143 = ORIENTED_EDGE ( 'NONE', *, *, #4315, .T. ) ;
#144 = EDGE_LOOP ( 'NONE', ( #2034, #5808, #3798, #7134 ) ) ;
#145 = EDGE_CURVE ( 'NONE', #8157, #7283, #5649, .T. ) ;
#146 = CARTESIAN_POINT ( 'NONE',  ( 0.0000000000000000000, 0.0000000000000000000, -6.500000000000006217 ) ) ;
#147 = LINE ( 'NONE', #6428, #3481 ) ;
#148 = ORIENTED_EDGE ( 'NONE', *, *, #4319, .F. ) ;
#149 = CARTESIAN_POINT ( 'NONE',  ( 0.0000000000000000000, 9.123618653647785104E-16, 7.450000000000002842 ) ) ;
#150 = VERTEX_POINT ( 'NONE', #862 ) ;
#151 = EDGE_LOOP ( 'NONE', ( #1124, #5429, #2841, #1588 ) ) ;
#152 = DIRECTION ( 'NONE',  ( 1.000000000000000000, -0.0000000000000000000, -0.0000000000000000000 ) ) ;
#153 = ORIENTED_EDGE ( 'NONE', *, *, #594, .T. ) ;
#154 = ORIENTED_EDGE ( 'NONE', *, *, #5818, .F. ) ;
#155 = CYLINDRICAL_SURFACE ( 'NONE', #7569, 7.450000000000002842 ) ;
#156 = LINE ( 'NONE', #426, #3690 ) ;
#157 = AXIS2_PLACEMENT_3D ( 'NONE', #8076, #7948, #7876 ) ;
#158 = CARTESIAN_POINT ( 'NONE',  ( -22.15027979278351822, 0.0000000000000000000, 0.0000000000000000000 ) ) ;
#159 = CARTESIAN_POINT ( 'NONE',  ( 0.0000000000000000000, 0.0000000000000000000, 0.0000000000000000000 ) ) ;
#160 = EDGE_LOOP ( 'NONE', ( #6424, #5546, #5031, #5049 ) ) ;
#161 = ORIENTED_EDGE ( 'NONE', *, *, #6387, .T. ) ;
#162 = CARTESIAN_POINT ( 'NONE',  ( 0.0000000000000000000, 7.960204194457809282E-16, 6.500000000000010658 ) ) ;
#163 = ORIENTED_EDGE ( 'NONE', *, *, #1909, .T. ) ;
#164 = FACE_OUTER_BOUND ( 'NONE', #3401, .T. ) ;
#165 = LINE ( 'NONE', #6416, #3916 ) ;
#166 = AXIS2_PLACEMENT_3D ( 'NONE', #2516, #2544, #2542 ) ;
#167 = ADVANCED_FACE ( 'NONE', ( #393 ), #182, .T. ) ;
#168 = CARTESIAN_POINT ( 'NONE',  ( -44.64504213944225341, 0.0000000000000000000, 0.0000000000000000000 ) ) ;
#169 = DIRECTION ( 'NONE',  ( 0.8110638189892053207, 7.163665443099772513E-17, 0.5849576749873837134 ) ) ;
#170 = ORIENTED_EDGE ( 'NONE', *, *, #8183, .T. ) ;
#171 = CARTESIAN_POINT ( 'NONE',  ( -34.83441400990606951, 0.0000000000000000000, 0.0000000000000000000 ) ) ;
#172 = CARTESIAN_POINT ( 'NONE',  ( -80.25397262263031450, 0.0000000000000000000, 0.0000000000000000000 ) ) ;
#173 = AXIS2_PLACEMENT_3D ( 'NONE', #3209, #3236, #4481 ) ;
#174 = CARTESIAN_POINT ( 'NONE',  ( -82.27121258794144865, 0.0000000000000000000, 0.0000000000000000000 ) ) ;
#175 = ORIENTED_EDGE ( 'NONE', *, *, #2287, .T. ) ;
#176 = FACE_OUTER_BOUND ( 'NONE', #688, .T. ) ;
#177 = CARTESIAN_POINT ( 'NONE',  ( -35.70649904588952950, 0.0000000000000000000, 0.0000000000000000000 ) ) ;
#178 = CARTESIAN_POINT ( 'NONE',  ( -64.11605290014118452, 0.0000000000000000000, 0.0000000000000000000 ) ) ;
#179 = VECTOR ( 'NONE', #3654, 1000.000000000000000 ) ;
#180 = AXIS2_PLACEMENT_3D ( 'NONE', #5758, #5573, #6059 ) ;
#181 = AXIS2_PLACEMENT_3D ( 'NONE', #8210, #8253, #7640 ) ;
#182 = CONICAL_SURFACE ( 'NONE', #810, 6.729642571546104790, 0.9250245035569997221 ) ;
#183 = DIRECTION ( 'NONE',  ( 1.000000000000000000, -0.0000000000000000000, -0.0000000000000000000 ) ) ;
#184 = DIRECTION ( 'NONE',  ( 0.0000000000000000000, 0.0000000000000000000, -1.000000000000000000 ) ) ;
#185 = DIRECTION ( 'NONE',  ( 1.000000000000000000, -0.0000000000000000000, -0.0000000000000000000 ) ) ;
#186 = CARTESIAN_POINT ( 'NONE',  ( -23.00984347218542680, 0.0000000000000000000, 0.0000000000000000000 ) ) ;
#187 = LINE ( 'NONE', #5507, #1739 ) ;
#188 = FACE_OUTER_BOUND ( 'NONE', #4614, .T. ) ;
#189 = ORIENTED_EDGE ( 'NONE', *, *, #3487, .F. ) ;
#190 = DIRECTION ( 'NONE',  ( -1.000000000000000000, 0.0000000000000000000, 0.0000000000000000000 ) ) ;
#191 = ORIENTED_EDGE ( 'NONE', *, *, #3987, .T. ) ;
#192 = EDGE_CURVE ( 'NONE', #5204, #7806, #3712, .T. ) ;
#193 = CIRCLE ( 'NONE', #1612, 14.30000000000000071 ) ;
#194 = ORIENTED_EDGE ( 'NONE', *, *, #4259, .T. ) ;
#195 = ORIENTED_EDGE ( 'NONE', *, *, #4361, .T. ) ;
#196 = CARTESIAN_POINT ( 'NONE',  ( -12.25000000000000000, 0.0000000000000000000, 7.349999999999999645 ) ) ;
#197 = EDGE_CURVE ( 'NONE', #5207, #3954, #5843, .T. ) ;
#198 = DIRECTION ( 'NONE',  ( 1.000000000000000000, -0.0000000000000000000, -0.0000000000000000000 ) ) ;
#199 = CYLINDRICAL_SURFACE ( 'NONE', #1937, 6.500000000000010658 ) ;
#200 = DIRECTION ( 'NONE',  ( 1.000000000000000000, -0.0000000000000000000, -0.0000000000000000000 ) ) ;
#201 = DIRECTION ( 'NONE',  ( 1.000000000000000000, -0.0000000000000000000, -0.0000000000000000000 ) ) ;
#202 = ORIENTED_EDGE ( 'NONE', *, *, #6439, .F. ) ;
#203 = DIRECTION ( 'NONE',  ( 0.0000000000000000000, 0.0000000000000000000, -1.000000000000000000 ) ) ;
#204 = DIRECTION ( 'NONE',  ( 1.000000000000000000, -0.0000000000000000000, -0.0000000000000000000 ) ) ;
#205 = CARTESIAN_POINT ( 'NONE',  ( -78.74132176190299504, 0.0000000000000000000, 0.0000000000000000000 ) ) ;
#206 = EDGE_LOOP ( 'NONE', ( #6222, #3477, #1396, #6651 ) ) ;
#207 = AXIS2_PLACEMENT_3D ( 'NONE', #3458, #3525, #3468 ) ;
#208 = VECTOR ( 'NONE', #6422, 1000.000000000000000 ) ;
#209 = CARTESIAN_POINT ( 'NONE',  ( 0.0000000000000000000, 0.0000000000000000000, -7.450000000000003730 ) ) ;
#210 = ADVANCED_FACE ( 'NONE', ( #1945 ), #3516, .T. ) ;
#211 = EDGE_CURVE ( 'NONE', #2914, #7665, #5263, .T. ) ;
#212 = CARTESIAN_POINT ( 'NONE',  ( -96.27222556751610227, 0.0000000000000000000, 0.0000000000000000000 ) ) ;
#213 = DIRECTION ( 'NONE',  ( 0.0000000000000000000, 0.0000000000000000000, 1.000000000000000000 ) ) ;
#214 = ORIENTED_EDGE ( 'NONE', *, *, #7342, .F. ) ;
#215 = LINE ( 'NONE', #3720, #5292 ) ;
#216 = CARTESIAN_POINT ( 'NONE',  ( -33.41950071618953899, 8.682526944148790544E-16, 6.729642571546141205 ) ) ;
#217 = AXIS2_PLACEMENT_3D ( 'NONE', #2828, #2866, #2834 ) ;
#218 = DIRECTION ( 'NONE',  ( 0.0000000000000000000, 0.0000000000000000000, -1.000000000000000000 ) ) ;
#219 = CONICAL_SURFACE ( 'NONE', #6226, 6.729642571546104790, 0.9250245035569997221 ) ;
#220 = VECTOR ( 'NONE', #6033, 1000.000000000000000 ) ;
#221 = AXIS2_PLACEMENT_3D ( 'NONE', #2588, #2195, #2169 ) ;
#222 = AXIS2_PLACEMENT_3D ( 'NONE', #3139, #565, #1166 ) ;
#223 = DIRECTION ( 'NONE',  ( 0.8110638189892164229, 0.0000000000000000000, -0.5849576749873681702 ) ) ;
#224 = VERTEX_POINT ( 'NONE', #6201 ) ;
#225 = DIRECTION ( 'NONE',  ( 1.000000000000000000, -0.0000000000000000000, -0.0000000000000000000 ) ) ;
#226 = DIRECTION ( 'NONE',  ( 1.000000000000000000, -0.0000000000000000000, -0.0000000000000000000 ) ) ;
#227 = DIRECTION ( 'NONE',  ( 0.0000000000000000000, 0.0000000000000000000, -1.000000000000000000 ) ) ;
#228 = CARTESIAN_POINT ( 'NONE',  ( -96.27222556751610227, 0.0000000000000000000, 0.0000000000000000000 ) ) ;
#229 = VECTOR ( 'NONE', #5898, 1000.000000000000114 ) ;
#230 = DIRECTION ( 'NONE',  ( 0.0000000000000000000, 0.0000000000000000000, -1.000000000000000000 ) ) ;
#231 = DIRECTION ( 'NONE',  ( 0.0000000000000000000, 0.0000000000000000000, -1.000000000000000000 ) ) ;
#232 = DIRECTION ( 'NONE',  ( 1.000000000000000000, -0.0000000000000000000, -0.0000000000000000000 ) ) ;
#233 = ORIENTED_EDGE ( 'NONE', *, *, #5097, .T. ) ;
#234 = ORIENTED_EDGE ( 'NONE', *, *, #1691, .F. ) ;
#235 = LINE ( 'NONE', #2236, #3561 ) ;
#236 = EDGE_CURVE ( 'NONE', #6947, #224, #7121, .T. ) ;
#237 = CARTESIAN_POINT ( 'NONE',  ( -92.27193614478049710, 0.0000000000000000000, 0.0000000000000000000 ) ) ;
#238 = CIRCLE ( 'NONE', #7529, 6.907047484595389086 ) ;
#239 = CARTESIAN_POINT ( 'NONE',  ( -78.74132176190299504, 8.817456953865030574E-16, 7.200000000003333511 ) ) ;
#240 = CARTESIAN_POINT ( 'NONE',  ( -53.48777614935264069, 0.0000000000000000000, 0.0000000000000000000 ) ) ;
#241 = ORIENTED_EDGE ( 'NONE', *, *, #930, .F. ) ;
#242 = CARTESIAN_POINT ( 'NONE',  ( -29.17476083503994388, 0.0000000000000000000, 0.0000000000000000000 ) ) ;
#243 = EDGE_CURVE ( 'NONE', #5704, #6748, #6927, .T. ) ;
#244 = VERTEX_POINT ( 'NONE', #6745 ) ;
#245 = EDGE_LOOP ( 'NONE', ( #7667, #4206, #6575, #4842 ) ) ;
#246 = CONICAL_SURFACE ( 'NONE', #2586, 7.450000000000002842, 0.9250245035569997221 ) ;
#247 = ORIENTED_EDGE ( 'NONE', *, *, #5983, .T. ) ;
#248 = CIRCLE ( 'NONE', #7573, 7.450000000000003730 ) ;
#249 = ORIENTED_EDGE ( 'NONE', *, *, #7715, .T. ) ;
#250 = ORIENTED_EDGE ( 'NONE', *, *, #803, .T. ) ;
#251 = CARTESIAN_POINT ( 'NONE',  ( -12.25000000000000000, 9.097776492845532449E-16, -7.349999999999999645 ) ) ;
#252 = ADVANCED_FACE ( 'NONE', ( #5061 ), #4861, .T. ) ;
#253 = EDGE_CURVE ( 'NONE', #7373, #4220, #8374, .T. ) ;
#254 = DIRECTION ( 'NONE',  ( 1.000000000000000000, -0.0000000000000000000, -0.0000000000000000000 ) ) ;
#255 = DIRECTION ( 'NONE',  ( -1.000000000000000000, 0.0000000000000000000, 0.0000000000000000000 ) ) ;
#256 = ORIENTED_EDGE ( 'NONE', *, *, #2140, .F. ) ;
#257 = EDGE_LOOP ( 'NONE', ( #7549, #3443, #1092, #5474 ) ) ;
#258 = LINE ( 'NONE', #1233, #5138 ) ;
#259 = EDGE_CURVE ( 'NONE', #4130, #998, #3314, .T. ) ;
#260 = CARTESIAN_POINT ( 'NONE',  ( -42.96995370359336874, 0.0000000000000000000, 0.0000000000000000000 ) ) ;
#261 = CARTESIAN_POINT ( 'NONE',  ( -36.24932730362260003, 8.241435234649768374E-16, 6.729642571546160745 ) ) ;
#262 = EDGE_LOOP ( 'NONE', ( #5351, #4742, #4966, #4948 ) ) ;
#263 = ORIENTED_EDGE ( 'NONE', *, *, #4219, .T. ) ;
#264 = EDGE_CURVE ( 'NONE', #3877, #1624, #1531, .T. ) ;
#265 = ORIENTED_EDGE ( 'NONE', *, *, #8167, .T. ) ;
#266 = DIRECTION ( 'NONE',  ( -1.000000000000000000, 0.0000000000000000000, 0.0000000000000000000 ) ) ;
#267 = ORIENTED_EDGE ( 'NONE', *, *, #1706, .F. ) ;
#268 = FACE_OUTER_BOUND ( 'NONE', #1175, .T. ) ;
#269 = CARTESIAN_POINT ( 'NONE',  ( -63.70700592691651565, 0.0000000000000000000, 0.0000000000000000000 ) ) ;
#270 = CONICAL_SURFACE ( 'NONE', #7685, 6.500000000000007105, 0.6248278722141583641 ) ;
#271 = CARTESIAN_POINT ( 'NONE',  ( -74.70684183128071254, 0.0000000000000000000, 0.0000000000000000000 ) ) ;
#272 = ORIENTED_EDGE ( 'NONE', *, *, #3880, .F. ) ;
#273 = EDGE_LOOP ( 'NONE', ( #3985, #1708, #3426, #3392 ) ) ;
#274 = DIRECTION ( 'NONE',  ( 1.000000000000000000, -0.0000000000000000000, -0.0000000000000000000 ) ) ;
#275 = ORIENTED_EDGE ( 'NONE', *, *, #1083, .F. ) ;
#276 = AXIS2_PLACEMENT_3D ( 'NONE', #4024, #3767, #4059 ) ;
#277 = LINE ( 'NONE', #6888, #7011 ) ;
#278 = DIRECTION ( 'NONE',  ( 0.0000000000000000000, 0.0000000000000000000, -1.000000000000000000 ) ) ;
#279 = CARTESIAN_POINT ( 'NONE',  ( -12.58157168442802387, 0.0000000000000000000, 0.0000000000000000000 ) ) ;
#280 = DIRECTION ( 'NONE',  ( 1.000000000000000000, -0.0000000000000000000, -0.0000000000000000000 ) ) ;
#281 = DIRECTION ( 'NONE',  ( 1.000000000000000000, -0.0000000000000000000, -0.0000000000000000000 ) ) ;
#282 = ORIENTED_EDGE ( 'NONE', *, *, #7924, .T. ) ;
#283 = DIRECTION ( 'NONE',  ( 1.000000000000000000, -0.0000000000000000000, -0.0000000000000000000 ) ) ;
#284 = AXIS2_PLACEMENT_3D ( 'NONE', #5543, #5392, #2076 ) ;
#285 = DIRECTION ( 'NONE',  ( -0.6018150231520443816, 9.780464210648345161E-17, -0.7986355100472957158 ) ) ;
#286 = DIRECTION ( 'NONE',  ( 1.000000000000000000, -0.0000000000000000000, -0.0000000000000000000 ) ) ;
#287 = DIRECTION ( 'NONE',  ( -1.000000000000000000, 0.0000000000000000000, 0.0000000000000000000 ) ) ;
#288 = FACE_OUTER_BOUND ( 'NONE', #2020, .T. ) ;
#289 = LINE ( 'NONE', #72, #1842 ) ;
#290 = EDGE_LOOP ( 'NONE', ( #7403, #5085, #4074, #1464 ) ) ;
#291 = ORIENTED_EDGE ( 'NONE', *, *, #5658, .T. ) ;
#292 = CARTESIAN_POINT ( 'NONE',  ( -15.68114836484171448, 0.0000000000000000000, 0.0000000000000000000 ) ) ;
#293 = CARTESIAN_POINT ( 'NONE',  ( -28.30267579905647324, 0.0000000000000000000, 7.450000000000003730 ) ) ;
#294 = DIRECTION ( 'NONE',  ( 0.0000000000000000000, 0.0000000000000000000, -1.000000000000000000 ) ) ;
#295 = AXIS2_PLACEMENT_3D ( 'NONE', #4482, #4354, #4408 ) ;
#296 = AXIS2_PLACEMENT_3D ( 'NONE', #6472, #6453, #6361 ) ;
#297 = DIRECTION ( 'NONE',  ( 0.0000000000000000000, 0.0000000000000000000, -1.000000000000000000 ) ) ;
#298 = CIRCLE ( 'NONE', #8097, 7.200000000003333511 ) ;
#299 = EDGE_LOOP ( 'NONE', ( #2812, #1225, #3433, #6627 ) ) ;
#300 = ADVANCED_FACE ( 'NONE', ( #1320 ), #1110, .T. ) ;
#301 = DIRECTION ( 'NONE',  ( 0.0000000000000000000, 0.0000000000000000000, -1.000000000000000000 ) ) ;
#302 = ORIENTED_EDGE ( 'NONE', *, *, #6941, .F. ) ;
#303 = CARTESIAN_POINT ( 'NONE',  ( 0.0000000000000000000, 0.0000000000000000000, -14.30000000000000071 ) ) ;
#304 = CYLINDRICAL_SURFACE ( 'NONE', #427, 7.200000000000362554 ) ;
#305 = ORIENTED_EDGE ( 'NONE', *, *, #4042, .F. ) ;
#306 = VERTEX_POINT ( 'NONE', #3955 ) ;
#307 = DIRECTION ( 'NONE',  ( 1.000000000000000000, -0.0000000000000000000, -0.0000000000000000000 ) ) ;
#308 = EDGE_CURVE ( 'NONE', #2640, #2977, #4647, .T. ) ;
#309 = CYLINDRICAL_SURFACE ( 'NONE', #2095, 7.450000000000027711 ) ;
#310 = CARTESIAN_POINT ( 'NONE',  ( -49.75000000000000000, 0.0000000000000000000, -7.099999999999999645 ) ) ;
#311 = DIRECTION ( 'NONE',  ( -0.5045276238140548042, 1.057354597449339771E-16, -0.8633955506073353048 ) ) ;
#312 = EDGE_CURVE ( 'NONE', #8061, #7408, #6538, .T. ) ;
#313 = DIRECTION ( 'NONE',  ( 0.0000000000000000000, 0.0000000000000000000, -1.000000000000000000 ) ) ;
#314 = DIRECTION ( 'NONE',  ( 1.000000000000000000, -0.0000000000000000000, -0.0000000000000000000 ) ) ;
#315 = EDGE_CURVE ( 'NONE', #6451, #6895, #2894, .T. ) ;
#316 = ORIENTED_EDGE ( 'NONE', *, *, #5295, .T. ) ;
#317 = CIRCLE ( 'NONE', #3758, 6.500000000000005329 ) ;
#318 = DIRECTION ( 'NONE',  ( 1.000000000000000000, -0.0000000000000000000, -0.0000000000000000000 ) ) ;
#319 = CARTESIAN_POINT ( 'NONE',  ( 0.0000000000000000000, 0.0000000000000000000, 0.0000000000000000000 ) ) ;
#320 = DIRECTION ( 'NONE',  ( 0.0000000000000000000, 0.0000000000000000000, -1.000000000000000000 ) ) ;
#321 = CARTESIAN_POINT ( 'NONE',  ( 0.0000000000000000000, 0.0000000000000000000, 0.0000000000000000000 ) ) ;
#322 = CARTESIAN_POINT ( 'NONE',  ( -87.72956979781204723, 7.960204194457809282E-16, 6.500000000000010658 ) ) ;
#323 = AXIS2_PLACEMENT_3D ( 'NONE', #4112, #4135, #4104 ) ;
#324 = CIRCLE ( 'NONE', #2124, 7.200000000003347722 ) ;
#325 = CARTESIAN_POINT ( 'NONE',  ( -53.48777614935264069, 0.0000000000000000000, -6.500000000000007105 ) ) ;
#326 = DIRECTION ( 'NONE',  ( 1.000000000000000000, -0.0000000000000000000, -0.0000000000000000000 ) ) ;
#327 = DIRECTION ( 'NONE',  ( 0.0000000000000000000, 0.0000000000000000000, 1.000000000000000000 ) ) ;
#328 = CONICAL_SURFACE ( 'NONE', #734, 7.200000000003361933, 1.041961563440969796 ) ;
#329 = AXIS2_PLACEMENT_3D ( 'NONE', #4566, #4532, #4531 ) ;
#330 = VERTEX_POINT ( 'NONE', #5681 ) ;
#331 = LINE ( 'NONE', #4356, #2093 ) ;
#332 = AXIS2_PLACEMENT_3D ( 'NONE', #580, #613, #551 ) ;
#333 = FACE_OUTER_BOUND ( 'NONE', #4938, .T. ) ;
#334 = DIRECTION ( 'NONE',  ( 1.000000000000000000, -0.0000000000000000000, -0.0000000000000000000 ) ) ;
#335 = ADVANCED_FACE ( 'NONE', ( #2158 ), #4425, .T. ) ;
#336 = DIRECTION ( 'NONE',  ( 1.000000000000000000, -0.0000000000000000000, -0.0000000000000000000 ) ) ;
#337 = EDGE_LOOP ( 'NONE', ( #7003, #6612, #983, #3904 ) ) ;
#338 = CARTESIAN_POINT ( 'NONE',  ( -39.62198214878872449, 0.0000000000000000000, 0.0000000000000000000 ) ) ;
#339 = CARTESIAN_POINT ( 'NONE',  ( 0.0000000000000000000, 0.0000000000000000000, 0.0000000000000000000 ) ) ;
#340 = LINE ( 'NONE', #261, #7071 ) ;
#341 = CYLINDRICAL_SURFACE ( 'NONE', #3961, 7.450000000000120082 ) ;
#342 = AXIS2_PLACEMENT_3D ( 'NONE', #2564, #2401, #2361 ) ;
#343 = AXIS2_PLACEMENT_3D ( 'NONE', #4363, #825, #7361 ) ;
#344 = ORIENTED_EDGE ( 'NONE', *, *, #1758, .T. ) ;
#345 = VERTEX_POINT ( 'NONE', #6232 ) ;
#346 = CARTESIAN_POINT ( 'NONE',  ( 0.0000000000000000000, 0.0000000000000000000, 0.0000000000000000000 ) ) ;
#347 = DIRECTION ( 'NONE',  ( 1.000000000000000000, -0.0000000000000000000, -0.0000000000000000000 ) ) ;
#348 = FACE_OUTER_BOUND ( 'NONE', #3081, .T. ) ;
#349 = DIRECTION ( 'NONE',  ( 0.6018150231520443816, 9.780464210648345161E-17, 0.7986355100472957158 ) ) ;
#350 = LINE ( 'NONE', #4238, #7859 ) ;
#351 = VERTEX_POINT ( 'NONE', #6092 ) ;
#352 = ORIENTED_EDGE ( 'NONE', *, *, #1352, .T. ) ;
#353 = VERTEX_POINT ( 'NONE', #841 ) ;
#354 = DIRECTION ( 'NONE',  ( 1.000000000000000000, -0.0000000000000000000, -0.0000000000000000000 ) ) ;
#355 = ORIENTED_EDGE ( 'NONE', *, *, #1146, .F. ) ;
#356 = ORIENTED_EDGE ( 'NONE', *, *, #5620, .T. ) ;
#357 = EDGE_CURVE ( 'NONE', #2521, #4555, #7986, .T. ) ;
#358 = ORIENTED_EDGE ( 'NONE', *, *, #1812, .F. ) ;
#359 = CIRCLE ( 'NONE', #4065, 6.729642571546104790 ) ;
#360 = ORIENTED_EDGE ( 'NONE', *, *, #819, .F. ) ;
#361 = DIRECTION ( 'NONE',  ( 0.0000000000000000000, 0.0000000000000000000, 1.000000000000000000 ) ) ;
#362 = VERTEX_POINT ( 'NONE', #6301 ) ;
#363 = ORIENTED_EDGE ( 'NONE', *, *, #2200, .T. ) ;
#364 = EDGE_CURVE ( 'NONE', #5713, #527, #2691, .T. ) ;
#365 = ORIENTED_EDGE ( 'NONE', *, *, #693, .F. ) ;
#366 = ORIENTED_EDGE ( 'NONE', *, *, #7699, .F. ) ;
#367 = CIRCLE ( 'NONE', #5895, 4.829725155218032917 ) ;
#368 = LINE ( 'NONE', #1663, #2133 ) ;
#369 = ORIENTED_EDGE ( 'NONE', *, *, #7305, .T. ) ;
#370 = AXIS2_PLACEMENT_3D ( 'NONE', #988, #8327, #8378 ) ;
#371 = ORIENTED_EDGE ( 'NONE', *, *, #5466, .T. ) ;
#372 = CARTESIAN_POINT ( 'NONE',  ( -29.17476083503994388, 8.241435234649707237E-16, 6.729642571546111007 ) ) ;
#373 = EDGE_LOOP ( 'NONE', ( #7674, #2207, #824, #5956 ) ) ;
#374 = LINE ( 'NONE', #4996, #3700 ) ;
#375 = MANIFOLD_SOLID_BREP ( 'Revolve1', #97 ) ;
#376 = EDGE_CURVE ( 'NONE', #2664, #2439, #3511, .T. ) ;
#377 = VECTOR ( 'NONE', #942, 1000.000000000000000 ) ;
#378 = VERTEX_POINT ( 'NONE', #4787 ) ;
#379 = ORIENTED_EDGE ( 'NONE', *, *, #7637, .T. ) ;
#380 = ORIENTED_EDGE ( 'NONE', *, *, #4414, .T. ) ;
#381 = EDGE_CURVE ( 'NONE', #2979, #6312, #5259, .T. ) ;
#382 = DIRECTION ( 'NONE',  ( 1.000000000000000000, -0.0000000000000000000, -0.0000000000000000000 ) ) ;
#383 = CARTESIAN_POINT ( 'NONE',  ( 0.0000000000000000000, 0.0000000000000000000, -6.500000000000010658 ) ) ;
#384 = CARTESIAN_POINT ( 'NONE',  ( -36.24932730362260003, 0.0000000000000000000, 0.0000000000000000000 ) ) ;
#385 = CARTESIAN_POINT ( 'NONE',  ( -32.00458742247300137, 0.0000000000000000000, -6.729642571546130547 ) ) ;
#386 = DIRECTION ( 'NONE',  ( 1.000000000000000000, -0.0000000000000000000, -0.0000000000000000000 ) ) ;
#387 = DIRECTION ( 'NONE',  ( 1.000000000000000000, -0.0000000000000000000, -0.0000000000000000000 ) ) ;
#388 = ADVANCED_FACE ( 'NONE', ( #1732 ), #1524, .T. ) ;
#389 = CARTESIAN_POINT ( 'NONE',  ( -17.08354030197668649, 0.0000000000000000000, 7.450000000000002842 ) ) ;
#390 = LINE ( 'NONE', #2047, #1940 ) ;
#391 = CARTESIAN_POINT ( 'NONE',  ( 0.0000000000000000000, 0.0000000000000000000, 0.0000000000000000000 ) ) ;
#392 = LINE ( 'NONE', #2667, #6926 ) ;
#393 = FACE_OUTER_BOUND ( 'NONE', #5858, .T. ) ;
#394 = AXIS2_PLACEMENT_3D ( 'NONE', #5160, #5152, #5136 ) ;
#395 = CARTESIAN_POINT ( 'NONE',  ( -67.74148585753881946, 0.0000000000000000000, -6.500000000000005329 ) ) ;
#396 = CARTESIAN_POINT ( 'NONE',  ( -15.68114836484171448, 0.0000000000000000000, 7.450000000000002842 ) ) ;
#397 = FACE_OUTER_BOUND ( 'NONE', #6723, .T. ) ;
#398 = CYLINDRICAL_SURFACE ( 'NONE', #1838, 7.200000000003340617 ) ;
#399 = AXIS2_PLACEMENT_3D ( 'NONE', #4894, #4362, #5114 ) ;
#400 = AXIS2_PLACEMENT_3D ( 'NONE', #3840, #5406, #3811 ) ;
#401 = ORIENTED_EDGE ( 'NONE', *, *, #638, .T. ) ;
#402 = PRODUCT_DEFINITION_CONTEXT ( 'detailed design', #5694, 'design' ) ;
#403 = CYLINDRICAL_SURFACE ( 'NONE', #1151, 6.500000000000006217 ) ;
#404 = VERTEX_POINT ( 'NONE', #3864 ) ;
#405 = ORIENTED_EDGE ( 'NONE', *, *, #5200, .T. ) ;
#406 = ORIENTED_EDGE ( 'NONE', *, *, #6509, .F. ) ;
#407 = DIRECTION ( 'NONE',  ( 1.000000000000000000, -0.0000000000000000000, -0.0000000000000000000 ) ) ;
#408 = EDGE_CURVE ( 'NONE', #3794, #6011, #3310, .T. ) ;
#409 = DIRECTION ( 'NONE',  ( 0.0000000000000000000, 0.0000000000000000000, -1.000000000000000000 ) ) ;
#410 = CIRCLE ( 'NONE', #157, 6.500000000000007105 ) ;
#411 = ORIENTED_EDGE ( 'NONE', *, *, #1478, .F. ) ;
#412 = EDGE_CURVE ( 'NONE', #7000, #4554, #6727, .T. ) ;
#413 = CIRCLE ( 'NONE', #927, 6.500000000000008882 ) ;
#414 = EDGE_CURVE ( 'NONE', #353, #3226, #8176, .T. ) ;
#415 = DIRECTION ( 'NONE',  ( 1.000000000000000000, -0.0000000000000000000, -0.0000000000000000000 ) ) ;
#416 = ADVANCED_FACE ( 'NONE', ( #6922 ), #6322, .T. ) ;
#417 = EDGE_CURVE ( 'NONE', #4933, #660, #3098, .T. ) ;
#418 = CARTESIAN_POINT ( 'NONE',  ( -89.86274446018727247, 7.960204194457808296E-16, 6.500000000000008882 ) ) ;
#419 = EDGE_CURVE ( 'NONE', #1311, #330, #6533, .T. ) ;
#420 = CARTESIAN_POINT ( 'NONE',  ( -60.08157296951890913, 0.0000000000000000000, 0.0000000000000000000 ) ) ;
#421 = ADVANCED_FACE ( 'NONE', ( #7982 ), #891, .T. ) ;
#422 = CARTESIAN_POINT ( 'NONE',  ( -58.56892210879158256, 0.0000000000000000000, 0.0000000000000000000 ) ) ;
#423 = CONICAL_SURFACE ( 'NONE', #5385, 7.450000000000002842, 0.9250245035569997221 ) ;
#424 = CARTESIAN_POINT ( 'NONE',  ( -12.25000000000000000, 0.0000000000000000000, 0.0000000000000000000 ) ) ;
#425 = FACE_OUTER_BOUND ( 'NONE', #722, .T. ) ;
#426 = CARTESIAN_POINT ( 'NONE',  ( -12.58157168442802387, 0.0000000000000000000, 7.507796548653469237 ) ) ;
#427 = AXIS2_PLACEMENT_3D ( 'NONE', #2060, #6476, #592 ) ;
#428 = ORIENTED_EDGE ( 'NONE', *, *, #6531, .T. ) ;
#429 = DIRECTION ( 'NONE',  ( 1.000000000000000000, -0.0000000000000000000, -0.0000000000000000000 ) ) ;
#430 = CARTESIAN_POINT ( 'NONE',  ( 0.0000000000000000000, 0.0000000000000000000, -7.450000000000049027 ) ) ;
#431 = VECTOR ( 'NONE', #274, 1000.000000000000000 ) ;
#432 = AXIS2_PLACEMENT_3D ( 'NONE', #8370, #8333, #7239 ) ;
#433 = ORIENTED_EDGE ( 'NONE', *, *, #2760, .T. ) ;
#434 = ORIENTED_EDGE ( 'NONE', *, *, #1295, .F. ) ;
#435 = VECTOR ( 'NONE', #2508, 1000.000000000000227 ) ;
#436 = AXIS2_PLACEMENT_3D ( 'NONE', #8388, #7116, #6995 ) ;
#437 = FACE_OUTER_BOUND ( 'NONE', #7868, .T. ) ;
#438 = ORIENTED_EDGE ( 'NONE', *, *, #7946, .T. ) ;
#439 = CARTESIAN_POINT ( 'NONE',  ( 0.0000000000000000000, 9.123618653647927099E-16, 7.450000000000120082 ) ) ;
#440 = EDGE_LOOP ( 'NONE', ( #275, #7979, #195, #1003 ) ) ;
#441 = EDGE_LOOP ( 'NONE', ( #2004, #5619, #8053, #964 ) ) ;
#442 = EDGE_LOOP ( 'NONE', ( #7077, #3084, #6013, #2663 ) ) ;
#443 = FACE_OUTER_BOUND ( 'NONE', #7026, .T. ) ;
#444 = AXIS2_PLACEMENT_3D ( 'NONE', #6660, #772, #3713 ) ;
#445 = AXIS2_PLACEMENT_3D ( 'NONE', #636, #3258, #663 ) ;
#446 = ORIENTED_EDGE ( 'NONE', *, *, #2876, .T. ) ;
#447 = DIRECTION ( 'NONE',  ( 1.000000000000000000, -0.0000000000000000000, -0.0000000000000000000 ) ) ;
#448 = LINE ( 'NONE', #6744, #2231 ) ;
#449 = ORIENTED_EDGE ( 'NONE', *, *, #7179, .F. ) ;
#450 = ORIENTED_EDGE ( 'NONE', *, *, #7387, .T. ) ;
#451 = EDGE_LOOP ( 'NONE', ( #1105, #5800, #658, #57 ) ) ;
#452 = DIRECTION ( 'NONE',  ( 1.000000000000000000, -0.0000000000000000000, -0.0000000000000000000 ) ) ;
#453 = CARTESIAN_POINT ( 'NONE',  ( -49.75000000000000000, 8.694992273946207746E-16, 7.099999999999999645 ) ) ;
#454 = ORIENTED_EDGE ( 'NONE', *, *, #1074, .T. ) ;
#455 = CARTESIAN_POINT ( 'NONE',  ( -66.13329286545233288, 0.0000000000000000000, 0.0000000000000000000 ) ) ;
#456 = DIRECTION ( 'NONE',  ( 0.0000000000000000000, 0.0000000000000000000, -1.000000000000000000 ) ) ;
#457 = VECTOR ( 'NONE', #4075, 1000.000000000000000 ) ;
#458 = DIRECTION ( 'NONE',  ( 1.000000000000000000, -0.0000000000000000000, -0.0000000000000000000 ) ) ;
#459 = ADVANCED_FACE ( 'NONE', ( #1102 ), #4639, .T. ) ;
#460 = ORIENTED_EDGE ( 'NONE', *, *, #5762, .T. ) ;
#461 = ORIENTED_EDGE ( 'NONE', *, *, #7968, .F. ) ;
#462 = CARTESIAN_POINT ( 'NONE',  ( -60.58616207410272381, 0.0000000000000000000, 0.0000000000000000000 ) ) ;
#463 = EDGE_CURVE ( 'NONE', #7404, #572, #6141, .T. ) ;
#464 = CARTESIAN_POINT ( 'NONE',  ( -53.48777614935264069, 0.0000000000000000000, -6.500000000000007105 ) ) ;
#465 = DIRECTION ( 'NONE',  ( 1.000000000000000000, -0.0000000000000000000, -0.0000000000000000000 ) ) ;
#466 = VERTEX_POINT ( 'NONE', #2912 ) ;
#467 = VERTEX_POINT ( 'NONE', #2619 ) ;
#468 = CONICAL_SURFACE ( 'NONE', #7318, 6.729642571546104790, 0.9250245035569997221 ) ;
#469 = CARTESIAN_POINT ( 'NONE',  ( -36.79215556135566345, 9.123618653647858073E-16, -7.450000000000062350 ) ) ;
#470 = FACE_OUTER_BOUND ( 'NONE', #4833, .T. ) ;
#471 = ORIENTED_EDGE ( 'NONE', *, *, #3983, .T. ) ;
#472 = EDGE_CURVE ( 'NONE', #6117, #6402, #2686, .T. ) ;
#473 = ORIENTED_EDGE ( 'NONE', *, *, #1918, .T. ) ;
#474 = EDGE_LOOP ( 'NONE', ( #4322, #4381, #4491, #3564 ) ) ;
#475 = CARTESIAN_POINT ( 'NONE',  ( -81.72913566370860394, 8.388830574161415984E-16, 6.500000000000007105 ) ) ;
#476 = ADVANCED_FACE ( 'NONE', ( #7792 ), #2471, .T. ) ;
#477 = EDGE_CURVE ( 'NONE', #1505, #1955, #4221, .T. ) ;
#478 = VERTEX_POINT ( 'NONE', #1707 ) ;
#479 = VECTOR ( 'NONE', #1455, 1000.000000000000227 ) ;
#480 = DIRECTION ( 'NONE',  ( 0.0000000000000000000, 0.0000000000000000000, -1.000000000000000000 ) ) ;
#481 = DIRECTION ( 'NONE',  ( 1.000000000000000000, -0.0000000000000000000, -0.0000000000000000000 ) ) ;
#482 = CARTESIAN_POINT ( 'NONE',  ( 0.0000000000000000000, 8.817456953865060157E-16, 7.200000000003361933 ) ) ;
#483 = ORIENTED_EDGE ( 'NONE', *, *, #3650, .T. ) ;
#484 = VECTOR ( 'NONE', #4633, 1000.000000000000000 ) ;
#485 = AXIS2_PLACEMENT_3D ( 'NONE', #6853, #6846, #6828 ) ;
#486 = EDGE_CURVE ( 'NONE', #7786, #8332, #695, .T. ) ;
#487 = CARTESIAN_POINT ( 'NONE',  ( -77.69465573308633566, 0.0000000000000000000, 0.0000000000000000000 ) ) ;
#488 = LINE ( 'NONE', #3897, #2048 ) ;
#489 = CARTESIAN_POINT ( 'NONE',  ( -51.60356613504958290, 0.0000000000000000000, 0.0000000000000000000 ) ) ;
#490 = FACE_OUTER_BOUND ( 'NONE', #1962, .T. ) ;
#491 = DIRECTION ( 'NONE',  ( -1.000000000000000000, 0.0000000000000000000, 0.0000000000000000000 ) ) ;
#492 = ORIENTED_EDGE ( 'NONE', *, *, #1927, .F. ) ;
#493 = AXIS2_PLACEMENT_3D ( 'NONE', #40, #1479, #1874 ) ;
#494 = CARTESIAN_POINT ( 'NONE',  ( -28.30267579905647324, 0.0000000000000000000, 7.450000000000003730 ) ) ;
#495 = DIRECTION ( 'NONE',  ( 0.0000000000000000000, 0.0000000000000000000, -1.000000000000000000 ) ) ;
#496 = DIRECTION ( 'NONE',  ( 1.000000000000000000, -0.0000000000000000000, -0.0000000000000000000 ) ) ;
#497 = AXIS2_PLACEMENT_3D ( 'NONE', #22, #49, #84 ) ;
#498 = CIRCLE ( 'NONE', #6851, 6.729642571546104790 ) ;
#499 = DIRECTION ( 'NONE',  ( 1.000000000000000000, -0.0000000000000000000, -0.0000000000000000000 ) ) ;
#500 = ORIENTED_EDGE ( 'NONE', *, *, #6138, .F. ) ;
#501 = DIRECTION ( 'NONE',  ( 1.000000000000000000, -0.0000000000000000000, -0.0000000000000000000 ) ) ;
#502 = DIRECTION ( 'NONE',  ( 1.000000000000000000, -0.0000000000000000000, -0.0000000000000000000 ) ) ;
#503 = AXIS2_PLACEMENT_3D ( 'NONE', #4896, #4461, #4909 ) ;
#504 = AXIS2_PLACEMENT_3D ( 'NONE', #7707, #1070, #1744 ) ;
#505 = CONICAL_SURFACE ( 'NONE', #5885, 7.349999999999999645, 0.3903425407172332329 ) ;
#506 = ADVANCED_FACE ( 'NONE', ( #5735 ), #2261, .T. ) ;
#507 = ORIENTED_EDGE ( 'NONE', *, *, #8384, .T. ) ;
#508 = DIRECTION ( 'NONE',  ( 0.0000000000000000000, 0.0000000000000000000, -1.000000000000000000 ) ) ;
#509 = CARTESIAN_POINT ( 'NONE',  ( -73.66017580246405316, 0.0000000000000000000, -6.500000000000007105 ) ) ;
#510 = DIRECTION ( 'NONE',  ( 0.0000000000000000000, 0.0000000000000000000, -1.000000000000000000 ) ) ;
#511 = DIRECTION ( 'NONE',  ( 0.0000000000000000000, 0.0000000000000000000, -1.000000000000000000 ) ) ;
#512 = VECTOR ( 'NONE', #4430, 1000.000000000000227 ) ;
#513 = CARTESIAN_POINT ( 'NONE',  ( 0.0000000000000000000, 0.0000000000000000000, -7.200000000003403677 ) ) ;
#514 = ADVANCED_FACE ( 'NONE', ( #5942 ), #3813, .T. ) ;
#515 = EDGE_CURVE ( 'NONE', #5602, #6454, #5547, .T. ) ;
#516 = CARTESIAN_POINT ( 'NONE',  ( -83.72928037507642784, 0.0000000000000000000, 0.0000000000000000000 ) ) ;
#517 = DIRECTION ( 'NONE',  ( -0.9772311064626786337, 0.0000000000000000000, 0.2121776721564471169 ) ) ;
#518 = CARTESIAN_POINT ( 'NONE',  ( -33.96232897392260242, 0.0000000000000000000, 0.0000000000000000000 ) ) ;
#519 = DIRECTION ( 'NONE',  ( -0.6018150231520564830, 0.0000000000000000000, 0.7986355100472865010 ) ) ;
#520 = VECTOR ( 'NONE', #1477, 1000.000000000000114 ) ;
#521 = EDGE_CURVE ( 'NONE', #563, #6614, #4418, .T. ) ;
#522 = DIRECTION ( 'NONE',  ( 1.000000000000000000, -0.0000000000000000000, -0.0000000000000000000 ) ) ;
#523 = CARTESIAN_POINT ( 'NONE',  ( -19.88832417624663407, 9.123618653647785104E-16, -7.450000000000002842 ) ) ;
#524 = CARTESIAN_POINT ( 'NONE',  ( 0.0000000000000000000, 0.0000000000000000000, -6.500000000000006217 ) ) ;
#525 = EDGE_CURVE ( 'NONE', #4220, #6515, #7594, .T. ) ;
#526 = CARTESIAN_POINT ( 'NONE',  ( -36.79215556135566345, 0.0000000000000000000, 0.0000000000000000000 ) ) ;
#527 = VERTEX_POINT ( 'NONE', #5487 ) ;
#528 = CIRCLE ( 'NONE', #7330, 6.500000000000005329 ) ;
#529 = CIRCLE ( 'NONE', #1637, 7.200000000003347722 ) ;
#530 = EDGE_CURVE ( 'NONE', #8245, #1789, #277, .T. ) ;
#531 = EDGE_LOOP ( 'NONE', ( #3600, #4017, #2469, #2684 ) ) ;
#532 = CARTESIAN_POINT ( 'NONE',  ( -46.67300510289011584, 0.0000000000000000000, 7.249495137711240211 ) ) ;
#533 = DIRECTION ( 'NONE',  ( 0.0000000000000000000, 0.0000000000000000000, -1.000000000000000000 ) ) ;
#534 = EDGE_CURVE ( 'NONE', #5241, #1106, #2041, .T. ) ;
#535 = FACE_OUTER_BOUND ( 'NONE', #5435, .T. ) ;
#536 = CARTESIAN_POINT ( 'NONE',  ( -49.75000000000000000, 0.0000000000000000000, 0.0000000000000000000 ) ) ;
#537 = VECTOR ( 'NONE', #751, 999.9999999999998863 ) ;
#538 = ORIENTED_EDGE ( 'NONE', *, *, #140, .F. ) ;
#539 = CARTESIAN_POINT ( 'NONE',  ( 0.0000000000000000000, 7.960204194457809282E-16, 6.500000000000010658 ) ) ;
#540 = FACE_OUTER_BOUND ( 'NONE', #5853, .T. ) ;
#541 = DIRECTION ( 'NONE',  ( 0.0000000000000000000, 0.0000000000000000000, -1.000000000000000000 ) ) ;
#542 = DIRECTION ( 'NONE',  ( 0.0000000000000000000, 0.0000000000000000000, -1.000000000000000000 ) ) ;
#543 = DIRECTION ( 'NONE',  ( 0.0000000000000000000, 0.0000000000000000000, -1.000000000000000000 ) ) ;
#544 = LINE ( 'NONE', #1648, #2536 ) ;
#545 = AXIS2_PLACEMENT_3D ( 'NONE', #7279, #7263, #7253 ) ;
#546 = CARTESIAN_POINT ( 'NONE',  ( -14.06628488821304579, 0.0000000000000000000, 7.450000000000002842 ) ) ;
#547 = ADVANCED_FACE ( 'NONE', ( #5347 ), #5150, .T. ) ;
#548 = ORIENTED_EDGE ( 'NONE', *, *, #4538, .T. ) ;
#549 = ORIENTED_EDGE ( 'NONE', *, *, #2898, .T. ) ;
#550 = LINE ( 'NONE', #50, #2541 ) ;
#551 = DIRECTION ( 'NONE',  ( 0.0000000000000000000, 0.0000000000000000000, -1.000000000000000000 ) ) ;
#552 = VECTOR ( 'NONE', #3926, 1000.000000000000000 ) ;
#553 = AXIS2_PLACEMENT_3D ( 'NONE', #6411, #6466, #7788 ) ;
#554 = AXIS2_PLACEMENT_3D ( 'NONE', #5644, #8079, #4575 ) ;
#555 = EDGE_LOOP ( 'NONE', ( #793, #3590, #5712, #1085 ) ) ;
#556 = ORIENTED_EDGE ( 'NONE', *, *, #4538, .F. ) ;
#557 = DIRECTION ( 'NONE',  ( 0.0000000000000000000, 0.0000000000000000000, 1.000000000000000000 ) ) ;
#558 = ADVANCED_FACE ( 'NONE', ( #7209 ), #1631, .T. ) ;
#559 = ORIENTED_EDGE ( 'NONE', *, *, #4928, .F. ) ;
#560 = ORIENTED_EDGE ( 'NONE', *, *, #4667, .T. ) ;
#561 = VERTEX_POINT ( 'NONE', #196 ) ;
#562 = VECTOR ( 'NONE', #6825, 1000.000000000000227 ) ;
#563 = VERTEX_POINT ( 'NONE', #251 ) ;
#564 = CARTESIAN_POINT ( 'NONE',  ( -21.29071611338160608, 0.0000000000000000000, 7.450000000000002842 ) ) ;
#565 = DIRECTION ( 'NONE',  ( -1.000000000000000000, 0.0000000000000000000, 0.0000000000000000000 ) ) ;
#566 = DIRECTION ( 'NONE',  ( 1.000000000000000000, -0.0000000000000000000, -0.0000000000000000000 ) ) ;
#567 = EDGE_LOOP ( 'NONE', ( #5632, #4769, #7286, #1153 ) ) ;
#568 = ORIENTED_EDGE ( 'NONE', *, *, #6153, .F. ) ;
#569 = DIRECTION ( 'NONE',  ( 1.000000000000000000, -0.0000000000000000000, -0.0000000000000000000 ) ) ;
#570 = EDGE_LOOP ( 'NONE', ( #8077, #7785, #438, #4545 ) ) ;
#571 = DIRECTION ( 'NONE',  ( 0.0000000000000000000, 0.0000000000000000000, -1.000000000000000000 ) ) ;
#572 = VERTEX_POINT ( 'NONE', #640 ) ;
#573 = EDGE_CURVE ( 'NONE', #4933, #6118, #3403, .T. ) ;
#574 = LINE ( 'NONE', #8088, #7295 ) ;
#575 = FACE_OUTER_BOUND ( 'NONE', #5540, .T. ) ;
#576 = VERTEX_POINT ( 'NONE', #293 ) ;
#577 = ORIENTED_EDGE ( 'NONE', *, *, #8183, .F. ) ;
#578 = ORIENTED_EDGE ( 'NONE', *, *, #4096, .T. ) ;
#579 = CARTESIAN_POINT ( 'NONE',  ( -15.13832010710865283, 0.0000000000000000000, 0.0000000000000000000 ) ) ;
#580 = CARTESIAN_POINT ( 'NONE',  ( -85.72942508644425175, 0.0000000000000000000, 0.0000000000000000000 ) ) ;
#581 = EDGE_CURVE ( 'NONE', #4415, #6988, #4019, .T. ) ;
#582 = DIRECTION ( 'NONE',  ( 1.000000000000000000, -0.0000000000000000000, -0.0000000000000000000 ) ) ;
#583 = CARTESIAN_POINT ( 'NONE',  ( -80.75856172721412918, 0.0000000000000000000, 0.0000000000000000000 ) ) ;
#584 = CARTESIAN_POINT ( 'NONE',  ( -91.86288917155505374, 0.0000000000000000000, -6.500000000000007105 ) ) ;
#585 = ORIENTED_EDGE ( 'NONE', *, *, #7548, .F. ) ;
#586 = FACE_OUTER_BOUND ( 'NONE', #3922, .T. ) ;
#587 = CYLINDRICAL_SURFACE ( 'NONE', #7420, 6.500000000000012434 ) ;
#588 = ORIENTED_EDGE ( 'NONE', *, *, #6621, .F. ) ;
#589 = EDGE_CURVE ( 'NONE', #4642, #4113, #67, .T. ) ;
#590 = ORIENTED_EDGE ( 'NONE', *, *, #3345, .T. ) ;
#591 = CARTESIAN_POINT ( 'NONE',  ( -12.58157168442802387, 0.0000000000000000000, 0.0000000000000000000 ) ) ;
#592 = DIRECTION ( 'NONE',  ( 0.0000000000000000000, 0.0000000000000000000, -1.000000000000000000 ) ) ;
#593 = CARTESIAN_POINT ( 'NONE',  ( -1.755812594380902869, 1.751244922780715104E-15, 14.30000000000000071 ) ) ;
#594 = EDGE_CURVE ( 'NONE', #4554, #7000, #6827, .T. ) ;
#595 = CARTESIAN_POINT ( 'NONE',  ( 0.0000000000000000000, 7.960204194457804352E-16, 6.500000000000006217 ) ) ;
#596 = LINE ( 'NONE', #1490, #87 ) ;
#597 = EDGE_CURVE ( 'NONE', #6978, #5181, #6626, .T. ) ;
#598 = LINE ( 'NONE', #2061, #8095 ) ;
#599 = CONICAL_SURFACE ( 'NONE', #7918, 7.200000000003347722, 1.041961563441761385 ) ;
#600 = ADVANCED_FACE ( 'NONE', ( #3601 ), #6426, .T. ) ;
#601 = DIRECTION ( 'NONE',  ( 1.000000000000000000, -0.0000000000000000000, -0.0000000000000000000 ) ) ;
#602 = DIRECTION ( 'NONE',  ( 1.000000000000000000, -0.0000000000000000000, -0.0000000000000000000 ) ) ;
#603 = CARTESIAN_POINT ( 'NONE',  ( -46.67300510289011584, 0.0000000000000000000, 7.249495137711240211 ) ) ;
#604 = CONICAL_SURFACE ( 'NONE', #4108, 7.200000000003347722, 1.041961563441643035 ) ;
#605 = DIRECTION ( 'NONE',  ( 1.000000000000000000, -0.0000000000000000000, -0.0000000000000000000 ) ) ;
#606 = CARTESIAN_POINT ( 'NONE',  ( -39.07915389105566106, 8.682526944148836889E-16, 6.729642571546180285 ) ) ;
#607 = CONICAL_SURFACE ( 'NONE', #8037, 7.450000000000082778, 0.9250245035569996110 ) ;
#608 = ORIENTED_EDGE ( 'NONE', *, *, #5609, .T. ) ;
#609 = AXIS2_PLACEMENT_3D ( 'NONE', #6305, #6293, #6251 ) ;
#610 = VERTEX_POINT ( 'NONE', #1912 ) ;
#611 = ADVANCED_FACE ( 'NONE', ( #1411 ), #2997, .T. ) ;
#612 = EDGE_LOOP ( 'NONE', ( #854, #3380, #47, #1147 ) ) ;
#613 = DIRECTION ( 'NONE',  ( 1.000000000000000000, -0.0000000000000000000, -0.0000000000000000000 ) ) ;
#614 = DIRECTION ( 'NONE',  ( -1.000000000000000000, 0.0000000000000000000, 0.0000000000000000000 ) ) ;
#615 = CARTESIAN_POINT ( 'NONE',  ( -65.72424589222767111, 0.0000000000000000000, 0.0000000000000000000 ) ) ;
#616 = CYLINDRICAL_SURFACE ( 'NONE', #8232, 7.200000000003417888 ) ;
#617 = ORIENTED_EDGE ( 'NONE', *, *, #1583, .F. ) ;
#618 = AXIS2_PLACEMENT_3D ( 'NONE', #2351, #2334, #2281 ) ;
#619 = ORIENTED_EDGE ( 'NONE', *, *, #1035, .T. ) ;
#620 = DIRECTION ( 'NONE',  ( 1.000000000000000000, -0.0000000000000000000, -0.0000000000000000000 ) ) ;
#621 = AXIS2_PLACEMENT_3D ( 'NONE', #3063, #3107, #3123 ) ;
#622 = CARTESIAN_POINT ( 'NONE',  ( -55.50501611466378193, 0.0000000000000000000, -6.500000000000007105 ) ) ;
#623 = FACE_OUTER_BOUND ( 'NONE', #6055, .T. ) ;
#624 = VERTEX_POINT ( 'NONE', #8315 ) ;
#625 = CARTESIAN_POINT ( 'NONE',  ( -68.65512193534728169, 8.817456953865030574E-16, 7.200000000003333511 ) ) ;
#626 = AXIS2_PLACEMENT_3D ( 'NONE', #6323, #2913, #4655 ) ;
#627 = AXIS2_PLACEMENT_3D ( 'NONE', #1566, #1936, #5928 ) ;
#628 = CIRCLE ( 'NONE', #37, 7.200000000003333511 ) ;
#629 = CARTESIAN_POINT ( 'NONE',  ( 0.0000000000000000000, 7.960204194457807310E-16, 6.500000000000008882 ) ) ;
#630 = DIRECTION ( 'NONE',  ( -1.000000000000000000, 0.0000000000000000000, 0.0000000000000000000 ) ) ;
#631 = DIRECTION ( 'NONE',  ( 1.000000000000000000, -0.0000000000000000000, -0.0000000000000000000 ) ) ;
#632 = CARTESIAN_POINT ( 'NONE',  ( -94.27208085614829258, 0.0000000000000000000, 0.0000000000000000000 ) ) ;
#633 = DIRECTION ( 'NONE',  ( 1.000000000000000000, -0.0000000000000000000, -0.0000000000000000000 ) ) ;
#634 = EDGE_CURVE ( 'NONE', #1190, #7184, #4958, .T. ) ;
#635 = CARTESIAN_POINT ( 'NONE',  ( -20.74788785564854621, 0.0000000000000000000, 0.0000000000000000000 ) ) ;
#636 = CARTESIAN_POINT ( 'NONE',  ( 0.0000000000000000000, 0.0000000000000000000, 0.0000000000000000000 ) ) ;
#637 = ADVANCED_FACE ( 'NONE', ( #3206 ), #1000, .T. ) ;
#638 = EDGE_CURVE ( 'NONE', #5713, #4846, #7882, .T. ) ;
#639 = CONICAL_SURFACE ( 'NONE', #4505, 6.729642571546104790, 0.9250245035569997221 ) ;
#640 = CARTESIAN_POINT ( 'NONE',  ( -33.96232897392260242, 0.0000000000000000000, 7.450000000000043698 ) ) ;
#641 = VECTOR ( 'NONE', #336, 1000.000000000000000 ) ;
#642 = ORIENTED_EDGE ( 'NONE', *, *, #6707, .T. ) ;
#643 = ADVANCED_FACE ( 'NONE', ( #2782 ), #2569, .T. ) ;
#644 = FACE_OUTER_BOUND ( 'NONE', #3682, .T. ) ;
#645 = AXIS2_PLACEMENT_3D ( 'NONE', #2330, #2308, #2285 ) ;
#646 = CARTESIAN_POINT ( 'NONE',  ( -34.83441400990606951, 0.0000000000000000000, 0.0000000000000000000 ) ) ;
#647 = CARTESIAN_POINT ( 'NONE',  ( -97.86332330565852544, 0.0000000000000000000, -6.500000000000010658 ) ) ;
#648 = EDGE_LOOP ( 'NONE', ( #4271, #4670, #5450, #2332 ) ) ;
#649 = DIRECTION ( 'NONE',  ( 1.000000000000000000, -0.0000000000000000000, -0.0000000000000000000 ) ) ;
#650 = EDGE_LOOP ( 'NONE', ( #5403, #6511, #1101, #6720 ) ) ;
#651 = EDGE_CURVE ( 'NONE', #1721, #3508, #6229, .T. ) ;
#652 = CYLINDRICAL_SURFACE ( 'NONE', #7585, 7.450000000000067679 ) ;
#653 = DIRECTION ( 'NONE',  ( -1.000000000000000000, 0.0000000000000000000, 0.0000000000000000000 ) ) ;
#654 = CYLINDRICAL_SURFACE ( 'NONE', #5851, 7.200000000003340617 ) ;
#655 = EDGE_LOOP ( 'NONE', ( #6408, #3490, #7964, #7863 ) ) ;
#656 = AXIS2_PLACEMENT_3D ( 'NONE', #924, #6529, #6430 ) ;
#657 = DIRECTION ( 'NONE',  ( -0.5045276238140421476, 1.057354597449348769E-16, -0.8633955506073426323 ) ) ;
#658 = ORIENTED_EDGE ( 'NONE', *, *, #3178, .T. ) ;
#659 = CARTESIAN_POINT ( 'NONE',  ( -75.81044571878344129, 0.0000000000000000000, -6.500000000000005329 ) ) ;
#660 = VERTEX_POINT ( 'NONE', #7046 ) ;
#661 = ORIENTED_EDGE ( 'NONE', *, *, #3687, .F. ) ;
#662 = CARTESIAN_POINT ( 'NONE',  ( -24.95506366705346579, 8.241435234649700335E-16, 6.729642571546104790 ) ) ;
#663 = DIRECTION ( 'NONE',  ( 0.0000000000000000000, 0.0000000000000000000, -1.000000000000000000 ) ) ;
#664 = FACE_OUTER_BOUND ( 'NONE', #2352, .T. ) ;
#665 = AXIS2_PLACEMENT_3D ( 'NONE', #2722, #2655, #2637 ) ;
#666 = ORIENTED_EDGE ( 'NONE', *, *, #4688, .T. ) ;
#667 = CARTESIAN_POINT ( 'NONE',  ( -59.53949604528606443, 0.0000000000000000000, -6.500000000000007105 ) ) ;
#668 = LINE ( 'NONE', #6513, #7381 ) ;
#669 = ORIENTED_EDGE ( 'NONE', *, *, #8306, .F. ) ;
#670 = ORIENTED_EDGE ( 'NONE', *, *, #7276, .T. ) ;
#671 = CARTESIAN_POINT ( 'NONE',  ( -55.63804606567189381, 7.960204194457804352E-16, 6.500000000000005329 ) ) ;
#672 = DIRECTION ( 'NONE',  ( 1.000000000000000000, -0.0000000000000000000, -0.0000000000000000000 ) ) ;
#673 = CARTESIAN_POINT ( 'NONE',  ( -74.70684183128071254, 8.817456953865030574E-16, 7.200000000003333511 ) ) ;
#674 = VERTEX_POINT ( 'NONE', #7457 ) ;
#675 = ORIENTED_EDGE ( 'NONE', *, *, #1349, .T. ) ;
#676 = VECTOR ( 'NONE', #633, 1000.000000000000000 ) ;
#677 = DIRECTION ( 'NONE',  ( -0.6018150231520443816, 9.780464210648345161E-17, -0.7986355100472957158 ) ) ;
#678 = FACE_OUTER_BOUND ( 'NONE', #1924, .T. ) ;
#679 = AXIS2_PLACEMENT_3D ( 'NONE', #242, #281, #571 ) ;
#680 = AXIS2_PLACEMENT_3D ( 'NONE', #6983, #6524, #6407 ) ;
#681 = EDGE_LOOP ( 'NONE', ( #8345, #5662, #1626, #5320 ) ) ;
#682 = VERTEX_POINT ( 'NONE', #6155 ) ;
#683 = ORIENTED_EDGE ( 'NONE', *, *, #1577, .T. ) ;
#684 = VERTEX_POINT ( 'NONE', #7827 ) ;
#685 = CIRCLE ( 'NONE', #7731, 6.500000000000009770 ) ;
#686 = ADVANCED_FACE ( 'NONE', ( #8081 ), #4109, .T. ) ;
#687 = LINE ( 'NONE', #2204, #2464 ) ;
#688 = EDGE_LOOP ( 'NONE', ( #2711, #5549, #7079, #3774 ) ) ;
#689 = CARTESIAN_POINT ( 'NONE',  ( -88.27164672204487772, 0.0000000000000000000, 0.0000000000000000000 ) ) ;
#690 = DIRECTION ( 'NONE',  ( 0.0000000000000000000, 0.0000000000000000000, -1.000000000000000000 ) ) ;
#691 = CARTESIAN_POINT ( 'NONE',  ( -88.27164672204487772, 0.0000000000000000000, 0.0000000000000000000 ) ) ;
#692 = EDGE_LOOP ( 'NONE', ( #4447, #4409, #8354, #807 ) ) ;
#693 = EDGE_CURVE ( 'NONE', #1495, #4642, #5831, .T. ) ;
#694 = ORIENTED_EDGE ( 'NONE', *, *, #5155, .T. ) ;
#695 = LINE ( 'NONE', #1790, #7405 ) ;
#696 = EDGE_LOOP ( 'NONE', ( #2546, #1776, #7108, #8078 ) ) ;
#697 = ADVANCED_FACE ( 'NONE', ( #4321 ), #2365, .T. ) ;
#698 = ORIENTED_EDGE ( 'NONE', *, *, #4688, .F. ) ;
#699 = EDGE_CURVE ( 'NONE', #6149, #3805, #4750, .T. ) ;
#700 = DIRECTION ( 'NONE',  ( 1.000000000000000000, -0.0000000000000000000, -0.0000000000000000000 ) ) ;
#701 = TOROIDAL_SURFACE ( 'NONE', #4619, 5.729725155218028831, 0.8999999999999962474 ) ;
#702 = CARTESIAN_POINT ( 'NONE',  ( 0.0000000000000000000, 0.0000000000000000000, -7.200000000003417888 ) ) ;
#703 = EDGE_CURVE ( 'NONE', #5541, #3233, #790, .T. ) ;
#704 = DIRECTION ( 'NONE',  ( 0.0000000000000000000, 0.0000000000000000000, -1.000000000000000000 ) ) ;
#705 = CARTESIAN_POINT ( 'NONE',  ( -57.52225607997492318, 8.388830574161415984E-16, 6.500000000000007105 ) ) ;
#706 = CARTESIAN_POINT ( 'NONE',  ( -90.27179143341268741, 0.0000000000000000000, 0.0000000000000000000 ) ) ;
#707 = CYLINDRICAL_SURFACE ( 'NONE', #3071, 7.200000000003403677 ) ;
#708 = DIRECTION ( 'NONE',  ( 0.0000000000000000000, 0.0000000000000000000, -1.000000000000000000 ) ) ;
#709 = DIRECTION ( 'NONE',  ( 1.000000000000000000, -0.0000000000000000000, -0.0000000000000000000 ) ) ;
#710 = CIRCLE ( 'NONE', #6641, 6.500000000000005329 ) ;
#711 = EDGE_LOOP ( 'NONE', ( #4316, #3420, #7484, #3363 ) ) ;
#712 = CARTESIAN_POINT ( 'NONE',  ( -97.86332330565852544, 7.960204194457809282E-16, 6.500000000000010658 ) ) ;
#713 = EDGE_CURVE ( 'NONE', #1544, #7000, #7499, .T. ) ;
#714 = EDGE_CURVE ( 'NONE', #3894, #3785, #7689, .T. ) ;
#715 = FACE_OUTER_BOUND ( 'NONE', #8059, .T. ) ;
#716 = ORIENTED_EDGE ( 'NONE', *, *, #714, .T. ) ;
#717 = DIRECTION ( 'NONE',  ( 0.0000000000000000000, 0.0000000000000000000, -1.000000000000000000 ) ) ;
#718 = DIRECTION ( 'NONE',  ( -1.000000000000000000, 0.0000000000000000000, 0.0000000000000000000 ) ) ;
#719 = CARTESIAN_POINT ( 'NONE',  ( 0.0000000000000000000, 0.0000000000000000000, 0.0000000000000000000 ) ) ;
#720 = AXIS2_PLACEMENT_3D ( 'NONE', #3182, #6163, #2253 ) ;
#721 = FACE_OUTER_BOUND ( 'NONE', #262, .T. ) ;
#722 = EDGE_LOOP ( 'NONE', ( #1387, #7085, #7156, #6717 ) ) ;
#723 = ORIENTED_EDGE ( 'NONE', *, *, #699, .F. ) ;
#724 = CARTESIAN_POINT ( 'NONE',  ( 0.0000000000000000000, 0.0000000000000000000, 0.0000000000000000000 ) ) ;
#725 = CARTESIAN_POINT ( 'NONE',  ( 0.0000000000000000000, 7.960204194457804352E-16, 6.500000000000006217 ) ) ;
#726 = DIRECTION ( 'NONE',  ( -1.000000000000000000, 0.0000000000000000000, 0.0000000000000000000 ) ) ;
#727 = CARTESIAN_POINT ( 'NONE',  ( -47.12331345590474996, 0.0000000000000000000, 0.0000000000000000000 ) ) ;
#728 = ADVANCED_FACE ( 'NONE', ( #3914 ), #7110, .T. ) ;
#729 = AXIS2_PLACEMENT_3D ( 'NONE', #7366, #7291, #7174 ) ;
#730 = CONICAL_SURFACE ( 'NONE', #5778, 6.500000000000007105, 0.6248278722141583641 ) ;
#731 = CARTESIAN_POINT ( 'NONE',  ( -88.27164672204487772, 0.0000000000000000000, 0.0000000000000000000 ) ) ;
#732 = CYLINDRICAL_SURFACE ( 'NONE', #3341, 7.450000000000002842 ) ;
#733 = ADVANCED_FACE ( 'NONE', ( #586 ), #5634, .F. ) ;
#734 = AXIS2_PLACEMENT_3D ( 'NONE', #5179, #4641, #2954 ) ;
#735 = AXIS2_PLACEMENT_3D ( 'NONE', #6778, #6999, #6692 ) ;
#736 = CARTESIAN_POINT ( 'NONE',  ( -28.63193257730687691, 0.0000000000000000000, -7.450000000000012612 ) ) ;
#737 = DIRECTION ( 'NONE',  ( 1.000000000000000000, -0.0000000000000000000, -0.0000000000000000000 ) ) ;
#738 = FACE_OUTER_BOUND ( 'NONE', #5048, .T. ) ;
#739 = CONICAL_SURFACE ( 'NONE', #7432, 7.450000000000073008, 0.9250245035569996110 ) ;
#740 = VERTEX_POINT ( 'NONE', #4581 ) ;
#741 = EDGE_CURVE ( 'NONE', #2021, #3680, #2142, .T. ) ;
#742 = DIRECTION ( 'NONE',  ( 1.000000000000000000, -0.0000000000000000000, -0.0000000000000000000 ) ) ;
#743 = LINE ( 'NONE', #4706, #4475 ) ;
#744 = CIRCLE ( 'NONE', #4174, 7.200000000003333511 ) ;
#745 = EDGE_CURVE ( 'NONE', #7455, #2408, #374, .T. ) ;
#746 = ORIENTED_EDGE ( 'NONE', *, *, #5155, .F. ) ;
#747 = CARTESIAN_POINT ( 'NONE',  ( 0.0000000000000000000, 7.960204194457804352E-16, 6.500000000000006217 ) ) ;
#748 = CONICAL_SURFACE ( 'NONE', #4023, 7.450000000000002842, 0.9250245035569997221 ) ;
#749 = EDGE_CURVE ( 'NONE', #4502, #6382, #5447, .T. ) ;
#750 = CARTESIAN_POINT ( 'NONE',  ( -79.84492564940575221, 0.0000000000000000000, 0.0000000000000000000 ) ) ;
#751 = DIRECTION ( 'NONE',  ( 0.8110638189892204197, 0.0000000000000000000, -0.5849576749873628412 ) ) ;
#752 = VECTOR ( 'NONE', #502, 1000.000000000000000 ) ;
#753 = VERTEX_POINT ( 'NONE', #4857 ) ;
#754 = ORIENTED_EDGE ( 'NONE', *, *, #7250, .F. ) ;
#755 = VECTOR ( 'NONE', #7264, 1000.000000000000114 ) ;
#756 = ADVANCED_FACE ( 'NONE', ( #3504 ), #6718, .T. ) ;
#757 = FACE_OUTER_BOUND ( 'NONE', #6704, .T. ) ;
#758 = AXIS2_PLACEMENT_3D ( 'NONE', #4256, #4344, #4176 ) ;
#759 = DIRECTION ( 'NONE',  ( 0.8110638189892004357, 7.163665443099853864E-17, 0.5849576749873903747 ) ) ;
#760 = EDGE_LOOP ( 'NONE', ( #7593, #380, #4141, #4752 ) ) ;
#761 = CARTESIAN_POINT ( 'NONE',  ( 0.0000000000000000000, 0.0000000000000000000, -6.500000000000006217 ) ) ;
#762 = DIRECTION ( 'NONE',  ( 1.000000000000000000, -0.0000000000000000000, -0.0000000000000000000 ) ) ;
#763 = ORIENTED_EDGE ( 'NONE', *, *, #8113, .F. ) ;
#764 = ORIENTED_EDGE ( 'NONE', *, *, #7186, .F. ) ;
#765 = EDGE_LOOP ( 'NONE', ( #8041, #6588, #234, #434 ) ) ;
#766 = ORIENTED_EDGE ( 'NONE', *, *, #1801, .T. ) ;
#767 = CIRCLE ( 'NONE', #3204, 6.500000000000007105 ) ;
#768 = ORIENTED_EDGE ( 'NONE', *, *, #1853, .T. ) ;
#769 = AXIS2_PLACEMENT_3D ( 'NONE', #6260, #4368, #5757 ) ;
#770 = ORIENTED_EDGE ( 'NONE', *, *, #1295, .T. ) ;
#771 = ADVANCED_FACE ( 'NONE', ( #164 ), #8169, .T. ) ;
#772 = DIRECTION ( 'NONE',  ( 1.000000000000000000, -0.0000000000000000000, -0.0000000000000000000 ) ) ;
#773 = DIRECTION ( 'NONE',  ( 0.8110638189892134253, 7.163665443099635695E-17, 0.5849576749873725001 ) ) ;
#774 = ORIENTED_EDGE ( 'NONE', *, *, #5141, .F. ) ;
#775 = ORIENTED_EDGE ( 'NONE', *, *, #5977, .T. ) ;
#776 = AXIS2_PLACEMENT_3D ( 'NONE', #487, #499, #511 ) ;
#777 = FACE_OUTER_BOUND ( 'NONE', #3721, .T. ) ;
#778 = CIRCLE ( 'NONE', #8352, 6.500000000000007105 ) ;
#779 = ORIENTED_EDGE ( 'NONE', *, *, #99, .F. ) ;
#780 = VERTEX_POINT ( 'NONE', #5130 ) ;
#781 = DIRECTION ( 'NONE',  ( 0.0000000000000000000, 0.0000000000000000000, -1.000000000000000000 ) ) ;
#782 = ORIENTED_EDGE ( 'NONE', *, *, #6982, .T. ) ;
#783 = DIRECTION ( 'NONE',  ( 1.000000000000000000, -0.0000000000000000000, -0.0000000000000000000 ) ) ;
#784 = CARTESIAN_POINT ( 'NONE',  ( -82.27121258794144865, 0.0000000000000000000, 0.0000000000000000000 ) ) ;
#785 = DIRECTION ( 'NONE',  ( 0.0000000000000000000, 0.0000000000000000000, -1.000000000000000000 ) ) ;
#786 = AXIS2_PLACEMENT_3D ( 'NONE', #2532, #2650, #2497 ) ;
#787 = AXIS2_PLACEMENT_3D ( 'NONE', #85, #631, #543 ) ;
#788 = EDGE_LOOP ( 'NONE', ( #7392, #7579, #4406, #4841 ) ) ;
#789 = CARTESIAN_POINT ( 'NONE',  ( -87.86259974881949120, 7.960204194457808296E-16, 6.500000000000009770 ) ) ;
#790 = CIRCLE ( 'NONE', #6636, 6.729642571546104790 ) ;
#791 = ORIENTED_EDGE ( 'NONE', *, *, #713, .T. ) ;
#792 = CARTESIAN_POINT ( 'NONE',  ( -31.13250238648954138, 0.0000000000000000000, 7.450000000000023270 ) ) ;
#793 = ORIENTED_EDGE ( 'NONE', *, *, #5835, .T. ) ;
#794 = ORIENTED_EDGE ( 'NONE', *, *, #3753, .T. ) ;
#795 = DIRECTION ( 'NONE',  ( 0.0000000000000000000, 0.0000000000000000000, -1.000000000000000000 ) ) ;
#796 = DIRECTION ( 'NONE',  ( 0.0000000000000000000, 0.0000000000000000000, -1.000000000000000000 ) ) ;
#797 = EDGE_CURVE ( 'NONE', #7008, #5146, #3298, .T. ) ;
#798 = LINE ( 'NONE', #2188, #5645 ) ;
#799 = CIRCLE ( 'NONE', #5225, 7.200000000003375256 ) ;
#800 = CIRCLE ( 'NONE', #8318, 7.650000000000001243 ) ;
#801 = DIRECTION ( 'NONE',  ( 0.0000000000000000000, 0.0000000000000000000, -1.000000000000000000 ) ) ;
#802 = DIRECTION ( 'NONE',  ( 0.0000000000000000000, 0.0000000000000000000, -1.000000000000000000 ) ) ;
#803 = EDGE_CURVE ( 'NONE', #2776, #3059, #8358, .T. ) ;
#804 = CARTESIAN_POINT ( 'NONE',  ( 0.0000000000000000000, 0.0000000000000000000, -7.200000000003340617 ) ) ;
#805 = LINE ( 'NONE', #6235, #4132 ) ;
#806 = CONICAL_SURFACE ( 'NONE', #7215, 6.500000000000012434, 0.6248278722141574759 ) ;
#807 = ORIENTED_EDGE ( 'NONE', *, *, #2611, .F. ) ;
#808 = CARTESIAN_POINT ( 'NONE',  ( -76.72408179659184668, 0.0000000000000000000, -7.200000000003333511 ) ) ;
#809 = CARTESIAN_POINT ( 'NONE',  ( 0.0000000000000000000, 0.0000000000000000000, -7.450000000000057021 ) ) ;
#810 = AXIS2_PLACEMENT_3D ( 'NONE', #8353, #4111, #1392 ) ;
#811 = DIRECTION ( 'NONE',  ( 1.000000000000000000, -0.0000000000000000000, -0.0000000000000000000 ) ) ;
#812 = ORIENTED_EDGE ( 'NONE', *, *, #5092, .T. ) ;
#813 = VECTOR ( 'NONE', #4892, 1000.000000000000000 ) ;
#814 = EDGE_CURVE ( 'NONE', #4197, #1089, #1518, .T. ) ;
#815 = ORIENTED_EDGE ( 'NONE', *, *, #7644, .T. ) ;
#816 = EDGE_LOOP ( 'NONE', ( #2975, #7360, #4353, #1224 ) ) ;
#817 = CARTESIAN_POINT ( 'NONE',  ( -26.35745560418843780, 0.0000000000000000000, -6.729642571546104790 ) ) ;
#818 = ADVANCED_FACE ( 'NONE', ( #6913 ), #4628, .T. ) ;
#819 = EDGE_CURVE ( 'NONE', #362, #8332, #6313, .T. ) ;
#820 = DIRECTION ( 'NONE',  ( 0.0000000000000000000, 0.0000000000000000000, -1.000000000000000000 ) ) ;
#821 = ORIENTED_EDGE ( 'NONE', *, *, #2017, .F. ) ;
#822 = CIRCLE ( 'NONE', #6469, 6.729642571546105678 ) ;
#823 = DIRECTION ( 'NONE',  ( -1.000000000000000000, 0.0000000000000000000, 0.0000000000000000000 ) ) ;
#824 = ORIENTED_EDGE ( 'NONE', *, *, #5832, .T. ) ;
#825 = DIRECTION ( 'NONE',  ( 1.000000000000000000, -0.0000000000000000000, -0.0000000000000000000 ) ) ;
#826 = AXIS2_PLACEMENT_3D ( 'NONE', #5190, #5265, #5497 ) ;
#827 = CARTESIAN_POINT ( 'NONE',  ( -39.62198214878872449, 0.0000000000000000000, 7.450000000000082778 ) ) ;
#828 = FACE_OUTER_BOUND ( 'NONE', #3274, .T. ) ;
#829 = DIRECTION ( 'NONE',  ( 1.000000000000000000, -0.0000000000000000000, -0.0000000000000000000 ) ) ;
#830 = DIRECTION ( 'NONE',  ( 1.000000000000000000, -0.0000000000000000000, -0.0000000000000000000 ) ) ;
#831 = AXIS2_PLACEMENT_3D ( 'NONE', #2749, #3201, #2962 ) ;
#832 = AXIS2_PLACEMENT_3D ( 'NONE', #2509, #2484, #2453 ) ;
#833 = CARTESIAN_POINT ( 'NONE',  ( -63.70700592691651565, 0.0000000000000000000, -6.500000000000005329 ) ) ;
#834 = DIRECTION ( 'NONE',  ( 0.0000000000000000000, 0.0000000000000000000, 1.000000000000000000 ) ) ;
#835 = LINE ( 'NONE', #1852, #3965 ) ;
#836 = EDGE_CURVE ( 'NONE', #2003, #1317, #3088, .T. ) ;
#837 = FACE_OUTER_BOUND ( 'NONE', #3072, .T. ) ;
#838 = DIRECTION ( 'NONE',  ( 0.0000000000000000000, 0.0000000000000000000, -1.000000000000000000 ) ) ;
#839 = CARTESIAN_POINT ( 'NONE',  ( -63.70700592691651565, 7.960204194457804352E-16, 6.500000000000005329 ) ) ;
#840 = EDGE_LOOP ( 'NONE', ( #4082, #2739, #4908, #3045 ) ) ;
#841 = CARTESIAN_POINT ( 'NONE',  ( -78.74132176190299504, 0.0000000000000000000, -7.200000000003333511 ) ) ;
#842 = LINE ( 'NONE', #4282, #7150 ) ;
#843 = EDGE_CURVE ( 'NONE', #1475, #6741, #7975, .T. ) ;
#844 = FACE_OUTER_BOUND ( 'NONE', #5064, .T. ) ;
#845 = ADVANCED_FACE ( 'NONE', ( #4844 ), #7782, .T. ) ;
#846 = ORIENTED_EDGE ( 'NONE', *, *, #2075, .F. ) ;
#847 = CARTESIAN_POINT ( 'NONE',  ( -98.14163738553702387, 0.0000000000000000000, 0.0000000000000000000 ) ) ;
#848 = EDGE_CURVE ( 'NONE', #7553, #7711, #1093, .T. ) ;
#849 = EDGE_LOOP ( 'NONE', ( #4178, #3189, #3069, #7862 ) ) ;
#850 = DIRECTION ( 'NONE',  ( -0.5350897759314792168, 0.0000000000000000000, 0.8447952010360849640 ) ) ;
#851 = DIRECTION ( 'NONE',  ( 1.000000000000000000, -0.0000000000000000000, -0.0000000000000000000 ) ) ;
#852 = VECTOR ( 'NONE', #1593, 999.9999999999998863 ) ;
#853 = CIRCLE ( 'NONE', #5010, 7.200000000003347722 ) ;
#854 = ORIENTED_EDGE ( 'NONE', *, *, #3594, .T. ) ;
#855 = EDGE_CURVE ( 'NONE', #881, #1020, #2878, .T. ) ;
#856 = DIRECTION ( 'NONE',  ( 1.000000000000000000, -0.0000000000000000000, -0.0000000000000000000 ) ) ;
#857 = ORIENTED_EDGE ( 'NONE', *, *, #8027, .T. ) ;
#858 = ORIENTED_EDGE ( 'NONE', *, *, #5879, .F. ) ;
#859 = ORIENTED_EDGE ( 'NONE', *, *, #4460, .F. ) ;
#860 = EDGE_CURVE ( 'NONE', #1550, #2057, #1301, .T. ) ;
#861 = CYLINDRICAL_SURFACE ( 'NONE', #1675, 6.500000000000006217 ) ;
#862 = CARTESIAN_POINT ( 'NONE',  ( -25.49789192478652566, 9.123618653647785104E-16, -7.450000000000002842 ) ) ;
#863 = ORIENTED_EDGE ( 'NONE', *, *, #6028, .F. ) ;
#864 = CARTESIAN_POINT ( 'NONE',  ( -79.71189569839746980, 0.0000000000000000000, 0.0000000000000000000 ) ) ;
#865 = FACE_OUTER_BOUND ( 'NONE', #1558, .T. ) ;
#866 = DIRECTION ( 'NONE',  ( 1.000000000000000000, -0.0000000000000000000, -0.0000000000000000000 ) ) ;
#867 = ORIENTED_EDGE ( 'NONE', *, *, #7496, .T. ) ;
#868 = ORIENTED_EDGE ( 'NONE', *, *, #2200, .F. ) ;
#869 = ORIENTED_EDGE ( 'NONE', *, *, #7536, .F. ) ;
#870 = VERTEX_POINT ( 'NONE', #3783 ) ;
#871 = CYLINDRICAL_SURFACE ( 'NONE', #5743, 6.500000000000007994 ) ;
#872 = CARTESIAN_POINT ( 'NONE',  ( -94.27208085614829258, 0.0000000000000000000, 0.0000000000000000000 ) ) ;
#873 = CIRCLE ( 'NONE', #3791, 7.450000000000062350 ) ;
#874 = AXIS2_PLACEMENT_3D ( 'NONE', #1671, #7348, #7358 ) ;
#875 = ORIENTED_EDGE ( 'NONE', *, *, #4653, .F. ) ;
#876 = DIRECTION ( 'NONE',  ( -1.000000000000000000, 0.0000000000000000000, 0.0000000000000000000 ) ) ;
#877 = CARTESIAN_POINT ( 'NONE',  ( 0.0000000000000000000, 0.0000000000000000000, 0.0000000000000000000 ) ) ;
#878 = CARTESIAN_POINT ( 'NONE',  ( 1.734723475976807094E-15, 1.751244922780715104E-15, 14.30000000000000071 ) ) ;
#879 = EDGE_LOOP ( 'NONE', ( #3288, #6902, #363, #7287 ) ) ;
#880 = EDGE_LOOP ( 'NONE', ( #2780, #58, #2704, #4305 ) ) ;
#881 = VERTEX_POINT ( 'NONE', #3943 ) ;
#882 = FACE_OUTER_BOUND ( 'NONE', #6477, .T. ) ;
#883 = CIRCLE ( 'NONE', #5588, 7.450000000000033040 ) ;
#884 = AXIS2_PLACEMENT_3D ( 'NONE', #7376, #7129, #7084 ) ;
#885 = ORIENTED_EDGE ( 'NONE', *, *, #5027, .T. ) ;
#886 = CARTESIAN_POINT ( 'NONE',  ( 0.0000000000000000000, 0.0000000000000000000, 0.0000000000000000000 ) ) ;
#887 = EDGE_LOOP ( 'NONE', ( #3891, #6369, #3503, #996 ) ) ;
#888 = VERTEX_POINT ( 'NONE', #3873 ) ;
#889 = AXIS2_PLACEMENT_3D ( 'NONE', #691, #949, #1220 ) ;
#890 = VERTEX_POINT ( 'NONE', #3749 ) ;
#891 = CONICAL_SURFACE ( 'NONE', #5529, 6.729642571546104790, 0.9250245035569997221 ) ;
#892 = DIRECTION ( 'NONE',  ( -0.6018150231520442706, 9.780464210648347626E-17, -0.7986355100472959379 ) ) ;
#893 = DIRECTION ( 'NONE',  ( 1.000000000000000000, -0.0000000000000000000, -0.0000000000000000000 ) ) ;
#894 = DIRECTION ( 'NONE',  ( -0.6018150231520442706, 0.0000000000000000000, 0.7986355100472959379 ) ) ;
#895 = CARTESIAN_POINT ( 'NONE',  ( -84.75885114994974856, 0.0000000000000000000, -7.200000000003361933 ) ) ;
#896 = CARTESIAN_POINT ( 'NONE',  ( 0.0000000000000000000, 0.0000000000000000000, -7.450000000000017941 ) ) ;
#897 = CIRCLE ( 'NONE', #3306, 7.248294035520856049 ) ;
#898 = AXIS2_PLACEMENT_3D ( 'NONE', #1998, #6498, #6359 ) ;
#899 = AXIS2_PLACEMENT_3D ( 'NONE', #5299, #5279, #5103 ) ;
#900 = DIRECTION ( 'NONE',  ( 0.0000000000000000000, 0.0000000000000000000, -1.000000000000000000 ) ) ;
#901 = CARTESIAN_POINT ( 'NONE',  ( -88.75914057268535373, 8.817456953865094669E-16, 7.200000000003389466 ) ) ;
#902 = CARTESIAN_POINT ( 'NONE',  ( 0.0000000000000000000, 0.0000000000000000000, 0.0000000000000000000 ) ) ;
#903 = ADVANCED_FACE ( 'NONE', ( #882 ), #7587, .T. ) ;
#904 = LINE ( 'NONE', #4278, #5745 ) ;
#905 = CARTESIAN_POINT ( 'NONE',  ( -35.37724226763913293, 0.0000000000000000000, 7.450000000000052580 ) ) ;
#906 = CIRCLE ( 'NONE', #7889, 6.500000000000012434 ) ;
#907 = VERTEX_POINT ( 'NONE', #3414 ) ;
#908 = CARTESIAN_POINT ( 'NONE',  ( -51.47053618404149944, 0.0000000000000000000, 0.0000000000000000000 ) ) ;
#909 = ORIENTED_EDGE ( 'NONE', *, *, #5664, .F. ) ;
#910 = DIRECTION ( 'NONE',  ( 0.0000000000000000000, 0.0000000000000000000, 1.000000000000000000 ) ) ;
#911 = EDGE_CURVE ( 'NONE', #5105, #7300, #6130, .T. ) ;
#912 = FACE_OUTER_BOUND ( 'NONE', #7730, .T. ) ;
#913 = EDGE_LOOP ( 'NONE', ( #2331, #2869, #4099, #7486 ) ) ;
#914 = EDGE_CURVE ( 'NONE', #7711, #7553, #4410, .T. ) ;
#915 = CARTESIAN_POINT ( 'NONE',  ( -89.72971450917985692, 7.960204194457811254E-16, 6.500000000000012434 ) ) ;
#916 = DIRECTION ( 'NONE',  ( 0.0000000000000000000, 0.0000000000000000000, -1.000000000000000000 ) ) ;
#917 = DIRECTION ( 'NONE',  ( -0.6018150231520442706, 0.0000000000000000000, 0.7986355100472959379 ) ) ;
#918 = EDGE_CURVE ( 'NONE', #6614, #5310, #1723, .T. ) ;
#919 = CYLINDRICAL_SURFACE ( 'NONE', #7149, 7.200000000003340617 ) ;
#920 = ORIENTED_EDGE ( 'NONE', *, *, #6672, .T. ) ;
#921 = DIRECTION ( 'NONE',  ( 1.000000000000000000, -0.0000000000000000000, -0.0000000000000000000 ) ) ;
#922 = ORIENTED_EDGE ( 'NONE', *, *, #7861, .T. ) ;
#923 = DIRECTION ( 'NONE',  ( -1.000000000000000000, 0.0000000000000000000, 0.0000000000000000000 ) ) ;
#924 = CARTESIAN_POINT ( 'NONE',  ( -46.67300510289011584, 0.0000000000000000000, 0.0000000000000000000 ) ) ;
#925 = CARTESIAN_POINT ( 'NONE',  ( -61.68976596160536019, 0.0000000000000000000, 0.0000000000000000000 ) ) ;
#926 = DIRECTION ( 'NONE',  ( 1.000000000000000000, -0.0000000000000000000, -0.0000000000000000000 ) ) ;
#927 = AXIS2_PLACEMENT_3D ( 'NONE', #6276, #6162, #6202 ) ;
#928 = LINE ( 'NONE', #4485, #4454 ) ;
#929 = DIRECTION ( 'NONE',  ( 1.000000000000000000, -0.0000000000000000000, -0.0000000000000000000 ) ) ;
#930 = EDGE_CURVE ( 'NONE', #2039, #7243, #4209, .T. ) ;
#931 = DIRECTION ( 'NONE',  ( 0.6018150231520442706, 9.780464210648347626E-17, 0.7986355100472959379 ) ) ;
#932 = DIRECTION ( 'NONE',  ( -0.5045276238147079484, 1.057354597448872248E-16, -0.8633955506069534991 ) ) ;
#933 = AXIS2_PLACEMENT_3D ( 'NONE', #7576, #952, #1046 ) ;
#934 = CYLINDRICAL_SURFACE ( 'NONE', #2442, 7.450000000000057021 ) ;
#935 = VERTEX_POINT ( 'NONE', #3124 ) ;
#936 = AXIS2_PLACEMENT_3D ( 'NONE', #119, #198, #184 ) ;
#937 = ADVANCED_FACE ( 'NONE', ( #2677 ), #468, .T. ) ;
#938 = CARTESIAN_POINT ( 'NONE',  ( 0.0000000000000000000, 0.0000000000000000000, 0.0000000000000000000 ) ) ;
#939 = DIRECTION ( 'NONE',  ( 1.000000000000000000, -0.0000000000000000000, -0.0000000000000000000 ) ) ;
#940 = CARTESIAN_POINT ( 'NONE',  ( -1.755812594380902869, 0.0000000000000000000, -14.30000000000000071 ) ) ;
#941 = CARTESIAN_POINT ( 'NONE',  ( -19.88832417624663407, 0.0000000000000000000, 7.450000000000002842 ) ) ;
#942 = DIRECTION ( 'NONE',  ( 1.000000000000000000, -0.0000000000000000000, -0.0000000000000000000 ) ) ;
#943 = ORIENTED_EDGE ( 'NONE', *, *, #3599, .T. ) ;
#944 = VECTOR ( 'NONE', #285, 1000.000000000000114 ) ;
#945 = CONICAL_SURFACE ( 'NONE', #6173, 7.450000000000003730, 0.9250245035569997221 ) ;
#946 = AXIS2_PLACEMENT_3D ( 'NONE', #5195, #5741, #6010 ) ;
#947 = AXIS2_PLACEMENT_3D ( 'NONE', #6263, #6159, #5737 ) ;
#948 = VERTEX_POINT ( 'NONE', #2322 ) ;
#949 = DIRECTION ( 'NONE',  ( 1.000000000000000000, -0.0000000000000000000, -0.0000000000000000000 ) ) ;
#950 = DIRECTION ( 'NONE',  ( 1.000000000000000000, -0.0000000000000000000, -0.0000000000000000000 ) ) ;
#951 = VECTOR ( 'NONE', #6139, 1000.000000000000114 ) ;
#952 = DIRECTION ( 'NONE',  ( 1.000000000000000000, -0.0000000000000000000, -0.0000000000000000000 ) ) ;
#953 = DIRECTION ( 'NONE',  ( 1.000000000000000000, -0.0000000000000000000, -0.0000000000000000000 ) ) ;
#954 = CIRCLE ( 'NONE', #1958, 7.200000000003347722 ) ;
#955 = DIRECTION ( 'NONE',  ( 0.0000000000000000000, 0.0000000000000000000, -1.000000000000000000 ) ) ;
#956 = ORIENTED_EDGE ( 'NONE', *, *, #5609, .F. ) ;
#957 = ORIENTED_EDGE ( 'NONE', *, *, #3761, .F. ) ;
#958 = DIRECTION ( 'NONE',  ( 1.000000000000000000, -0.0000000000000000000, -0.0000000000000000000 ) ) ;
#959 = CIRCLE ( 'NONE', #5337, 6.500000000000010658 ) ;
#960 = EDGE_CURVE ( 'NONE', #5146, #6011, #2251, .T. ) ;
#961 = FACE_OUTER_BOUND ( 'NONE', #4613, .T. ) ;
#962 = ORIENTED_EDGE ( 'NONE', *, *, #1349, .F. ) ;
#963 = EDGE_CURVE ( 'NONE', #1544, #8348, #685, .T. ) ;
#964 = ORIENTED_EDGE ( 'NONE', *, *, #4987, .F. ) ;
#965 = DIRECTION ( 'NONE',  ( 0.0000000000000000000, 0.0000000000000000000, -1.000000000000000000 ) ) ;
#966 = CIRCLE ( 'NONE', #5648, 7.450000000000043698 ) ;
#967 = CIRCLE ( 'NONE', #6431, 6.500000000000005329 ) ;
#968 = VERTEX_POINT ( 'NONE', #2848 ) ;
#969 = VERTEX_POINT ( 'NONE', #2477 ) ;
#970 = EDGE_CURVE ( 'NONE', #7688, #6748, #2462, .T. ) ;
#971 = CARTESIAN_POINT ( 'NONE',  ( -26.35745560418843780, 0.0000000000000000000, 0.0000000000000000000 ) ) ;
#972 = ORIENTED_EDGE ( 'NONE', *, *, #1236, .F. ) ;
#973 = ORIENTED_EDGE ( 'NONE', *, *, #5461, .F. ) ;
#974 = ORIENTED_EDGE ( 'NONE', *, *, #4355, .T. ) ;
#975 = CIRCLE ( 'NONE', #1844, 7.200000000003347722 ) ;
#976 = VERTEX_POINT ( 'NONE', #2666 ) ;
#977 = EDGE_CURVE ( 'NONE', #1376, #890, #5535, .T. ) ;
#978 = ORIENTED_EDGE ( 'NONE', *, *, #855, .F. ) ;
#979 = EDGE_LOOP ( 'NONE', ( #3391, #3589, #2027, #4008 ) ) ;
#980 = ORIENTED_EDGE ( 'NONE', *, *, #192, .F. ) ;
#981 = EDGE_CURVE ( 'NONE', #2073, #3984, #7198, .T. ) ;
#982 = DIRECTION ( 'NONE',  ( 1.000000000000000000, -0.0000000000000000000, -0.0000000000000000000 ) ) ;
#983 = ORIENTED_EDGE ( 'NONE', *, *, #197, .F. ) ;
#984 = DIRECTION ( 'NONE',  ( 1.000000000000000000, -0.0000000000000000000, -0.0000000000000000000 ) ) ;
#985 = CARTESIAN_POINT ( 'NONE',  ( -29.17476083503994388, 0.0000000000000000000, 0.0000000000000000000 ) ) ;
#986 = DIRECTION ( 'NONE',  ( 1.000000000000000000, -0.0000000000000000000, -0.0000000000000000000 ) ) ;
#987 = ORIENTED_EDGE ( 'NONE', *, *, #1809, .F. ) ;
#988 = CARTESIAN_POINT ( 'NONE',  ( -37.12141233960606002, 0.0000000000000000000, 0.0000000000000000000 ) ) ;
#989 = VECTOR ( 'NONE', #501, 1000.000000000000000 ) ;
#990 = DIRECTION ( 'NONE',  ( 0.6018150231520442706, 9.780464210648347626E-17, 0.7986355100472959379 ) ) ;
#991 = FACE_OUTER_BOUND ( 'NONE', #7014, .T. ) ;
#992 = EDGE_LOOP ( 'NONE', ( #7135, #471, #2098, #6286 ) ) ;
#993 = DIRECTION ( 'NONE',  ( 1.000000000000000000, -0.0000000000000000000, -0.0000000000000000000 ) ) ;
#994 = ADVANCED_FACE ( 'NONE', ( #268 ), #54, .T. ) ;
#995 = ORIENTED_EDGE ( 'NONE', *, *, #7548, .T. ) ;
#996 = ORIENTED_EDGE ( 'NONE', *, *, #7027, .F. ) ;
#997 = DIRECTION ( 'NONE',  ( 0.0000000000000000000, 0.0000000000000000000, 1.000000000000000000 ) ) ;
#998 = VERTEX_POINT ( 'NONE', #2431 ) ;
#999 = AXIS2_PLACEMENT_3D ( 'NONE', #7202, #7169, #7152 ) ;
#1000 = CONICAL_SURFACE ( 'NONE', #4054, 7.650000000000001243, 0.7452555906015766451 ) ;
#1001 = DIRECTION ( 'NONE',  ( 0.0000000000000000000, 0.0000000000000000000, -1.000000000000000000 ) ) ;
#1002 = ORIENTED_EDGE ( 'NONE', *, *, #243, .T. ) ;
#1003 = ORIENTED_EDGE ( 'NONE', *, *, #315, .T. ) ;
#1004 = ORIENTED_EDGE ( 'NONE', *, *, #7248, .T. ) ;
#1005 = AXIS2_PLACEMENT_3D ( 'NONE', #5098, #5062, #5214 ) ;
#1006 = AXIS2_PLACEMENT_3D ( 'NONE', #6921, #6805, #6640 ) ;
#1007 = CARTESIAN_POINT ( 'NONE',  ( -34.83441400990606951, 8.241435234649756541E-16, 6.729642571546150975 ) ) ;
#1008 = CARTESIAN_POINT ( 'NONE',  ( -74.20225272669689787, 0.0000000000000000000, 0.0000000000000000000 ) ) ;
#1009 = CARTESIAN_POINT ( 'NONE',  ( -62.09881293483005038, 0.0000000000000000000, 7.200000000003347722 ) ) ;
#1010 = DIRECTION ( 'NONE',  ( 1.000000000000000000, -0.0000000000000000000, -0.0000000000000000000 ) ) ;
#1011 = CONICAL_SURFACE ( 'NONE', #8193, 5.555973865822608992, 0.5203147992257742827 ) ;
#1012 = CYLINDRICAL_SURFACE ( 'NONE', #4338, 6.500000000000006217 ) ;
#1013 = LINE ( 'NONE', #804, #3932 ) ;
#1014 = CARTESIAN_POINT ( 'NONE',  ( 0.0000000000000000000, 0.0000000000000000000, 0.0000000000000000000 ) ) ;
#1015 = EDGE_CURVE ( 'NONE', #7850, #7300, #1820, .T. ) ;
#1016 = DIRECTION ( 'NONE',  ( 1.000000000000000000, -0.0000000000000000000, -0.0000000000000000000 ) ) ;
#1017 = CYLINDRICAL_SURFACE ( 'NONE', #3243, 6.500000000000007994 ) ;
#1018 = DIRECTION ( 'NONE',  ( 1.000000000000000000, -0.0000000000000000000, -0.0000000000000000000 ) ) ;
#1019 = LINE ( 'NONE', #372, #4340 ) ;
#1020 = VERTEX_POINT ( 'NONE', #2415 ) ;
#1021 = ORIENTED_EDGE ( 'NONE', *, *, #4888, .T. ) ;
#1022 = EDGE_CURVE ( 'NONE', #7402, #8256, #7005, .T. ) ;
#1023 = DIRECTION ( 'NONE',  ( -1.000000000000000000, 0.0000000000000000000, 0.0000000000000000000 ) ) ;
#1024 = CARTESIAN_POINT ( 'NONE',  ( -71.64293583715290481, 0.0000000000000000000, 0.0000000000000000000 ) ) ;
#1025 = DIRECTION ( 'NONE',  ( 0.0000000000000000000, 0.0000000000000000000, 1.000000000000000000 ) ) ;
#1026 = VERTEX_POINT ( 'NONE', #2493 ) ;
#1027 = CIRCLE ( 'NONE', #5316, 6.729642571546104790 ) ;
#1028 = DIRECTION ( 'NONE',  ( 0.0000000000000000000, 0.0000000000000000000, -1.000000000000000000 ) ) ;
#1029 = ORIENTED_EDGE ( 'NONE', *, *, #836, .T. ) ;
#1030 = EDGE_CURVE ( 'NONE', #1897, #3497, #3591, .T. ) ;
#1031 = CONICAL_SURFACE ( 'NONE', #4329, 6.500000000000010658, 0.6248278722141774599 ) ;
#1032 = ADVANCED_FACE ( 'NONE', ( #6816 ), #6615, .T. ) ;
#1033 = DIRECTION ( 'NONE',  ( -0.6018150231520442706, 9.780464210648347626E-17, -0.7986355100472959379 ) ) ;
#1034 = EDGE_CURVE ( 'NONE', #2039, #7478, #5724, .T. ) ;
#1035 = EDGE_CURVE ( 'NONE', #4502, #2978, #5144, .T. ) ;
#1036 = CIRCLE ( 'NONE', #485, 6.729642571546104790 ) ;
#1037 = CARTESIAN_POINT ( 'NONE',  ( -58.56892210879158256, 0.0000000000000000000, 0.0000000000000000000 ) ) ;
#1038 = CARTESIAN_POINT ( 'NONE',  ( -74.20225272669689787, 8.817456953865042407E-16, -7.200000000003347722 ) ) ;
#1039 = CARTESIAN_POINT ( 'NONE',  ( -24.95506366705346579, 0.0000000000000000000, 0.0000000000000000000 ) ) ;
#1040 = AXIS2_PLACEMENT_3D ( 'NONE', #2998, #2969, #2947 ) ;
#1041 = CARTESIAN_POINT ( 'NONE',  ( -62.60340203941386505, 0.0000000000000000000, 0.0000000000000000000 ) ) ;
#1042 = DIRECTION ( 'NONE',  ( 0.0000000000000000000, 0.0000000000000000000, -1.000000000000000000 ) ) ;
#1043 = DIRECTION ( 'NONE',  ( 0.0000000000000000000, 0.0000000000000000000, -1.000000000000000000 ) ) ;
#1044 = DIRECTION ( 'NONE',  ( 1.000000000000000000, -0.0000000000000000000, -0.0000000000000000000 ) ) ;
#1045 = AXIS2_PLACEMENT_3D ( 'NONE', #1468, #1639, #2177 ) ;
#1046 = DIRECTION ( 'NONE',  ( 0.0000000000000000000, 0.0000000000000000000, -1.000000000000000000 ) ) ;
#1047 = CARTESIAN_POINT ( 'NONE',  ( -24.09549998765155365, 0.0000000000000000000, 0.0000000000000000000 ) ) ;
#1048 = FACE_OUTER_BOUND ( 'NONE', #2344, .T. ) ;
#1049 = AXIS2_PLACEMENT_3D ( 'NONE', #2744, #2789, #2810 ) ;
#1050 = VECTOR ( 'NONE', #3015, 1000.000000000000000 ) ;
#1051 = CARTESIAN_POINT ( 'NONE',  ( -66.13329286545233288, 0.0000000000000000000, 7.200000000003347722 ) ) ;
#1052 = VERTEX_POINT ( 'NONE', #2194 ) ;
#1053 = DIRECTION ( 'NONE',  ( 1.000000000000000000, -0.0000000000000000000, -0.0000000000000000000 ) ) ;
#1054 = CIRCLE ( 'NONE', #5264, 6.500000000000005329 ) ;
#1055 = CIRCLE ( 'NONE', #2916, 7.200000000003333511 ) ;
#1056 = AXIS2_PLACEMENT_3D ( 'NONE', #5053, #6437, #5517 ) ;
#1057 = AXIS2_PLACEMENT_3D ( 'NONE', #2600, #1971, #2622 ) ;
#1058 = ORIENTED_EDGE ( 'NONE', *, *, #6412, .F. ) ;
#1059 = EDGE_LOOP ( 'NONE', ( #6410, #1659, #1598, #461 ) ) ;
#1060 = DIRECTION ( 'NONE',  ( 0.0000000000000000000, 0.0000000000000000000, 1.000000000000000000 ) ) ;
#1061 = VECTOR ( 'NONE', #4453, 1000.000000000000227 ) ;
#1062 = DIRECTION ( 'NONE',  ( 0.0000000000000000000, 0.0000000000000000000, -1.000000000000000000 ) ) ;
#1063 = DIRECTION ( 'NONE',  ( 0.0000000000000000000, 0.0000000000000000000, -1.000000000000000000 ) ) ;
#1065 = CARTESIAN_POINT ( 'NONE',  ( 0.0000000000000000000, 0.0000000000000000000, 0.0000000000000000000 ) ) ;
#1064 = FACE_OUTER_BOUND ( 'NONE', #2989, .T. ) ;
#1066 = DIRECTION ( 'NONE',  ( 0.0000000000000000000, 0.0000000000000000000, 1.000000000000000000 ) ) ;
#1067 = CARTESIAN_POINT ( 'NONE',  ( -17.08354030197668649, 9.123618653647785104E-16, -7.450000000000002842 ) ) ;
#1068 = ORIENTED_EDGE ( 'NONE', *, *, #236, .F. ) ;
#1069 = ADVANCED_FACE ( 'NONE', ( #5339 ), #6415, .T. ) ;
#1070 = DIRECTION ( 'NONE',  ( -1.000000000000000000, 0.0000000000000000000, 0.0000000000000000000 ) ) ;
#1071 = ORIENTED_EDGE ( 'NONE', *, *, #7754, .T. ) ;
#1072 = ORIENTED_EDGE ( 'NONE', *, *, #1552, .F. ) ;
#1073 = DIRECTION ( 'NONE',  ( 1.000000000000000000, -0.0000000000000000000, -0.0000000000000000000 ) ) ;
#1074 = EDGE_CURVE ( 'NONE', #6787, #3497, #1398, .T. ) ;
#1075 = EDGE_LOOP ( 'NONE', ( #1698, #1609, #5068, #6831 ) ) ;
#1076 = CARTESIAN_POINT ( 'NONE',  ( -50.43300091588812251, 0.0000000000000000000, 7.248294035520856049 ) ) ;
#1077 = DIRECTION ( 'NONE',  ( 1.000000000000000000, -0.0000000000000000000, -0.0000000000000000000 ) ) ;
#1078 = VECTOR ( 'NONE', #6150, 999.9999999999998863 ) ;
#1079 = CARTESIAN_POINT ( 'NONE',  ( -72.18501276138574951, 0.0000000000000000000, 0.0000000000000000000 ) ) ;
#1080 = DIRECTION ( 'NONE',  ( -1.000000000000000000, 0.0000000000000000000, 0.0000000000000000000 ) ) ;
#1081 = ORIENTED_EDGE ( 'NONE', *, *, #5023, .T. ) ;
#1082 = VERTEX_POINT ( 'NONE', #1677 ) ;
#1083 = EDGE_CURVE ( 'NONE', #466, #6895, #3393, .T. ) ;
#1084 = ADVANCED_FACE ( 'NONE', ( #4949 ), #7873, .T. ) ;
#1085 = ORIENTED_EDGE ( 'NONE', *, *, #2552, .F. ) ;
#1086 = ORIENTED_EDGE ( 'NONE', *, *, #6239, .F. ) ;
#1087 = LINE ( 'NONE', #5825, #6119 ) ;
#1088 = LINE ( 'NONE', #6552, #6997 ) ;
#1089 = VERTEX_POINT ( 'NONE', #1545 ) ;
#1090 = ORIENTED_EDGE ( 'NONE', *, *, #1186, .T. ) ;
#1091 = DIRECTION ( 'NONE',  ( 1.000000000000000000, -0.0000000000000000000, -0.0000000000000000000 ) ) ;
#1092 = ORIENTED_EDGE ( 'NONE', *, *, #477, .T. ) ;
#1093 = CIRCLE ( 'NONE', #4336, 6.500000000000007105 ) ;
#1094 = VECTOR ( 'NONE', #3999, 1000.000000000000000 ) ;
#1095 = AXIS2_PLACEMENT_3D ( 'NONE', #1041, #993, #955 ) ;
#1096 = VERTEX_POINT ( 'NONE', #1564 ) ;
#1097 = EDGE_CURVE ( 'NONE', #7170, #2594, #2984, .T. ) ;
#1098 = DIRECTION ( 'NONE',  ( 0.0000000000000000000, 0.0000000000000000000, -1.000000000000000000 ) ) ;
#1099 = CARTESIAN_POINT ( 'NONE',  ( -28.63193257730687691, 0.0000000000000000000, 0.0000000000000000000 ) ) ;
#1100 = DIRECTION ( 'NONE',  ( 1.000000000000000000, -0.0000000000000000000, -0.0000000000000000000 ) ) ;
#1101 = ORIENTED_EDGE ( 'NONE', *, *, #5023, .F. ) ;
#1102 = FACE_OUTER_BOUND ( 'NONE', #1412, .T. ) ;
#1103 = STYLED_ITEM ( 'NONE', ( #2371 ), #375 ) ;
#1104 = DIRECTION ( 'NONE',  ( 0.0000000000000000000, 0.0000000000000000000, -1.000000000000000000 ) ) ;
#1105 = ORIENTED_EDGE ( 'NONE', *, *, #4874, .F. ) ;
#1106 = VERTEX_POINT ( 'NONE', #1570 ) ;
#1107 = CARTESIAN_POINT ( 'NONE',  ( -74.20225272669689787, 0.0000000000000000000, 0.0000000000000000000 ) ) ;
#1108 = DIRECTION ( 'NONE',  ( 0.0000000000000000000, 0.0000000000000000000, -1.000000000000000000 ) ) ;
#1109 = VECTOR ( 'NONE', #3831, 1000.000000000000000 ) ;
#1110 = CONICAL_SURFACE ( 'NONE', #3496, 7.450000000000002842, 0.9250245035569997221 ) ;
#1111 = AXIS2_PLACEMENT_3D ( 'NONE', #2434, #2416, #2410 ) ;
#1112 = CARTESIAN_POINT ( 'NONE',  ( -18.48593223911166206, 9.123618653647785104E-16, -7.450000000000002842 ) ) ;
#1113 = CARTESIAN_POINT ( 'NONE',  ( -62.60340203941386505, 0.0000000000000000000, 0.0000000000000000000 ) ) ;
#1114 = FACE_OUTER_BOUND ( 'NONE', #4193, .T. ) ;
#1115 = LINE ( 'NONE', #7056, #4656 ) ;
#1116 = AXIS2_PLACEMENT_3D ( 'NONE', #43, #2708, #74 ) ;
#1117 = EDGE_LOOP ( 'NONE', ( #4826, #7766, #7956, #3900 ) ) ;
#1118 = DIRECTION ( 'NONE',  ( -0.6018150231520443816, 9.780464210648345161E-17, -0.7986355100472957158 ) ) ;
#1119 = ADVANCED_FACE ( 'NONE', ( #8069 ), #7681, .T. ) ;
#1120 = CARTESIAN_POINT ( 'NONE',  ( -37.12141233960606002, 0.0000000000000000000, -7.450000000000073008 ) ) ;
#1121 = DIRECTION ( 'NONE',  ( 0.0000000000000000000, 0.0000000000000000000, -1.000000000000000000 ) ) ;
#1122 = DIRECTION ( 'NONE',  ( 1.000000000000000000, -0.0000000000000000000, -0.0000000000000000000 ) ) ;
#1123 = CONICAL_SURFACE ( 'NONE', #4269, 6.729642571546104790, 0.9250245035569997221 ) ;
#1124 = ORIENTED_EDGE ( 'NONE', *, *, #2538, .F. ) ;
#1125 = ADVANCED_FACE ( 'NONE', ( #6219 ), #4311, .T. ) ;
#1126 = DIRECTION ( 'NONE',  ( 0.0000000000000000000, 0.0000000000000000000, 1.000000000000000000 ) ) ;
#1127 = EDGE_CURVE ( 'NONE', #3470, #3903, #1191, .T. ) ;
#1128 = DIRECTION ( 'NONE',  ( -0.6018150231520442706, 0.0000000000000000000, 0.7986355100472959379 ) ) ;
#1129 = CARTESIAN_POINT ( 'NONE',  ( -15.13832010710865283, 8.241435234649700335E-16, 6.729642571546104790 ) ) ;
#1130 = VECTOR ( 'NONE', #1128, 1000.000000000000227 ) ;
#1131 = DIRECTION ( 'NONE',  ( 1.000000000000000000, -0.0000000000000000000, -0.0000000000000000000 ) ) ;
#1132 = ORIENTED_EDGE ( 'NONE', *, *, #6258, .F. ) ;
#1133 = ORIENTED_EDGE ( 'NONE', *, *, #4407, .T. ) ;
#1134 = EDGE_CURVE ( 'NONE', #5622, #2884, #2771, .T. ) ;
#1135 = CARTESIAN_POINT ( 'NONE',  ( -59.53949604528606443, 0.0000000000000000000, 0.0000000000000000000 ) ) ;
#1136 = CARTESIAN_POINT ( 'NONE',  ( -61.55673601059720568, 0.0000000000000000000, 0.0000000000000000000 ) ) ;
#1137 = DIRECTION ( 'NONE',  ( 1.000000000000000000, -0.0000000000000000000, -0.0000000000000000000 ) ) ;
#1138 = LINE ( 'NONE', #4903, #4252 ) ;
#1139 = EDGE_CURVE ( 'NONE', #2119, #6787, #6022, .T. ) ;
#1140 = CARTESIAN_POINT ( 'NONE',  ( -11.52088086035677250, 0.0000000000000000000, -7.650000000000001243 ) ) ;
#1141 = DIRECTION ( 'NONE',  ( 0.0000000000000000000, 0.0000000000000000000, 1.000000000000000000 ) ) ;
#1142 = EDGE_CURVE ( 'NONE', #2936, #2460, #2560, .T. ) ;
#1143 = VECTOR ( 'NONE', #1743, 1000.000000000000000 ) ;
#1144 = CARTESIAN_POINT ( 'NONE',  ( -68.15053283076346702, 8.817456953865042407E-16, -7.200000000003347722 ) ) ;
#1145 = DIRECTION ( 'NONE',  ( 1.000000000000000000, -0.0000000000000000000, -0.0000000000000000000 ) ) ;
#1146 = EDGE_CURVE ( 'NONE', #6402, #7688, #4515, .T. ) ;
#1147 = ORIENTED_EDGE ( 'NONE', *, *, #8213, .F. ) ;
#1148 = CIRCLE ( 'NONE', #1226, 6.500000000000010658 ) ;
#1149 = CONICAL_SURFACE ( 'NONE', #5336, 7.200000000003347722, 1.041961563441731853 ) ;
#1150 = DIRECTION ( 'NONE',  ( -0.9029606324284835672, 0.0000000000000000000, 0.4297232787322010084 ) ) ;
#1151 = AXIS2_PLACEMENT_3D ( 'NONE', #3648, #2299, #3329 ) ;
#1152 = ADVANCED_FACE ( 'NONE', ( #777 ), #2132, .T. ) ;
#1153 = ORIENTED_EDGE ( 'NONE', *, *, #8126, .F. ) ;
#1154 = DIRECTION ( 'NONE',  ( 0.0000000000000000000, 0.0000000000000000000, -1.000000000000000000 ) ) ;
#1155 = LINE ( 'NONE', #6178, #951 ) ;
#1156 = CARTESIAN_POINT ( 'NONE',  ( 0.0000000000000000000, 0.0000000000000000000, 0.0000000000000000000 ) ) ;
#1157 = CIRCLE ( 'NONE', #2411, 6.729642571546160745 ) ;
#1158 = DIRECTION ( 'NONE',  ( 0.0000000000000000000, 0.0000000000000000000, -1.000000000000000000 ) ) ;
#1159 = AXIS2_PLACEMENT_3D ( 'NONE', #7661, #2440, #8389 ) ;
#1160 = EDGE_LOOP ( 'NONE', ( #6756, #4123, #2752, #2649 ) ) ;
#1161 = ORIENTED_EDGE ( 'NONE', *, *, #6292, .T. ) ;
#1162 = ADVANCED_FACE ( 'NONE', ( #5627 ), #7100, .T. ) ;
#1163 = FACE_OUTER_BOUND ( 'NONE', #5951, .T. ) ;
#1164 = FACE_OUTER_BOUND ( 'NONE', #2179, .T. ) ;
#1165 = CARTESIAN_POINT ( 'NONE',  ( -81.72913566370860394, 0.0000000000000000000, 0.0000000000000000000 ) ) ;
#1166 = DIRECTION ( 'NONE',  ( 0.0000000000000000000, 0.0000000000000000000, 1.000000000000000000 ) ) ;
#1167 = CARTESIAN_POINT ( 'NONE',  ( -91.72985922054768082, 0.0000000000000000000, -6.500000000000008882 ) ) ;
#1168 = ORIENTED_EDGE ( 'NONE', *, *, #6151, .F. ) ;
#1169 = DIRECTION ( 'NONE',  ( 0.0000000000000000000, 0.0000000000000000000, -1.000000000000000000 ) ) ;
#1170 = EDGE_LOOP ( 'NONE', ( #2889, #791, #6317, #406 ) ) ;
#1171 = CYLINDRICAL_SURFACE ( 'NONE', #6488, 6.500000000000008882 ) ;
#1172 = AXIS2_PLACEMENT_3D ( 'NONE', #4934, #4975, #4956 ) ;
#1173 = AXIS2_PLACEMENT_3D ( 'NONE', #6152, #6196, #6125 ) ;
#1174 = VECTOR ( 'NONE', #1888, 999.9999999999998863 ) ;
#1175 = EDGE_LOOP ( 'NONE', ( #4499, #4957, #8033, #2966 ) ) ;
#1176 = ORIENTED_EDGE ( 'NONE', *, *, #1370, .T. ) ;
#1177 = ORIENTED_EDGE ( 'NONE', *, *, #1408, .F. ) ;
#1178 = DIRECTION ( 'NONE',  ( 1.000000000000000000, -0.0000000000000000000, -0.0000000000000000000 ) ) ;
#1179 = VERTEX_POINT ( 'NONE', #789 ) ;
#1180 = EDGE_LOOP ( 'NONE', ( #608, #3148, #3048, #7718 ) ) ;
#1181 = DIRECTION ( 'NONE',  ( 0.0000000000000000000, 0.0000000000000000000, -1.000000000000000000 ) ) ;
#1182 = DIRECTION ( 'NONE',  ( -0.5045276238140292691, 0.0000000000000000000, 0.8633955506073501818 ) ) ;
#1183 = CIRCLE ( 'NONE', #64, 6.729642571546121665 ) ;
#1184 = CARTESIAN_POINT ( 'NONE',  ( -77.69465573308633566, 8.388830574161415984E-16, 6.500000000000007105 ) ) ;
#1185 = EDGE_LOOP ( 'NONE', ( #3400, #716, #1915, #2418 ) ) ;
#1186 = EDGE_CURVE ( 'NONE', #7113, #3892, #574, .T. ) ;
#1187 = CARTESIAN_POINT ( 'NONE',  ( 0.0000000000000000000, 0.0000000000000000000, 0.0000000000000000000 ) ) ;
#1188 = CARTESIAN_POINT ( 'NONE',  ( 0.0000000000000000000, 0.0000000000000000000, 0.0000000000000000000 ) ) ;
#1189 = ORIENTED_EDGE ( 'NONE', *, *, #8117, .F. ) ;
#1190 = VERTEX_POINT ( 'NONE', #7900 ) ;
#1191 = LINE ( 'NONE', #310, #8252 ) ;
#1192 = CARTESIAN_POINT ( 'NONE',  ( -29.71758909277301086, 0.0000000000000000000, 7.450000000000012612 ) ) ;
#1193 = CARTESIAN_POINT ( 'NONE',  ( -92.75942999542097311, 8.817456953865129182E-16, 7.200000000003417888 ) ) ;
#1194 = TOROIDAL_SURFACE ( 'NONE', #7934, 5.729725155218028831, 0.8999999999999962474 ) ;
#1195 = DIRECTION ( 'NONE',  ( 1.000000000000000000, -0.0000000000000000000, -0.0000000000000000000 ) ) ;
#1196 = ORIENTED_EDGE ( 'NONE', *, *, #1142, .T. ) ;
#1197 = EDGE_CURVE ( 'NONE', #6336, #2105, #367, .T. ) ;
#1198 = ORIENTED_EDGE ( 'NONE', *, *, #2368, .F. ) ;
#1199 = ORIENTED_EDGE ( 'NONE', *, *, #3386, .T. ) ;
#1200 = EDGE_CURVE ( 'NONE', #8332, #362, #3907, .T. ) ;
#1201 = ORIENTED_EDGE ( 'NONE', *, *, #2420, .T. ) ;
#1202 = VECTOR ( 'NONE', #5692, 1000.000000000000000 ) ;
#1203 = ADVANCED_FACE ( 'NONE', ( #5822 ), #155, .T. ) ;
#1204 = DIRECTION ( 'NONE',  ( 1.000000000000000000, -0.0000000000000000000, -0.0000000000000000000 ) ) ;
#1205 = CARTESIAN_POINT ( 'NONE',  ( -15.68114836484171448, 0.0000000000000000000, 0.0000000000000000000 ) ) ;
#1206 = CARTESIAN_POINT ( 'NONE',  ( -27.75984754132340981, 0.0000000000000000000, 0.0000000000000000000 ) ) ;
#1207 = ORIENTED_EDGE ( 'NONE', *, *, #211, .F. ) ;
#1208 = AXIS2_PLACEMENT_3D ( 'NONE', #3575, #3529, #4058 ) ;
#1209 = CARTESIAN_POINT ( 'NONE',  ( -91.86288917155505374, 0.0000000000000000000, 0.0000000000000000000 ) ) ;
#1210 = ADVANCED_FACE ( 'NONE', ( #2356 ), #5242, .T. ) ;
#1211 = CARTESIAN_POINT ( 'NONE',  ( -86.27150201067706803, 0.0000000000000000000, 0.0000000000000000000 ) ) ;
#1212 = FACE_OUTER_BOUND ( 'NONE', #2751, .T. ) ;
#1213 = DIRECTION ( 'NONE',  ( 1.000000000000000000, -0.0000000000000000000, -0.0000000000000000000 ) ) ;
#1214 = CONICAL_SURFACE ( 'NONE', #332, 6.500000000000012434, 0.6248278722141601405 ) ;
#1215 = LINE ( 'NONE', #4428, #2793 ) ;
#1216 = AXIS2_PLACEMENT_3D ( 'NONE', #4763, #4746, #4732 ) ;
#1217 = CARTESIAN_POINT ( 'NONE',  ( -15.68114836484171448, 9.123618653647785104E-16, -7.450000000000002842 ) ) ;
#1218 = AXIS2_PLACEMENT_3D ( 'NONE', #319, #347, #294 ) ;
#1219 = VECTOR ( 'NONE', #6550, 1000.000000000000000 ) ;
#1220 = DIRECTION ( 'NONE',  ( 0.0000000000000000000, 0.0000000000000000000, -1.000000000000000000 ) ) ;
#1221 = FACE_OUTER_BOUND ( 'NONE', #6253, .T. ) ;
#1222 = ORIENTED_EDGE ( 'NONE', *, *, #2713, .T. ) ;
#1223 = CARTESIAN_POINT ( 'NONE',  ( -67.60845590653062231, 0.0000000000000000000, 0.0000000000000000000 ) ) ;
#1224 = ORIENTED_EDGE ( 'NONE', *, *, #3336, .F. ) ;
#1225 = ORIENTED_EDGE ( 'NONE', *, *, #4762, .T. ) ;
#1226 = AXIS2_PLACEMENT_3D ( 'NONE', #1547, #1502, #1571 ) ;
#1227 = AXIS2_PLACEMENT_3D ( 'NONE', #4937, #255, #4965 ) ;
#1228 = VECTOR ( 'NONE', #5927, 1000.000000000000227 ) ;
#1229 = DIRECTION ( 'NONE',  ( 0.0000000000000000000, 0.0000000000000000000, -1.000000000000000000 ) ) ;
#1230 = ORIENTED_EDGE ( 'NONE', *, *, #7448, .F. ) ;
#1231 = VERTEX_POINT ( 'NONE', #7599 ) ;
#1232 = DIRECTION ( 'NONE',  ( -0.5045276238141314096, 0.0000000000000000000, 0.8633955506072904518 ) ) ;
#1233 = CARTESIAN_POINT ( 'NONE',  ( 0.0000000000000000000, 9.123618653647785104E-16, 7.450000000000002842 ) ) ;
#1234 = DIRECTION ( 'NONE',  ( 0.0000000000000000000, 0.0000000000000000000, -1.000000000000000000 ) ) ;
#1235 = LINE ( 'NONE', #3169, #100 ) ;
#1236 = EDGE_CURVE ( 'NONE', #3233, #5541, #5437, .T. ) ;
#1237 = CARTESIAN_POINT ( 'NONE',  ( -12.58157168442802387, 9.194399011958017309E-16, -7.507796548653469237 ) ) ;
#1238 = CARTESIAN_POINT ( 'NONE',  ( -85.86245503745173835, 0.0000000000000000000, -6.500000000000010658 ) ) ;
#1239 = CARTESIAN_POINT ( 'NONE',  ( -15.13832010710865283, 8.682526944148744198E-16, 6.729642571546104790 ) ) ;
#1240 = ADVANCED_FACE ( 'NONE', ( #6906 ), #5037, .T. ) ;
#1241 = CIRCLE ( 'NONE', #6784, 6.729642571546180285 ) ;
#1242 = EDGE_LOOP ( 'NONE', ( #4466, #6029, #6822, #4241 ) ) ;
#1243 = EDGE_CURVE ( 'NONE', #1742, #2408, #6708, .T. ) ;
#1244 = DIRECTION ( 'NONE',  ( 1.000000000000000000, -0.0000000000000000000, -0.0000000000000000000 ) ) ;
#1245 = AXIS2_PLACEMENT_3D ( 'NONE', #7490, #6901, #6944 ) ;
#1246 = ADVANCED_FACE ( 'NONE', ( #3492 ), #8163, .T. ) ;
#1247 = EDGE_CURVE ( 'NONE', #351, #5690, #1508, .T. ) ;
#1248 = ORIENTED_EDGE ( 'NONE', *, *, #7551, .T. ) ;
#1249 = DIRECTION ( 'NONE',  ( 0.8110638189892164229, 0.0000000000000000000, -0.5849576749873681702 ) ) ;
#1250 = CARTESIAN_POINT ( 'NONE',  ( 0.0000000000000000000, 0.0000000000000000000, -6.500000000000008882 ) ) ;
#1251 = EDGE_CURVE ( 'NONE', #4113, #7691, #1712, .T. ) ;
#1252 = ORIENTED_EDGE ( 'NONE', *, *, #5305, .F. ) ;
#1253 = CONICAL_SURFACE ( 'NONE', #1843, 6.729642571546180285, 0.9250245035569996110 ) ;
#1254 = DIRECTION ( 'NONE',  ( 0.0000000000000000000, 0.0000000000000000000, -1.000000000000000000 ) ) ;
#1255 = CIRCLE ( 'NONE', #6759, 6.729642571546104790 ) ;
#1256 = ORIENTED_EDGE ( 'NONE', *, *, #7920, .F. ) ;
#1257 = DIRECTION ( 'NONE',  ( 1.000000000000000000, -0.0000000000000000000, -0.0000000000000000000 ) ) ;
#1258 = VECTOR ( 'NONE', #6337, 1000.000000000000114 ) ;
#1259 = DIRECTION ( 'NONE',  ( 1.000000000000000000, -0.0000000000000000000, -0.0000000000000000000 ) ) ;
#1260 = LINE ( 'NONE', #2015, #7362 ) ;
#1261 = AXIS2_PLACEMENT_3D ( 'NONE', #5054, #5121, #5080 ) ;
#1262 = CARTESIAN_POINT ( 'NONE',  ( -24.09549998765155365, 9.123618653647785104E-16, -7.450000000000002842 ) ) ;
#1263 = ORIENTED_EDGE ( 'NONE', *, *, #6151, .T. ) ;
#1264 = DIRECTION ( 'NONE',  ( 1.000000000000000000, -0.0000000000000000000, -0.0000000000000000000 ) ) ;
#1265 = EDGE_LOOP ( 'NONE', ( #1081, #3694, #8071, #5766 ) ) ;
#1266 = LINE ( 'NONE', #4516, #1061 ) ;
#1267 = DIRECTION ( 'NONE',  ( 1.000000000000000000, -0.0000000000000000000, -0.0000000000000000000 ) ) ;
#1268 = LINE ( 'NONE', #3980, #4598 ) ;
#1269 = AXIS2_PLACEMENT_3D ( 'NONE', #2673, #2427, #2405 ) ;
#1270 = AXIS2_PLACEMENT_3D ( 'NONE', #2087, #1829, #1715 ) ;
#1271 = ORIENTED_EDGE ( 'NONE', *, *, #4588, .F. ) ;
#1272 = DIRECTION ( 'NONE',  ( 0.8110638189892204197, 7.163665443099517366E-17, 0.5849576749873628412 ) ) ;
#1273 = ORIENTED_EDGE ( 'NONE', *, *, #6346, .T. ) ;
#1274 = ORIENTED_EDGE ( 'NONE', *, *, #2209, .F. ) ;
#1275 = ORIENTED_EDGE ( 'NONE', *, *, #6872, .T. ) ;
#1276 = FACE_OUTER_BOUND ( 'NONE', #1642, .T. ) ;
#1277 = ORIENTED_EDGE ( 'NONE', *, *, #6674, .F. ) ;
#1278 = ADVANCED_FACE ( 'NONE', ( #3688 ), #1285, .T. ) ;
#1279 = EDGE_LOOP ( 'NONE', ( #1248, #6475, #5005, #7064 ) ) ;
#1280 = EDGE_LOOP ( 'NONE', ( #7098, #920, #1819, #3795 ) ) ;
#1281 = CARTESIAN_POINT ( 'NONE',  ( -77.69465573308633566, 0.0000000000000000000, -6.500000000000007105 ) ) ;
#1282 = ORIENTED_EDGE ( 'NONE', *, *, #7078, .F. ) ;
#1283 = EDGE_LOOP ( 'NONE', ( #5019, #4594, #7365, #5311 ) ) ;
#1284 = EDGE_CURVE ( 'NONE', #2759, #378, #3077, .T. ) ;
#1285 = CONICAL_SURFACE ( 'NONE', #1772, 7.249495137711240211, 1.006182313774734549 ) ;
#1286 = CARTESIAN_POINT ( 'NONE',  ( -91.86288917155505374, 7.960204194457806324E-16, 6.500000000000007105 ) ) ;
#1287 = DIRECTION ( 'NONE',  ( 0.0000000000000000000, 0.0000000000000000000, -1.000000000000000000 ) ) ;
#1288 = FACE_OUTER_BOUND ( 'NONE', #2755, .T. ) ;
#1289 = EDGE_LOOP ( 'NONE', ( #5042, #2385, #7566, #5592 ) ) ;
#1290 = ORIENTED_EDGE ( 'NONE', *, *, #6099, .T. ) ;
#1291 = ORIENTED_EDGE ( 'NONE', *, *, #8271, .T. ) ;
#1292 = DIRECTION ( 'NONE',  ( 0.0000000000000000000, 0.0000000000000000000, -1.000000000000000000 ) ) ;
#1293 = ADVANCED_FACE ( 'NONE', ( #6512 ), #4620, .T. ) ;
#1294 = DIRECTION ( 'NONE',  ( 0.0000000000000000000, 0.0000000000000000000, -1.000000000000000000 ) ) ;
#1295 = EDGE_CURVE ( 'NONE', #3844, #478, #8349, .T. ) ;
#1296 = CARTESIAN_POINT ( 'NONE',  ( -53.48777614935264069, 0.0000000000000000000, 0.0000000000000000000 ) ) ;
#1297 = DIRECTION ( 'NONE',  ( 1.000000000000000000, -0.0000000000000000000, -0.0000000000000000000 ) ) ;
#1298 = CARTESIAN_POINT ( 'NONE',  ( -16.54071204424362662, 0.0000000000000000000, -6.729642571546104790 ) ) ;
#1299 = CARTESIAN_POINT ( 'NONE',  ( -67.60845590653062231, 7.960204194457805338E-16, 6.500000000000007105 ) ) ;
#1300 = VERTEX_POINT ( 'NONE', #80 ) ;
#1301 = CIRCLE ( 'NONE', #5220, 7.450000000000002842 ) ;
#1302 = DIRECTION ( 'NONE',  ( 0.6018150231520442706, 0.0000000000000000000, -0.7986355100472959379 ) ) ;
#1303 = FACE_OUTER_BOUND ( 'NONE', #2756, .T. ) ;
#1304 = ORIENTED_EDGE ( 'NONE', *, *, #5983, .F. ) ;
#1305 = VERTEX_POINT ( 'NONE', #8022 ) ;
#1306 = CARTESIAN_POINT ( 'NONE',  ( -52.01261310827259621, 0.0000000000000000000, 0.0000000000000000000 ) ) ;
#1307 = EDGE_CURVE ( 'NONE', #6515, #4220, #3292, .T. ) ;
#1308 = ORIENTED_EDGE ( 'NONE', *, *, #1022, .F. ) ;
#1309 = DIRECTION ( 'NONE',  ( 1.000000000000000000, -0.0000000000000000000, -0.0000000000000000000 ) ) ;
#1310 = DIRECTION ( 'NONE',  ( -0.6018150231520442706, 0.0000000000000000000, 0.7986355100472959379 ) ) ;
#1311 = VERTEX_POINT ( 'NONE', #118 ) ;
#1312 = DIRECTION ( 'NONE',  ( 1.000000000000000000, -0.0000000000000000000, -0.0000000000000000000 ) ) ;
#1313 = VECTOR ( 'NONE', #6492, 1000.000000000000000 ) ;
#1314 = EDGE_CURVE ( 'NONE', #7621, #7478, #1922, .T. ) ;
#1315 = DIRECTION ( 'NONE',  ( 1.000000000000000000, -0.0000000000000000000, -0.0000000000000000000 ) ) ;
#1316 = ORIENTED_EDGE ( 'NONE', *, *, #1467, .F. ) ;
#1317 = VERTEX_POINT ( 'NONE', #130 ) ;
#1318 = EDGE_CURVE ( 'NONE', #3984, #1624, #6304, .T. ) ;
#1319 = LINE ( 'NONE', #3501, #179 ) ;
#1320 = FACE_OUTER_BOUND ( 'NONE', #6804, .T. ) ;
#1321 = CARTESIAN_POINT ( 'NONE',  ( -44.64504213944225341, 0.0000000000000000000, 0.0000000000000000000 ) ) ;
#1322 = DIRECTION ( 'NONE',  ( -1.000000000000000000, 0.0000000000000000000, 0.0000000000000000000 ) ) ;
#1323 = VECTOR ( 'NONE', #4783, 1000.000000000000114 ) ;
#1324 = LINE ( 'NONE', #4974, #3112 ) ;
#1325 = ORIENTED_EDGE ( 'NONE', *, *, #1982, .T. ) ;
#1326 = AXIS2_PLACEMENT_3D ( 'NONE', #7558, #7411, #7434 ) ;
#1327 = CARTESIAN_POINT ( 'NONE',  ( 0.0000000000000000000, 0.0000000000000000000, -7.200000000003361933 ) ) ;
#1328 = VECTOR ( 'NONE', #990, 1000.000000000000227 ) ;
#1329 = ADVANCED_FACE ( 'NONE', ( #4835 ), #4401, .T. ) ;
#1330 = AXIS2_PLACEMENT_3D ( 'NONE', #8317, #2268, #4519 ) ;
#1331 = ORIENTED_EDGE ( 'NONE', *, *, #803, .F. ) ;
#1332 = CARTESIAN_POINT ( 'NONE',  ( -13.65714082121639095, 0.0000000000000000000, 0.0000000000000000000 ) ) ;
#1333 = CARTESIAN_POINT ( 'NONE',  ( 0.0000000000000000000, 7.960204194457804352E-16, 6.500000000000006217 ) ) ;
#1334 = AXIS2_PLACEMENT_3D ( 'NONE', #7453, #7608, #7614 ) ;
#1335 = DIRECTION ( 'NONE',  ( 1.000000000000000000, -0.0000000000000000000, -0.0000000000000000000 ) ) ;
#1336 = CYLINDRICAL_SURFACE ( 'NONE', #4599, 7.450000000000002842 ) ;
#1337 = EDGE_LOOP ( 'NONE', ( #3559, #7997, #6109, #764 ) ) ;
#1338 = VERTEX_POINT ( 'NONE', #4730 ) ;
#1339 = CARTESIAN_POINT ( 'NONE',  ( 0.0000000000000000000, 0.0000000000000000000, 0.0000000000000000000 ) ) ;
#1340 = ADVANCED_FACE ( 'NONE', ( #7774 ), #871, .T. ) ;
#1341 = AXIS2_PLACEMENT_3D ( 'NONE', #847, #829, #802 ) ;
#1342 = AXIS2_PLACEMENT_3D ( 'NONE', #7461, #7407, #8058 ) ;
#1343 = FACE_OUTER_BOUND ( 'NONE', #4264, .T. ) ;
#1344 = CARTESIAN_POINT ( 'NONE',  ( -86.75899586131754404, 0.0000000000000000000, 0.0000000000000000000 ) ) ;
#1345 = DIRECTION ( 'NONE',  ( 0.0000000000000000000, 0.0000000000000000000, -1.000000000000000000 ) ) ;
#1346 = VECTOR ( 'NONE', #2830, 1000.000000000000000 ) ;
#1347 = CARTESIAN_POINT ( 'NONE',  ( -61.68976596160536019, 0.0000000000000000000, -6.500000000000005329 ) ) ;
#1348 = CARTESIAN_POINT ( 'NONE',  ( -67.74148585753881946, 0.0000000000000000000, 0.0000000000000000000 ) ) ;
#1349 = EDGE_CURVE ( 'NONE', #6210, #572, #1087, .T. ) ;
#1350 = DIRECTION ( 'NONE',  ( 0.8110638189892164229, 0.0000000000000000000, -0.5849576749873681702 ) ) ;
#1351 = DIRECTION ( 'NONE',  ( 0.0000000000000000000, 0.0000000000000000000, -1.000000000000000000 ) ) ;
#1352 = EDGE_CURVE ( 'NONE', #3059, #2776, #2871, .T. ) ;
#1353 = CARTESIAN_POINT ( 'NONE',  ( -35.37724226763913293, 0.0000000000000000000, 0.0000000000000000000 ) ) ;
#1354 = DIRECTION ( 'NONE',  ( 0.0000000000000000000, 0.0000000000000000000, -1.000000000000000000 ) ) ;
#1355 = LINE ( 'NONE', #564, #8 ) ;
#1356 = EDGE_CURVE ( 'NONE', #7373, #1020, #2665, .T. ) ;
#1357 = LINE ( 'NONE', #5294, #7449 ) ;
#1358 = CARTESIAN_POINT ( 'NONE',  ( -75.67741576777518731, 0.0000000000000000000, 0.0000000000000000000 ) ) ;
#1359 = DIRECTION ( 'NONE',  ( 0.0000000000000000000, 0.0000000000000000000, 1.000000000000000000 ) ) ;
#1360 = ORIENTED_EDGE ( 'NONE', *, *, #3687, .T. ) ;
#1361 = FACE_OUTER_BOUND ( 'NONE', #6136, .T. ) ;
#1362 = CIRCLE ( 'NONE', #1056, 7.450000000000002842 ) ;
#1363 = ADVANCED_FACE ( 'NONE', ( #5920 ), #2366, .T. ) ;
#1364 = AXIS2_PLACEMENT_3D ( 'NONE', #6558, #6190, #6211 ) ;
#1365 = DIRECTION ( 'NONE',  ( 1.000000000000000000, -0.0000000000000000000, -0.0000000000000000000 ) ) ;
#1366 = ORIENTED_EDGE ( 'NONE', *, *, #5411, .F. ) ;
#1367 = DIRECTION ( 'NONE',  ( 0.0000000000000000000, 0.0000000000000000000, -1.000000000000000000 ) ) ;
#1368 = EDGE_LOOP ( 'NONE', ( #6896, #7090, #766, #7668 ) ) ;
#1369 = DIRECTION ( 'NONE',  ( 0.0000000000000000000, 0.0000000000000000000, -1.000000000000000000 ) ) ;
#1370 = EDGE_CURVE ( 'NONE', #1935, #4391, #3998, .T. ) ;
#1371 = CIRCLE ( 'NONE', #2249, 6.500000000000007105 ) ;
#1372 = VECTOR ( 'NONE', #5007, 1000.000000000000000 ) ;
#1373 = AXIS2_PLACEMENT_3D ( 'NONE', #7069, #7379, #6801 ) ;
#1374 = DIRECTION ( 'NONE',  ( 1.000000000000000000, -0.0000000000000000000, -0.0000000000000000000 ) ) ;
#1375 = ADVANCED_FACE ( 'NONE', ( #5714 ), #587, .T. ) ;
#1376 = VERTEX_POINT ( 'NONE', #1347 ) ;
#1377 = DIRECTION ( 'NONE',  ( -0.0000000000000000000, -1.000000000000000000, -0.0000000000000000000 ) ) ;
#1378 = ORIENTED_EDGE ( 'NONE', *, *, #4832, .T. ) ;
#1379 = CARTESIAN_POINT ( 'NONE',  ( -87.72956979781204723, 0.0000000000000000000, 0.0000000000000000000 ) ) ;
#1380 = FACE_OUTER_BOUND ( 'NONE', #7185, .T. ) ;
#1381 = AXIS2_PLACEMENT_3D ( 'NONE', #5650, #8285, #8304 ) ;
#1382 = FACE_OUTER_BOUND ( 'NONE', #129, .T. ) ;
#1383 = ORIENTED_EDGE ( 'NONE', *, *, #3646, .T. ) ;
#1384 = ORIENTED_EDGE ( 'NONE', *, *, #6773, .T. ) ;
#1385 = DIRECTION ( 'NONE',  ( 0.6018150231520443816, 0.0000000000000000000, -0.7986355100472957158 ) ) ;
#1386 = ORIENTED_EDGE ( 'NONE', *, *, #6824, .F. ) ;
#1387 = ORIENTED_EDGE ( 'NONE', *, *, #5257, .F. ) ;
#1388 = CARTESIAN_POINT ( 'NONE',  ( -83.86231032608392866, 0.0000000000000000000, 0.0000000000000000000 ) ) ;
#1389 = LINE ( 'NONE', #4578, #3184 ) ;
#1390 = AXIS2_PLACEMENT_3D ( 'NONE', #2900, #2805, #2741 ) ;
#1391 = AXIS2_PLACEMENT_3D ( 'NONE', #4298, #4218, #3845 ) ;
#1392 = DIRECTION ( 'NONE',  ( 0.0000000000000000000, 0.0000000000000000000, -1.000000000000000000 ) ) ;
#1393 = EDGE_LOOP ( 'NONE', ( #7572, #5533, #5348, #148 ) ) ;
#1394 = EDGE_LOOP ( 'NONE', ( #6796, #2005, #3986, #7563 ) ) ;
#1395 = VERTEX_POINT ( 'NONE', #712 ) ;
#1396 = ORIENTED_EDGE ( 'NONE', *, *, #2206, .T. ) ;
#1397 = ORIENTED_EDGE ( 'NONE', *, *, #4694, .F. ) ;
#1398 = LINE ( 'NONE', #1840, #3197 ) ;
#1399 = DIRECTION ( 'NONE',  ( 1.000000000000000000, -0.0000000000000000000, -0.0000000000000000000 ) ) ;
#1400 = CIRCLE ( 'NONE', #5440, 7.249495137711240211 ) ;
#1401 = CARTESIAN_POINT ( 'NONE',  ( -22.15027979278351822, 0.0000000000000000000, 0.0000000000000000000 ) ) ;
#1402 = DIRECTION ( 'NONE',  ( 1.000000000000000000, -0.0000000000000000000, -0.0000000000000000000 ) ) ;
#1403 = ORIENTED_EDGE ( 'NONE', *, *, #3093, .T. ) ;
#1404 = DIRECTION ( 'NONE',  ( -0.6018150231520443816, 0.0000000000000000000, 0.7986355100472957158 ) ) ;
#1405 = ORIENTED_EDGE ( 'NONE', *, *, #4584, .T. ) ;
#1406 = EDGE_LOOP ( 'NONE', ( #5415, #2106, #549, #754 ) ) ;
#1407 = CARTESIAN_POINT ( 'NONE',  ( 0.0000000000000000000, 0.0000000000000000000, -6.500000000000006217 ) ) ;
#1408 = EDGE_CURVE ( 'NONE', #5207, #6216, #7574, .T. ) ;
#1409 = CARTESIAN_POINT ( 'NONE',  ( -87.86259974881949120, 0.0000000000000000000, -6.500000000000009770 ) ) ;
#1410 = ORIENTED_EDGE ( 'NONE', *, *, #3816, .F. ) ;
#1411 = FACE_OUTER_BOUND ( 'NONE', #6769, .T. ) ;
#1412 = EDGE_LOOP ( 'NONE', ( #6199, #6107, #7205, #2550 ) ) ;
#1413 = DIRECTION ( 'NONE',  ( 1.000000000000000000, -0.0000000000000000000, -0.0000000000000000000 ) ) ;
#1414 = DIRECTION ( 'NONE',  ( 0.0000000000000000000, 0.0000000000000000000, -1.000000000000000000 ) ) ;
#1415 = ORIENTED_EDGE ( 'NONE', *, *, #5455, .T. ) ;
#1416 = EDGE_CURVE ( 'NONE', #4554, #7337, #2450, .T. ) ;
#1417 = DIRECTION ( 'NONE',  ( 1.000000000000000000, -0.0000000000000000000, -0.0000000000000000000 ) ) ;
#1418 = ORIENTED_EDGE ( 'NONE', *, *, #5041, .T. ) ;
#1419 = DIRECTION ( 'NONE',  ( 1.000000000000000000, -0.0000000000000000000, -0.0000000000000000000 ) ) ;
#1420 = DIRECTION ( 'NONE',  ( 0.8110638189892164229, 7.163665443099581461E-17, 0.5849576749873681702 ) ) ;
#1421 = ADVANCED_FACE ( 'NONE', ( #7309 ), #3701, .T. ) ;
#1422 = EDGE_CURVE ( 'NONE', #1179, #1512, #5448, .T. ) ;
#1423 = DIRECTION ( 'NONE',  ( -1.000000000000000000, 0.0000000000000000000, 0.0000000000000000000 ) ) ;
#1424 = ORIENTED_EDGE ( 'NONE', *, *, #7696, .T. ) ;
#1425 = CIRCLE ( 'NONE', #6952, 7.450000000000002842 ) ;
#1426 = FACE_OUTER_BOUND ( 'NONE', #711, .T. ) ;
#1427 = LINE ( 'NONE', #1997, #3219 ) ;
#1428 = EDGE_CURVE ( 'NONE', #1395, #2734, #2143, .T. ) ;
#1429 = CARTESIAN_POINT ( 'NONE',  ( -78.23673265731918036, 0.0000000000000000000, 0.0000000000000000000 ) ) ;
#1430 = ADVANCED_FACE ( 'NONE', ( #7112 ), #3506, .T. ) ;
#1431 = EDGE_CURVE ( 'NONE', #345, #4250, #5254, .T. ) ;
#1432 = FACE_OUTER_BOUND ( 'NONE', #3334, .T. ) ;
#1433 = LINE ( 'NONE', #1129, #3419 ) ;
#1434 = ORIENTED_EDGE ( 'NONE', *, *, #4300, .F. ) ;
#1435 = CARTESIAN_POINT ( 'NONE',  ( -93.73000393191556157, 0.0000000000000000000, -6.500000000000012434 ) ) ;
#1436 = CARTESIAN_POINT ( 'NONE',  ( 0.0000000000000000000, 0.0000000000000000000, 0.0000000000000000000 ) ) ;
#1437 = DIRECTION ( 'NONE',  ( 0.0000000000000000000, 0.0000000000000000000, -1.000000000000000000 ) ) ;
#1438 = ORIENTED_EDGE ( 'NONE', *, *, #5555, .T. ) ;
#1439 = CARTESIAN_POINT ( 'NONE',  ( -87.72956979781204723, 0.0000000000000000000, -6.500000000000010658 ) ) ;
#1440 = AXIS2_PLACEMENT_3D ( 'NONE', #6638, #6573, #6559 ) ;
#1441 = CYLINDRICAL_SURFACE ( 'NONE', #4001, 6.500000000000006217 ) ;
#1442 = CARTESIAN_POINT ( 'NONE',  ( -95.73014864328338547, 0.0000000000000000000, -6.500000000000007105 ) ) ;
#1443 = EDGE_LOOP ( 'NONE', ( #1291, #2672, #2661, #2443 ) ) ;
#1444 = VERTEX_POINT ( 'NONE', #5862 ) ;
#1445 = CARTESIAN_POINT ( 'NONE',  ( -63.57397597590834692, 0.0000000000000000000, 0.0000000000000000000 ) ) ;
#1446 = DIRECTION ( 'NONE',  ( 1.000000000000000000, -0.0000000000000000000, -0.0000000000000000000 ) ) ;
#1447 = DIRECTION ( 'NONE',  ( 0.0000000000000000000, 0.0000000000000000000, -1.000000000000000000 ) ) ;
#1448 = ORIENTED_EDGE ( 'NONE', *, *, #2829, .T. ) ;
#1449 = AXIS2_PLACEMENT_3D ( 'NONE', #2723, #2013, #4422 ) ;
#1450 = AXIS2_PLACEMENT_3D ( 'NONE', #6334, #4117, #5055 ) ;
#1451 = FACE_OUTER_BOUND ( 'NONE', #3946, .T. ) ;
#1452 = DIRECTION ( 'NONE',  ( 0.8110638189892172001, 7.163665443099571600E-17, 0.5849576749873672821 ) ) ;
#1453 = DIRECTION ( 'NONE',  ( 0.0000000000000000000, 0.0000000000000000000, -1.000000000000000000 ) ) ;
#1454 = CARTESIAN_POINT ( 'NONE',  ( 0.0000000000000000000, 0.0000000000000000000, 0.0000000000000000000 ) ) ;
#1455 = DIRECTION ( 'NONE',  ( -0.9029606324284835672, 5.262592378184958584E-17, -0.4297232787322010084 ) ) ;
#1456 = DIRECTION ( 'NONE',  ( 1.000000000000000000, -0.0000000000000000000, -0.0000000000000000000 ) ) ;
#1457 = EDGE_LOOP ( 'NONE', ( #5934, #5245, #4837, #6165 ) ) ;
#1458 = CIRCLE ( 'NONE', #6355, 7.200000000000362554 ) ;
#1459 = EDGE_CURVE ( 'NONE', #5613, #4513, #165, .T. ) ;
#1460 = ADVANCED_FACE ( 'NONE', ( #7388 ), #6719, .T. ) ;
#1461 = DIRECTION ( 'NONE',  ( 1.000000000000000000, -0.0000000000000000000, -0.0000000000000000000 ) ) ;
#1462 = CARTESIAN_POINT ( 'NONE',  ( -68.15053283076346702, 0.0000000000000000000, 0.0000000000000000000 ) ) ;
#1463 = EDGE_CURVE ( 'NONE', #7024, #150, #1725, .T. ) ;
#1464 = ORIENTED_EDGE ( 'NONE', *, *, #7305, .F. ) ;
#1465 = ADVANCED_FACE ( 'NONE', ( #8359 ), #8170, .T. ) ;
#1466 = CARTESIAN_POINT ( 'NONE',  ( 0.0000000000000000000, 0.0000000000000000000, 0.0000000000000000000 ) ) ;
#1467 = EDGE_CURVE ( 'NONE', #7292, #6947, #1519, .T. ) ;
#1468 = CARTESIAN_POINT ( 'NONE',  ( -77.69465573308633566, 0.0000000000000000000, 0.0000000000000000000 ) ) ;
#1469 = DIRECTION ( 'NONE',  ( 0.0000000000000000000, 0.0000000000000000000, 1.000000000000000000 ) ) ;
#1470 = ORIENTED_EDGE ( 'NONE', *, *, #2534, .T. ) ;
#1471 = LINE ( 'NONE', #1333, #6675 ) ;
#1472 = VECTOR ( 'NONE', #1033, 1000.000000000000227 ) ;
#1473 = EDGE_CURVE ( 'NONE', #1955, #1505, #1930, .T. ) ;
#1474 = CARTESIAN_POINT ( 'NONE',  ( -77.69465573308633566, 0.0000000000000000000, -6.500000000000007105 ) ) ;
#1475 = VERTEX_POINT ( 'NONE', #606 ) ;
#1476 = VECTOR ( 'NONE', #7076, 1000.000000000000227 ) ;
#1477 = DIRECTION ( 'NONE',  ( 0.6018150231520443816, 0.0000000000000000000, -0.7986355100472957158 ) ) ;
#1478 = EDGE_CURVE ( 'NONE', #4921, #3508, #5047, .T. ) ;
#1479 = DIRECTION ( 'NONE',  ( 1.000000000000000000, -0.0000000000000000000, -0.0000000000000000000 ) ) ;
#1480 = LINE ( 'NONE', #3990, #8141 ) ;
#1481 = DIRECTION ( 'NONE',  ( 1.000000000000000000, -0.0000000000000000000, -0.0000000000000000000 ) ) ;
#1482 = DIRECTION ( 'NONE',  ( 0.0000000000000000000, 0.0000000000000000000, -1.000000000000000000 ) ) ;
#1483 = CARTESIAN_POINT ( 'NONE',  ( -72.18501276138574951, 8.817456953865042407E-16, -7.200000000003347722 ) ) ;
#1484 = ORIENTED_EDGE ( 'NONE', *, *, #2083, .F. ) ;
#1485 = ORIENTED_EDGE ( 'NONE', *, *, #581, .T. ) ;
#1486 = FACE_OUTER_BOUND ( 'NONE', #2319, .T. ) ;
#1487 = FACE_OUTER_BOUND ( 'NONE', #3751, .T. ) ;
#1488 = AXIS2_PLACEMENT_3D ( 'NONE', #3215, #3125, #3083 ) ;
#1489 = ORIENTED_EDGE ( 'NONE', *, *, #140, .T. ) ;
#1490 = CARTESIAN_POINT ( 'NONE',  ( 0.0000000000000000000, 8.817456953865034519E-16, 7.200000000003340617 ) ) ;
#1491 = DIRECTION ( 'NONE',  ( 1.000000000000000000, -0.0000000000000000000, -0.0000000000000000000 ) ) ;
#1492 = DIRECTION ( 'NONE',  ( 0.0000000000000000000, 0.0000000000000000000, -1.000000000000000000 ) ) ;
#1493 = ORIENTED_EDGE ( 'NONE', *, *, #1528, .F. ) ;
#1494 = DIRECTION ( 'NONE',  ( 1.000000000000000000, -0.0000000000000000000, -0.0000000000000000000 ) ) ;
#1495 = VERTEX_POINT ( 'NONE', #3259 ) ;
#1496 = ORIENTED_EDGE ( 'NONE', *, *, #1801, .F. ) ;
#1497 = CONICAL_SURFACE ( 'NONE', #5386, 6.500000000000007105, 0.6248278722141522579 ) ;
#1498 = ORIENTED_EDGE ( 'NONE', *, *, #4667, .F. ) ;
#1499 = AXIS2_PLACEMENT_3D ( 'NONE', #2213, #2198, #1359 ) ;
#1500 = ORIENTED_EDGE ( 'NONE', *, *, #8124, .T. ) ;
#1501 = ORIENTED_EDGE ( 'NONE', *, *, #8274, .T. ) ;
#1502 = DIRECTION ( 'NONE',  ( 1.000000000000000000, -0.0000000000000000000, -0.0000000000000000000 ) ) ;
#1503 = CARTESIAN_POINT ( 'NONE',  ( -72.68960186596956419, 0.0000000000000000000, -7.200000000003333511 ) ) ;
#1504 = CARTESIAN_POINT ( 'NONE',  ( -73.79320575347227873, 7.960204194457804352E-16, 6.500000000000005329 ) ) ;
#1505 = VERTEX_POINT ( 'NONE', #3448 ) ;
#1506 = ORIENTED_EDGE ( 'NONE', *, *, #7130, .F. ) ;
#1507 = AXIS2_PLACEMENT_3D ( 'NONE', #3248, #3254, #3276 ) ;
#1508 = CIRCLE ( 'NONE', #884, 6.729642571546121665 ) ;
#1509 = FACE_OUTER_BOUND ( 'NONE', #2556, .T. ) ;
#1510 = ORIENTED_EDGE ( 'NONE', *, *, #4810, .F. ) ;
#1511 = CARTESIAN_POINT ( 'NONE',  ( -33.41950071618953899, 0.0000000000000000000, -6.729642571546141205 ) ) ;
#1512 = VERTEX_POINT ( 'NONE', #1409 ) ;
#1513 = EDGE_LOOP ( 'NONE', ( #2310, #5941, #3705, #2391 ) ) ;
#1514 = AXIS2_PLACEMENT_3D ( 'NONE', #4789, #4709, #5059 ) ;
#1515 = AXIS2_PLACEMENT_3D ( 'NONE', #2849, #3431, #3454 ) ;
#1516 = ORIENTED_EDGE ( 'NONE', *, *, #1656, .T. ) ;
#1517 = CARTESIAN_POINT ( 'NONE',  ( -55.50501611466378193, 0.0000000000000000000, 0.0000000000000000000 ) ) ;
#1518 = LINE ( 'NONE', #4635, #6519 ) ;
#1519 = CIRCLE ( 'NONE', #284, 7.200000000003333511 ) ;
#1520 = ADVANCED_FACE ( 'NONE', ( #6522 ), #4629, .T. ) ;
#1521 = ORIENTED_EDGE ( 'NONE', *, *, #7093, .T. ) ;
#1522 = VERTEX_POINT ( 'NONE', #7804 ) ;
#1523 = ORIENTED_EDGE ( 'NONE', *, *, #3611, .F. ) ;
#1524 = CYLINDRICAL_SURFACE ( 'NONE', #5104, 6.500000000000006217 ) ;
#1525 = DIRECTION ( 'NONE',  ( -1.000000000000000000, 0.0000000000000000000, 0.0000000000000000000 ) ) ;
#1526 = DIRECTION ( 'NONE',  ( 0.0000000000000000000, 0.0000000000000000000, -1.000000000000000000 ) ) ;
#1527 = CARTESIAN_POINT ( 'NONE',  ( -37.66424059733912344, 0.0000000000000000000, 0.0000000000000000000 ) ) ;
#1528 = EDGE_CURVE ( 'NONE', #3760, #5451, #6314, .T. ) ;
#1529 = DIRECTION ( 'NONE',  ( 1.000000000000000000, -0.0000000000000000000, -0.0000000000000000000 ) ) ;
#1530 = VECTOR ( 'NONE', #3262, 1000.000000000000114 ) ;
#1531 = LINE ( 'NONE', #4105, #3106 ) ;
#1532 = CARTESIAN_POINT ( 'NONE',  ( 0.0000000000000000000, 0.0000000000000000000, 0.0000000000000000000 ) ) ;
#1533 = EDGE_CURVE ( 'NONE', #576, #4846, #3300, .T. ) ;
#1534 = DIRECTION ( 'NONE',  ( 0.0000000000000000000, 0.0000000000000000000, -1.000000000000000000 ) ) ;
#1535 = CARTESIAN_POINT ( 'NONE',  ( -49.04840246982011820, 9.095887799527713687E-16, 7.373541446553168122 ) ) ;
#1536 = CARTESIAN_POINT ( 'NONE',  ( -65.59121594121948817, 0.0000000000000000000, -6.500000000000007105 ) ) ;
#1537 = ORIENTED_EDGE ( 'NONE', *, *, #963, .F. ) ;
#1538 = CIRCLE ( 'NONE', #7926, 6.500000000000005329 ) ;
#1539 = CIRCLE ( 'NONE', #3196, 7.200000000003333511 ) ;
#1540 = VERTEX_POINT ( 'NONE', #6554 ) ;
#1541 = CARTESIAN_POINT ( 'NONE',  ( -14.59549184937558941, 9.123618653647785104E-16, 7.450000000000002842 ) ) ;
#1542 = DIRECTION ( 'NONE',  ( 0.0000000000000000000, 0.0000000000000000000, -1.000000000000000000 ) ) ;
#1543 = ORIENTED_EDGE ( 'NONE', *, *, #3265, .T. ) ;
#1544 = VERTEX_POINT ( 'NONE', #6442 ) ;
#1545 = CARTESIAN_POINT ( 'NONE',  ( -55.50501611466378193, 0.0000000000000000000, -6.500000000000007105 ) ) ;
#1546 = DIRECTION ( 'NONE',  ( 1.000000000000000000, -0.0000000000000000000, -0.0000000000000000000 ) ) ;
#1547 = CARTESIAN_POINT ( 'NONE',  ( -97.86332330565852544, 0.0000000000000000000, 0.0000000000000000000 ) ) ;
#1548 = FACE_OUTER_BOUND ( 'NONE', #8153, .T. ) ;
#1549 = DIRECTION ( 'NONE',  ( 0.0000000000000000000, 0.0000000000000000000, -1.000000000000000000 ) ) ;
#1550 = VERTEX_POINT ( 'NONE', #7856 ) ;
#1551 = AXIS2_PLACEMENT_3D ( 'NONE', #784, #4091, #115 ) ;
#1552 = EDGE_CURVE ( 'NONE', #1581, #4113, #2879, .T. ) ;
#1553 = FACE_OUTER_BOUND ( 'NONE', #816, .T. ) ;
#1554 = DIRECTION ( 'NONE',  ( 1.000000000000000000, -0.0000000000000000000, -0.0000000000000000000 ) ) ;
#1555 = DIRECTION ( 'NONE',  ( 1.000000000000000000, -0.0000000000000000000, -0.0000000000000000000 ) ) ;
#1556 = CARTESIAN_POINT ( 'NONE',  ( -23.55267172991849023, 0.0000000000000000000, 0.0000000000000000000 ) ) ;
#1557 = AXIS2_PLACEMENT_3D ( 'NONE', #4999, #4990, #4822 ) ;
#1558 = EDGE_LOOP ( 'NONE', ( #5701, #8148, #3677, #6813 ) ) ;
#1559 = DIRECTION ( 'NONE',  ( 0.0000000000000000000, 0.0000000000000000000, -1.000000000000000000 ) ) ;
#1560 = DIRECTION ( 'NONE',  ( 0.0000000000000000000, 0.0000000000000000000, -1.000000000000000000 ) ) ;
#1561 = AXIS2_PLACEMENT_3D ( 'NONE', #2223, #2107, #2097 ) ;
#1562 = CIRCLE ( 'NONE', #4477, 7.349999999999999645 ) ;
#1563 = ADVANCED_FACE ( 'NONE', ( #4845 ), #6132, .T. ) ;
#1564 = CARTESIAN_POINT ( 'NONE',  ( -43.78323222973653372, 7.911422946945216549E-16, 5.470334177092305517 ) ) ;
#1565 = CARTESIAN_POINT ( 'NONE',  ( -29.71758909277301086, 0.0000000000000000000, 0.0000000000000000000 ) ) ;
#1566 = CARTESIAN_POINT ( 'NONE',  ( -84.27135729930925834, 0.0000000000000000000, 0.0000000000000000000 ) ) ;
#1567 = AXIS2_PLACEMENT_3D ( 'NONE', #2100, #630, #910 ) ;
#1568 = AXIS2_PLACEMENT_3D ( 'NONE', #3792, #3316, #2501 ) ;
#1569 = FACE_OUTER_BOUND ( 'NONE', #1751, .T. ) ;
#1570 = CARTESIAN_POINT ( 'NONE',  ( -38.20706885507219397, 0.0000000000000000000, 7.450000000000073008 ) ) ;
#1571 = DIRECTION ( 'NONE',  ( 0.0000000000000000000, 0.0000000000000000000, -1.000000000000000000 ) ) ;
#1572 = DIRECTION ( 'NONE',  ( 1.000000000000000000, -0.0000000000000000000, -0.0000000000000000000 ) ) ;
#1573 = CARTESIAN_POINT ( 'NONE',  ( -12.25000000000000000, 0.0000000000000000000, -7.349999999999999645 ) ) ;
#1574 = CARTESIAN_POINT ( 'NONE',  ( -75.67741576777518731, 7.960204194457805338E-16, 6.500000000000007105 ) ) ;
#1575 = DIRECTION ( 'NONE',  ( 1.000000000000000000, -0.0000000000000000000, -0.0000000000000000000 ) ) ;
#1576 = CIRCLE ( 'NONE', #7897, 6.500000000000007105 ) ;
#1577 = EDGE_CURVE ( 'NONE', #120, #8064, #7784, .T. ) ;
#1578 = DIRECTION ( 'NONE',  ( 1.000000000000000000, -0.0000000000000000000, -0.0000000000000000000 ) ) ;
#1579 = VECTOR ( 'NONE', #4693, 1000.000000000000000 ) ;
#1580 = DIRECTION ( 'NONE',  ( -0.5045276238147079484, 0.0000000000000000000, 0.8633955506069534991 ) ) ;
#1581 = VERTEX_POINT ( 'NONE', #4597 ) ;
#1582 = CARTESIAN_POINT ( 'NONE',  ( -14.06628488821304579, 0.0000000000000000000, 0.0000000000000000000 ) ) ;
#1583 = EDGE_CURVE ( 'NONE', #7300, #7850, #7977, .T. ) ;
#1584 = CARTESIAN_POINT ( 'NONE',  ( -53.48777614935264069, 7.960204194457805338E-16, 6.500000000000007105 ) ) ;
#1585 = CONICAL_SURFACE ( 'NONE', #3790, 6.500000000000007105, 0.6248278722141583641 ) ;
#1586 = CYLINDRICAL_SURFACE ( 'NONE', #626, 7.200000000003432099 ) ;
#1587 = DIRECTION ( 'NONE',  ( 0.0000000000000000000, 0.0000000000000000000, -1.000000000000000000 ) ) ;
#1588 = ORIENTED_EDGE ( 'NONE', *, *, #2017, .T. ) ;
#1589 = CARTESIAN_POINT ( 'NONE',  ( 0.0000000000000000000, 0.0000000000000000000, 0.0000000000000000000 ) ) ;
#1590 = EDGE_CURVE ( 'NONE', #2130, #968, #4411, .T. ) ;
#1591 = ORIENTED_EDGE ( 'NONE', *, *, #4571, .T. ) ;
#1592 = CARTESIAN_POINT ( 'NONE',  ( 0.0000000000000000000, 0.0000000000000000000, -7.450000000000002842 ) ) ;
#1593 = DIRECTION ( 'NONE',  ( -0.5045276238141699343, 1.057354597449257557E-16, -0.8633955506072680253 ) ) ;
#1594 = CONICAL_SURFACE ( 'NONE', #5, 6.729642571546104790, 0.9250245035569997221 ) ;
#1595 = VECTOR ( 'NONE', #5412, 1000.000000000000000 ) ;
#1596 = EDGE_CURVE ( 'NONE', #3775, #330, #2678, .T. ) ;
#1597 = CARTESIAN_POINT ( 'NONE',  ( 0.0000000000000000000, 0.0000000000000000000, 0.0000000000000000000 ) ) ;
#1598 = ORIENTED_EDGE ( 'NONE', *, *, #1314, .F. ) ;
#1599 = ORIENTED_EDGE ( 'NONE', *, *, #4081, .T. ) ;
#1600 = EDGE_CURVE ( 'NONE', #5446, #948, #883, .T. ) ;
#1601 = CARTESIAN_POINT ( 'NONE',  ( -21.29071611338160608, 0.0000000000000000000, 0.0000000000000000000 ) ) ;
#1602 = CARTESIAN_POINT ( 'NONE',  ( -71.64293583715290481, 0.0000000000000000000, -6.500000000000007105 ) ) ;
#1603 = LINE ( 'NONE', #6039, #5125 ) ;
#1604 = DIRECTION ( 'NONE',  ( 1.000000000000000000, -0.0000000000000000000, -0.0000000000000000000 ) ) ;
#1605 = LINE ( 'NONE', #7, #6599 ) ;
#1606 = ORIENTED_EDGE ( 'NONE', *, *, #135, .T. ) ;
#1607 = ADVANCED_FACE ( 'NONE', ( #1303 ), #5725, .T. ) ;
#1608 = ORIENTED_EDGE ( 'NONE', *, *, #381, .T. ) ;
#1609 = ORIENTED_EDGE ( 'NONE', *, *, #5716, .T. ) ;
#1610 = CARTESIAN_POINT ( 'NONE',  ( 0.0000000000000000000, 0.0000000000000000000, -7.450000000000067679 ) ) ;
#1611 = LINE ( 'NONE', #1884, #2974 ) ;
#1612 = AXIS2_PLACEMENT_3D ( 'NONE', #6792, #2599, #2290 ) ;
#1613 = DIRECTION ( 'NONE',  ( 1.000000000000000000, -0.0000000000000000000, -0.0000000000000000000 ) ) ;
#1614 = DIRECTION ( 'NONE',  ( 0.8110638189892164229, 7.163665443099581461E-17, 0.5849576749873681702 ) ) ;
#1615 = CARTESIAN_POINT ( 'NONE',  ( -32.54741568020606479, 0.0000000000000000000, 7.450000000000033040 ) ) ;
#1616 = ORIENTED_EDGE ( 'NONE', *, *, #6153, .T. ) ;
#1617 = EDGE_LOOP ( 'NONE', ( #2633, #1366, #1543, #7180 ) ) ;
#1618 = ORIENTED_EDGE ( 'NONE', *, *, #486, .T. ) ;
#1619 = VECTOR ( 'NONE', #1404, 1000.000000000000114 ) ;
#1620 = CIRCLE ( 'NONE', #2359, 7.200000000000361666 ) ;
#1621 = AXIS2_PLACEMENT_3D ( 'NONE', #4901, #3801, #4689 ) ;
#1622 = DIRECTION ( 'NONE',  ( 0.0000000000000000000, 0.0000000000000000000, -1.000000000000000000 ) ) ;
#1623 = DIRECTION ( 'NONE',  ( 0.0000000000000000000, 0.0000000000000000000, -1.000000000000000000 ) ) ;
#1624 = VERTEX_POINT ( 'NONE', #2482 ) ;
#1625 = DIRECTION ( 'NONE',  ( 0.0000000000000000000, 0.0000000000000000000, 1.000000000000000000 ) ) ;
#1626 = ORIENTED_EDGE ( 'NONE', *, *, #3708, .T. ) ;
#1627 = CARTESIAN_POINT ( 'NONE',  ( -70.16777279607461537, 0.0000000000000000000, 7.200000000003347722 ) ) ;
#1628 = CARTESIAN_POINT ( 'NONE',  ( 0.0000000000000000000, 0.0000000000000000000, 0.0000000000000000000 ) ) ;
#1629 = ORIENTED_EDGE ( 'NONE', *, *, #7514, .T. ) ;
#1630 = CARTESIAN_POINT ( 'NONE',  ( -60.58616207410272381, 8.817456953865030574E-16, 7.200000000003333511 ) ) ;
#1631 = CONICAL_SURFACE ( 'NONE', #2291, 6.729642571546104790, 0.9250245035569997221 ) ;
#1632 = ORIENTED_EDGE ( 'NONE', *, *, #7952, .F. ) ;
#1633 = EDGE_LOOP ( 'NONE', ( #2856, #5906, #2435, #7177 ) ) ;
#1634 = DIRECTION ( 'NONE',  ( -0.5350897759314792168, 1.034575738883886379E-16, -0.8447952010360849640 ) ) ;
#1635 = DIRECTION ( 'NONE',  ( -1.000000000000000000, 0.0000000000000000000, 0.0000000000000000000 ) ) ;
#1636 = CARTESIAN_POINT ( 'NONE',  ( -43.78323222973653372, 0.0000000000000000000, 0.0000000000000000000 ) ) ;
#1637 = AXIS2_PLACEMENT_3D ( 'NONE', #5281, #5375, #5408 ) ;
#1638 = AXIS2_PLACEMENT_3D ( 'NONE', #2422, #2350, #6181 ) ;
#1639 = DIRECTION ( 'NONE',  ( 1.000000000000000000, -0.0000000000000000000, -0.0000000000000000000 ) ) ;
#1640 = CARTESIAN_POINT ( 'NONE',  ( 0.0000000000000000000, 0.0000000000000000000, 0.0000000000000000000 ) ) ;
#1641 = CARTESIAN_POINT ( 'NONE',  ( 0.0000000000000000000, 0.0000000000000000000, 0.0000000000000000000 ) ) ;
#1642 = EDGE_LOOP ( 'NONE', ( #5915, #7145, #1830, #6137 ) ) ;
#1643 = DIRECTION ( 'NONE',  ( 0.0000000000000000000, 0.0000000000000000000, -1.000000000000000000 ) ) ;
#1644 = CONICAL_SURFACE ( 'NONE', #4843, 6.500000000000008882, 0.6248278722141912267 ) ;
#1645 = LINE ( 'NONE', #146, #6634 ) ;
#1646 = CIRCLE ( 'NONE', #4992, 7.200000000003333511 ) ;
#1647 = EDGE_CURVE ( 'NONE', #2119, #5397, #687, .T. ) ;
#1648 = CARTESIAN_POINT ( 'NONE',  ( -90.27179143341268741, 8.817456953865111433E-16, -7.200000000003403677 ) ) ;
#1649 = LINE ( 'NONE', #7446, #3418 ) ;
#1650 = FACE_OUTER_BOUND ( 'NONE', #6302, .T. ) ;
#1651 = ORIENTED_EDGE ( 'NONE', *, *, #364, .F. ) ;
#1652 = ADVANCED_FACE ( 'NONE', ( #5933 ), #2254, .T. ) ;
#1653 = CARTESIAN_POINT ( 'NONE',  ( -86.75899586131754404, 8.817456953865076920E-16, 7.200000000003375256 ) ) ;
#1654 = EDGE_CURVE ( 'NONE', #3844, #7813, #4011, .T. ) ;
#1655 = CARTESIAN_POINT ( 'NONE',  ( -22.69310805051658164, 0.0000000000000000000, 7.450000000000002842 ) ) ;
#1656 = EDGE_CURVE ( 'NONE', #6405, #150, #7398, .T. ) ;
#1657 = CYLINDRICAL_SURFACE ( 'NONE', #6578, 7.450000000000017941 ) ;
#1658 = DIRECTION ( 'NONE',  ( 1.000000000000000000, -0.0000000000000000000, -0.0000000000000000000 ) ) ;
#1659 = ORIENTED_EDGE ( 'NONE', *, *, #3115, .T. ) ;
#1660 = CARTESIAN_POINT ( 'NONE',  ( 0.0000000000000000000, 0.0000000000000000000, 0.0000000000000000000 ) ) ;
#1661 = DIRECTION ( 'NONE',  ( 1.000000000000000000, -0.0000000000000000000, -0.0000000000000000000 ) ) ;
#1662 = CARTESIAN_POINT ( 'NONE',  ( -79.71189569839746980, 0.0000000000000000000, 0.0000000000000000000 ) ) ;
#1663 = CARTESIAN_POINT ( 'NONE',  ( -32.00458742247300137, 0.0000000000000000000, -6.729642571546130547 ) ) ;
#1664 = AXIS2_PLACEMENT_3D ( 'NONE', #3829, #3810, #3793 ) ;
#1665 = CIRCLE ( 'NONE', #2562, 7.450000000000003730 ) ;
#1666 = DIRECTION ( 'NONE',  ( 1.000000000000000000, -0.0000000000000000000, -0.0000000000000000000 ) ) ;
#1667 = AXIS2_PLACEMENT_3D ( 'NONE', #4793, #4825, #4862 ) ;
#1668 = FACE_OUTER_BOUND ( 'NONE', #531, .T. ) ;
#1669 = AXIS2_PLACEMENT_3D ( 'NONE', #750, #762, #796 ) ;
#1670 = CARTESIAN_POINT ( 'NONE',  ( -67.60845590653062231, 0.0000000000000000000, 0.0000000000000000000 ) ) ;
#1671 = CARTESIAN_POINT ( 'NONE',  ( -82.75870643858193887, 0.0000000000000000000, 0.0000000000000000000 ) ) ;
#1672 = VECTOR ( 'NONE', #7747, 1000.000000000000227 ) ;
#1673 = COLOUR_RGB ( '',0.7921568627450980005, 0.8196078431372548767, 0.9333333333333333481 ) ;
#1674 = AXIS2_PLACEMENT_3D ( 'NONE', #1589, #1178, #1294 ) ;
#1675 = AXIS2_PLACEMENT_3D ( 'NONE', #5886, #8368, #3628 ) ;
#1676 = ORIENTED_EDGE ( 'NONE', *, *, #5291, .F. ) ;
#1677 = CARTESIAN_POINT ( 'NONE',  ( -71.77596578816113038, 7.960204194457804352E-16, 6.500000000000005329 ) ) ;
#1678 = DIRECTION ( 'NONE',  ( 0.0000000000000000000, 0.0000000000000000000, -1.000000000000000000 ) ) ;
#1679 = DIRECTION ( 'NONE',  ( 1.000000000000000000, -0.0000000000000000000, -0.0000000000000000000 ) ) ;
#1680 = LINE ( 'NONE', #2402, #5008 ) ;
#1681 = DIRECTION ( 'NONE',  ( 0.9247787755857542757, 0.0000000000000000000, -0.3805052118251641136 ) ) ;
#1682 = VECTOR ( 'NONE', #7151, 1000.000000000000114 ) ;
#1683 = ADVANCED_FACE ( 'NONE', ( #470 ), #270, .T. ) ;
#1684 = ORIENTED_EDGE ( 'NONE', *, *, #7276, .F. ) ;
#1685 = CYLINDRICAL_SURFACE ( 'NONE', #3948, 6.500000000000010658 ) ;
#1686 = EDGE_CURVE ( 'NONE', #3427, #5562, #2031, .T. ) ;
#1687 = CARTESIAN_POINT ( 'NONE',  ( -94.75957470678878281, 0.0000000000000000000, 0.0000000000000000000 ) ) ;
#1688 = VECTOR ( 'NONE', #1399, 1000.000000000000000 ) ;
#1689 = CARTESIAN_POINT ( 'NONE',  ( -86.27150201067706803, 0.0000000000000000000, 0.0000000000000000000 ) ) ;
#1690 = ORIENTED_EDGE ( 'NONE', *, *, #1422, .T. ) ;
#1691 = EDGE_CURVE ( 'NONE', #478, #1026, #3802, .T. ) ;
#1692 = ORIENTED_EDGE ( 'NONE', *, *, #5523, .T. ) ;
#1693 = DIRECTION ( 'NONE',  ( 0.0000000000000000000, 0.0000000000000000000, -1.000000000000000000 ) ) ;
#1694 = FACE_OUTER_BOUND ( 'NONE', #5246, .T. ) ;
#1695 = VECTOR ( 'NONE', #4654, 1000.000000000000000 ) ;
#1696 = AXIS2_PLACEMENT_3D ( 'NONE', #7698, #6966, #4560 ) ;
#1697 = CARTESIAN_POINT ( 'NONE',  ( -28.63193257730687691, 9.123618653647796936E-16, 7.450000000000013500 ) ) ;
#1698 = ORIENTED_EDGE ( 'NONE', *, *, #3546, .F. ) ;
#1699 = ORIENTED_EDGE ( 'NONE', *, *, #7190, .T. ) ;
#1700 = ORIENTED_EDGE ( 'NONE', *, *, #3983, .F. ) ;
#1701 = FACE_OUTER_BOUND ( 'NONE', #7395, .T. ) ;
#1702 = ORIENTED_EDGE ( 'NONE', *, *, #6188, .T. ) ;
#1703 = ADVANCED_FACE ( 'NONE', ( #7199 ), #1821, .T. ) ;
#1704 = EDGE_CURVE ( 'NONE', #6011, #6299, #3592, .T. ) ;
#1705 = ORIENTED_EDGE ( 'NONE', *, *, #5193, .F. ) ;
#1706 = EDGE_CURVE ( 'NONE', #6993, #3482, #4211, .T. ) ;
#1707 = CARTESIAN_POINT ( 'NONE',  ( -69.62569587184177067, 0.0000000000000000000, -6.500000000000007105 ) ) ;
#1708 = ORIENTED_EDGE ( 'NONE', *, *, #7802, .F. ) ;
#1709 = DIRECTION ( 'NONE',  ( 1.000000000000000000, -0.0000000000000000000, -0.0000000000000000000 ) ) ;
#1710 = DIRECTION ( 'NONE',  ( 0.6018150231520442706, 0.0000000000000000000, -0.7986355100472959379 ) ) ;
#1711 = EDGE_LOOP ( 'NONE', ( #669, #2127, #291, #4040 ) ) ;
#1712 = CIRCLE ( 'NONE', #1330, 7.450000000000002842 ) ;
#1713 = DIRECTION ( 'NONE',  ( 0.0000000000000000000, 0.0000000000000000000, -1.000000000000000000 ) ) ;
#1714 = LINE ( 'NONE', #702, #8164 ) ;
#1715 = DIRECTION ( 'NONE',  ( 0.0000000000000000000, 0.0000000000000000000, -1.000000000000000000 ) ) ;
#1716 = ORIENTED_EDGE ( 'NONE', *, *, #1982, .F. ) ;
#1717 = ORIENTED_EDGE ( 'NONE', *, *, #6357, .T. ) ;
#1718 = ORIENTED_EDGE ( 'NONE', *, *, #2605, .T. ) ;
#1719 = CARTESIAN_POINT ( 'NONE',  ( -70.16777279607461537, 0.0000000000000000000, 0.0000000000000000000 ) ) ;
#1720 = CARTESIAN_POINT ( 'NONE',  ( -79.71189569839746980, 7.960204194457805338E-16, 6.500000000000007105 ) ) ;
#1721 = VERTEX_POINT ( 'NONE', #6613 ) ;
#1722 = AXIS2_PLACEMENT_3D ( 'NONE', #4904, #4872, #4864 ) ;
#1723 = CIRCLE ( 'NONE', #5637, 7.507796548653469237 ) ;
#1724 = DIRECTION ( 'NONE',  ( 1.000000000000000000, -0.0000000000000000000, -0.0000000000000000000 ) ) ;
#1725 = LINE ( 'NONE', #7634, #6914 ) ;
#1726 = ORIENTED_EDGE ( 'NONE', *, *, #521, .T. ) ;
#1727 = VERTEX_POINT ( 'NONE', #7702 ) ;
#1728 = DIRECTION ( 'NONE',  ( 1.000000000000000000, -0.0000000000000000000, -0.0000000000000000000 ) ) ;
#1729 = AXIS2_PLACEMENT_3D ( 'NONE', #3706, #3389, #3729 ) ;
#1730 = AXIS2_PLACEMENT_3D ( 'NONE', #3096, #2778, #2370 ) ;
#1731 = VERTEX_POINT ( 'NONE', #8211 ) ;
#1732 = FACE_OUTER_BOUND ( 'NONE', #4103, .T. ) ;
#1733 = ADVANCED_FACE ( 'NONE', ( #5536 ), #3395, .T. ) ;
#1734 = CARTESIAN_POINT ( 'NONE',  ( -36.79215556135566345, 0.0000000000000000000, 0.0000000000000000000 ) ) ;
#1735 = LINE ( 'NONE', #2999, #5060 ) ;
#1736 = VECTOR ( 'NONE', #7032, 1000.000000000000000 ) ;
#1737 = ADVANCED_FACE ( 'NONE', ( #7588 ), #5340, .T. ) ;
#1738 = EDGE_CURVE ( 'NONE', #3785, #2292, #7006, .T. ) ;
#1739 = VECTOR ( 'NONE', #5688, 1000.000000000000000 ) ;
#1740 = CARTESIAN_POINT ( 'NONE',  ( 0.0000000000000000000, 0.0000000000000000000, 0.0000000000000000000 ) ) ;
#1741 = FACE_OUTER_BOUND ( 'NONE', #5610, .T. ) ;
#1742 = VERTEX_POINT ( 'NONE', #6252 ) ;
#1743 = DIRECTION ( 'NONE',  ( 1.000000000000000000, -0.0000000000000000000, -0.0000000000000000000 ) ) ;
#1744 = DIRECTION ( 'NONE',  ( 0.0000000000000000000, 0.0000000000000000000, 1.000000000000000000 ) ) ;
#1745 = ORIENTED_EDGE ( 'NONE', *, *, #3537, .F. ) ;
#1746 = EDGE_CURVE ( 'NONE', #6210, #4026, #55, .T. ) ;
#1747 = CARTESIAN_POINT ( 'NONE',  ( -63.57397597590834692, 8.388830574161415984E-16, 6.500000000000007105 ) ) ;
#1748 = CARTESIAN_POINT ( 'NONE',  ( -29.71758909277301086, 0.0000000000000000000, 7.450000000000012612 ) ) ;
#1749 = LINE ( 'NONE', #1970, #1960 ) ;
#1750 = DIRECTION ( 'NONE',  ( 0.0000000000000000000, 0.0000000000000000000, -1.000000000000000000 ) ) ;
#1751 = EDGE_LOOP ( 'NONE', ( #7471, #5426, #7480, #858 ) ) ;
#1752 = EDGE_CURVE ( 'NONE', #6713, #2870, #1620, .T. ) ;
#1753 = CARTESIAN_POINT ( 'NONE',  ( -32.00458742247300137, 0.0000000000000000000, 0.0000000000000000000 ) ) ;
#1754 = LINE ( 'NONE', #2598, #6755 ) ;
#1755 = UNCERTAINTY_MEASURE_WITH_UNIT (LENGTH_MEASURE( 1.000000000000000082E-05 ), #3675, 'distance_accuracy_value', 'NONE');
#1756 = CARTESIAN_POINT ( 'NONE',  ( -1.755812594380902869, 0.0000000000000000000, 0.0000000000000000000 ) ) ;
#1757 = CARTESIAN_POINT ( 'NONE',  ( 1.734723475976807094E-15, 0.0000000000000000000, 0.0000000000000000000 ) ) ;
#1758 = EDGE_CURVE ( 'NONE', #6444, #4753, #5145, .T. ) ;
#1759 = ORIENTED_EDGE ( 'NONE', *, *, #2538, .T. ) ;
#1760 = DIRECTION ( 'NONE',  ( 0.0000000000000000000, 0.0000000000000000000, -1.000000000000000000 ) ) ;
#1761 = DIRECTION ( 'NONE',  ( 1.000000000000000000, -0.0000000000000000000, -0.0000000000000000000 ) ) ;
#1762 = EDGE_CURVE ( 'NONE', #5562, #2761, #8254, .T. ) ;
#1763 = CIRCLE ( 'NONE', #2721, 7.450000000000002842 ) ;
#1764 = CARTESIAN_POINT ( 'NONE',  ( -12.25000000000000000, 0.0000000000000000000, 0.0000000000000000000 ) ) ;
#1765 = DIRECTION ( 'NONE',  ( 0.0000000000000000000, 0.0000000000000000000, 1.000000000000000000 ) ) ;
#1766 = CARTESIAN_POINT ( 'NONE',  ( 0.0000000000000000000, 0.0000000000000000000, 0.0000000000000000000 ) ) ;
#1767 = CARTESIAN_POINT ( 'NONE',  ( -13.65714082121639095, 0.0000000000000000000, -6.907047484595389086 ) ) ;
#1768 = DIRECTION ( 'NONE',  ( 0.0000000000000000000, 0.0000000000000000000, -1.000000000000000000 ) ) ;
#1769 = AXIS2_PLACEMENT_3D ( 'NONE', #7929, #6890, #7940 ) ;
#1770 = ADVANCED_FACE ( 'NONE', ( #4952 ), #4740, .T. ) ;
#1771 = FACE_OUTER_BOUND ( 'NONE', #3684, .T. ) ;
#1772 = AXIS2_PLACEMENT_3D ( 'NONE', #8293, #7999, #7049 ) ;
#1773 = CARTESIAN_POINT ( 'NONE',  ( -46.67300510289011584, 8.878071015832369870E-16, -7.249495137711240211 ) ) ;
#1774 = CARTESIAN_POINT ( 'NONE',  ( -39.07915389105566106, 0.0000000000000000000, 0.0000000000000000000 ) ) ;
#1775 = ADVANCED_FACE ( 'NONE', ( #6616 ), #6220, .T. ) ;
#1776 = ORIENTED_EDGE ( 'NONE', *, *, #1870, .T. ) ;
#1777 = VECTOR ( 'NONE', #2730, 1000.000000000000114 ) ;
#1778 = AXIS2_PLACEMENT_3D ( 'NONE', #8021, #8229, #8111 ) ;
#1779 = CONICAL_SURFACE ( 'NONE', #3572, 6.729642571546111007, 0.9250245035569996110 ) ;
#1780 = DIRECTION ( 'NONE',  ( -1.000000000000000000, 0.0000000000000000000, 0.0000000000000000000 ) ) ;
#1781 = DIRECTION ( 'NONE',  ( -1.000000000000000000, 0.0000000000000000000, 0.0000000000000000000 ) ) ;
#1782 = EDGE_LOOP ( 'NONE', ( #956, #1759, #2604, #5663 ) ) ;
#1783 = DIRECTION ( 'NONE',  ( 0.0000000000000000000, 0.0000000000000000000, -1.000000000000000000 ) ) ;
#1784 = DIRECTION ( 'NONE',  ( 0.0000000000000000000, 0.0000000000000000000, -1.000000000000000000 ) ) ;
#1785 = VECTOR ( 'NONE', #6812, 1000.000000000000227 ) ;
#1786 = AXIS2_PLACEMENT_3D ( 'NONE', #4377, #11, #3359 ) ;
#1787 = AXIS2_PLACEMENT_3D ( 'NONE', #1641, #2570, #7642 ) ;
#1788 = EDGE_LOOP ( 'NONE', ( #4110, #7595, #4215, #2032 ) ) ;
#1789 = VERTEX_POINT ( 'NONE', #6279 ) ;
#1790 = CARTESIAN_POINT ( 'NONE',  ( 0.0000000000000000000, 8.817456953865034519E-16, 7.200000000003340617 ) ) ;
#1791 = CARTESIAN_POINT ( 'NONE',  ( -98.14163738553702387, 0.0000000000000000000, 0.0000000000000000000 ) ) ;
#1792 = DIRECTION ( 'NONE',  ( 1.000000000000000000, -0.0000000000000000000, -0.0000000000000000000 ) ) ;
#1793 = LINE ( 'NONE', #4574, #5115 ) ;
#1794 = DIRECTION ( 'NONE',  ( 0.0000000000000000000, 0.0000000000000000000, -1.000000000000000000 ) ) ;
#1795 = DIRECTION ( 'NONE',  ( -0.6018150231520442706, 0.0000000000000000000, 0.7986355100472959379 ) ) ;
#1796 = LINE ( 'NONE', #5449, #1595 ) ;
#1797 = CARTESIAN_POINT ( 'NONE',  ( -30.58967412875647440, 0.0000000000000000000, 0.0000000000000000000 ) ) ;
#1798 = DIRECTION ( 'NONE',  ( 0.0000000000000000000, 0.0000000000000000000, 1.000000000000000000 ) ) ;
#1799 = EDGE_LOOP ( 'NONE', ( #3179, #5638, #4834, #3994 ) ) ;
#1800 = ORIENTED_EDGE ( 'NONE', *, *, #5936, .F. ) ;
#1801 = EDGE_CURVE ( 'NONE', #6182, #6118, #7874, .T. ) ;
#1802 = EDGE_LOOP ( 'NONE', ( #2069, #2239, #1384, #8313 ) ) ;
#1803 = CARTESIAN_POINT ( 'NONE',  ( -15.68114836484171448, 0.0000000000000000000, 7.450000000000002842 ) ) ;
#1804 = LINE ( 'NONE', #7106, #4931 ) ;
#1805 = DIRECTION ( 'NONE',  ( 0.0000000000000000000, 0.0000000000000000000, 1.000000000000000000 ) ) ;
#1806 = LINE ( 'NONE', #7769, #5707 ) ;
#1807 = ORIENTED_EDGE ( 'NONE', *, *, #6287, .T. ) ;
#1808 = ORIENTED_EDGE ( 'NONE', *, *, #6406, .T. ) ;
#1809 = EDGE_CURVE ( 'NONE', #6895, #6451, #1400, .T. ) ;
#1810 = VERTEX_POINT ( 'NONE', #7592 ) ;
#1811 = ORIENTED_EDGE ( 'NONE', *, *, #911, .T. ) ;
#1812 = EDGE_CURVE ( 'NONE', #753, #1835, #6417, .T. ) ;
#1813 = CIRCLE ( 'NONE', #6373, 7.200000000003347722 ) ;
#1814 = ADVANCED_FACE ( 'NONE', ( #2987 ), #4312, .T. ) ;
#1815 = ORIENTED_EDGE ( 'NONE', *, *, #1867, .F. ) ;
#1816 = DIRECTION ( 'NONE',  ( 1.000000000000000000, -0.0000000000000000000, -0.0000000000000000000 ) ) ;
#1817 = ORIENTED_EDGE ( 'NONE', *, *, #4195, .T. ) ;
#1818 = DIRECTION ( 'NONE',  ( 0.0000000000000000000, 0.0000000000000000000, -1.000000000000000000 ) ) ;
#1819 = ORIENTED_EDGE ( 'NONE', *, *, #419, .T. ) ;
#1820 = CIRCLE ( 'NONE', #618, 7.200000000003432099 ) ;
#1821 = CONICAL_SURFACE ( 'NONE', #554, 7.200000000003347722, 1.041961563441687444 ) ;
#1822 = AXIS2_PLACEMENT_3D ( 'NONE', #6889, #6879, #6802 ) ;
#1823 = ORIENTED_EDGE ( 'NONE', *, *, #914, .F. ) ;
#1824 = ORIENTED_EDGE ( 'NONE', *, *, #3642, .F. ) ;
#1825 = EDGE_CURVE ( 'NONE', #4642, #1495, #7683, .T. ) ;
#1826 = ADVANCED_FACE ( 'NONE', ( #2772 ), #2561, .T. ) ;
#1827 = DIRECTION ( 'NONE',  ( -1.000000000000000000, 0.0000000000000000000, 0.0000000000000000000 ) ) ;
#1828 = DIRECTION ( 'NONE',  ( 1.000000000000000000, -0.0000000000000000000, -0.0000000000000000000 ) ) ;
#1829 = DIRECTION ( 'NONE',  ( 1.000000000000000000, -0.0000000000000000000, -0.0000000000000000000 ) ) ;
#1830 = ORIENTED_EDGE ( 'NONE', *, *, #2318, .T. ) ;
#1831 = VECTOR ( 'NONE', #6844, 1000.000000000000000 ) ;
#1832 = AXIS2_PLACEMENT_3D ( 'NONE', #908, #1257, #801 ) ;
#1833 = EDGE_LOOP ( 'NONE', ( #5036, #3686, #2131, #2355 ) ) ;
#1834 = CARTESIAN_POINT ( 'NONE',  ( -55.50501611466378193, 0.0000000000000000000, 0.0000000000000000000 ) ) ;
#1835 = VERTEX_POINT ( 'NONE', #7304 ) ;
#1836 = DIRECTION ( 'NONE',  ( 1.000000000000000000, -0.0000000000000000000, -0.0000000000000000000 ) ) ;
#1837 = DIRECTION ( 'NONE',  ( -1.000000000000000000, 0.0000000000000000000, 0.0000000000000000000 ) ) ;
#1838 = AXIS2_PLACEMENT_3D ( 'NONE', #6, #7033, #4910 ) ;
#1839 = DIRECTION ( 'NONE',  ( 1.000000000000000000, -0.0000000000000000000, -0.0000000000000000000 ) ) ;
#1840 = CARTESIAN_POINT ( 'NONE',  ( 0.0000000000000000000, 0.0000000000000000000, -6.500000000000006217 ) ) ;
#1841 = LINE ( 'NONE', #3830, #6836 ) ;
#1842 = VECTOR ( 'NONE', #2892, 1000.000000000000000 ) ;
#1843 = AXIS2_PLACEMENT_3D ( 'NONE', #2208, #2457, #2185 ) ;
#1844 = AXIS2_PLACEMENT_3D ( 'NONE', #2373, #1575, #1154 ) ;
#1845 = CIRCLE ( 'NONE', #6250, 6.500000000000007105 ) ;
#1846 = CARTESIAN_POINT ( 'NONE',  ( 0.0000000000000000000, 0.0000000000000000000, -7.200000000000361666 ) ) ;
#1847 = CARTESIAN_POINT ( 'NONE',  ( -83.72928037507642784, 0.0000000000000000000, 0.0000000000000000000 ) ) ;
#1848 = CARTESIAN_POINT ( 'NONE',  ( 0.0000000000000000000, 0.0000000000000000000, 0.0000000000000000000 ) ) ;
#1849 = CONICAL_SURFACE ( 'NONE', #7673, 7.450000000000002842, 0.9250245035569997221 ) ;
#1850 = VECTOR ( 'NONE', #1614, 1000.000000000000227 ) ;
#1851 = ORIENTED_EDGE ( 'NONE', *, *, #7515, .T. ) ;
#1852 = CARTESIAN_POINT ( 'NONE',  ( 0.0000000000000000000, 0.0000000000000000000, -7.450000000000002842 ) ) ;
#1853 = EDGE_CURVE ( 'NONE', #7687, #5204, #8070, .T. ) ;
#1854 = DIRECTION ( 'NONE',  ( 1.000000000000000000, -0.0000000000000000000, -0.0000000000000000000 ) ) ;
#1855 = DIRECTION ( 'NONE',  ( 0.0000000000000000000, 0.0000000000000000000, -1.000000000000000000 ) ) ;
#1856 = FACE_OUTER_BOUND ( 'NONE', #5425, .T. ) ;
#1857 = ADVANCED_FACE ( 'NONE', ( #991 ), #1194, .F. ) ;
#1858 = VERTEX_POINT ( 'NONE', #6236 ) ;
#1859 = ORIENTED_EDGE ( 'NONE', *, *, #4219, .F. ) ;
#1860 = EDGE_CURVE ( 'NONE', #3479, #8257, #7493, .T. ) ;
#1861 = DIRECTION ( 'NONE',  ( -1.000000000000000000, 0.0000000000000000000, 0.0000000000000000000 ) ) ;
#1862 = CIRCLE ( 'NONE', #1664, 7.450000000000002842 ) ;
#1863 = ORIENTED_EDGE ( 'NONE', *, *, #3265, .F. ) ;
#1864 = EDGE_CURVE ( 'NONE', #1190, #4944, #778, .T. ) ;
#1865 = ADVANCED_FACE ( 'NONE', ( #6024 ), #3909, .T. ) ;
#1866 = DIRECTION ( 'NONE',  ( 1.000000000000000000, -0.0000000000000000000, -0.0000000000000000000 ) ) ;
#1867 = EDGE_CURVE ( 'NONE', #1317, #2003, #5630, .T. ) ;
#1868 = VECTOR ( 'NONE', #7303, 1000.000000000000227 ) ;
#1869 = CARTESIAN_POINT ( 'NONE',  ( -54.53444217817340700, 0.0000000000000000000, 0.0000000000000000000 ) ) ;
#1870 = EDGE_CURVE ( 'NONE', #2073, #3877, #2357, .T. ) ;
#1871 = CARTESIAN_POINT ( 'NONE',  ( 0.0000000000000000000, 0.0000000000000000000, 0.0000000000000000000 ) ) ;
#1872 = CARTESIAN_POINT ( 'NONE',  ( 0.0000000000000000000, 0.0000000000000000000, -7.200000000003340617 ) ) ;
#1873 = DIRECTION ( 'NONE',  ( 1.000000000000000000, -0.0000000000000000000, -0.0000000000000000000 ) ) ;
#1874 = DIRECTION ( 'NONE',  ( 0.0000000000000000000, 0.0000000000000000000, -1.000000000000000000 ) ) ;
#1875 = ORIENTED_EDGE ( 'NONE', *, *, #12, .T. ) ;
#1876 = FACE_OUTER_BOUND ( 'NONE', #765, .T. ) ;
#1877 = DIRECTION ( 'NONE',  ( 1.000000000000000000, -0.0000000000000000000, -0.0000000000000000000 ) ) ;
#1878 = CARTESIAN_POINT ( 'NONE',  ( -19.88832417624663407, 9.123618653647785104E-16, -7.450000000000002842 ) ) ;
#1879 = CIRCLE ( 'NONE', #2066, 6.907047484595389086 ) ;
#1880 = CARTESIAN_POINT ( 'NONE',  ( -67.60845590653062231, 0.0000000000000000000, -6.500000000000007105 ) ) ;
#1881 = AXIS2_PLACEMENT_3D ( 'NONE', #6935, #6920, #6867 ) ;
#1882 = CARTESIAN_POINT ( 'NONE',  ( -81.72913566370860394, 0.0000000000000000000, 0.0000000000000000000 ) ) ;
#1883 = EDGE_LOOP ( 'NONE', ( #1506, #670, #6764, #5149 ) ) ;
#1884 = CARTESIAN_POINT ( 'NONE',  ( 0.0000000000000000000, 9.123618653647785104E-16, 7.450000000000002842 ) ) ;
#1885 = VECTOR ( 'NONE', #2578, 1000.000000000000227 ) ;
#1886 = DIRECTION ( 'NONE',  ( 1.000000000000000000, -0.0000000000000000000, -0.0000000000000000000 ) ) ;
#1887 = LINE ( 'NONE', #4991, #7067 ) ;
#1888 = DIRECTION ( 'NONE',  ( -0.5045276238147197168, 0.0000000000000000000, 0.8633955506069468377 ) ) ;
#1889 = AXIS2_PLACEMENT_3D ( 'NONE', #6987, #1761, #7725 ) ;
#1890 = AXIS2_PLACEMENT_3D ( 'NONE', #6061, #7293, #4849 ) ;
#1891 = ORIENTED_EDGE ( 'NONE', *, *, #3586, .F. ) ;
#1892 = VECTOR ( 'NONE', #7922, 1000.000000000000000 ) ;
#1893 = FACE_OUTER_BOUND ( 'NONE', #3121, .T. ) ;
#1894 = ADVANCED_FACE ( 'NONE', ( #7297 ), #5438, .T. ) ;
#1895 = DIRECTION ( 'NONE',  ( 1.000000000000000000, -0.0000000000000000000, -0.0000000000000000000 ) ) ;
#1896 = DIRECTION ( 'NONE',  ( 1.000000000000000000, -0.0000000000000000000, -0.0000000000000000000 ) ) ;
#1897 = VERTEX_POINT ( 'NONE', #1184 ) ;
#1898 = DIRECTION ( 'NONE',  ( 1.000000000000000000, -0.0000000000000000000, -0.0000000000000000000 ) ) ;
#1899 = ORIENTED_EDGE ( 'NONE', *, *, #7354, .F. ) ;
#1900 = CIRCLE ( 'NONE', #2863, 6.500000000000007105 ) ;
#1901 = EDGE_CURVE ( 'NONE', #5618, #948, #368, .T. ) ;
#1902 = DIRECTION ( 'NONE',  ( -0.5045276238140292691, 1.057354597449358014E-16, -0.8633955506073501818 ) ) ;
#1903 = FACE_OUTER_BOUND ( 'NONE', #7382, .T. ) ;
#1904 = ORIENTED_EDGE ( 'NONE', *, *, #981, .T. ) ;
#1905 = ADVANCED_FACE ( 'NONE', ( #575 ), #6907, .T. ) ;
#1906 = ORIENTED_EDGE ( 'NONE', *, *, #5355, .T. ) ;
#1907 = DIRECTION ( 'NONE',  ( 0.0000000000000000000, 0.0000000000000000000, -1.000000000000000000 ) ) ;
#1908 = DIRECTION ( 'NONE',  ( 0.0000000000000000000, 0.0000000000000000000, -1.000000000000000000 ) ) ;
#1909 = EDGE_CURVE ( 'NONE', #561, #5310, #156, .T. ) ;
#1910 = ORIENTED_EDGE ( 'NONE', *, *, #4255, .F. ) ;
#1911 = VERTEX_POINT ( 'NONE', #7244 ) ;
#1912 = CARTESIAN_POINT ( 'NONE',  ( -50.43300091588812251, 8.876600089879467871E-16, -7.248294035520856049 ) ) ;
#1913 = CARTESIAN_POINT ( 'NONE',  ( -26.90028386192150123, 0.0000000000000000000, 7.450000000000002842 ) ) ;
#1914 = CIRCLE ( 'NONE', #5795, 7.200000000003333511 ) ;
#1915 = ORIENTED_EDGE ( 'NONE', *, *, #3822, .T. ) ;
#1916 = EDGE_LOOP ( 'NONE', ( #5442, #560, #265, #1132 ) ) ;
#1917 = ORIENTED_EDGE ( 'NONE', *, *, #7207, .F. ) ;
#1918 = EDGE_CURVE ( 'NONE', #6871, #7113, #1923, .T. ) ;
#1919 = CARTESIAN_POINT ( 'NONE',  ( -94.27208085614829258, 8.817456953865145945E-16, -7.200000000003432099 ) ) ;
#1920 = ORIENTED_EDGE ( 'NONE', *, *, #3809, .T. ) ;
#1921 = ORIENTED_EDGE ( 'NONE', *, *, #7613, .T. ) ;
#1922 = CIRCLE ( 'NONE', #3557, 7.450000000000012612 ) ;
#1923 = CIRCLE ( 'NONE', #2632, 6.500000000000012434 ) ;
#1924 = EDGE_LOOP ( 'NONE', ( #2426, #7554, #7944, #4811 ) ) ;
#1925 = EDGE_CURVE ( 'NONE', #6459, #3211, #4102, .T. ) ;
#1926 = VERTEX_POINT ( 'NONE', #92 ) ;
#1927 = EDGE_CURVE ( 'NONE', #1026, #478, #7102, .T. ) ;
#1928 = ORIENTED_EDGE ( 'NONE', *, *, #3856, .F. ) ;
#1929 = VECTOR ( 'NONE', #5051, 1000.000000000000000 ) ;
#1930 = CIRCLE ( 'NONE', #729, 7.450000000000002842 ) ;
#1931 = CARTESIAN_POINT ( 'NONE',  ( -44.64504213944225341, 0.0000000000000000000, -4.829725155218032917 ) ) ;
#1932 = CARTESIAN_POINT ( 'NONE',  ( 0.0000000000000000000, 0.0000000000000000000, -6.500000000000006217 ) ) ;
#1933 = DIRECTION ( 'NONE',  ( 0.8110638189892164229, 7.163665443099581461E-17, 0.5849576749873681702 ) ) ;
#1934 = DIRECTION ( 'NONE',  ( 1.000000000000000000, -0.0000000000000000000, -0.0000000000000000000 ) ) ;
#1935 = VERTEX_POINT ( 'NONE', #4260 ) ;
#1936 = DIRECTION ( 'NONE',  ( 1.000000000000000000, -0.0000000000000000000, -0.0000000000000000000 ) ) ;
#1937 = AXIS2_PLACEMENT_3D ( 'NONE', #3930, #4523, #4607 ) ;
#1938 = DIRECTION ( 'NONE',  ( 0.0000000000000000000, 0.0000000000000000000, 1.000000000000000000 ) ) ;
#1939 = DIRECTION ( 'NONE',  ( 0.0000000000000000000, 0.0000000000000000000, 1.000000000000000000 ) ) ;
#1940 = VECTOR ( 'NONE', #2072, 1000.000000000000000 ) ;
#1941 = DIRECTION ( 'NONE',  ( 1.000000000000000000, -0.0000000000000000000, -0.0000000000000000000 ) ) ;
#1942 = DIRECTION ( 'NONE',  ( 0.0000000000000000000, 0.0000000000000000000, -1.000000000000000000 ) ) ;
#1943 = DIRECTION ( 'NONE',  ( 1.000000000000000000, -0.0000000000000000000, -0.0000000000000000000 ) ) ;
#1944 = CONICAL_SURFACE ( 'NONE', #8146, 7.099999999999999645, 0.3717551306747965412 ) ;
#1945 = FACE_OUTER_BOUND ( 'NONE', #3560, .T. ) ;
#1946 = ADVANCED_FACE ( 'NONE', ( #5824 ), #6709, .T. ) ;
#1947 = AXIS2_PLACEMENT_3D ( 'NONE', #2002, #1988, #1981 ) ;
#1948 = DIRECTION ( 'NONE',  ( 0.0000000000000000000, 0.0000000000000000000, -1.000000000000000000 ) ) ;
#1949 = CARTESIAN_POINT ( 'NONE',  ( -87.72956979781204723, 0.0000000000000000000, 0.0000000000000000000 ) ) ;
#1950 = AXIS2_PLACEMENT_3D ( 'NONE', #3685, #3344, #3554 ) ;
#1951 = FACE_OUTER_BOUND ( 'NONE', #1394, .T. ) ;
#1952 = CARTESIAN_POINT ( 'NONE',  ( 0.0000000000000000000, 0.0000000000000000000, 0.0000000000000000000 ) ) ;
#1953 = CARTESIAN_POINT ( 'NONE',  ( -29.71758909277301086, 0.0000000000000000000, 0.0000000000000000000 ) ) ;
#1954 = LINE ( 'NONE', #4947, #4133 ) ;
#1955 = VERTEX_POINT ( 'NONE', #7833 ) ;
#1956 = DIRECTION ( 'NONE',  ( 0.8110638189892169780, 0.0000000000000000000, -0.5849576749873675041 ) ) ;
#1957 = ADVANCED_FACE ( 'NONE', ( #5038 ), #3293, .T. ) ;
#1958 = AXIS2_PLACEMENT_3D ( 'NONE', #1719, #5642, #6623 ) ;
#1959 = AXIS2_PLACEMENT_3D ( 'NONE', #2592, #2274, #6225 ) ;
#1960 = VECTOR ( 'NONE', #773, 999.9999999999998863 ) ;
#1961 = ORIENTED_EDGE ( 'NONE', *, *, #12, .F. ) ;
#1962 = EDGE_LOOP ( 'NONE', ( #1485, #1692, #6885, #1899 ) ) ;
#1963 = CARTESIAN_POINT ( 'NONE',  ( -82.27121258794144865, 0.0000000000000000000, 7.200000000003347722 ) ) ;
#1964 = DIRECTION ( 'NONE',  ( -1.000000000000000000, 0.0000000000000000000, 0.0000000000000000000 ) ) ;
#1965 = DIRECTION ( 'NONE',  ( 1.000000000000000000, -0.0000000000000000000, -0.0000000000000000000 ) ) ;
#1966 = FACE_OUTER_BOUND ( 'NONE', #3524, .T. ) ;
#1967 = ORIENTED_EDGE ( 'NONE', *, *, #6447, .T. ) ;
#1968 = CARTESIAN_POINT ( 'NONE',  ( 0.0000000000000000000, 0.0000000000000000000, -6.500000000000006217 ) ) ;
#1969 = EDGE_CURVE ( 'NONE', #7283, #8157, #8350, .T. ) ;
#1970 = CARTESIAN_POINT ( 'NONE',  ( -95.73014864328338547, 7.960204194457805338E-16, 6.500000000000007105 ) ) ;
#1971 = DIRECTION ( 'NONE',  ( 1.000000000000000000, -0.0000000000000000000, -0.0000000000000000000 ) ) ;
#1972 = CARTESIAN_POINT ( 'NONE',  ( 0.0000000000000000000, 0.0000000000000000000, -6.500000000000010658 ) ) ;
#1973 = CYLINDRICAL_SURFACE ( 'NONE', #2284, 7.450000000000003730 ) ;
#1974 = ORIENTED_EDGE ( 'NONE', *, *, #7282, .T. ) ;
#1975 = EDGE_CURVE ( 'NONE', #5713, #1810, #3493, .T. ) ;
#1976 = CARTESIAN_POINT ( 'NONE',  ( -96.27222556751610227, 0.0000000000000000000, 7.200000000003445422 ) ) ;
#1977 = DIRECTION ( 'NONE',  ( 0.0000000000000000000, 0.0000000000000000000, -1.000000000000000000 ) ) ;
#1978 = CIRCLE ( 'NONE', #6523, 6.500000000000010658 ) ;
#1979 = ADVANCED_FACE ( 'NONE', ( #5244 ), #4836, .T. ) ;
#1980 = AXIS2_PLACEMENT_3D ( 'NONE', #2398, #2602, #2372 ) ;
#1981 = DIRECTION ( 'NONE',  ( 0.0000000000000000000, 0.0000000000000000000, -1.000000000000000000 ) ) ;
#1982 = EDGE_CURVE ( 'NONE', #3508, #4921, #6514, .T. ) ;
#1983 = LINE ( 'NONE', #2695, #1777 ) ;
#1984 = DIRECTION ( 'NONE',  ( 0.0000000000000000000, 0.0000000000000000000, -1.000000000000000000 ) ) ;
#1985 = VECTOR ( 'NONE', #6843, 1000.000000000000000 ) ;
#1986 = AXIS2_PLACEMENT_3D ( 'NONE', #4032, #3908, #900 ) ;
#1987 = ORIENTED_EDGE ( 'NONE', *, *, #836, .F. ) ;
#1988 = DIRECTION ( 'NONE',  ( 1.000000000000000000, -0.0000000000000000000, -0.0000000000000000000 ) ) ;
#1989 = ADVANCED_FACE ( 'NONE', ( #1509 ), #4622, .T. ) ;
#1990 = CARTESIAN_POINT ( 'NONE',  ( -49.04840246982011820, 0.0000000000000000000, 0.0000000000000000000 ) ) ;
#1991 = CARTESIAN_POINT ( 'NONE',  ( -85.72942508644425175, 8.388830574161435705E-16, 6.500000000000012434 ) ) ;
#1992 = CONICAL_SURFACE ( 'NONE', #2000, 7.450000000000002842, 0.9250245035569842900 ) ;
#1993 = AXIS2_PLACEMENT_3D ( 'NONE', #2178, #2160, #2136 ) ;
#1994 = ORIENTED_EDGE ( 'NONE', *, *, #6297, .F. ) ;
#1995 = ORIENTED_EDGE ( 'NONE', *, *, #2161, .F. ) ;
#1996 = FACE_OUTER_BOUND ( 'NONE', #992, .T. ) ;
#1997 = CARTESIAN_POINT ( 'NONE',  ( -69.62569587184177067, 0.0000000000000000000, -6.500000000000007105 ) ) ;
#1998 = CARTESIAN_POINT ( 'NONE',  ( -97.73029335465122358, 0.0000000000000000000, 0.0000000000000000000 ) ) ;
#1999 = CIRCLE ( 'NONE', #7933, 7.200000000003347722 ) ;
#2000 = AXIS2_PLACEMENT_3D ( 'NONE', #1582, #1322, #8093 ) ;
#2001 = AXIS2_PLACEMENT_3D ( 'NONE', #6352, #5773, #5749 ) ;
#2002 = CARTESIAN_POINT ( 'NONE',  ( -85.72942508644425175, 0.0000000000000000000, 0.0000000000000000000 ) ) ;
#2003 = VERTEX_POINT ( 'NONE', #1541 ) ;
#2004 = ORIENTED_EDGE ( 'NONE', *, *, #1197, .F. ) ;
#2005 = ORIENTED_EDGE ( 'NONE', *, *, #2932, .T. ) ;
#2006 = LINE ( 'NONE', #2535, #5518 ) ;
#2007 = ORIENTED_EDGE ( 'NONE', *, *, #6282, .T. ) ;
#2008 = DIRECTION ( 'NONE',  ( -1.000000000000000000, 0.0000000000000000000, 0.0000000000000000000 ) ) ;
#2009 = CIRCLE ( 'NONE', #8398, 6.500000000000005329 ) ;
#2010 = ORIENTED_EDGE ( 'NONE', *, *, #8027, .F. ) ;
#2011 = ORIENTED_EDGE ( 'NONE', *, *, #5769, .T. ) ;
#2012 = DIRECTION ( 'NONE',  ( 0.0000000000000000000, 0.0000000000000000000, -1.000000000000000000 ) ) ;
#2013 = DIRECTION ( 'NONE',  ( 1.000000000000000000, -0.0000000000000000000, -0.0000000000000000000 ) ) ;
#2014 = EDGE_LOOP ( 'NONE', ( #8010, #3843, #617, #6855 ) ) ;
#2015 = CARTESIAN_POINT ( 'NONE',  ( -38.20706885507219397, 0.0000000000000000000, 7.450000000000073008 ) ) ;
#2016 = ORIENTED_EDGE ( 'NONE', *, *, #1034, .F. ) ;
#2017 = EDGE_CURVE ( 'NONE', #3680, #7385, #6307, .T. ) ;
#2018 = DIRECTION ( 'NONE',  ( 0.0000000000000000000, 0.0000000000000000000, -1.000000000000000000 ) ) ;
#2019 = CONICAL_SURFACE ( 'NONE', #4680, 6.500000000000007105, 0.6248278722141583641 ) ;
#2020 = EDGE_LOOP ( 'NONE', ( #4611, #5887, #2951, #6750 ) ) ;
#2021 = VERTEX_POINT ( 'NONE', #2084 ) ;
#2022 = DIRECTION ( 'NONE',  ( 1.000000000000000000, -0.0000000000000000000, -0.0000000000000000000 ) ) ;
#2023 = EDGE_CURVE ( 'NONE', #4413, #4405, #7966, .T. ) ;
#2024 = DIRECTION ( 'NONE',  ( 1.000000000000000000, -0.0000000000000000000, -0.0000000000000000000 ) ) ;
#2025 = CARTESIAN_POINT ( 'NONE',  ( -75.81044571878344129, 0.0000000000000000000, 0.0000000000000000000 ) ) ;
#2026 = DIRECTION ( 'NONE',  ( 0.8110638189892164229, 7.163665443099581461E-17, 0.5849576749873681702 ) ) ;
#2027 = ORIENTED_EDGE ( 'NONE', *, *, #8117, .T. ) ;
#2028 = ORIENTED_EDGE ( 'NONE', *, *, #1975, .T. ) ;
#2029 = VECTOR ( 'NONE', #2244, 1000.000000000000000 ) ;
#2030 = ADVANCED_FACE ( 'NONE', ( #3078 ), #6120, .T. ) ;
#2031 = CIRCLE ( 'NONE', #8103, 6.500000000000010658 ) ;
#2032 = ORIENTED_EDGE ( 'NONE', *, *, #8167, .F. ) ;
#2033 = EDGE_CURVE ( 'NONE', #4539, #888, #7775, .T. ) ;
#2034 = ORIENTED_EDGE ( 'NONE', *, *, #8065, .F. ) ;
#2035 = ORIENTED_EDGE ( 'NONE', *, *, #1864, .F. ) ;
#2036 = DIRECTION ( 'NONE',  ( 1.000000000000000000, -0.0000000000000000000, -0.0000000000000000000 ) ) ;
#2037 = DIRECTION ( 'NONE',  ( 1.000000000000000000, -0.0000000000000000000, -0.0000000000000000000 ) ) ;
#2038 = CARTESIAN_POINT ( 'NONE',  ( 0.0000000000000000000, 0.0000000000000000000, 0.0000000000000000000 ) ) ;
#2039 = VERTEX_POINT ( 'NONE', #3285 ) ;
#2040 = DIRECTION ( 'NONE',  ( 0.8110638189892164229, 0.0000000000000000000, -0.5849576749873681702 ) ) ;
#2041 = CIRCLE ( 'NONE', #1373, 7.450000000000073008 ) ;
#2042 = EDGE_CURVE ( 'NONE', #2568, #2437, #1714, .T. ) ;
#2043 = ADVANCED_FACE ( 'NONE', ( #1288 ), #5921, .T. ) ;
#2044 = ORIENTED_EDGE ( 'NONE', *, *, #7696, .F. ) ;
#2045 = EDGE_CURVE ( 'NONE', #563, #561, #7575, .T. ) ;
#2046 = DIRECTION ( 'NONE',  ( 1.000000000000000000, -0.0000000000000000000, -0.0000000000000000000 ) ) ;
#2047 = CARTESIAN_POINT ( 'NONE',  ( 0.0000000000000000000, 7.960204194457804352E-16, 6.500000000000006217 ) ) ;
#2048 = VECTOR ( 'NONE', #3883, 1000.000000000000000 ) ;
#2049 = CYLINDRICAL_SURFACE ( 'NONE', #8292, 7.200000000003340617 ) ;
#2050 = VERTEX_POINT ( 'NONE', #7606 ) ;
#2051 = AXIS2_PLACEMENT_3D ( 'NONE', #2451, #2126, #2012 ) ;
#2052 = DIRECTION ( 'NONE',  ( 0.6018150231520442706, 9.780464210648347626E-17, 0.7986355100472959379 ) ) ;
#2053 = DIRECTION ( 'NONE',  ( 1.000000000000000000, -0.0000000000000000000, -0.0000000000000000000 ) ) ;
#2054 = DIRECTION ( 'NONE',  ( 0.0000000000000000000, 0.0000000000000000000, 1.000000000000000000 ) ) ;
#2055 = FACE_OUTER_BOUND ( 'NONE', #144, .T. ) ;
#2056 = AXIS2_PLACEMENT_3D ( 'NONE', #3322, #1529, #1287 ) ;
#2057 = VERTEX_POINT ( 'NONE', #8360 ) ;
#2058 = DIRECTION ( 'NONE',  ( 0.0000000000000000000, 0.0000000000000000000, -1.000000000000000000 ) ) ;
#2059 = DIRECTION ( 'NONE',  ( 0.0000000000000000000, 0.0000000000000000000, -1.000000000000000000 ) ) ;
#2060 = CARTESIAN_POINT ( 'NONE',  ( 0.0000000000000000000, 0.0000000000000000000, 0.0000000000000000000 ) ) ;
#2061 = CARTESIAN_POINT ( 'NONE',  ( -22.69310805051658164, 9.123618653647785104E-16, -7.450000000000002842 ) ) ;
#2062 = DIRECTION ( 'NONE',  ( 0.0000000000000000000, 0.0000000000000000000, -1.000000000000000000 ) ) ;
#2063 = FACE_OUTER_BOUND ( 'NONE', #8342, .T. ) ;
#2064 = ORIENTED_EDGE ( 'NONE', *, *, #3058, .T. ) ;
#2065 = ORIENTED_EDGE ( 'NONE', *, *, #5696, .F. ) ;
#2066 = AXIS2_PLACEMENT_3D ( 'NONE', #4858, #3004, #3039 ) ;
#2067 = DIRECTION ( 'NONE',  ( 0.0000000000000000000, 0.0000000000000000000, 1.000000000000000000 ) ) ;
#2068 = ADVANCED_FACE ( 'NONE', ( #2668 ), #7122, .F. ) ;
#2069 = ORIENTED_EDGE ( 'NONE', *, *, #2605, .F. ) ;
#2070 = VECTOR ( 'NONE', #4365, 1000.000000000000000 ) ;
#2071 = DIRECTION ( 'NONE',  ( 0.8110638189892053207, 0.0000000000000000000, -0.5849576749873837134 ) ) ;
#2072 = DIRECTION ( 'NONE',  ( 1.000000000000000000, -0.0000000000000000000, -0.0000000000000000000 ) ) ;
#2073 = VERTEX_POINT ( 'NONE', #8277 ) ;
#2074 = DIRECTION ( 'NONE',  ( -0.6018150231520443816, 0.0000000000000000000, 0.7986355100472957158 ) ) ;
#2075 = EDGE_CURVE ( 'NONE', #740, #6216, #4404, .T. ) ;
#2076 = DIRECTION ( 'NONE',  ( 0.0000000000000000000, 0.0000000000000000000, -1.000000000000000000 ) ) ;
#2077 = LINE ( 'NONE', #7892, #520 ) ;
#2078 = DIRECTION ( 'NONE',  ( 0.0000000000000000000, 0.0000000000000000000, -1.000000000000000000 ) ) ;
#2079 = ADVANCED_FACE ( 'NONE', ( #2872 ), #5715, .T. ) ;
#2080 = EDGE_CURVE ( 'NONE', #7504, #2460, #7390, .T. ) ;
#2081 = DIRECTION ( 'NONE',  ( 0.0000000000000000000, 0.0000000000000000000, -1.000000000000000000 ) ) ;
#2082 = CARTESIAN_POINT ( 'NONE',  ( -65.59121594121948817, 0.0000000000000000000, 0.0000000000000000000 ) ) ;
#2083 = EDGE_CURVE ( 'NONE', #5655, #4307, #4202, .T. ) ;
#2084 = CARTESIAN_POINT ( 'NONE',  ( -51.60356613504958290, 7.960204194457804352E-16, 6.500000000000005329 ) ) ;
#2085 = DIRECTION ( 'NONE',  ( 1.000000000000000000, -0.0000000000000000000, -0.0000000000000000000 ) ) ;
#2086 = LINE ( 'NONE', #5188, #7257 ) ;
#2087 = CARTESIAN_POINT ( 'NONE',  ( -79.84492564940575221, 0.0000000000000000000, 0.0000000000000000000 ) ) ;
#2088 = EDGE_CURVE ( 'NONE', #1020, #881, #873, .T. ) ;
#2089 = LINE ( 'NONE', #5350, #5393 ) ;
#2090 = ORIENTED_EDGE ( 'NONE', *, *, #930, .T. ) ;
#2091 = CARTESIAN_POINT ( 'NONE',  ( -93.73000393191556157, 0.0000000000000000000, -6.500000000000012434 ) ) ;
#2092 = ORIENTED_EDGE ( 'NONE', *, *, #6870, .F. ) ;
#2093 = VECTOR ( 'NONE', #4438, 1000.000000000000227 ) ;
#2094 = VECTOR ( 'NONE', #7666, 1000.000000000000000 ) ;
#2095 = AXIS2_PLACEMENT_3D ( 'NONE', #3970, #4071, #4033 ) ;
#2096 = CARTESIAN_POINT ( 'NONE',  ( -70.67236190065843005, 0.0000000000000000000, 0.0000000000000000000 ) ) ;
#2097 = DIRECTION ( 'NONE',  ( 0.0000000000000000000, 0.0000000000000000000, -1.000000000000000000 ) ) ;
#2098 = ORIENTED_EDGE ( 'NONE', *, *, #7657, .T. ) ;
#2099 = DIRECTION ( 'NONE',  ( 0.0000000000000000000, 0.0000000000000000000, -1.000000000000000000 ) ) ;
#2100 = CARTESIAN_POINT ( 'NONE',  ( -76.21949269200803201, 0.0000000000000000000, 0.0000000000000000000 ) ) ;
#2101 = CONICAL_SURFACE ( 'NONE', #6174, 7.450000000000002842, 0.9250245035569997221 ) ;
#2102 = DIRECTION ( 'NONE',  ( 0.0000000000000000000, 0.0000000000000000000, -1.000000000000000000 ) ) ;
#2103 = CIRCLE ( 'NONE', #3522, 7.450000000000002842 ) ;
#2104 = AXIS2_PLACEMENT_3D ( 'NONE', #4484, #4462, #4658 ) ;
#2105 = VERTEX_POINT ( 'NONE', #1931 ) ;
#2106 = ORIENTED_EDGE ( 'NONE', *, *, #8328, .T. ) ;
#2107 = DIRECTION ( 'NONE',  ( 1.000000000000000000, -0.0000000000000000000, -0.0000000000000000000 ) ) ;
#2108 = CARTESIAN_POINT ( 'NONE',  ( -78.23673265731918036, 8.817456953865042407E-16, -7.200000000003347722 ) ) ;
#2109 = DIRECTION ( 'NONE',  ( 1.000000000000000000, -0.0000000000000000000, -0.0000000000000000000 ) ) ;
#2110 = CIRCLE ( 'NONE', #1515, 6.500000000000007105 ) ;
#2111 = AXIS2_PLACEMENT_3D ( 'NONE', #1037, #1044, #1098 ) ;
#2112 = ADVANCED_FACE ( 'NONE', ( #2452 ), #5526, .T. ) ;
#2113 = FACE_OUTER_BOUND ( 'NONE', #3205, .T. ) ;
#2114 = DIRECTION ( 'NONE',  ( 0.0000000000000000000, 0.0000000000000000000, -1.000000000000000000 ) ) ;
#2115 = EDGE_LOOP ( 'NONE', ( #2250, #8068, #987, #7489 ) ) ;
#2116 = CARTESIAN_POINT ( 'NONE',  ( -49.75000000000000000, 0.0000000000000000000, -7.099999999999999645 ) ) ;
#2117 = CARTESIAN_POINT ( 'NONE',  ( -21.60745153505045479, 0.0000000000000000000, 0.0000000000000000000 ) ) ;
#2118 = ORIENTED_EDGE ( 'NONE', *, *, #7708, .T. ) ;
#2119 = VERTEX_POINT ( 'NONE', #8280 ) ;
#2120 = CARTESIAN_POINT ( 'NONE',  ( -66.13329286545233288, 8.817456953865042407E-16, -7.200000000003347722 ) ) ;
#2121 = ORIENTED_EDGE ( 'NONE', *, *, #4414, .F. ) ;
#2122 = DIRECTION ( 'NONE',  ( 0.0000000000000000000, 0.0000000000000000000, -1.000000000000000000 ) ) ;
#2123 = LINE ( 'NONE', #1720, #562 ) ;
#2124 = AXIS2_PLACEMENT_3D ( 'NONE', #7454, #7465, #8166 ) ;
#2125 = AXIS2_PLACEMENT_3D ( 'NONE', #5274, #7750, #6449 ) ;
#2126 = DIRECTION ( 'NONE',  ( 1.000000000000000000, -0.0000000000000000000, -0.0000000000000000000 ) ) ;
#2127 = ORIENTED_EDGE ( 'NONE', *, *, #4982, .T. ) ;
#2128 = EDGE_LOOP ( 'NONE', ( #8226, #4277, #1360, #6673 ) ) ;
#2129 = ADVANCED_FACE ( 'NONE', ( #678 ), #2019, .T. ) ;
#2130 = VERTEX_POINT ( 'NONE', #7609 ) ;
#2131 = ORIENTED_EDGE ( 'NONE', *, *, #4643, .T. ) ;
#2132 = CONICAL_SURFACE ( 'NONE', #5063, 7.200000000003347722, 1.041961563441716976 ) ;
#2133 = VECTOR ( 'NONE', #2339, 1000.000000000000114 ) ;
#2134 = EDGE_LOOP ( 'NONE', ( #4829, #7632, #3812, #3091 ) ) ;
#2135 = DIRECTION ( 'NONE',  ( 0.0000000000000000000, 0.0000000000000000000, -1.000000000000000000 ) ) ;
#2136 = DIRECTION ( 'NONE',  ( 0.0000000000000000000, 0.0000000000000000000, -1.000000000000000000 ) ) ;
#2137 = DIRECTION ( 'NONE',  ( -0.6018150231520442706, 9.780464210648347626E-17, -0.7986355100472959379 ) ) ;
#2138 = CARTESIAN_POINT ( 'NONE',  ( -27.75984754132340981, 0.0000000000000000000, 0.0000000000000000000 ) ) ;
#2139 = VERTEX_POINT ( 'NONE', #7043 ) ;
#2140 = EDGE_CURVE ( 'NONE', #4405, #4413, #2241, .T. ) ;
#2141 = ORIENTED_EDGE ( 'NONE', *, *, #4521, .T. ) ;
#2142 = LINE ( 'NONE', #5312, #1929 ) ;
#2143 = LINE ( 'NONE', #162, #377 ) ;
#2144 = VERTEX_POINT ( 'NONE', #7146 ) ;
#2145 = EDGE_CURVE ( 'NONE', #527, #3384, #7193, .T. ) ;
#2146 = CARTESIAN_POINT ( 'NONE',  ( 0.0000000000000000000, 0.0000000000000000000, 0.0000000000000000000 ) ) ;
#2147 = ORIENTED_EDGE ( 'NONE', *, *, #4138, .T. ) ;
#2148 = CARTESIAN_POINT ( 'NONE',  ( 0.0000000000000000000, 0.0000000000000000000, -7.200000000003347722 ) ) ;
#2149 = CARTESIAN_POINT ( 'NONE',  ( -80.25397262263031450, 0.0000000000000000000, 7.200000000003347722 ) ) ;
#2150 = AXIS2_PLACEMENT_3D ( 'NONE', #7760, #7745, #7726 ) ;
#2151 = DIRECTION ( 'NONE',  ( 0.6018150231520442706, 0.0000000000000000000, -0.7986355100472959379 ) ) ;
#2152 = FACE_OUTER_BOUND ( 'NONE', #2941, .T. ) ;
#2153 = DIRECTION ( 'NONE',  ( 1.000000000000000000, -0.0000000000000000000, -0.0000000000000000000 ) ) ;
#2154 = CARTESIAN_POINT ( 'NONE',  ( -75.67741576777518731, 0.0000000000000000000, 0.0000000000000000000 ) ) ;
#2155 = DIRECTION ( 'NONE',  ( 0.0000000000000000000, 0.0000000000000000000, -1.000000000000000000 ) ) ;
#2156 = FACE_OUTER_BOUND ( 'NONE', #4309, .T. ) ;
#2157 = CARTESIAN_POINT ( 'NONE',  ( -54.02985307358373746, 8.817456953861387023E-16, -7.200000000000362554 ) ) ;
#2158 = FACE_OUTER_BOUND ( 'NONE', #6800, .T. ) ;
#2159 = CARTESIAN_POINT ( 'NONE',  ( -29.17476083503994388, 0.0000000000000000000, 0.0000000000000000000 ) ) ;
#2160 = DIRECTION ( 'NONE',  ( 1.000000000000000000, -0.0000000000000000000, -0.0000000000000000000 ) ) ;
#2161 = EDGE_CURVE ( 'NONE', #7335, #7691, #3789, .T. ) ;
#2162 = DIRECTION ( 'NONE',  ( 0.0000000000000000000, 0.0000000000000000000, -1.000000000000000000 ) ) ;
#2163 = EDGE_CURVE ( 'NONE', #6741, #5755, #1088, .T. ) ;
#2164 = FACE_OUTER_BOUND ( 'NONE', #5128, .T. ) ;
#2165 = LINE ( 'NONE', #7468, #7127 ) ;
#2166 = ORIENTED_EDGE ( 'NONE', *, *, #977, .T. ) ;
#2167 = DIRECTION ( 'NONE',  ( 0.8730486377623268845, 0.0000000000000000000, -0.4876331367958347540 ) ) ;
#2168 = ORIENTED_EDGE ( 'NONE', *, *, #970, .F. ) ;
#2169 = DIRECTION ( 'NONE',  ( 0.0000000000000000000, 0.0000000000000000000, -1.000000000000000000 ) ) ;
#2170 = AXIS2_PLACEMENT_3D ( 'NONE', #4072, #4051, #4034 ) ;
#2171 = CIRCLE ( 'NONE', #720, 0.8999999999999962474 ) ;
#2172 = ORIENTED_EDGE ( 'NONE', *, *, #3594, .F. ) ;
#2173 = ORIENTED_EDGE ( 'NONE', *, *, #8274, .F. ) ;
#2174 = CARTESIAN_POINT ( 'NONE',  ( -17.94310398137859863, 0.0000000000000000000, 0.0000000000000000000 ) ) ;
#2175 = ADVANCED_FACE ( 'NONE', ( #5331 ), #45, .T. ) ;
#2176 = DIRECTION ( 'NONE',  ( 0.0000000000000000000, 0.0000000000000000000, -1.000000000000000000 ) ) ;
#2177 = DIRECTION ( 'NONE',  ( 0.0000000000000000000, 0.0000000000000000000, -1.000000000000000000 ) ) ;
#2178 = CARTESIAN_POINT ( 'NONE',  ( -84.75885114994974856, 0.0000000000000000000, 0.0000000000000000000 ) ) ;
#2179 = EDGE_LOOP ( 'NONE', ( #316, #7224, #4349, #3665 ) ) ;
#2180 = AXIS2_PLACEMENT_3D ( 'NONE', #1753, #1728, #1693 ) ;
#2181 = AXIS2_PLACEMENT_3D ( 'NONE', #518, #491, #1066 ) ;
#2182 = CIRCLE ( 'NONE', #1040, 6.729642571546104790 ) ;
#2183 = DIRECTION ( 'NONE',  ( 0.0000000000000000000, 0.0000000000000000000, -1.000000000000000000 ) ) ;
#2184 = ORIENTED_EDGE ( 'NONE', *, *, #7409, .F. ) ;
#2185 = DIRECTION ( 'NONE',  ( 0.0000000000000000000, 0.0000000000000000000, -1.000000000000000000 ) ) ;
#2186 = CARTESIAN_POINT ( 'NONE',  ( -24.95506366705346579, 0.0000000000000000000, -6.729642571546104790 ) ) ;
#2187 = CARTESIAN_POINT ( 'NONE',  ( -77.82768568409458965, 0.0000000000000000000, 0.0000000000000000000 ) ) ;
#2188 = CARTESIAN_POINT ( 'NONE',  ( 0.0000000000000000000, 0.0000000000000000000, -7.450000000000120082 ) ) ;
#2189 = VECTOR ( 'NONE', #6765, 1000.000000000000000 ) ;
#2190 = DIRECTION ( 'NONE',  ( 1.000000000000000000, -0.0000000000000000000, -0.0000000000000000000 ) ) ;
#2191 = ORIENTED_EDGE ( 'NONE', *, *, #3327, .F. ) ;
#2192 = EDGE_CURVE ( 'NONE', #6794, #6009, #3583, .T. ) ;
#2193 = DIRECTION ( 'NONE',  ( 1.000000000000000000, -0.0000000000000000000, -0.0000000000000000000 ) ) ;
#2194 = CARTESIAN_POINT ( 'NONE',  ( -35.37724226763913293, 9.123618653647846240E-16, -7.450000000000052580 ) ) ;
#2195 = DIRECTION ( 'NONE',  ( 1.000000000000000000, -0.0000000000000000000, -0.0000000000000000000 ) ) ;
#2196 = EDGE_CURVE ( 'NONE', #8311, #6405, #258, .T. ) ;
#2197 = CARTESIAN_POINT ( 'NONE',  ( -17.08354030197668649, 0.0000000000000000000, 7.450000000000002842 ) ) ;
#2198 = DIRECTION ( 'NONE',  ( -1.000000000000000000, 0.0000000000000000000, 0.0000000000000000000 ) ) ;
#2199 = CARTESIAN_POINT ( 'NONE',  ( -72.68960186596956419, 0.0000000000000000000, 0.0000000000000000000 ) ) ;
#2200 = EDGE_CURVE ( 'NONE', #3226, #5397, #1813, .T. ) ;
#2201 = CARTESIAN_POINT ( 'NONE',  ( 0.0000000000000000000, 0.0000000000000000000, -6.500000000000006217 ) ) ;
#2202 = DIRECTION ( 'NONE',  ( 0.0000000000000000000, 0.0000000000000000000, -1.000000000000000000 ) ) ;
#2204 = CARTESIAN_POINT ( 'NONE',  ( -78.23673265731918036, 0.0000000000000000000, 7.200000000003347722 ) ) ;
#2203 = FACE_OUTER_BOUND ( 'NONE', #7649, .T. ) ;
#2205 = CONICAL_SURFACE ( 'NONE', #1786, 7.450000000000002842, 0.9250245035569997221 ) ;
#2206 = EDGE_CURVE ( 'NONE', #890, #7455, #6807, .T. ) ;
#2207 = ORIENTED_EDGE ( 'NONE', *, *, #1528, .T. ) ;
#2208 = CARTESIAN_POINT ( 'NONE',  ( -39.07915389105566106, 0.0000000000000000000, 0.0000000000000000000 ) ) ;
#2209 = EDGE_CURVE ( 'NONE', #330, #3775, #3385, .T. ) ;
#2210 = CARTESIAN_POINT ( 'NONE',  ( -35.70649904588952950, 9.123618653647856101E-16, 7.450000000000062350 ) ) ;
#2211 = DIRECTION ( 'NONE',  ( 1.000000000000000000, -0.0000000000000000000, -0.0000000000000000000 ) ) ;
#2212 = FACE_OUTER_BOUND ( 'NONE', #3913, .T. ) ;
#2213 = CARTESIAN_POINT ( 'NONE',  ( -82.27121258794144865, 0.0000000000000000000, 0.0000000000000000000 ) ) ;
#2214 = DIRECTION ( 'NONE',  ( 0.0000000000000000000, 0.0000000000000000000, -1.000000000000000000 ) ) ;
#2215 = ADVANCED_FACE ( 'NONE', ( #6605 ), #8063, .T. ) ;
#2216 = VERTEX_POINT ( 'NONE', #4860 ) ;
#2217 = ORIENTED_EDGE ( 'NONE', *, *, #7124, .F. ) ;
#2218 = CYLINDRICAL_SURFACE ( 'NONE', #445, 6.500000000000006217 ) ;
#2219 = CYLINDRICAL_SURFACE ( 'NONE', #6269, 7.450000000000067679 ) ;
#2220 = AXIS2_PLACEMENT_3D ( 'NONE', #7339, #7638, #7492 ) ;
#2221 = DIRECTION ( 'NONE',  ( 1.000000000000000000, -0.0000000000000000000, -0.0000000000000000000 ) ) ;
#2222 = EDGE_LOOP ( 'NONE', ( #8381, #7414, #5558, #4434 ) ) ;
#2223 = CARTESIAN_POINT ( 'NONE',  ( -75.67741576777518731, 0.0000000000000000000, 0.0000000000000000000 ) ) ;
#2224 = CARTESIAN_POINT ( 'NONE',  ( -56.04709303889662664, 0.0000000000000000000, 0.0000000000000000000 ) ) ;
#2225 = ORIENTED_EDGE ( 'NONE', *, *, #3428, .F. ) ;
#2226 = ORIENTED_EDGE ( 'NONE', *, *, #124, .F. ) ;
#2227 = EDGE_LOOP ( 'NONE', ( #2363, #8104, #2007, #6375 ) ) ;
#2228 = DIRECTION ( 'NONE',  ( -0.5045276238147670123, 1.057354597448830093E-16, -0.8633955506069190822 ) ) ;
#2229 = CIRCLE ( 'NONE', #4796, 6.500000000000009770 ) ;
#2230 = ORIENTED_EDGE ( 'NONE', *, *, #5352, .F. ) ;
#2231 = VECTOR ( 'NONE', #6632, 1000.000000000000000 ) ;
#2232 = AXIS2_PLACEMENT_3D ( 'NONE', #2154, #6919, #1492 ) ;
#2233 = ORIENTED_EDGE ( 'NONE', *, *, #3154, .T. ) ;
#2234 = EDGE_LOOP ( 'NONE', ( #5522, #6705, #6600, #7088 ) ) ;
#2235 = DIRECTION ( 'NONE',  ( 0.0000000000000000000, 0.0000000000000000000, -1.000000000000000000 ) ) ;
#2236 = CARTESIAN_POINT ( 'NONE',  ( -19.34549591851357064, 8.241435234649700335E-16, 6.729642571546104790 ) ) ;
#2237 = DIRECTION ( 'NONE',  ( 0.0000000000000000000, 0.0000000000000000000, -1.000000000000000000 ) ) ;
#2238 = ORIENTED_EDGE ( 'NONE', *, *, #2724, .F. ) ;
#2239 = ORIENTED_EDGE ( 'NONE', *, *, #7817, .T. ) ;
#2240 = AXIS2_PLACEMENT_3D ( 'NONE', #8279, #8379, #8237 ) ;
#2241 = CIRCLE ( 'NONE', #5118, 7.450000000000157385 ) ;
#2242 = ORIENTED_EDGE ( 'NONE', *, *, #1927, .T. ) ;
#2243 = ORIENTED_EDGE ( 'NONE', *, *, #1860, .F. ) ;
#2244 = DIRECTION ( 'NONE',  ( 1.000000000000000000, -0.0000000000000000000, -0.0000000000000000000 ) ) ;
#2245 = EDGE_LOOP ( 'NONE', ( #3658, #2845, #3483, #6697 ) ) ;
#2246 = CARTESIAN_POINT ( 'NONE',  ( -80.25397262263031450, 0.0000000000000000000, 7.200000000003347722 ) ) ;
#2247 = DIRECTION ( 'NONE',  ( 0.0000000000000000000, 0.0000000000000000000, -1.000000000000000000 ) ) ;
#2248 = AXIS2_PLACEMENT_3D ( 'NONE', #3263, #1827, #1765 ) ;
#2249 = AXIS2_PLACEMENT_3D ( 'NONE', #6969, #7299, #6868 ) ;
#2250 = ORIENTED_EDGE ( 'NONE', *, *, #312, .T. ) ;
#2251 = LINE ( 'NONE', #2449, #4010 ) ;
#2252 = CARTESIAN_POINT ( 'NONE',  ( -89.72971450917985692, 0.0000000000000000000, 0.0000000000000000000 ) ) ;
#2253 = DIRECTION ( 'NONE',  ( 0.0000000000000000000, 0.0000000000000000000, -1.000000000000000000 ) ) ;
#2254 = CYLINDRICAL_SURFACE ( 'NONE', #7268, 6.500000000000008882 ) ;
#2255 = ORIENTED_EDGE ( 'NONE', *, *, #4537, .T. ) ;
#2256 = CARTESIAN_POINT ( 'NONE',  ( -26.35745560418843780, 0.0000000000000000000, -6.729642571546104790 ) ) ;
#2257 = ORIENTED_EDGE ( 'NONE', *, *, #5295, .F. ) ;
#2258 = EDGE_LOOP ( 'NONE', ( #5999, #7561 ) ) ;
#2259 = ORIENTED_EDGE ( 'NONE', *, *, #4460, .T. ) ;
#2260 = ORIENTED_EDGE ( 'NONE', *, *, #4588, .T. ) ;
#2261 = CYLINDRICAL_SURFACE ( 'NONE', #493, 7.450000000000027711 ) ;
#2262 = CARTESIAN_POINT ( 'NONE',  ( -95.73014864328338547, 0.0000000000000000000, 0.0000000000000000000 ) ) ;
#2263 = CARTESIAN_POINT ( 'NONE',  ( -95.86317859429071575, 0.0000000000000000000, -6.500000000000010658 ) ) ;
#2264 = DIRECTION ( 'NONE',  ( 0.0000000000000000000, 0.0000000000000000000, -1.000000000000000000 ) ) ;
#2265 = DIRECTION ( 'NONE',  ( 0.0000000000000000000, 0.0000000000000000000, -1.000000000000000000 ) ) ;
#2266 = EDGE_CURVE ( 'NONE', #2577, #998, #1389, .T. ) ;
#2267 = LINE ( 'NONE', #4794, #5552 ) ;
#2268 = DIRECTION ( 'NONE',  ( 1.000000000000000000, -0.0000000000000000000, -0.0000000000000000000 ) ) ;
#2269 = ADVANCED_FACE ( 'NONE', ( #4726 ), #6209, .T. ) ;
#2270 = CARTESIAN_POINT ( 'NONE',  ( -65.59121594121948817, 0.0000000000000000000, 0.0000000000000000000 ) ) ;
#2271 = EDGE_CURVE ( 'NONE', #5329, #1096, #7866, .T. ) ;
#2272 = CARTESIAN_POINT ( 'NONE',  ( -36.24932730362260003, 8.682526944148813224E-16, 6.729642571546160745 ) ) ;
#2273 = DIRECTION ( 'NONE',  ( 1.000000000000000000, -0.0000000000000000000, -0.0000000000000000000 ) ) ;
#2274 = DIRECTION ( 'NONE',  ( 1.000000000000000000, -0.0000000000000000000, -0.0000000000000000000 ) ) ;
#2275 = CONICAL_SURFACE ( 'NONE', #2623, 7.450000000000012612, 0.9250245035569996110 ) ;
#2276 = EDGE_CURVE ( 'NONE', #3804, #1955, #1611, .T. ) ;
#2277 = VECTOR ( 'NONE', #3474, 1000.000000000000000 ) ;
#2278 = VERTEX_POINT ( 'NONE', #671 ) ;
#2279 = CARTESIAN_POINT ( 'NONE',  ( -51.47053618404149944, 0.0000000000000000000, 0.0000000000000000000 ) ) ;
#2280 = CARTESIAN_POINT ( 'NONE',  ( -76.21949269200803201, 0.0000000000000000000, 0.0000000000000000000 ) ) ;
#2281 = DIRECTION ( 'NONE',  ( 0.0000000000000000000, 0.0000000000000000000, -1.000000000000000000 ) ) ;
#2282 = CIRCLE ( 'NONE', #999, 7.200000000003333511 ) ;
#2283 = ORIENTED_EDGE ( 'NONE', *, *, #7037, .F. ) ;
#2284 = AXIS2_PLACEMENT_3D ( 'NONE', #6631, #6722, #6687 ) ;
#2285 = DIRECTION ( 'NONE',  ( 0.0000000000000000000, 0.0000000000000000000, -1.000000000000000000 ) ) ;
#2286 = CARTESIAN_POINT ( 'NONE',  ( -56.55168214348044131, 0.0000000000000000000, -7.200000000003333511 ) ) ;
#2287 = EDGE_CURVE ( 'NONE', #5690, #351, #1183, .T. ) ;
#2288 = CARTESIAN_POINT ( 'NONE',  ( -22.15027979278351822, 0.0000000000000000000, 0.0000000000000000000 ) ) ;
#2289 = CIRCLE ( 'NONE', #8390, 7.200000000003347722 ) ;
#2290 = DIRECTION ( 'NONE',  ( 0.0000000000000000000, 0.0000000000000000000, -1.000000000000000000 ) ) ;
#2291 = AXIS2_PLACEMENT_3D ( 'NONE', #635, #7350, #2864 ) ;
#2292 = VERTEX_POINT ( 'NONE', #2157 ) ;
#2293 = DIRECTION ( 'NONE',  ( -0.6018150231520442706, 0.0000000000000000000, 0.7986355100472959379 ) ) ;
#2294 = AXIS2_PLACEMENT_3D ( 'NONE', #5407, #5384, #5369 ) ;
#2295 = LINE ( 'NONE', #4402, #2070 ) ;
#2296 = CARTESIAN_POINT ( 'NONE',  ( -8.962348569452977642, 0.0000000000000000000, 0.0000000000000000000 ) ) ;
#2297 = CARTESIAN_POINT ( 'NONE',  ( -36.24932730362260003, 0.0000000000000000000, 0.0000000000000000000 ) ) ;
#2298 = CARTESIAN_POINT ( 'NONE',  ( -100.6204391532550915, 0.0000000000000000000, -5.555973865822608992 ) ) ;
#2299 = DIRECTION ( 'NONE',  ( 1.000000000000000000, -0.0000000000000000000, -0.0000000000000000000 ) ) ;
#2300 = AXIS2_PLACEMENT_3D ( 'NONE', #2117, #2085, #2059 ) ;
#2301 = AXIS2_PLACEMENT_3D ( 'NONE', #462, #354, #301 ) ;
#2302 = VECTOR ( 'NONE', #387, 1000.000000000000000 ) ;
#2303 = CARTESIAN_POINT ( 'NONE',  ( -60.58616207410272381, 0.0000000000000000000, -7.200000000003333511 ) ) ;
#2304 = ORIENTED_EDGE ( 'NONE', *, *, #2206, .F. ) ;
#2305 = DIRECTION ( 'NONE',  ( 0.0000000000000000000, 0.0000000000000000000, -1.000000000000000000 ) ) ;
#2306 = CARTESIAN_POINT ( 'NONE',  ( -33.96232897392260242, 0.0000000000000000000, 0.0000000000000000000 ) ) ;
#2307 = DIRECTION ( 'NONE',  ( 1.000000000000000000, -0.0000000000000000000, -0.0000000000000000000 ) ) ;
#2308 = DIRECTION ( 'NONE',  ( 1.000000000000000000, -0.0000000000000000000, -0.0000000000000000000 ) ) ;
#2309 = ADVANCED_FACE ( 'NONE', ( #4504 ), #4304, .T. ) ;
#2310 = ORIENTED_EDGE ( 'NONE', *, *, #6553, .F. ) ;
#2311 = CYLINDRICAL_SURFACE ( 'NONE', #3911, 7.200000000003340617 ) ;
#2312 = CARTESIAN_POINT ( 'NONE',  ( -17.94310398137859863, 8.241435234649700335E-16, 6.729642571546104790 ) ) ;
#2313 = EDGE_CURVE ( 'NONE', #1858, #8245, #6016, .T. ) ;
#2314 = FACE_OUTER_BOUND ( 'NONE', #3569, .T. ) ;
#2315 = DIRECTION ( 'NONE',  ( -0.5045276238140166125, 0.0000000000000000000, 0.8633955506073575092 ) ) ;
#2316 = ORIENTED_EDGE ( 'NONE', *, *, #2928, .T. ) ;
#2317 = DIRECTION ( 'NONE',  ( 1.000000000000000000, -0.0000000000000000000, -0.0000000000000000000 ) ) ;
#2318 = EDGE_CURVE ( 'NONE', #5622, #740, #7672, .T. ) ;
#2319 = EDGE_LOOP ( 'NONE', ( #7839, #4887, #5167, #2539 ) ) ;
#2320 = CYLINDRICAL_SURFACE ( 'NONE', #946, 7.200000000003340617 ) ;
#2321 = LINE ( 'NONE', #896, #5600 ) ;
#2322 = CARTESIAN_POINT ( 'NONE',  ( -31.46175916473993439, 0.0000000000000000000, -7.450000000000033040 ) ) ;
#2323 = DIRECTION ( 'NONE',  ( 1.000000000000000000, -0.0000000000000000000, -0.0000000000000000000 ) ) ;
#2324 = EDGE_CURVE ( 'NONE', #2278, #4197, #6404, .T. ) ;
#2325 = VERTEX_POINT ( 'NONE', #4490 ) ;
#2326 = CARTESIAN_POINT ( 'NONE',  ( 0.0000000000000000000, 0.0000000000000000000, 0.0000000000000000000 ) ) ;
#2327 = CIRCLE ( 'NONE', #6597, 7.200000000003347722 ) ;
#2328 = LINE ( 'NONE', #1584, #5996 ) ;
#2329 = EDGE_CURVE ( 'NONE', #6312, #8256, #975, .T. ) ;
#2330 = CARTESIAN_POINT ( 'NONE',  ( -84.75885114994974856, 0.0000000000000000000, 0.0000000000000000000 ) ) ;
#2331 = ORIENTED_EDGE ( 'NONE', *, *, #4571, .F. ) ;
#2332 = ORIENTED_EDGE ( 'NONE', *, *, #6387, .F. ) ;
#2333 = EDGE_CURVE ( 'NONE', #2549, #7455, #4941, .T. ) ;
#2334 = DIRECTION ( 'NONE',  ( 1.000000000000000000, -0.0000000000000000000, -0.0000000000000000000 ) ) ;
#2335 = CYLINDRICAL_SURFACE ( 'NONE', #181, 7.450000000000002842 ) ;
#2336 = DIRECTION ( 'NONE',  ( 1.000000000000000000, -0.0000000000000000000, -0.0000000000000000000 ) ) ;
#2337 = CARTESIAN_POINT ( 'NONE',  ( -31.46175916473993439, 9.123618653647822574E-16, 7.450000000000033040 ) ) ;
#2338 = CONICAL_SURFACE ( 'NONE', #4445, 6.500000000000007105, 0.6248278722141541452 ) ;
#2339 = DIRECTION ( 'NONE',  ( 0.6018150231520443816, 0.0000000000000000000, -0.7986355100472957158 ) ) ;
#2340 = DIRECTION ( 'NONE',  ( 1.000000000000000000, -0.0000000000000000000, -0.0000000000000000000 ) ) ;
#2341 = ORIENTED_EDGE ( 'NONE', *, *, #3876, .F. ) ;
#2342 = DIRECTION ( 'NONE',  ( 0.0000000000000000000, 0.0000000000000000000, -1.000000000000000000 ) ) ;
#2343 = ORIENTED_EDGE ( 'NONE', *, *, #6617, .T. ) ;
#2344 = EDGE_LOOP ( 'NONE', ( #3699, #2590, #2257, #1745 ) ) ;
#2345 = EDGE_LOOP ( 'NONE', ( #8160, #4870, #1815, #763 ) ) ;
#2346 = DIRECTION ( 'NONE',  ( 0.9984407641819806889, 0.0000000000000000000, -0.05582150499316663322 ) ) ;
#2347 = CYLINDRICAL_SURFACE ( 'NONE', #3627, 7.450000000000002842 ) ;
#2348 = AXIS2_PLACEMENT_3D ( 'NONE', #7105, #7380, #7230 ) ;
#2349 = ORIENTED_EDGE ( 'NONE', *, *, #7289, .T. ) ;
#2350 = DIRECTION ( 'NONE',  ( 1.000000000000000000, -0.0000000000000000000, -0.0000000000000000000 ) ) ;
#2351 = CARTESIAN_POINT ( 'NONE',  ( -94.27208085614829258, 0.0000000000000000000, 0.0000000000000000000 ) ) ;
#2352 = EDGE_LOOP ( 'NONE', ( #7980, #5834, #7719, #282 ) ) ;
#2353 = DIRECTION ( 'NONE',  ( 0.0000000000000000000, 0.0000000000000000000, -1.000000000000000000 ) ) ;
#2354 = EDGE_LOOP ( 'NONE', ( #7212, #3261, #433, #3771 ) ) ;
#2355 = ORIENTED_EDGE ( 'NONE', *, *, #4755, .F. ) ;
#2356 = FACE_OUTER_BOUND ( 'NONE', #4448, .T. ) ;
#2357 = CIRCLE ( 'NONE', #1270, 6.500000000000005329 ) ;
#2358 = AXIS2_PLACEMENT_3D ( 'NONE', #6622, #6669, #6700 ) ;
#2359 = AXIS2_PLACEMENT_3D ( 'NONE', #4967, #4766, #4701 ) ;
#2360 = ADVANCED_FACE ( 'NONE', ( #7481 ), #2347, .T. ) ;
#2361 = DIRECTION ( 'NONE',  ( 0.0000000000000000000, 0.0000000000000000000, -1.000000000000000000 ) ) ;
#2362 = VERTEX_POINT ( 'NONE', #4245 ) ;
#2363 = ORIENTED_EDGE ( 'NONE', *, *, #2196, .F. ) ;
#2364 = EDGE_LOOP ( 'NONE', ( #507, #1273, #6089, #1434 ) ) ;
#2365 = CYLINDRICAL_SURFACE ( 'NONE', #7469, 14.30000000000000071 ) ;
#2366 = CONICAL_SURFACE ( 'NONE', #4902, 6.500000000000007105, 0.6248278722141517028 ) ;
#2367 = ORIENTED_EDGE ( 'NONE', *, *, #7648, .T. ) ;
#2368 = EDGE_CURVE ( 'NONE', #2003, #1522, #4094, .T. ) ;
#2369 = CARTESIAN_POINT ( 'NONE',  ( 0.0000000000000000000, 7.960204194457804352E-16, 6.500000000000006217 ) ) ;
#2370 = DIRECTION ( 'NONE',  ( 0.0000000000000000000, 0.0000000000000000000, 1.000000000000000000 ) ) ;
#2371 = PRESENTATION_STYLE_ASSIGNMENT (( #4677 ) ) ;
#2372 = DIRECTION ( 'NONE',  ( 0.0000000000000000000, 0.0000000000000000000, -1.000000000000000000 ) ) ;
#2373 = CARTESIAN_POINT ( 'NONE',  ( -74.20225272669689787, 0.0000000000000000000, 0.0000000000000000000 ) ) ;
#2374 = EDGE_CURVE ( 'NONE', #5798, #6009, #767, .T. ) ;
#2375 = CARTESIAN_POINT ( 'NONE',  ( -24.95506366705346579, 8.682526944148744198E-16, 6.729642571546104790 ) ) ;
#2376 = CYLINDRICAL_SURFACE ( 'NONE', #2461, 6.500000000000006217 ) ;
#2377 = CARTESIAN_POINT ( 'NONE',  ( -97.73029335465122358, 7.960204194457809282E-16, 6.500000000000010658 ) ) ;
#2378 = LINE ( 'NONE', #2613, #5457 ) ;
#2379 = FACE_OUTER_BOUND ( 'NONE', #1242, .T. ) ;
#2380 = ADVANCED_FACE ( 'NONE', ( #2553 ), #7091, .T. ) ;
#2381 = EDGE_CURVE ( 'NONE', #8257, #3479, #359, .T. ) ;
#2382 = CARTESIAN_POINT ( 'NONE',  ( -77.82768568409458965, 0.0000000000000000000, -6.500000000000005329 ) ) ;
#2383 = FACE_OUTER_BOUND ( 'NONE', #4853, .T. ) ;
#2384 = FACE_OUTER_BOUND ( 'NONE', #7954, .T. ) ;
#2385 = ORIENTED_EDGE ( 'NONE', *, *, #4195, .F. ) ;
#2386 = CARTESIAN_POINT ( 'NONE',  ( 0.0000000000000000000, 0.0000000000000000000, 0.0000000000000000000 ) ) ;
#2387 = EDGE_CURVE ( 'NONE', #5105, #6215, #5621, .T. ) ;
#2388 = EDGE_CURVE ( 'NONE', #3984, #4164, #2123, .T. ) ;
#2389 = FACE_OUTER_BOUND ( 'NONE', #3207, .T. ) ;
#2390 = ORIENTED_EDGE ( 'NONE', *, *, #6707, .F. ) ;
#2391 = ORIENTED_EDGE ( 'NONE', *, *, #2374, .F. ) ;
#2392 = CARTESIAN_POINT ( 'NONE',  ( -60.08157296951890913, 8.817456953865042407E-16, -7.200000000003347722 ) ) ;
#2393 = CARTESIAN_POINT ( 'NONE',  ( -63.57397597590834692, 0.0000000000000000000, -6.500000000000007105 ) ) ;
#2394 = DIRECTION ( 'NONE',  ( 0.8110638189892164229, 7.163665443099581461E-17, 0.5849576749873681702 ) ) ;
#2395 = DIRECTION ( 'NONE',  ( 1.000000000000000000, -0.0000000000000000000, -0.0000000000000000000 ) ) ;
#2396 = AXIS2_PLACEMENT_3D ( 'NONE', #2933, #2833, #2840 ) ;
#2397 = VECTOR ( 'NONE', #759, 1000.000000000000227 ) ;
#2398 = CARTESIAN_POINT ( 'NONE',  ( 0.0000000000000000000, 0.0000000000000000000, 0.0000000000000000000 ) ) ;
#2399 = ADVANCED_FACE ( 'NONE', ( #5427 ), #5232, .T. ) ;
#2400 = ORIENTED_EDGE ( 'NONE', *, *, #5396, .T. ) ;
#2401 = DIRECTION ( 'NONE',  ( 1.000000000000000000, -0.0000000000000000000, -0.0000000000000000000 ) ) ;
#2402 = CARTESIAN_POINT ( 'NONE',  ( -49.04840246982011820, 0.0000000000000000000, -7.373541446553168122 ) ) ;
#2403 = AXIS2_PLACEMENT_3D ( 'NONE', #2138, #2053, #1977 ) ;
#2404 = CONICAL_SURFACE ( 'NONE', #7612, 6.500000000000012434, 0.6248278722141601405 ) ;
#2405 = DIRECTION ( 'NONE',  ( 0.0000000000000000000, 0.0000000000000000000, -1.000000000000000000 ) ) ;
#2406 = ADVANCED_FACE ( 'NONE', ( #3679 ), #7285, .T. ) ;
#2407 = AXIS2_PLACEMENT_3D ( 'NONE', #4171, #4207, #4248 ) ;
#2408 = VERTEX_POINT ( 'NONE', #3817 ) ;
#2409 = DIRECTION ( 'NONE',  ( 1.000000000000000000, -0.0000000000000000000, -0.0000000000000000000 ) ) ;
#2410 = DIRECTION ( 'NONE',  ( 0.0000000000000000000, 0.0000000000000000000, -1.000000000000000000 ) ) ;
#2411 = AXIS2_PLACEMENT_3D ( 'NONE', #8259, #6420, #3411 ) ;
#2412 = AXIS2_PLACEMENT_3D ( 'NONE', #5095, #5269, #5275 ) ;
#2413 = CARTESIAN_POINT ( 'NONE',  ( 0.0000000000000000000, 0.0000000000000000000, -7.200000000003340617 ) ) ;
#2414 = CIRCLE ( 'NONE', #4970, 6.500000000000005329 ) ;
#2415 = CARTESIAN_POINT ( 'NONE',  ( -36.79215556135566345, 9.123618653647858073E-16, -7.450000000000062350 ) ) ;
#2416 = DIRECTION ( 'NONE',  ( 1.000000000000000000, -0.0000000000000000000, -0.0000000000000000000 ) ) ;
#2417 = VECTOR ( 'NONE', #1310, 1000.000000000000227 ) ;
#2418 = ORIENTED_EDGE ( 'NONE', *, *, #1370, .F. ) ;
#2419 = DIRECTION ( 'NONE',  ( 1.000000000000000000, -0.0000000000000000000, -0.0000000000000000000 ) ) ;
#2420 = EDGE_CURVE ( 'NONE', #780, #4944, #147, .T. ) ;
#2421 = CONICAL_SURFACE ( 'NONE', #8197, 6.500000000000007105, 0.6248278722141517028 ) ;
#2422 = CARTESIAN_POINT ( 'NONE',  ( -63.57397597590834692, 0.0000000000000000000, 0.0000000000000000000 ) ) ;
#2423 = DIRECTION ( 'NONE',  ( 0.0000000000000000000, 0.0000000000000000000, 1.000000000000000000 ) ) ;
#2424 = EDGE_LOOP ( 'NONE', ( #70, #3759, #5221, #3884 ) ) ;
#2425 = EDGE_CURVE ( 'NONE', #753, #5513, #1914, .T. ) ;
#2426 = ORIENTED_EDGE ( 'NONE', *, *, #1691, .T. ) ;
#2427 = DIRECTION ( 'NONE',  ( 1.000000000000000000, -0.0000000000000000000, -0.0000000000000000000 ) ) ;
#2428 = LINE ( 'NONE', #2108, #5695 ) ;
#2429 = VECTOR ( 'NONE', #4586, 1000.000000000000114 ) ;
#2430 = EDGE_LOOP ( 'NONE', ( #358, #3787, #4630, #154 ) ) ;
#2431 = CARTESIAN_POINT ( 'NONE',  ( -93.73000393191556157, 8.388830574161470218E-16, 6.500000000000012434 ) ) ;
#2432 = ADVANCED_FACE ( 'NONE', ( #1701 ), #1497, .T. ) ;
#2433 = DIRECTION ( 'NONE',  ( 1.000000000000000000, -0.0000000000000000000, -0.0000000000000000000 ) ) ;
#2434 = CARTESIAN_POINT ( 'NONE',  ( -93.86303388292293448, 0.0000000000000000000, 0.0000000000000000000 ) ) ;
#2435 = ORIENTED_EDGE ( 'NONE', *, *, #5876, .F. ) ;
#2436 = ORIENTED_EDGE ( 'NONE', *, *, #4361, .F. ) ;
#2437 = VERTEX_POINT ( 'NONE', #3191 ) ;
#2438 = VECTOR ( 'NONE', #5868, 1000.000000000000000 ) ;
#2439 = VERTEX_POINT ( 'NONE', #2513 ) ;
#2440 = DIRECTION ( 'NONE',  ( 1.000000000000000000, -0.0000000000000000000, -0.0000000000000000000 ) ) ;
#2441 = VECTOR ( 'NONE', #6438, 1000.000000000000000 ) ;
#2442 = AXIS2_PLACEMENT_3D ( 'NONE', #1597, #1658, #1542 ) ;
#2443 = ORIENTED_EDGE ( 'NONE', *, *, #2042, .F. ) ;
#2444 = EDGE_CURVE ( 'NONE', #6392, #890, #5030, .T. ) ;
#2445 = ADVANCED_FACE ( 'NONE', ( #6897 ), #8154, .T. ) ;
#2446 = EDGE_LOOP ( 'NONE', ( #4819, #7808, #4724, #4297 ) ) ;
#2447 = DIRECTION ( 'NONE',  ( 1.000000000000000000, -0.0000000000000000000, -0.0000000000000000000 ) ) ;
#2448 = ORIENTED_EDGE ( 'NONE', *, *, #6021, .F. ) ;
#2449 = CARTESIAN_POINT ( 'NONE',  ( 0.0000000000000000000, 9.123618653647828491E-16, 7.450000000000038369 ) ) ;
#2450 = LINE ( 'NONE', #7232, #5636 ) ;
#2451 = CARTESIAN_POINT ( 'NONE',  ( -71.64293583715290481, 0.0000000000000000000, 0.0000000000000000000 ) ) ;
#2452 = FACE_OUTER_BOUND ( 'NONE', #3067, .T. ) ;
#2453 = DIRECTION ( 'NONE',  ( 0.0000000000000000000, 0.0000000000000000000, -1.000000000000000000 ) ) ;
#2454 = PRESENTATION_LAYER_ASSIGNMENT (  '', '', ( #1103 ) ) ;
#2455 = ORIENTED_EDGE ( 'NONE', *, *, #4038, .T. ) ;
#2456 = CARTESIAN_POINT ( 'NONE',  ( 0.0000000000000000000, 7.960204194457804352E-16, 6.500000000000006217 ) ) ;
#2457 = DIRECTION ( 'NONE',  ( 1.000000000000000000, -0.0000000000000000000, -0.0000000000000000000 ) ) ;
#2458 = DIRECTION ( 'NONE',  ( 0.0000000000000000000, 0.0000000000000000000, -1.000000000000000000 ) ) ;
#2459 = ORIENTED_EDGE ( 'NONE', *, *, #3934, .F. ) ;
#2460 = VERTEX_POINT ( 'NONE', #1803 ) ;
#2461 = AXIS2_PLACEMENT_3D ( 'NONE', #2474, #2567, #2523 ) ;
#2462 = CIRCLE ( 'NONE', #8142, 7.450000000000002842 ) ;
#2463 = CARTESIAN_POINT ( 'NONE',  ( -92.75942999542097311, 0.0000000000000000000, 0.0000000000000000000 ) ) ;
#2464 = VECTOR ( 'NONE', #1182, 1000.000000000000000 ) ;
#2465 = ORIENTED_EDGE ( 'NONE', *, *, #1422, .F. ) ;
#2466 = ORIENTED_EDGE ( 'NONE', *, *, #4142, .T. ) ;
#2467 = AXIS2_PLACEMENT_3D ( 'NONE', #237, #8007, #7564 ) ;
#2468 = AXIS2_PLACEMENT_3D ( 'NONE', #3918, #5182, #3828 ) ;
#2469 = ORIENTED_EDGE ( 'NONE', *, *, #3213, .T. ) ;
#2470 = ORIENTED_EDGE ( 'NONE', *, *, #5939, .T. ) ;
#2471 = CYLINDRICAL_SURFACE ( 'NONE', #8032, 7.200000000003445422 ) ;
#2472 = CARTESIAN_POINT ( 'NONE',  ( -29.71758909277301086, 9.123618653647796936E-16, -7.450000000000012612 ) ) ;
#2473 = DIRECTION ( 'NONE',  ( 0.0000000000000000000, 0.0000000000000000000, -1.000000000000000000 ) ) ;
#2474 = CARTESIAN_POINT ( 'NONE',  ( 0.0000000000000000000, 0.0000000000000000000, 0.0000000000000000000 ) ) ;
#2475 = DIRECTION ( 'NONE',  ( 1.000000000000000000, -0.0000000000000000000, -0.0000000000000000000 ) ) ;
#2476 = FACE_OUTER_BOUND ( 'NONE', #441, .T. ) ;
#2477 = CARTESIAN_POINT ( 'NONE',  ( -84.75885114994974856, 8.817456953865060157E-16, 7.200000000003361933 ) ) ;
#2478 = CARTESIAN_POINT ( 'NONE',  ( 0.0000000000000000000, 7.960204194457804352E-16, 6.500000000000006217 ) ) ;
#2479 = DIRECTION ( 'NONE',  ( 0.9316912275855473435, 4.448544566850753713E-17, 0.3632512304729824115 ) ) ;
#2480 = EDGE_CURVE ( 'NONE', #7691, #4113, #8340, .T. ) ;
#2481 = LINE ( 'NONE', #4449, #5952 ) ;
#2482 = CARTESIAN_POINT ( 'NONE',  ( -79.71189569839746980, 0.0000000000000000000, -6.500000000000007105 ) ) ;
#2483 = CONICAL_SURFACE ( 'NONE', #4495, 6.500000000000007105, 0.6248278722141522579 ) ;
#2484 = DIRECTION ( 'NONE',  ( 1.000000000000000000, -0.0000000000000000000, -0.0000000000000000000 ) ) ;
#2485 = ORIENTED_EDGE ( 'NONE', *, *, #1356, .F. ) ;
#2486 = CARTESIAN_POINT ( 'NONE',  ( -31.13250238648954138, 9.123618653647810742E-16, -7.450000000000023270 ) ) ;
#2487 = ADVANCED_FACE ( 'NONE', ( #3898 ), #3070, .T. ) ;
#2488 = EDGE_CURVE ( 'NONE', #660, #8283, #3284, .T. ) ;
#2489 = DIRECTION ( 'NONE',  ( 0.0000000000000000000, 0.0000000000000000000, -1.000000000000000000 ) ) ;
#2490 = VECTOR ( 'NONE', #8339, 1000.000000000000000 ) ;
#2491 = CARTESIAN_POINT ( 'NONE',  ( -69.62569587184177067, 7.960204194457805338E-16, 6.500000000000007105 ) ) ;
#2492 = ORIENTED_EDGE ( 'NONE', *, *, #1762, .T. ) ;
#2493 = CARTESIAN_POINT ( 'NONE',  ( -69.62569587184177067, 8.388830574161415984E-16, 6.500000000000007105 ) ) ;
#2494 = EDGE_CURVE ( 'NONE', #3233, #7677, #6702, .T. ) ;
#2495 = ADVANCED_FACE ( 'NONE', ( #1276 ), #6110, .T. ) ;
#2496 = CONICAL_SURFACE ( 'NONE', #3719, 7.200000000003389466, 1.041961563440927385 ) ;
#2497 = DIRECTION ( 'NONE',  ( 0.0000000000000000000, 0.0000000000000000000, -1.000000000000000000 ) ) ;
#2498 = EDGE_CURVE ( 'NONE', #2664, #5105, #6298, .T. ) ;
#2499 = VERTEX_POINT ( 'NONE', #1627 ) ;
#2500 = ORIENTED_EDGE ( 'NONE', *, *, #6721, .F. ) ;
#2501 = DIRECTION ( 'NONE',  ( 0.0000000000000000000, 0.0000000000000000000, -1.000000000000000000 ) ) ;
#2502 = CARTESIAN_POINT ( 'NONE',  ( -97.73029335465122358, 0.0000000000000000000, -6.500000000000010658 ) ) ;
#2503 = DIRECTION ( 'NONE',  ( 1.000000000000000000, -0.0000000000000000000, -0.0000000000000000000 ) ) ;
#2504 = EDGE_CURVE ( 'NONE', #5708, #7128, #7765, .T. ) ;
#2505 = CIRCLE ( 'NONE', #5368, 6.500000000000008882 ) ;
#2506 = DIRECTION ( 'NONE',  ( 0.0000000000000000000, 0.0000000000000000000, -1.000000000000000000 ) ) ;
#2507 = DIRECTION ( 'NONE',  ( 1.000000000000000000, -0.0000000000000000000, -0.0000000000000000000 ) ) ;
#2508 = DIRECTION ( 'NONE',  ( 0.6018150231520442706, 9.780464210648347626E-17, 0.7986355100472959379 ) ) ;
#2509 = CARTESIAN_POINT ( 'NONE',  ( -14.59549184937558941, 0.0000000000000000000, 0.0000000000000000000 ) ) ;
#2510 = AXIS2_PLACEMENT_3D ( 'NONE', #1990, #2503, #1942 ) ;
#2511 = LINE ( 'NONE', #809, #2302 ) ;
#2512 = ORIENTED_EDGE ( 'NONE', *, *, #8312, .F. ) ;
#2513 = CARTESIAN_POINT ( 'NONE',  ( -95.73014864328338547, 8.388830574161476135E-16, 6.500000000000007105 ) ) ;
#2514 = DIRECTION ( 'NONE',  ( 0.0000000000000000000, 0.0000000000000000000, -1.000000000000000000 ) ) ;
#2515 = AXIS2_PLACEMENT_3D ( 'NONE', #536, #1873, #2102 ) ;
#2516 = CARTESIAN_POINT ( 'NONE',  ( -19.88832417624663407, 0.0000000000000000000, 0.0000000000000000000 ) ) ;
#2517 = CYLINDRICAL_SURFACE ( 'NONE', #3033, 7.450000000000002842 ) ;
#2518 = CIRCLE ( 'NONE', #7841, 7.099999999999999645 ) ;
#2519 = ADVANCED_FACE ( 'NONE', ( #4610 ), #861, .T. ) ;
#2520 = DIRECTION ( 'NONE',  ( 0.0000000000000000000, 0.0000000000000000000, -1.000000000000000000 ) ) ;
#2521 = VERTEX_POINT ( 'NONE', #808 ) ;
#2522 = CARTESIAN_POINT ( 'NONE',  ( -26.90028386192150123, 0.0000000000000000000, 0.0000000000000000000 ) ) ;
#2523 = DIRECTION ( 'NONE',  ( 0.0000000000000000000, 0.0000000000000000000, -1.000000000000000000 ) ) ;
#2524 = DIRECTION ( 'NONE',  ( 1.000000000000000000, -0.0000000000000000000, -0.0000000000000000000 ) ) ;
#2525 = FACE_OUTER_BOUND ( 'NONE', #6057, .T. ) ;
#2526 =( GEOMETRIC_REPRESENTATION_CONTEXT ( 3 ) GLOBAL_UNCERTAINTY_ASSIGNED_CONTEXT ( ( #1755 ) ) GLOBAL_UNIT_ASSIGNED_CONTEXT ( ( #3675, #3636, #4005 ) ) REPRESENTATION_CONTEXT ( 'NONE', 'WORKASPACE' ) );
#2527 = CARTESIAN_POINT ( 'NONE',  ( -22.15027979278351822, 8.241435234649700335E-16, 6.729642571546104790 ) ) ;
#2528 = FACE_OUTER_BOUND ( 'NONE', #692, .T. ) ;
#2529 = ORIENTED_EDGE ( 'NONE', *, *, #1654, .F. ) ;
#2530 = CARTESIAN_POINT ( 'NONE',  ( 0.0000000000000000000, 0.0000000000000000000, 0.0000000000000000000 ) ) ;
#2531 = ADVANCED_FACE ( 'NONE', ( #4392 ), #5909, .T. ) ;
#2532 = CARTESIAN_POINT ( 'NONE',  ( 0.0000000000000000000, 0.0000000000000000000, 0.0000000000000000000 ) ) ;
#2533 = CIRCLE ( 'NONE', #4452, 7.200000000003445422 ) ;
#2534 = EDGE_CURVE ( 'NONE', #1475, #404, #4824, .T. ) ;
#2535 = CARTESIAN_POINT ( 'NONE',  ( -93.73000393191556157, 7.960204194457811254E-16, 6.500000000000012434 ) ) ;
#2536 = VECTOR ( 'NONE', #2228, 1000.000000000000000 ) ;
#2537 = ORIENTED_EDGE ( 'NONE', *, *, #7958, .F. ) ;
#2538 = EDGE_CURVE ( 'NONE', #780, #7385, #2861, .T. ) ;
#2539 = ORIENTED_EDGE ( 'NONE', *, *, #5466, .F. ) ;
#2540 = CARTESIAN_POINT ( 'NONE',  ( -63.57397597590834692, 0.0000000000000000000, -6.500000000000007105 ) ) ;
#2541 = VECTOR ( 'NONE', #517, 1000.000000000000227 ) ;
#2542 = DIRECTION ( 'NONE',  ( 0.0000000000000000000, 0.0000000000000000000, 1.000000000000000000 ) ) ;
#2543 = VECTOR ( 'NONE', #3763, 1000.000000000000000 ) ;
#2544 = DIRECTION ( 'NONE',  ( -1.000000000000000000, 0.0000000000000000000, 0.0000000000000000000 ) ) ;
#2545 = ORIENTED_EDGE ( 'NONE', *, *, #2824, .F. ) ;
#2546 = ORIENTED_EDGE ( 'NONE', *, *, #981, .F. ) ;
#2547 = EDGE_CURVE ( 'NONE', #1522, #1727, #4189, .T. ) ;
#2548 = EDGE_LOOP ( 'NONE', ( #3530, #885, #5212, #846 ) ) ;
#2549 = VERTEX_POINT ( 'NONE', #1630 ) ;
#2550 = ORIENTED_EDGE ( 'NONE', *, *, #4806, .F. ) ;
#2551 = ORIENTED_EDGE ( 'NONE', *, *, #4757, .T. ) ;
#2552 = EDGE_CURVE ( 'NONE', #6546, #935, #7565, .T. ) ;
#2553 = FACE_OUTER_BOUND ( 'NONE', #451, .T. ) ;
#2554 = DIRECTION ( 'NONE',  ( 1.000000000000000000, -0.0000000000000000000, -0.0000000000000000000 ) ) ;
#2555 = DIRECTION ( 'NONE',  ( 1.000000000000000000, -0.0000000000000000000, -0.0000000000000000000 ) ) ;
#2556 = EDGE_LOOP ( 'NONE', ( #3185, #6579, #3536, #1316 ) ) ;
#2557 = CARTESIAN_POINT ( 'NONE',  ( -49.75000000000000000, 0.0000000000000000000, 0.0000000000000000000 ) ) ;
#2558 = ORIENTED_EDGE ( 'NONE', *, *, #7078, .T. ) ;
#2559 = ORIENTED_EDGE ( 'NONE', *, *, #2083, .T. ) ;
#2560 = LINE ( 'NONE', #396, #7491 ) ;
#2561 = CYLINDRICAL_SURFACE ( 'NONE', #7530, 7.200000000003340617 ) ;
#2562 = AXIS2_PLACEMENT_3D ( 'NONE', #3647, #3607, #3512 ) ;
#2563 = EDGE_LOOP ( 'NONE', ( #5998, #5175, #5338, #8240 ) ) ;
#2564 = CARTESIAN_POINT ( 'NONE',  ( 0.0000000000000000000, 0.0000000000000000000, 0.0000000000000000000 ) ) ;
#2565 = DIRECTION ( 'NONE',  ( 1.000000000000000000, -0.0000000000000000000, -0.0000000000000000000 ) ) ;
#2566 = DIRECTION ( 'NONE',  ( -0.5045276238141186420, 0.0000000000000000000, 0.8633955506072978903 ) ) ;
#2567 = DIRECTION ( 'NONE',  ( 1.000000000000000000, -0.0000000000000000000, -0.0000000000000000000 ) ) ;
#2568 = VERTEX_POINT ( 'NONE', #4884 ) ;
#2569 = CONICAL_SURFACE ( 'NONE', #4489, 7.450000000000023270, 0.9250245035569996110 ) ;
#2570 = DIRECTION ( 'NONE',  ( 1.000000000000000000, -0.0000000000000000000, -0.0000000000000000000 ) ) ;
#2571 = UNCERTAINTY_MEASURE_WITH_UNIT (LENGTH_MEASURE( 1.000000000000000082E-05 ), #4595, 'distance_accuracy_value', 'NONE');
#2572 = ADVANCED_FACE ( 'NONE', ( #664 ), #3777, .T. ) ;
#2573 = AXIS2_PLACEMENT_3D ( 'NONE', #4337, #4327, #4324 ) ;
#2574 = EDGE_LOOP ( 'NONE', ( #7196, #2603, #2877, #5443 ) ) ;
#2575 = ORIENTED_EDGE ( 'NONE', *, *, #8219, .T. ) ;
#2576 = DIRECTION ( 'NONE',  ( 1.000000000000000000, -0.0000000000000000000, -0.0000000000000000000 ) ) ;
#2577 = VERTEX_POINT ( 'NONE', #5161 ) ;
#2578 = DIRECTION ( 'NONE',  ( 0.8110638189892164229, 0.0000000000000000000, -0.5849576749873681702 ) ) ;
#2579 = AXIS2_PLACEMENT_3D ( 'NONE', #925, #984, #1001 ) ;
#2580 = DIRECTION ( 'NONE',  ( 0.0000000000000000000, 0.0000000000000000000, -1.000000000000000000 ) ) ;
#2581 = DIRECTION ( 'NONE',  ( 1.000000000000000000, -0.0000000000000000000, -0.0000000000000000000 ) ) ;
#2582 = ADVANCED_FACE ( 'NONE', ( #443 ), #246, .T. ) ;
#2583 = CIRCLE ( 'NONE', #1993, 7.200000000003361933 ) ;
#2584 = FACE_OUTER_BOUND ( 'NONE', #4592, .T. ) ;
#2585 = AXIS2_PLACEMENT_3D ( 'NONE', #2270, #2419, #2520 ) ;
#2586 = AXIS2_PLACEMENT_3D ( 'NONE', #5126, #5209, #5089 ) ;
#2587 = LINE ( 'NONE', #622, #7513 ) ;
#2588 = CARTESIAN_POINT ( 'NONE',  ( -20.20505959791548278, 0.0000000000000000000, 0.0000000000000000000 ) ) ;
#2589 = EDGE_LOOP ( 'NONE', ( #4134, #4243, #2996, #8262 ) ) ;
#2590 = ORIENTED_EDGE ( 'NONE', *, *, #2930, .T. ) ;
#2591 = CONICAL_SURFACE ( 'NONE', #2794, 7.200000000003347722, 1.041961563441613503 ) ;
#2592 = CARTESIAN_POINT ( 'NONE',  ( -65.59121594121948817, 0.0000000000000000000, 0.0000000000000000000 ) ) ;
#2593 = CIRCLE ( 'NONE', #7625, 6.500000000000005329 ) ;
#2594 = VERTEX_POINT ( 'NONE', #2915 ) ;
#2595 = CARTESIAN_POINT ( 'NONE',  ( -47.09540270340816193, 0.0000000000000000000, -6.981950249745504600 ) ) ;
#2596 = EDGE_CURVE ( 'NONE', #1897, #4555, #3988, .T. ) ;
#2597 = DIRECTION ( 'NONE',  ( 1.000000000000000000, -0.0000000000000000000, -0.0000000000000000000 ) ) ;
#2598 = CARTESIAN_POINT ( 'NONE',  ( -64.11605290014118452, 0.0000000000000000000, 7.200000000003347722 ) ) ;
#2599 = DIRECTION ( 'NONE',  ( 1.000000000000000000, -0.0000000000000000000, -0.0000000000000000000 ) ) ;
#2600 = CARTESIAN_POINT ( 'NONE',  ( -49.75000000000000000, 0.0000000000000000000, 0.0000000000000000000 ) ) ;
#2601 = FACE_OUTER_BOUND ( 'NONE', #1443, .T. ) ;
#2602 = DIRECTION ( 'NONE',  ( 1.000000000000000000, -0.0000000000000000000, -0.0000000000000000000 ) ) ;
#2603 = ORIENTED_EDGE ( 'NONE', *, *, #6393, .F. ) ;
#2604 = ORIENTED_EDGE ( 'NONE', *, *, #2827, .T. ) ;
#2605 = EDGE_CURVE ( 'NONE', #998, #5987, #2006, .T. ) ;
#2606 = ORIENTED_EDGE ( 'NONE', *, *, #1909, .F. ) ;
#2607 = CIRCLE ( 'NONE', #7722, 6.729642571546104790 ) ;
#2608 = AXIS2_PLACEMENT_3D ( 'NONE', #2386, #7615, #6482 ) ;
#2609 = ORIENTED_EDGE ( 'NONE', *, *, #534, .T. ) ;
#2610 = ADVANCED_FACE ( 'NONE', ( #7378 ), #6797, .T. ) ;
#2611 = EDGE_CURVE ( 'NONE', #2362, #3405, #34, .T. ) ;
#2612 = FACE_OUTER_BOUND ( 'NONE', #5723, .T. ) ;
#2613 = CARTESIAN_POINT ( 'NONE',  ( 0.0000000000000000000, 0.0000000000000000000, -7.200000000003340617 ) ) ;
#2614 = DIRECTION ( 'NONE',  ( 0.0000000000000000000, 0.0000000000000000000, -1.000000000000000000 ) ) ;
#2615 = EDGE_CURVE ( 'NONE', #1311, #8283, #5323, .T. ) ;
#2616 = DIRECTION ( 'NONE',  ( 0.0000000000000000000, 0.0000000000000000000, -1.000000000000000000 ) ) ;
#2617 = CARTESIAN_POINT ( 'NONE',  ( -85.72942508644425175, 0.0000000000000000000, 0.0000000000000000000 ) ) ;
#2618 = CARTESIAN_POINT ( 'NONE',  ( -93.73000393191556157, 0.0000000000000000000, 0.0000000000000000000 ) ) ;
#2619 = CARTESIAN_POINT ( 'NONE',  ( -55.50501611466378193, 8.388830574159595687E-16, 6.500000000000007105 ) ) ;
#2620 = ADVANCED_FACE ( 'NONE', ( #6991 ), #8236, .T. ) ;
#2621 = DIRECTION ( 'NONE',  ( 0.0000000000000000000, 0.0000000000000000000, -1.000000000000000000 ) ) ;
#2622 = DIRECTION ( 'NONE',  ( 0.0000000000000000000, 0.0000000000000000000, -1.000000000000000000 ) ) ;
#2623 = AXIS2_PLACEMENT_3D ( 'NONE', #4548, #4524, #4665 ) ;
#2624 = CARTESIAN_POINT ( 'NONE',  ( -24.09549998765155365, 0.0000000000000000000, 0.0000000000000000000 ) ) ;
#2625 = DIRECTION ( 'NONE',  ( 0.0000000000000000000, 0.0000000000000000000, -1.000000000000000000 ) ) ;
#2626 = EDGE_LOOP ( 'NONE', ( #4106, #2341, #163, #3246 ) ) ;
#2627 = LINE ( 'NONE', #59, #4369 ) ;
#2628 = LINE ( 'NONE', #494, #2417 ) ;
#2629 = DIRECTION ( 'NONE',  ( 1.000000000000000000, -0.0000000000000000000, -0.0000000000000000000 ) ) ;
#2630 = DIRECTION ( 'NONE',  ( 0.0000000000000000000, 0.0000000000000000000, -1.000000000000000000 ) ) ;
#2631 = AXIS2_PLACEMENT_3D ( 'NONE', #1774, #2190, #2214 ) ;
#2632 = AXIS2_PLACEMENT_3D ( 'NONE', #5484, #4576, #6618 ) ;
#2633 = ORIENTED_EDGE ( 'NONE', *, *, #3108, .F. ) ;
#2634 = FACE_OUTER_BOUND ( 'NONE', #6694, .T. ) ;
#2635 = VECTOR ( 'NONE', #4184, 1000.000000000000000 ) ;
#2636 = DIRECTION ( 'NONE',  ( 0.0000000000000000000, 0.0000000000000000000, -1.000000000000000000 ) ) ;
#2637 = DIRECTION ( 'NONE',  ( 0.0000000000000000000, 0.0000000000000000000, 1.000000000000000000 ) ) ;
#2638 = EDGE_LOOP ( 'NONE', ( #3272, #1383, #3678, #256 ) ) ;
#2639 = DIRECTION ( 'NONE',  ( 0.8110638189892164229, 7.163665443099581461E-17, 0.5849576749873681702 ) ) ;
#2640 = VERTEX_POINT ( 'NONE', #5869 ) ;
#2641 = DIRECTION ( 'NONE',  ( 1.000000000000000000, -0.0000000000000000000, -0.0000000000000000000 ) ) ;
#2642 = DIRECTION ( 'NONE',  ( 0.6018150231520443816, 0.0000000000000000000, -0.7986355100472957158 ) ) ;
#2643 = LINE ( 'NONE', #4196, #852 ) ;
#2644 = EDGE_CURVE ( 'NONE', #8348, #1544, #2229, .T. ) ;
#2645 = DIRECTION ( 'NONE',  ( 1.000000000000000000, -0.0000000000000000000, -0.0000000000000000000 ) ) ;
#2646 = CONICAL_SURFACE ( 'NONE', #2801, 6.729642571546141205, 0.9250245035569996110 ) ;
#2647 = EDGE_LOOP ( 'NONE', ( #1500, #867, #29, #139 ) ) ;
#2648 = CARTESIAN_POINT ( 'NONE',  ( -18.48593223911166206, 0.0000000000000000000, 0.0000000000000000000 ) ) ;
#2649 = ORIENTED_EDGE ( 'NONE', *, *, #7865, .F. ) ;
#2650 = DIRECTION ( 'NONE',  ( 1.000000000000000000, -0.0000000000000000000, -0.0000000000000000000 ) ) ;
#2651 = EDGE_CURVE ( 'NONE', #3059, #4745, #1603, .T. ) ;
#2652 = ORIENTED_EDGE ( 'NONE', *, *, #2942, .F. ) ;
#2653 = EDGE_LOOP ( 'NONE', ( #2558, #2769, #1189, #3194 ) ) ;
#2654 = DIRECTION ( 'NONE',  ( 0.0000000000000000000, 0.0000000000000000000, -1.000000000000000000 ) ) ;
#2655 = DIRECTION ( 'NONE',  ( -1.000000000000000000, 0.0000000000000000000, 0.0000000000000000000 ) ) ;
#2656 = DIRECTION ( 'NONE',  ( 0.0000000000000000000, 0.0000000000000000000, -1.000000000000000000 ) ) ;
#2657 = VECTOR ( 'NONE', #4856, 1000.000000000000114 ) ;
#2658 = ADVANCED_FACE ( 'NONE', ( #3571 ), #3173, .T. ) ;
#2659 = CIRCLE ( 'NONE', #6320, 7.200000000000361666 ) ;
#2660 = ORIENTED_EDGE ( 'NONE', *, *, #5087, .T. ) ;
#2661 = ORIENTED_EDGE ( 'NONE', *, *, #2766, .F. ) ;
#2662 = EDGE_CURVE ( 'NONE', #6459, #7711, #6595, .T. ) ;
#2663 = ORIENTED_EDGE ( 'NONE', *, *, #8012, .T. ) ;
#2664 = VERTEX_POINT ( 'NONE', #6611 ) ;
#2665 = LINE ( 'NONE', #469, #4200 ) ;
#2666 = CARTESIAN_POINT ( 'NONE',  ( -92.27193614478049710, 0.0000000000000000000, 7.200000000003417888 ) ) ;
#2667 = CARTESIAN_POINT ( 'NONE',  ( 0.0000000000000000000, 0.0000000000000000000, -6.500000000000010658 ) ) ;
#2668 = FACE_OUTER_BOUND ( 'NONE', #2258, .T. ) ;
#2669 = ORIENTED_EDGE ( 'NONE', *, *, #7909, .T. ) ;
#2670 = EDGE_CURVE ( 'NONE', #3652, #7030, #8055, .T. ) ;
#2671 = ORIENTED_EDGE ( 'NONE', *, *, #3541, .T. ) ;
#2672 = ORIENTED_EDGE ( 'NONE', *, *, #2882, .T. ) ;
#2673 = CARTESIAN_POINT ( 'NONE',  ( -80.25397262263031450, 0.0000000000000000000, 0.0000000000000000000 ) ) ;
#2674 = ADVANCED_FACE ( 'NONE', ( #4715 ), #1171, .T. ) ;
#2675 = EDGE_CURVE ( 'NONE', #1231, #8332, #1804, .T. ) ;
#2676 = ORIENTED_EDGE ( 'NONE', *, *, #3102, .F. ) ;
#2677 = FACE_OUTER_BOUND ( 'NONE', #7015, .T. ) ;
#2678 = CIRCLE ( 'NONE', #5173, 7.200000000003347722 ) ;
#2679 = DIRECTION ( 'NONE',  ( -0.5045276238141440661, 1.057354597449275923E-16, -0.8633955506072831243 ) ) ;
#2680 = DIRECTION ( 'NONE',  ( 0.0000000000000000000, 0.0000000000000000000, -1.000000000000000000 ) ) ;
#2681 = ORIENTED_EDGE ( 'NONE', *, *, #1853, .F. ) ;
#2682 = ORIENTED_EDGE ( 'NONE', *, *, #5504, .F. ) ;
#2683 = DIRECTION ( 'NONE',  ( 1.000000000000000000, -0.0000000000000000000, -0.0000000000000000000 ) ) ;
#2684 = ORIENTED_EDGE ( 'NONE', *, *, #4711, .F. ) ;
#2685 = AXIS2_PLACEMENT_3D ( 'NONE', #6735, #6782, #6711 ) ;
#2686 = CIRCLE ( 'NONE', #4225, 6.729642571546104790 ) ;
#2687 = ORIENTED_EDGE ( 'NONE', *, *, #8207, .F. ) ;
#2688 = CARTESIAN_POINT ( 'NONE',  ( 0.0000000000000000000, 0.0000000000000000000, 0.0000000000000000000 ) ) ;
#2689 = DIRECTION ( 'NONE',  ( -1.000000000000000000, 0.0000000000000000000, 0.0000000000000000000 ) ) ;
#2690 = CIRCLE ( 'NONE', #2407, 7.450000000000043698 ) ;
#2691 = LINE ( 'NONE', #6058, #7505 ) ;
#2692 = AXIS2_PLACEMENT_3D ( 'NONE', #2159, #7159, #8307 ) ;
#2693 = AXIS2_PLACEMENT_3D ( 'NONE', #1527, #1546, #4583 ) ;
#2694 = VECTOR ( 'NONE', #4734, 1000.000000000000000 ) ;
#2695 = CARTESIAN_POINT ( 'NONE',  ( -88.27164672204487772, 0.0000000000000000000, 7.200000000003389466 ) ) ;
#2696 = VECTOR ( 'NONE', #2037, 1000.000000000000000 ) ;
#2697 = VERTEX_POINT ( 'NONE', #7019 ) ;
#2698 = DIRECTION ( 'NONE',  ( 1.000000000000000000, -0.0000000000000000000, -0.0000000000000000000 ) ) ;
#2699 = EDGE_LOOP ( 'NONE', ( #7694, #2367, #7590, #7869 ) ) ;
#2700 = AXIS2_PLACEMENT_3D ( 'NONE', #938, #3722, #4125 ) ;
#2701 = AXIS2_PLACEMENT_3D ( 'NONE', #8395, #7675, #8050 ) ;
#2702 = VECTOR ( 'NONE', #602, 1000.000000000000000 ) ;
#2703 = ADVANCED_FACE ( 'NONE', ( #2963 ), #2753, .T. ) ;
#2704 = ORIENTED_EDGE ( 'NONE', *, *, #5305, .T. ) ;
#2705 = DIRECTION ( 'NONE',  ( 1.000000000000000000, -0.0000000000000000000, -0.0000000000000000000 ) ) ;
#2706 = CARTESIAN_POINT ( 'NONE',  ( -57.65528603098304927, 0.0000000000000000000, -6.500000000000005329 ) ) ;
#2707 = CARTESIAN_POINT ( 'NONE',  ( 0.0000000000000000000, 7.960204194457804352E-16, 6.500000000000006217 ) ) ;
#2708 = DIRECTION ( 'NONE',  ( 1.000000000000000000, -0.0000000000000000000, -0.0000000000000000000 ) ) ;
#2709 = CYLINDRICAL_SURFACE ( 'NONE', #5475, 7.450000000000120082 ) ;
#2710 = ORIENTED_EDGE ( 'NONE', *, *, #1704, .F. ) ;
#2711 = ORIENTED_EDGE ( 'NONE', *, *, #8382, .F. ) ;
#2712 = ADVANCED_FACE ( 'NONE', ( #1380 ), #7659, .T. ) ;
#2713 = EDGE_CURVE ( 'NONE', #6871, #120, #4494, .T. ) ;
#2714 = CARTESIAN_POINT ( 'NONE',  ( -78.23673265731918036, 0.0000000000000000000, 7.200000000003347722 ) ) ;
#2715 = CONICAL_SURFACE ( 'NONE', #4953, 6.500000000000010658, 0.6248278722141774599 ) ;
#2716 = EDGE_CURVE ( 'NONE', #3804, #4417, #6200, .T. ) ;
#2717 = EDGE_CURVE ( 'NONE', #572, #7404, #966, .T. ) ;
#2718 = DIRECTION ( 'NONE',  ( 0.0000000000000000000, 0.0000000000000000000, -1.000000000000000000 ) ) ;
#2719 = DIRECTION ( 'NONE',  ( 0.0000000000000000000, 0.0000000000000000000, 1.000000000000000000 ) ) ;
#2720 = CIRCLE ( 'NONE', #1095, 7.200000000003333511 ) ;
#2721 = AXIS2_PLACEMENT_3D ( 'NONE', #5926, #5867, #5914 ) ;
#2722 = CARTESIAN_POINT ( 'NONE',  ( -15.68114836484171448, 0.0000000000000000000, 0.0000000000000000000 ) ) ;
#2723 = CARTESIAN_POINT ( 'NONE',  ( 0.0000000000000000000, 0.0000000000000000000, 0.0000000000000000000 ) ) ;
#2724 = EDGE_CURVE ( 'NONE', #1512, #3579, #6003, .T. ) ;
#2725 = FACE_OUTER_BOUND ( 'NONE', #4939, .T. ) ;
#2726 = CIRCLE ( 'NONE', #6596, 7.200000000003389466 ) ;
#2727 = AXIS2_PLACEMENT_3D ( 'NONE', #7082, #7347, #2781 ) ;
#2728 = ORIENTED_EDGE ( 'NONE', *, *, #6674, .T. ) ;
#2729 = CARTESIAN_POINT ( 'NONE',  ( -56.55168214348044131, 0.0000000000000000000, 0.0000000000000000000 ) ) ;
#2730 = DIRECTION ( 'NONE',  ( -0.5045276238147492487, 0.0000000000000000000, 0.8633955506069292962 ) ) ;
#2731 = DIRECTION ( 'NONE',  ( 0.0000000000000000000, 0.0000000000000000000, -1.000000000000000000 ) ) ;
#2732 = CARTESIAN_POINT ( 'NONE',  ( 0.0000000000000000000, 0.0000000000000000000, 0.0000000000000000000 ) ) ;
#2733 = CARTESIAN_POINT ( 'NONE',  ( -73.66017580246405316, 0.0000000000000000000, 0.0000000000000000000 ) ) ;
#2734 = VERTEX_POINT ( 'NONE', #8286 ) ;
#2735 = LINE ( 'NONE', #5486, #7265 ) ;
#2736 = AXIS2_PLACEMENT_3D ( 'NONE', #5304, #5266, #5239 ) ;
#2737 = CONICAL_SURFACE ( 'NONE', #8155, 6.500000000000010658, 0.6248278722141572539 ) ;
#2738 = ADVANCED_FACE ( 'NONE', ( #7472 ), #2335, .T. ) ;
#2739 = ORIENTED_EDGE ( 'NONE', *, *, #6255, .T. ) ;
#2740 = ORIENTED_EDGE ( 'NONE', *, *, #5767, .T. ) ;
#2741 = DIRECTION ( 'NONE',  ( 0.0000000000000000000, 0.0000000000000000000, -1.000000000000000000 ) ) ;
#2742 = LINE ( 'NONE', #667, #7464 ) ;
#2743 = DIRECTION ( 'NONE',  ( 0.0000000000000000000, 0.0000000000000000000, -1.000000000000000000 ) ) ;
#2744 = CARTESIAN_POINT ( 'NONE',  ( 0.0000000000000000000, 0.0000000000000000000, 0.0000000000000000000 ) ) ;
#2745 = CONICAL_SURFACE ( 'NONE', #399, 7.200000000003347722, 1.041961563441672567 ) ;
#2746 = AXIS2_PLACEMENT_3D ( 'NONE', #3131, #3104, #3156 ) ;
#2747 = AXIS2_PLACEMENT_3D ( 'NONE', #8270, #2901, #7466 ) ;
#2748 = DIRECTION ( 'NONE',  ( 0.0000000000000000000, 0.0000000000000000000, 1.000000000000000000 ) ) ;
#2749 = CARTESIAN_POINT ( 'NONE',  ( -34.83441400990606951, 0.0000000000000000000, 0.0000000000000000000 ) ) ;
#2750 = ADVANCED_FACE ( 'NONE', ( #5802 ), #3887, .T. ) ;
#2751 = EDGE_LOOP ( 'NONE', ( #6007, #8290, #6189, #4544 ) ) ;
#2752 = ORIENTED_EDGE ( 'NONE', *, *, #3537, .T. ) ;
#2753 = CYLINDRICAL_SURFACE ( 'NONE', #6911, 7.200000000003432099 ) ;
#2754 = FACE_OUTER_BOUND ( 'NONE', #245, .T. ) ;
#2755 = EDGE_LOOP ( 'NONE', ( #2821, #4155, #6973, #5012 ) ) ;
#2756 = EDGE_LOOP ( 'NONE', ( #5389, #1718, #6027, #3910 ) ) ;
#2757 = CARTESIAN_POINT ( 'NONE',  ( 0.0000000000000000000, 9.123618653647785104E-16, 7.450000000000003730 ) ) ;
#2758 = ORIENTED_EDGE ( 'NONE', *, *, #1864, .T. ) ;
#2759 = VERTEX_POINT ( 'NONE', #108 ) ;
#2760 = EDGE_CURVE ( 'NONE', #1305, #7184, #550, .T. ) ;
#2761 = VERTEX_POINT ( 'NONE', #8330 ) ;
#2762 = VECTOR ( 'NONE', #6311, 1000.000000000000000 ) ;
#2763 = ORIENTED_EDGE ( 'NONE', *, *, #4650, .F. ) ;
#2764 = VERTEX_POINT ( 'NONE', #3544 ) ;
#2765 = ORIENTED_EDGE ( 'NONE', *, *, #1307, .F. ) ;
#2766 = EDGE_CURVE ( 'NONE', #2437, #976, #4288, .T. ) ;
#2767 = DIRECTION ( 'NONE',  ( 0.0000000000000000000, 0.0000000000000000000, -1.000000000000000000 ) ) ;
#2768 = DIRECTION ( 'NONE',  ( 1.000000000000000000, -0.0000000000000000000, -0.0000000000000000000 ) ) ;
#2769 = ORIENTED_EDGE ( 'NONE', *, *, #4251, .T. ) ;
#2770 = ORIENTED_EDGE ( 'NONE', *, *, #8322, .T. ) ;
#2771 = LINE ( 'NONE', #539, #989 ) ;
#2772 = FACE_OUTER_BOUND ( 'NONE', #6811, .T. ) ;
#2773 = ORIENTED_EDGE ( 'NONE', *, *, #2374, .T. ) ;
#2774 = ORIENTED_EDGE ( 'NONE', *, *, #3117, .T. ) ;
#2775 = EDGE_CURVE ( 'NONE', #3405, #2362, #5611, .T. ) ;
#2776 = VERTEX_POINT ( 'NONE', #1286 ) ;
#2777 = ORIENTED_EDGE ( 'NONE', *, *, #6728, .F. ) ;
#2778 = DIRECTION ( 'NONE',  ( -1.000000000000000000, 0.0000000000000000000, 0.0000000000000000000 ) ) ;
#2779 = DIRECTION ( 'NONE',  ( 1.000000000000000000, -0.0000000000000000000, -0.0000000000000000000 ) ) ;
#2780 = ORIENTED_EDGE ( 'NONE', *, *, #2266, .F. ) ;
#2781 = DIRECTION ( 'NONE',  ( 0.0000000000000000000, 0.0000000000000000000, -1.000000000000000000 ) ) ;
#2782 = FACE_OUTER_BOUND ( 'NONE', #840, .T. ) ;
#2783 = EDGE_CURVE ( 'NONE', #1305, #3470, #4084, .T. ) ;
#2784 = ORIENTED_EDGE ( 'NONE', *, *, #3093, .F. ) ;
#2785 = ORIENTED_EDGE ( 'NONE', *, *, #5523, .F. ) ;
#2786 = EDGE_CURVE ( 'NONE', #4199, #6490, #2110, .T. ) ;
#2787 = ADVANCED_FACE ( 'NONE', ( #348 ), #6887, .T. ) ;
#2788 = DIRECTION ( 'NONE',  ( 0.0000000000000000000, 0.0000000000000000000, 1.000000000000000000 ) ) ;
#2789 = DIRECTION ( 'NONE',  ( 1.000000000000000000, -0.0000000000000000000, -0.0000000000000000000 ) ) ;
#2790 = DIRECTION ( 'NONE',  ( 1.000000000000000000, -0.0000000000000000000, -0.0000000000000000000 ) ) ;
#2791 = LINE ( 'NONE', #2757, #4534 ) ;
#2792 = CIRCLE ( 'NONE', #3906, 4.829725155218032917 ) ;
#2793 = VECTOR ( 'NONE', #4547, 1000.000000000000000 ) ;
#2794 = AXIS2_PLACEMENT_3D ( 'NONE', #6743, #6766, #6752 ) ;
#2795 = ADVANCED_FACE ( 'NONE', ( #7274 ), #5417, .T. ) ;
#2796 = DIRECTION ( 'NONE',  ( 0.0000000000000000000, 0.0000000000000000000, -1.000000000000000000 ) ) ;
#2797 = CARTESIAN_POINT ( 'NONE',  ( -11.52088086035677250, 0.0000000000000000000, 0.0000000000000000000 ) ) ;
#2798 = CARTESIAN_POINT ( 'NONE',  ( -87.72956979781204723, 0.0000000000000000000, -6.500000000000010658 ) ) ;
#2799 = FACE_OUTER_BOUND ( 'NONE', #4013, .T. ) ;
#2800 = FACE_OUTER_BOUND ( 'NONE', #7355, .T. ) ;
#2801 = AXIS2_PLACEMENT_3D ( 'NONE', #5917, #6854, #7799 ) ;
#2802 = AXIS2_PLACEMENT_3D ( 'NONE', #5102, #5081, #5072 ) ;
#2803 = ORIENTED_EDGE ( 'NONE', *, *, #3220, .T. ) ;
#2804 = DIRECTION ( 'NONE',  ( 1.000000000000000000, -0.0000000000000000000, -0.0000000000000000000 ) ) ;
#2805 = DIRECTION ( 'NONE',  ( 1.000000000000000000, -0.0000000000000000000, -0.0000000000000000000 ) ) ;
#2806 = DIRECTION ( 'NONE',  ( 0.0000000000000000000, 0.0000000000000000000, -1.000000000000000000 ) ) ;
#2807 = ORIENTED_EDGE ( 'NONE', *, *, #4568, .F. ) ;
#2808 = DIRECTION ( 'NONE',  ( -0.5045276238141059855, 1.057354597449303040E-16, -0.8633955506073053288 ) ) ;
#2809 = DIRECTION ( 'NONE',  ( 1.000000000000000000, -0.0000000000000000000, -0.0000000000000000000 ) ) ;
#2810 = DIRECTION ( 'NONE',  ( 0.0000000000000000000, 0.0000000000000000000, -1.000000000000000000 ) ) ;
#2811 = CARTESIAN_POINT ( 'NONE',  ( -64.62064200472499920, 8.817456953865030574E-16, 7.200000000003333511 ) ) ;
#2812 = ORIENTED_EDGE ( 'NONE', *, *, #3278, .T. ) ;
#2813 = DIRECTION ( 'NONE',  ( 0.0000000000000000000, 0.0000000000000000000, -1.000000000000000000 ) ) ;
#2814 = CYLINDRICAL_SURFACE ( 'NONE', #6160, 7.200000000003340617 ) ;
#2815 = CARTESIAN_POINT ( 'NONE',  ( 0.0000000000000000000, 8.817456953865042407E-16, 7.200000000003347722 ) ) ;
#2816 = ORIENTED_EDGE ( 'NONE', *, *, #8213, .T. ) ;
#2817 = ORIENTED_EDGE ( 'NONE', *, *, #1686, .T. ) ;
#2818 = CARTESIAN_POINT ( 'NONE',  ( -98.14163738553702387, 0.0000000000000000000, 6.976277466081058698 ) ) ;
#2819 = CARTESIAN_POINT ( 'NONE',  ( -71.77596578816113038, 0.0000000000000000000, -6.500000000000005329 ) ) ;
#2820 = EDGE_CURVE ( 'NONE', #660, #8361, #1900, .T. ) ;
#2821 = ORIENTED_EDGE ( 'NONE', *, *, #6965, .F. ) ;
#2822 = CIRCLE ( 'NONE', #4780, 7.450000000000002842 ) ;
#2823 = CARTESIAN_POINT ( 'NONE',  ( -81.86216561471613318, 0.0000000000000000000, 0.0000000000000000000 ) ) ;
#2824 = EDGE_CURVE ( 'NONE', #907, #3954, #7081, .T. ) ;
#2825 = DIRECTION ( 'NONE',  ( 1.000000000000000000, -0.0000000000000000000, -0.0000000000000000000 ) ) ;
#2826 = VECTOR ( 'NONE', #7669, 999.9999999999998863 ) ;
#2827 = EDGE_CURVE ( 'NONE', #7385, #3680, #137, .T. ) ;
#2828 = CARTESIAN_POINT ( 'NONE',  ( -18.48593223911166206, 0.0000000000000000000, 0.0000000000000000000 ) ) ;
#2829 = EDGE_CURVE ( 'NONE', #2408, #1742, #3471, .T. ) ;
#2830 = DIRECTION ( 'NONE',  ( -0.5045276238147067271, 0.0000000000000000000, 0.8633955506069542762 ) ) ;
#2831 = EDGE_CURVE ( 'NONE', #8366, #1911, #3668, .T. ) ;
#2832 =( NAMED_UNIT ( * ) SI_UNIT ( $, .STERADIAN. ) SOLID_ANGLE_UNIT ( ) );
#2833 = DIRECTION ( 'NONE',  ( -1.000000000000000000, 0.0000000000000000000, 0.0000000000000000000 ) ) ;
#2834 = DIRECTION ( 'NONE',  ( 0.0000000000000000000, 0.0000000000000000000, 1.000000000000000000 ) ) ;
#2835 = CARTESIAN_POINT ( 'NONE',  ( -64.11605290014118452, 0.0000000000000000000, 0.0000000000000000000 ) ) ;
#2836 = ADVANCED_FACE ( 'NONE', ( #1694 ), #6493, .T. ) ;
#2837 = CYLINDRICAL_SURFACE ( 'NONE', #4064, 7.200000000003340617 ) ;
#2838 = FACE_OUTER_BOUND ( 'NONE', #7679, .T. ) ;
#2839 = AXIS2_PLACEMENT_3D ( 'NONE', #2252, #2221, #2202 ) ;
#2840 = DIRECTION ( 'NONE',  ( 0.0000000000000000000, 0.0000000000000000000, 1.000000000000000000 ) ) ;
#2841 = ORIENTED_EDGE ( 'NONE', *, *, #741, .T. ) ;
#2842 = CIRCLE ( 'NONE', #3507, 6.729642571546141205 ) ;
#2843 = LINE ( 'NONE', #6467, #2635 ) ;
#2844 = AXIS2_PLACEMENT_3D ( 'NONE', #1764, #1413, #1534 ) ;
#2845 = ORIENTED_EDGE ( 'NONE', *, *, #5597, .T. ) ;
#2846 = DIRECTION ( 'NONE',  ( 1.000000000000000000, -0.0000000000000000000, -0.0000000000000000000 ) ) ;
#2847 = VERTEX_POINT ( 'NONE', #7241 ) ;
#2848 = CARTESIAN_POINT ( 'NONE',  ( -66.63788197003614755, 8.817456953865030574E-16, 7.200000000003333511 ) ) ;
#2849 = CARTESIAN_POINT ( 'NONE',  ( -73.66017580246405316, 0.0000000000000000000, 0.0000000000000000000 ) ) ;
#2850 = CYLINDRICAL_SURFACE ( 'NONE', #6760, 6.500000000000006217 ) ;
#2851 = AXIS2_PLACEMENT_3D ( 'NONE', #3781, #3920, #4016 ) ;
#2852 = CIRCLE ( 'NONE', #4558, 6.500000000000007105 ) ;
#2853 = CARTESIAN_POINT ( 'NONE',  ( -37.66424059733912344, 0.0000000000000000000, 0.0000000000000000000 ) ) ;
#2854 = DIRECTION ( 'NONE',  ( 0.0000000000000000000, 0.0000000000000000000, -1.000000000000000000 ) ) ;
#2855 = DIRECTION ( 'NONE',  ( 0.9247787755857542757, 4.659844897205728564E-17, 0.3805052118251641136 ) ) ;
#2856 = ORIENTED_EDGE ( 'NONE', *, *, #83, .T. ) ;
#2857 = EDGE_LOOP ( 'NONE', ( #7272, #3975, #5502, #3369 ) ) ;
#2858 = ORIENTED_EDGE ( 'NONE', *, *, #6830, .T. ) ;
#2859 = CARTESIAN_POINT ( 'NONE',  ( -17.94310398137859863, 8.682526944148744198E-16, 6.729642571546104790 ) ) ;
#2860 = DIRECTION ( 'NONE',  ( 1.000000000000000000, -0.0000000000000000000, -0.0000000000000000000 ) ) ;
#2861 = LINE ( 'NONE', #4573, #2438 ) ;
#2862 = AXIS2_PLACEMENT_3D ( 'NONE', #5488, #4678, #6958 ) ;
#2863 = AXIS2_PLACEMENT_3D ( 'NONE', #2082, #4007, #3972 ) ;
#2864 = DIRECTION ( 'NONE',  ( 0.0000000000000000000, 0.0000000000000000000, -1.000000000000000000 ) ) ;
#2865 = EDGE_LOOP ( 'NONE', ( #3555, #3615, #5271, #2283 ) ) ;
#2866 = DIRECTION ( 'NONE',  ( -1.000000000000000000, 0.0000000000000000000, 0.0000000000000000000 ) ) ;
#2867 = ORIENTED_EDGE ( 'NONE', *, *, #3332, .T. ) ;
#2868 = DIRECTION ( 'NONE',  ( 0.0000000000000000000, 0.0000000000000000000, -1.000000000000000000 ) ) ;
#2869 = ORIENTED_EDGE ( 'NONE', *, *, #1463, .T. ) ;
#2870 = VERTEX_POINT ( 'NONE', #6753 ) ;
#2871 = CIRCLE ( 'NONE', #4442, 6.500000000000007105 ) ;
#2872 = FACE_OUTER_BOUND ( 'NONE', #257, .T. ) ;
#2873 = DIRECTION ( 'NONE',  ( 0.0000000000000000000, 0.0000000000000000000, -1.000000000000000000 ) ) ;
#2874 = CARTESIAN_POINT ( 'NONE',  ( -66.13329286545233288, 0.0000000000000000000, 7.200000000003347722 ) ) ;
#2875 = ORIENTED_EDGE ( 'NONE', *, *, #1247, .T. ) ;
#2876 = EDGE_CURVE ( 'NONE', #5181, #244, #3275, .T. ) ;
#2877 = ORIENTED_EDGE ( 'NONE', *, *, #2675, .T. ) ;
#2878 = CIRCLE ( 'NONE', #3902, 7.450000000000062350 ) ;
#2879 = LINE ( 'NONE', #3924, #1094 ) ;
#2880 = ADVANCED_FACE ( 'NONE', ( #1486 ), #3064, .T. ) ;
#2881 = ORIENTED_EDGE ( 'NONE', *, *, #3424, .T. ) ;
#2882 = EDGE_CURVE ( 'NONE', #5987, #976, #4816, .T. ) ;
#2883 = DIRECTION ( 'NONE',  ( 1.000000000000000000, -0.0000000000000000000, -0.0000000000000000000 ) ) ;
#2884 = VERTEX_POINT ( 'NONE', #5298 ) ;
#2885 = ORIENTED_EDGE ( 'NONE', *, *, #4138, .F. ) ;
#2886 = DIRECTION ( 'NONE',  ( 1.000000000000000000, -0.0000000000000000000, -0.0000000000000000000 ) ) ;
#2887 = DIRECTION ( 'NONE',  ( 0.8110638189892169780, 7.163665443099575298E-17, 0.5849576749873675041 ) ) ;
#2888 = PRODUCT ( '2 large nut', '2 large nut', '', ( #6749 ) ) ;
#2889 = ORIENTED_EDGE ( 'NONE', *, *, #2644, .T. ) ;
#2890 = VECTOR ( 'NONE', #3266, 1000.000000000000000 ) ;
#2891 = CARTESIAN_POINT ( 'NONE',  ( -97.86332330565852544, 0.0000000000000000000, 0.0000000000000000000 ) ) ;
#2892 = DIRECTION ( 'NONE',  ( 1.000000000000000000, -0.0000000000000000000, -0.0000000000000000000 ) ) ;
#2893 = FACE_OUTER_BOUND ( 'NONE', #2115, .T. ) ;
#2894 = CIRCLE ( 'NONE', #656, 7.249495137711240211 ) ;
#2895 = DIRECTION ( 'NONE',  ( 1.000000000000000000, -0.0000000000000000000, -0.0000000000000000000 ) ) ;
#2896 = AXIS2_PLACEMENT_3D ( 'NONE', #141, #3896, #3625 ) ;
#2897 = DIRECTION ( 'NONE',  ( 1.000000000000000000, -0.0000000000000000000, -0.0000000000000000000 ) ) ;
#2898 = EDGE_CURVE ( 'NONE', #4320, #674, #8329, .T. ) ;
#2899 = CONICAL_SURFACE ( 'NONE', #826, 7.200000000003445422, 1.041961563440961802 ) ;
#2900 = CARTESIAN_POINT ( 'NONE',  ( -18.80266766078050722, 0.0000000000000000000, 0.0000000000000000000 ) ) ;
#2901 = DIRECTION ( 'NONE',  ( 1.000000000000000000, -0.0000000000000000000, -0.0000000000000000000 ) ) ;
#2902 = FACE_OUTER_BOUND ( 'NONE', #6113, .T. ) ;
#2903 = VERTEX_POINT ( 'NONE', #3857 ) ;
#2904 = DIRECTION ( 'NONE',  ( 1.000000000000000000, -0.0000000000000000000, -0.0000000000000000000 ) ) ;
#2905 = DIRECTION ( 'NONE',  ( 0.0000000000000000000, 0.0000000000000000000, -1.000000000000000000 ) ) ;
#2906 = DIRECTION ( 'NONE',  ( 0.0000000000000000000, 0.0000000000000000000, -1.000000000000000000 ) ) ;
#2907 = MECHANICAL_DESIGN_GEOMETRIC_PRESENTATION_REPRESENTATION (  '', ( #1103 ), #3348 ) ;
#2908 = DIRECTION ( 'NONE',  ( 0.0000000000000000000, 0.0000000000000000000, -1.000000000000000000 ) ) ;
#2909 = AXIS2_PLACEMENT_3D ( 'NONE', #1847, #1816, #1783 ) ;
#2910 = LINE ( 'NONE', #662, #1328 ) ;
#2911 = EDGE_LOOP ( 'NONE', ( #3476, #6205, #1484, #5363 ) ) ;
#2912 = CARTESIAN_POINT ( 'NONE',  ( -45.40535782037472501, 0.0000000000000000000, -5.248144356879704375 ) ) ;
#2913 = DIRECTION ( 'NONE',  ( 1.000000000000000000, -0.0000000000000000000, -0.0000000000000000000 ) ) ;
#2914 = VERTEX_POINT ( 'NONE', #4735 ) ;
#2915 = CARTESIAN_POINT ( 'NONE',  ( -87.72956979781204723, 8.388830574161442608E-16, 6.500000000000010658 ) ) ;
#2916 = AXIS2_PLACEMENT_3D ( 'NONE', #5223, #5003, #4983 ) ;
#2917 = AXIS2_PLACEMENT_3D ( 'NONE', #1205, #601, #508 ) ;
#2918 = LINE ( 'NONE', #322, #4446 ) ;
#2919 = DIRECTION ( 'NONE',  ( 1.000000000000000000, -0.0000000000000000000, -0.0000000000000000000 ) ) ;
#2920 = ORIENTED_EDGE ( 'NONE', *, *, #24, .T. ) ;
#2921 = DIRECTION ( 'NONE',  ( 0.0000000000000000000, 0.0000000000000000000, -1.000000000000000000 ) ) ;
#2922 = EDGE_LOOP ( 'NONE', ( #2225, #4828, #143, #8247 ) ) ;
#2923 = DIRECTION ( 'NONE',  ( 0.0000000000000000000, 0.0000000000000000000, -1.000000000000000000 ) ) ;
#2924 = CARTESIAN_POINT ( 'NONE',  ( -72.18501276138574951, 0.0000000000000000000, 0.0000000000000000000 ) ) ;
#2925 = CONICAL_SURFACE ( 'NONE', #4049, 7.200000000003445422, 1.041961563440961802 ) ;
#2926 = DIRECTION ( 'NONE',  ( 1.000000000000000000, -0.0000000000000000000, -0.0000000000000000000 ) ) ;
#2927 = ADVANCED_FACE ( 'NONE', ( #7945 ), #2850, .T. ) ;
#2928 = EDGE_CURVE ( 'NONE', #2978, #4502, #4596, .T. ) ;
#2929 = FACE_OUTER_BOUND ( 'NONE', #2424, .T. ) ;
#2930 = EDGE_CURVE ( 'NONE', #8257, #8311, #1266, .T. ) ;
#2931 = DIRECTION ( 'NONE',  ( 0.0000000000000000000, 0.0000000000000000000, -1.000000000000000000 ) ) ;
#2932 = EDGE_CURVE ( 'NONE', #2640, #968, #6289, .T. ) ;
#2933 = CARTESIAN_POINT ( 'NONE',  ( -52.01261310827259621, 0.0000000000000000000, 0.0000000000000000000 ) ) ;
#2934 = DIRECTION ( 'NONE',  ( -1.000000000000000000, 0.0000000000000000000, 0.0000000000000000000 ) ) ;
#2935 = DIRECTION ( 'NONE',  ( 0.0000000000000000000, 0.0000000000000000000, 1.000000000000000000 ) ) ;
#2936 = VERTEX_POINT ( 'NONE', #1239 ) ;
#2937 = FACE_OUTER_BOUND ( 'NONE', #7284, .T. ) ;
#2938 = LINE ( 'NONE', #1007, #3152 ) ;
#2939 = EDGE_CURVE ( 'NONE', #4197, #224, #2643, .T. ) ;
#2940 = CARTESIAN_POINT ( 'NONE',  ( -24.41223540932040237, 0.0000000000000000000, 0.0000000000000000000 ) ) ;
#2941 = EDGE_LOOP ( 'NONE', ( #6620, #5148, #1824, #7206 ) ) ;
#2942 = EDGE_CURVE ( 'NONE', #8361, #1311, #4383, .T. ) ;
#2943 = DIRECTION ( 'NONE',  ( 0.0000000000000000000, 0.0000000000000000000, -1.000000000000000000 ) ) ;
#2944 = DIRECTION ( 'NONE',  ( 0.0000000000000000000, 0.0000000000000000000, -1.000000000000000000 ) ) ;
#2945 = CIRCLE ( 'NONE', #5544, 7.200000000003333511 ) ;
#2946 = DIRECTION ( 'NONE',  ( 1.000000000000000000, -0.0000000000000000000, -0.0000000000000000000 ) ) ;
#2947 = DIRECTION ( 'NONE',  ( 0.0000000000000000000, 0.0000000000000000000, -1.000000000000000000 ) ) ;
#2948 = CARTESIAN_POINT ( 'NONE',  ( -62.09881293483005038, 0.0000000000000000000, 0.0000000000000000000 ) ) ;
#2949 = FACE_OUTER_BOUND ( 'NONE', #5317, .T. ) ;
#2950 = CARTESIAN_POINT ( 'NONE',  ( -100.6204391532550915, 6.804105610926004018E-16, 5.555973865822608992 ) ) ;
#2951 = ORIENTED_EDGE ( 'NONE', *, *, #414, .T. ) ;
#2952 = ORIENTED_EDGE ( 'NONE', *, *, #3231, .F. ) ;
#2953 = FACE_OUTER_BOUND ( 'NONE', #2638, .T. ) ;
#2954 = DIRECTION ( 'NONE',  ( 0.0000000000000000000, 0.0000000000000000000, 1.000000000000000000 ) ) ;
#2955 = LINE ( 'NONE', #3588, #6389 ) ;
#2956 = AXIS2_PLACEMENT_3D ( 'NONE', #2732, #1828, #2621 ) ;
#2957 = ORIENTED_EDGE ( 'NONE', *, *, #4886, .F. ) ;
#2958 = CARTESIAN_POINT ( 'NONE',  ( -36.24932730362260003, 0.0000000000000000000, 0.0000000000000000000 ) ) ;
#2959 = DIRECTION ( 'NONE',  ( 1.000000000000000000, -0.0000000000000000000, -0.0000000000000000000 ) ) ;
#2960 = ORIENTED_EDGE ( 'NONE', *, *, #4995, .T. ) ;
#2961 = ORIENTED_EDGE ( 'NONE', *, *, #4711, .T. ) ;
#2962 = DIRECTION ( 'NONE',  ( 0.0000000000000000000, 0.0000000000000000000, -1.000000000000000000 ) ) ;
#2963 = FACE_OUTER_BOUND ( 'NONE', #6912, .T. ) ;
#2964 = CIRCLE ( 'NONE', #3136, 7.450000000000002842 ) ;
#2965 = AXIS2_PLACEMENT_3D ( 'NONE', #7044, #6771, #6716 ) ;
#2966 = ORIENTED_EDGE ( 'NONE', *, *, #3043, .F. ) ;
#2967 = ORIENTED_EDGE ( 'NONE', *, *, #2388, .T. ) ;
#2968 = ADVANCED_FACE ( 'NONE', ( #5899 ), #652, .T. ) ;
#2969 = DIRECTION ( 'NONE',  ( 1.000000000000000000, -0.0000000000000000000, -0.0000000000000000000 ) ) ;
#2970 = DIRECTION ( 'NONE',  ( 0.0000000000000000000, 0.0000000000000000000, -1.000000000000000000 ) ) ;
#2971 = EDGE_LOOP ( 'NONE', ( #6706, #6695, #6295, #2436 ) ) ;
#2972 = EDGE_LOOP ( 'NONE', ( #2875, #1004, #51, #6249 ) ) ;
#2973 = ORIENTED_EDGE ( 'NONE', *, *, #41, .T. ) ;
#2974 = VECTOR ( 'NONE', #3633, 1000.000000000000000 ) ;
#2975 = ORIENTED_EDGE ( 'NONE', *, *, #3548, .F. ) ;
#2976 = CARTESIAN_POINT ( 'NONE',  ( -12.25000000000000000, 9.001153973733045617E-16, 7.349999999999999645 ) ) ;
#2977 = VERTEX_POINT ( 'NONE', #1880 ) ;
#2978 = VERTEX_POINT ( 'NONE', #1991 ) ;
#2979 = VERTEX_POINT ( 'NONE', #1504 ) ;
#2980 = CARTESIAN_POINT ( 'NONE',  ( -65.59121594121948817, 0.0000000000000000000, -6.500000000000007105 ) ) ;
#2981 = AXIS2_PLACEMENT_3D ( 'NONE', #3092, #3632, #2931 ) ;
#2982 = EDGE_LOOP ( 'NONE', ( #7115, #7374, #1086, #7004 ) ) ;
#2983 = CARTESIAN_POINT ( 'NONE',  ( -29.17476083503994388, 0.0000000000000000000, 0.0000000000000000000 ) ) ;
#2984 = CIRCLE ( 'NONE', #3301, 6.500000000000010658 ) ;
#2985 = CARTESIAN_POINT ( 'NONE',  ( -87.72956979781204723, 0.0000000000000000000, 0.0000000000000000000 ) ) ;
#2986 = CARTESIAN_POINT ( 'NONE',  ( -100.6204391532550915, 0.0000000000000000000, 0.0000000000000000000 ) ) ;
#2987 = FACE_OUTER_BOUND ( 'NONE', #6097, .T. ) ;
#2988 = CARTESIAN_POINT ( 'NONE',  ( -46.67300510289011584, 0.0000000000000000000, 0.0000000000000000000 ) ) ;
#2989 = EDGE_LOOP ( 'NONE', ( #7904, #3779, #2728, #6351 ) ) ;
#2990 = DIRECTION ( 'NONE',  ( -1.000000000000000000, 0.0000000000000000000, 0.0000000000000000000 ) ) ;
#2991 = ORIENTED_EDGE ( 'NONE', *, *, #6882, .T. ) ;
#2992 = ORIENTED_EDGE ( 'NONE', *, *, #7946, .F. ) ;
#2993 = ORIENTED_EDGE ( 'NONE', *, *, #6990, .F. ) ;
#2994 = EDGE_CURVE ( 'NONE', #7337, #1731, #4180, .T. ) ;
#2995 = CARTESIAN_POINT ( 'NONE',  ( 0.0000000000000000000, 0.0000000000000000000, 0.0000000000000000000 ) ) ;
#2996 = ORIENTED_EDGE ( 'NONE', *, *, #3213, .F. ) ;
#2997 = CYLINDRICAL_SURFACE ( 'NONE', #5372, 7.450000000000078337 ) ;
#2998 = CARTESIAN_POINT ( 'NONE',  ( -20.74788785564854621, 0.0000000000000000000, 0.0000000000000000000 ) ) ;
#2999 = CARTESIAN_POINT ( 'NONE',  ( -21.29071611338160608, 9.123618653647785104E-16, -7.450000000000002842 ) ) ;
#3000 = ORIENTED_EDGE ( 'NONE', *, *, #4038, .F. ) ;
#3001 = EDGE_LOOP ( 'NONE', ( #1875, #3540, #8122, #1252 ) ) ;
#3002 = EDGE_CURVE ( 'NONE', #6787, #3226, #2428, .T. ) ;
#3003 = ORIENTED_EDGE ( 'NONE', *, *, #7657, .F. ) ;
#3004 = DIRECTION ( 'NONE',  ( 1.000000000000000000, -0.0000000000000000000, -0.0000000000000000000 ) ) ;
#3005 = EDGE_CURVE ( 'NONE', #6490, #4199, #7367, .T. ) ;
#3006 = CARTESIAN_POINT ( 'NONE',  ( 0.0000000000000000000, 8.817456953865034519E-16, 7.200000000003340617 ) ) ;
#3007 = ORIENTED_EDGE ( 'NONE', *, *, #2444, .F. ) ;
#3008 = DIRECTION ( 'NONE',  ( 0.0000000000000000000, 0.0000000000000000000, -1.000000000000000000 ) ) ;
#3009 = FACE_OUTER_BOUND ( 'NONE', #567, .T. ) ;
#3010 = EDGE_CURVE ( 'NONE', #3942, #3804, #7556, .T. ) ;
#3011 = CIRCLE ( 'NONE', #1669, 6.500000000000005329 ) ;
#3012 = VECTOR ( 'NONE', #6975, 1000.000000000000000 ) ;
#3013 = DIRECTION ( 'NONE',  ( -0.6018150231520442706, 9.780464210648347626E-17, -0.7986355100472959379 ) ) ;
#3014 = DIRECTION ( 'NONE',  ( 1.000000000000000000, -0.0000000000000000000, -0.0000000000000000000 ) ) ;
#3015 = DIRECTION ( 'NONE',  ( 1.000000000000000000, -0.0000000000000000000, -0.0000000000000000000 ) ) ;
#3016 = DIRECTION ( 'NONE',  ( 0.0000000000000000000, 0.0000000000000000000, -1.000000000000000000 ) ) ;
#3017 = VECTOR ( 'NONE', #7050, 1000.000000000000114 ) ;
#3018 = DIRECTION ( 'NONE',  ( 1.000000000000000000, -0.0000000000000000000, -0.0000000000000000000 ) ) ;
#3019 = FACE_OUTER_BOUND ( 'NONE', #2653, .T. ) ;
#3020 = ORIENTED_EDGE ( 'NONE', *, *, #7097, .F. ) ;
#3021 = AXIS2_PLACEMENT_3D ( 'NONE', #3853, #3895, #3949 ) ;
#3022 = DIRECTION ( 'NONE',  ( -1.000000000000000000, 0.0000000000000000000, 0.0000000000000000000 ) ) ;
#3023 = ADVANCED_FACE ( 'NONE', ( #3979 ), #6980, .T. ) ;
#3024 = VECTOR ( 'NONE', #4645, 1000.000000000000000 ) ;
#3025 = ORIENTED_EDGE ( 'NONE', *, *, #308, .F. ) ;
#3026 = AXIS2_PLACEMENT_3D ( 'NONE', #3144, #4237, #4137 ) ;
#3027 = ORIENTED_EDGE ( 'NONE', *, *, #4940, .T. ) ;
#3028 = CARTESIAN_POINT ( 'NONE',  ( -82.75870643858193887, 0.0000000000000000000, -7.200000000003347722 ) ) ;
#3029 = AXIS2_PLACEMENT_3D ( 'NONE', #719, #649, #708 ) ;
#3030 = FACE_OUTER_BOUND ( 'NONE', #760, .T. ) ;
#3031 = CARTESIAN_POINT ( 'NONE',  ( -24.95506366705346579, 0.0000000000000000000, 0.0000000000000000000 ) ) ;
#3032 = CARTESIAN_POINT ( 'NONE',  ( -90.27179143341268741, 0.0000000000000000000, 0.0000000000000000000 ) ) ;
#3033 = AXIS2_PLACEMENT_3D ( 'NONE', #1532, #1446, #1623 ) ;
#3034 = AXIS2_PLACEMENT_3D ( 'NONE', #4637, #3866, #2935 ) ;
#3035 = ADVANCED_FACE ( 'NONE', ( #1996 ), #2218, .T. ) ;
#3036 = VECTOR ( 'NONE', #8023, 1000.000000000000227 ) ;
#3037 = DIRECTION ( 'NONE',  ( 0.0000000000000000000, 0.0000000000000000000, -1.000000000000000000 ) ) ;
#3038 = DIRECTION ( 'NONE',  ( -0.6018150231520442706, 9.780464210648347626E-17, -0.7986355100472959379 ) ) ;
#3039 = DIRECTION ( 'NONE',  ( 0.0000000000000000000, 0.0000000000000000000, -1.000000000000000000 ) ) ;
#3040 = DIRECTION ( 'NONE',  ( 1.000000000000000000, -0.0000000000000000000, -0.0000000000000000000 ) ) ;
#3041 = DIRECTION ( 'NONE',  ( 0.0000000000000000000, 0.0000000000000000000, -1.000000000000000000 ) ) ;
#3042 = CARTESIAN_POINT ( 'NONE',  ( -61.55673601059720568, 7.960204194457805338E-16, 6.500000000000007105 ) ) ;
#3043 = EDGE_CURVE ( 'NONE', #1495, #7691, #7173, .T. ) ;
#3044 = CARTESIAN_POINT ( 'NONE',  ( -64.11605290014118452, 8.817456953865042407E-16, -7.200000000003347722 ) ) ;
#3045 = ORIENTED_EDGE ( 'NONE', *, *, #4993, .F. ) ;
#3046 = DIRECTION ( 'NONE',  ( 1.000000000000000000, -0.0000000000000000000, -0.0000000000000000000 ) ) ;
#3047 = EDGE_CURVE ( 'NONE', #1495, #5704, #235, .T. ) ;
#3048 = ORIENTED_EDGE ( 'NONE', *, *, #4186, .F. ) ;
#3049 = VECTOR ( 'NONE', #672, 1000.000000000000000 ) ;
#3050 = VECTOR ( 'NONE', #2846, 1000.000000000000000 ) ;
#3051 = ADVANCED_FACE ( 'NONE', ( #5509 ), #1594, .T. ) ;
#3052 = CARTESIAN_POINT ( 'NONE',  ( 0.0000000000000000000, 0.0000000000000000000, 0.0000000000000000000 ) ) ;
#3053 = AXIS2_PLACEMENT_3D ( 'NONE', #3727, #4030, #3762 ) ;
#3054 = EDGE_LOOP ( 'NONE', ( #6916, #4314, #3398, #7984 ) ) ;
#3055 = DIRECTION ( 'NONE',  ( 1.000000000000000000, -0.0000000000000000000, -0.0000000000000000000 ) ) ;
#3056 = CIRCLE ( 'NONE', #4366, 5.248144356879707928 ) ;
#3057 = FACE_OUTER_BOUND ( 'NONE', #8233, .T. ) ;
#3058 = EDGE_CURVE ( 'NONE', #948, #3482, #1793, .T. ) ;
#3059 = VERTEX_POINT ( 'NONE', #584 ) ;
#3060 = ORIENTED_EDGE ( 'NONE', *, *, #7190, .F. ) ;
#3061 = EDGE_CURVE ( 'NONE', #1911, #8366, #3371, .T. ) ;
#3062 = ADVANCED_FACE ( 'NONE', ( #6789 ), #4922, .T. ) ;
#3063 = CARTESIAN_POINT ( 'NONE',  ( -94.75957470678878281, 0.0000000000000000000, 0.0000000000000000000 ) ) ;
#3064 = CYLINDRICAL_SURFACE ( 'NONE', #5911, 6.500000000000010658 ) ;
#3065 = CARTESIAN_POINT ( 'NONE',  ( -12.58157168442802387, 0.0000000000000000000, 0.0000000000000000000 ) ) ;
#3066 = FACE_OUTER_BOUND ( 'NONE', #8060, .T. ) ;
#3067 = EDGE_LOOP ( 'NONE', ( #483, #3921, #6230, #5943 ) ) ;
#3068 = ORIENTED_EDGE ( 'NONE', *, *, #8173, .F. ) ;
#3069 = ORIENTED_EDGE ( 'NONE', *, *, #4770, .T. ) ;
#3070 = CYLINDRICAL_SURFACE ( 'NONE', #343, 7.200000000003340617 ) ;
#3071 = AXIS2_PLACEMENT_3D ( 'NONE', #4797, #4697, #4673 ) ;
#3072 = EDGE_LOOP ( 'NONE', ( #2191, #5524, #5240, #3585 ) ) ;
#3073 = ORIENTED_EDGE ( 'NONE', *, *, #4255, .T. ) ;
#3074 = EDGE_LOOP ( 'NONE', ( #8039, #7532, #1967, #6949 ) ) ;
#3075 = ORIENTED_EDGE ( 'NONE', *, *, #1752, .F. ) ;
#3076 = ORIENTED_EDGE ( 'NONE', *, *, #463, .F. ) ;
#3077 = CIRCLE ( 'NONE', #2232, 6.500000000000007105 ) ;
#3078 = FACE_OUTER_BOUND ( 'NONE', #2364, .T. ) ;
#3079 = AXIS2_PLACEMENT_3D ( 'NONE', #1047, #7302, #5382 ) ;
#3080 = AXIS2_PLACEMENT_3D ( 'NONE', #4204, #2919, #2854 ) ;
#3081 = EDGE_LOOP ( 'NONE', ( #3324, #5346, #3406, #3631 ) ) ;
#3082 = CARTESIAN_POINT ( 'NONE',  ( 0.0000000000000000000, 0.0000000000000000000, 0.0000000000000000000 ) ) ;
#3083 = DIRECTION ( 'NONE',  ( 0.0000000000000000000, 0.0000000000000000000, -1.000000000000000000 ) ) ;
#3084 = ORIENTED_EDGE ( 'NONE', *, *, #1686, .F. ) ;
#3085 = EDGE_LOOP ( 'NONE', ( #6126, #7562, #1920, #2710 ) ) ;
#3086 = DIRECTION ( 'NONE',  ( 0.0000000000000000000, 0.0000000000000000000, -1.000000000000000000 ) ) ;
#3087 = ORIENTED_EDGE ( 'NONE', *, *, #1186, .F. ) ;
#3088 = CIRCLE ( 'NONE', #3026, 7.450000000000002842 ) ;
#3089 = VECTOR ( 'NONE', #3858, 1000.000000000000000 ) ;
#3090 = EDGE_LOOP ( 'NONE', ( #3232, #5380, #3582, #3158 ) ) ;
#3091 = ORIENTED_EDGE ( 'NONE', *, *, #2425, .F. ) ;
#3092 = CARTESIAN_POINT ( 'NONE',  ( -79.71189569839746980, 0.0000000000000000000, 0.0000000000000000000 ) ) ;
#3093 = EDGE_CURVE ( 'NONE', #8152, #244, #8230, .T. ) ;
#3094 = DIRECTION ( 'NONE',  ( 0.0000000000000000000, 0.0000000000000000000, -1.000000000000000000 ) ) ;
#3095 = DIRECTION ( 'NONE',  ( 1.000000000000000000, -0.0000000000000000000, -0.0000000000000000000 ) ) ;
#3096 = CARTESIAN_POINT ( 'NONE',  ( -54.02985307358373746, 0.0000000000000000000, 0.0000000000000000000 ) ) ;
#3097 = ORIENTED_EDGE ( 'NONE', *, *, #5564, .F. ) ;
#3098 = LINE ( 'NONE', #3114, #1313 ) ;
#3099 = DIRECTION ( 'NONE',  ( 0.6018150231520442706, 9.780464210648347626E-17, 0.7986355100472959379 ) ) ;
#3100 = ADVANCED_FACE ( 'NONE', ( #23 ), #8044, .T. ) ;
#3101 = DIRECTION ( 'NONE',  ( 1.000000000000000000, -0.0000000000000000000, -0.0000000000000000000 ) ) ;
#3102 = EDGE_CURVE ( 'NONE', #1926, #8206, #1371, .T. ) ;
#3103 = CARTESIAN_POINT ( 'NONE',  ( -58.06433300420776789, 0.0000000000000000000, 7.200000000003347722 ) ) ;
#3104 = DIRECTION ( 'NONE',  ( 1.000000000000000000, -0.0000000000000000000, -0.0000000000000000000 ) ) ;
#3105 = FACE_OUTER_BOUND ( 'NONE', #290, .T. ) ;
#3106 = VECTOR ( 'NONE', #5697, 1000.000000000000000 ) ;
#3107 = DIRECTION ( 'NONE',  ( 1.000000000000000000, -0.0000000000000000000, -0.0000000000000000000 ) ) ;
#3108 = EDGE_CURVE ( 'NONE', #5667, #7300, #6590, .T. ) ;
#3109 = ADVANCED_FACE ( 'NONE', ( #2953 ), #4707, .T. ) ;
#3110 = VERTEX_POINT ( 'NONE', #7437 ) ;
#3111 = FACE_OUTER_BOUND ( 'NONE', #879, .T. ) ;
#3112 = VECTOR ( 'NONE', #7203, 1000.000000000000227 ) ;
#3113 = ORIENTED_EDGE ( 'NONE', *, *, #3746, .T. ) ;
#3114 = CARTESIAN_POINT ( 'NONE',  ( 0.0000000000000000000, 7.960204194457804352E-16, 6.500000000000006217 ) ) ;
#3115 = EDGE_CURVE ( 'NONE', #6149, #7478, #3166, .T. ) ;
#3116 = CARTESIAN_POINT ( 'NONE',  ( -26.90028386192150123, 0.0000000000000000000, 0.0000000000000000000 ) ) ;
#3117 = EDGE_CURVE ( 'NONE', #7040, #1052, #5314, .T. ) ;
#3118 = VECTOR ( 'NONE', #1232, 1000.000000000000000 ) ;
#3119 = CARTESIAN_POINT ( 'NONE',  ( -64.11605290014118452, 0.0000000000000000000, 0.0000000000000000000 ) ) ;
#3120 = ORIENTED_EDGE ( 'NONE', *, *, #1431, .T. ) ;
#3121 = EDGE_LOOP ( 'NONE', ( #6206, #5805, #1906, #8151 ) ) ;
#3122 = CARTESIAN_POINT ( 'NONE',  ( -15.13832010710865283, 0.0000000000000000000, 0.0000000000000000000 ) ) ;
#3123 = DIRECTION ( 'NONE',  ( 0.0000000000000000000, 0.0000000000000000000, -1.000000000000000000 ) ) ;
#3124 = CARTESIAN_POINT ( 'NONE',  ( -57.52225607997492318, 0.0000000000000000000, -6.500000000000007105 ) ) ;
#3125 = DIRECTION ( 'NONE',  ( 1.000000000000000000, -0.0000000000000000000, -0.0000000000000000000 ) ) ;
#3126 = AXIS2_PLACEMENT_3D ( 'NONE', #5948, #6038, #6080 ) ;
#3127 = LINE ( 'NONE', #1767, #8391 ) ;
#3128 = DIRECTION ( 'NONE',  ( 0.0000000000000000000, 1.224646799147351728E-16, 1.000000000000000000 ) ) ;
#3129 = ORIENTED_EDGE ( 'NONE', *, *, #1473, .F. ) ;
#3130 = ORIENTED_EDGE ( 'NONE', *, *, #2145, .T. ) ;
#3131 = CARTESIAN_POINT ( 'NONE',  ( 0.0000000000000000000, 0.0000000000000000000, 0.0000000000000000000 ) ) ;
#3132 = CARTESIAN_POINT ( 'NONE',  ( -30.04684587102340743, 9.123618653647808769E-16, 7.450000000000023270 ) ) ;
#3133 = AXIS2_PLACEMENT_3D ( 'NONE', #177, #204, #230 ) ;
#3134 = DIRECTION ( 'NONE',  ( 0.0000000000000000000, 0.0000000000000000000, -1.000000000000000000 ) ) ;
#3135 = CONICAL_SURFACE ( 'NONE', #3175, 6.500000000000007105, 0.6248278722141583641 ) ;
#3136 = AXIS2_PLACEMENT_3D ( 'NONE', #3410, #1709, #1678 ) ;
#3137 = ADVANCED_FACE ( 'NONE', ( #7848 ), #4280, .T. ) ;
#3138 = FACE_OUTER_BOUND ( 'NONE', #1185, .T. ) ;
#3139 = CARTESIAN_POINT ( 'NONE',  ( -32.54741568020606479, 0.0000000000000000000, 0.0000000000000000000 ) ) ;
#3140 = AXIS2_PLACEMENT_3D ( 'NONE', #1165, #6535, #4152 ) ;
#3141 = AXIS2_PLACEMENT_3D ( 'NONE', #6810, #6664, #6427 ) ;
#3142 = DIRECTION ( 'NONE',  ( 0.0000000000000000000, 0.0000000000000000000, -1.000000000000000000 ) ) ;
#3143 = DIRECTION ( 'NONE',  ( 1.000000000000000000, -0.0000000000000000000, -0.0000000000000000000 ) ) ;
#3144 = CARTESIAN_POINT ( 'NONE',  ( -14.59549184937558941, 0.0000000000000000000, 0.0000000000000000000 ) ) ;
#3145 = ADVANCED_FACE ( 'NONE', ( #1163 ), #748, .T. ) ;
#3146 = CARTESIAN_POINT ( 'NONE',  ( -54.53444217817340700, 0.0000000000000000000, 0.0000000000000000000 ) ) ;
#3147 = DIRECTION ( 'NONE',  ( 1.000000000000000000, -0.0000000000000000000, -0.0000000000000000000 ) ) ;
#3148 = ORIENTED_EDGE ( 'NONE', *, *, #6183, .T. ) ;
#3149 = VECTOR ( 'NONE', #1666, 1000.000000000000000 ) ;
#3150 = DIRECTION ( 'NONE',  ( 0.0000000000000000000, 0.0000000000000000000, -1.000000000000000000 ) ) ;
#3151 = DIRECTION ( 'NONE',  ( 1.000000000000000000, -0.0000000000000000000, -0.0000000000000000000 ) ) ;
#3152 = VECTOR ( 'NONE', #7884, 1000.000000000000114 ) ;
#3153 = EDGE_LOOP ( 'NONE', ( #7605, #6455, #8006, #5174 ) ) ;
#3154 = EDGE_CURVE ( 'NONE', #7030, #7364, #2533, .T. ) ;
#3155 = DIRECTION ( 'NONE',  ( 1.000000000000000000, -0.0000000000000000000, -0.0000000000000000000 ) ) ;
#3156 = DIRECTION ( 'NONE',  ( 0.0000000000000000000, 0.0000000000000000000, -1.000000000000000000 ) ) ;
#3157 = DIRECTION ( 'NONE',  ( 1.000000000000000000, -0.0000000000000000000, -0.0000000000000000000 ) ) ;
#3158 = ORIENTED_EDGE ( 'NONE', *, *, #5301, .F. ) ;
#3159 = LINE ( 'NONE', #6790, #1785 ) ;
#3160 = DIRECTION ( 'NONE',  ( 1.000000000000000000, -0.0000000000000000000, -0.0000000000000000000 ) ) ;
#3161 = CONICAL_SURFACE ( 'NONE', #7736, 7.650000000000001243, 0.7452555906015766451 ) ;
#3162 = CARTESIAN_POINT ( 'NONE',  ( -38.20706885507219397, 9.123618653647869906E-16, -7.450000000000073008 ) ) ;
#3163 = VERTEX_POINT ( 'NONE', #4865 ) ;
#3164 = EDGE_CURVE ( 'NONE', #7408, #6451, #4483, .T. ) ;
#3165 = ORIENTED_EDGE ( 'NONE', *, *, #1969, .T. ) ;
#3166 = LINE ( 'NONE', #6096, #6192 ) ;
#3167 = EDGE_CURVE ( 'NONE', #1395, #5613, #959, .T. ) ;
#3168 = VECTOR ( 'NONE', #4866, 1000.000000000000000 ) ;
#3169 = CARTESIAN_POINT ( 'NONE',  ( -33.41950071618953899, 0.0000000000000000000, -6.729642571546141205 ) ) ;
#3170 = ORIENTED_EDGE ( 'NONE', *, *, #1925, .F. ) ;
#3171 = CARTESIAN_POINT ( 'NONE',  ( -59.53949604528606443, 0.0000000000000000000, 0.0000000000000000000 ) ) ;
#3172 = ORIENTED_EDGE ( 'NONE', *, *, #7596, .T. ) ;
#3173 = CYLINDRICAL_SURFACE ( 'NONE', #6070, 6.500000000000006217 ) ;
#3174 = CYLINDRICAL_SURFACE ( 'NONE', #1778, 7.200000000003340617 ) ;
#3175 = AXIS2_PLACEMENT_3D ( 'NONE', #6103, #5947, #6076 ) ;
#3176 = ORIENTED_EDGE ( 'NONE', *, *, #1706, .T. ) ;
#3177 = ORIENTED_EDGE ( 'NONE', *, *, #5769, .F. ) ;
#3178 = EDGE_CURVE ( 'NONE', #8206, #5791, #2742, .T. ) ;
#3179 = ORIENTED_EDGE ( 'NONE', *, *, #3966, .F. ) ;
#3180 = DIRECTION ( 'NONE',  ( 0.0000000000000000000, 0.0000000000000000000, -1.000000000000000000 ) ) ;
#3181 = ORIENTED_EDGE ( 'NONE', *, *, #7027, .T. ) ;
#3182 = CARTESIAN_POINT ( 'NONE',  ( -44.64504213944225341, 0.0000000000000000000, -5.729725155218028831 ) ) ;
#3183 = DIRECTION ( 'NONE',  ( 1.000000000000000000, -0.0000000000000000000, -0.0000000000000000000 ) ) ;
#3184 = VECTOR ( 'NONE', #4615, 1000.000000000000000 ) ;
#3185 = ORIENTED_EDGE ( 'NONE', *, *, #3599, .F. ) ;
#3186 = DIRECTION ( 'NONE',  ( 0.0000000000000000000, 0.0000000000000000000, 1.000000000000000000 ) ) ;
#3187 = ADVANCED_FACE ( 'NONE', ( #5792 ), #5603, .T. ) ;
#3188 = AXIS2_PLACEMENT_3D ( 'NONE', #3606, #3475, #2923 ) ;
#3189 = ORIENTED_EDGE ( 'NONE', *, *, #2313, .T. ) ;
#3190 = EDGE_LOOP ( 'NONE', ( #7663, #2967, #3177, #5129 ) ) ;
#3191 = CARTESIAN_POINT ( 'NONE',  ( -92.27193614478049710, 8.817456953865129182E-16, -7.200000000003417888 ) ) ;
#3192 = CARTESIAN_POINT ( 'NONE',  ( -11.52088086035677250, 0.0000000000000000000, 0.0000000000000000000 ) ) ;
#3193 = DIRECTION ( 'NONE',  ( 1.000000000000000000, -0.0000000000000000000, -0.0000000000000000000 ) ) ;
#3194 = ORIENTED_EDGE ( 'NONE', *, *, #2994, .F. ) ;
#3195 = EDGE_LOOP ( 'NONE', ( #344, #7943, #5896, #18 ) ) ;
#3196 = AXIS2_PLACEMENT_3D ( 'NONE', #5790, #5799, #5806 ) ;
#3197 = VECTOR ( 'NONE', #1934, 1000.000000000000000 ) ;
#3198 = CARTESIAN_POINT ( 'NONE',  ( -14.06628488821304579, 0.0000000000000000000, 0.0000000000000000000 ) ) ;
#3199 = VECTOR ( 'NONE', #4456, 1000.000000000000000 ) ;
#3200 = VERTEX_POINT ( 'NONE', #1511 ) ;
#3201 = DIRECTION ( 'NONE',  ( 1.000000000000000000, -0.0000000000000000000, -0.0000000000000000000 ) ) ;
#3202 = ADVANCED_FACE ( 'NONE', ( #7270 ), #2101, .T. ) ;
#3203 = AXIS2_PLACEMENT_3D ( 'NONE', #591, #923, #327 ) ;
#3204 = AXIS2_PLACEMENT_3D ( 'NONE', #7029, #7002, #6951 ) ;
#3205 = EDGE_LOOP ( 'NONE', ( #7527, #1521, #7847, #134 ) ) ;
#3206 = FACE_OUTER_BOUND ( 'NONE', #6976, .T. ) ;
#3207 = EDGE_LOOP ( 'NONE', ( #578, #782, #2777, #6419 ) ) ;
#3208 = DIRECTION ( 'NONE',  ( 0.0000000000000000000, 0.0000000000000000000, -1.000000000000000000 ) ) ;
#3209 = CARTESIAN_POINT ( 'NONE',  ( -12.58157168442802387, 0.0000000000000000000, 0.0000000000000000000 ) ) ;
#3210 = ORIENTED_EDGE ( 'NONE', *, *, #7354, .T. ) ;
#3211 = VERTEX_POINT ( 'NONE', #833 ) ;
#3212 = DIRECTION ( 'NONE',  ( 0.0000000000000000000, 0.0000000000000000000, -1.000000000000000000 ) ) ;
#3213 = EDGE_CURVE ( 'NONE', #8064, #684, #2327, .T. ) ;
#3214 = CIRCLE ( 'NONE', #7781, 6.729642571546160745 ) ;
#3215 = CARTESIAN_POINT ( 'NONE',  ( -33.41950071618953899, 0.0000000000000000000, 0.0000000000000000000 ) ) ;
#3216 = DIRECTION ( 'NONE',  ( 0.0000000000000000000, 0.0000000000000000000, 1.000000000000000000 ) ) ;
#3217 = DIRECTION ( 'NONE',  ( -1.000000000000000000, 0.0000000000000000000, 0.0000000000000000000 ) ) ;
#3218 = VECTOR ( 'NONE', #382, 1000.000000000000000 ) ;
#3219 = VECTOR ( 'NONE', #2040, 1000.000000000000227 ) ;
#3220 = EDGE_CURVE ( 'NONE', #527, #682, #3879, .T. ) ;
#3221 = CARTESIAN_POINT ( 'NONE',  ( -68.65512193534728169, 0.0000000000000000000, -7.200000000003333511 ) ) ;
#3222 = LINE ( 'NONE', #7073, #4977 ) ;
#3223 = DIRECTION ( 'NONE',  ( 1.000000000000000000, -0.0000000000000000000, -0.0000000000000000000 ) ) ;
#3224 = DIRECTION ( 'NONE',  ( -1.000000000000000000, 0.0000000000000000000, 0.0000000000000000000 ) ) ;
#3225 = CIRCLE ( 'NONE', #3352, 6.500000000000007105 ) ;
#3226 = VERTEX_POINT ( 'NONE', #8310 ) ;
#3227 = EDGE_CURVE ( 'NONE', #4092, #6515, #340, .T. ) ;
#3228 = CONICAL_SURFACE ( 'NONE', #2220, 6.729642571546104790, 0.9250245035569997221 ) ;
#3229 = ADVANCED_FACE ( 'NONE', ( #540 ), #6881, .T. ) ;
#3230 = DIRECTION ( 'NONE',  ( 1.000000000000000000, -0.0000000000000000000, -0.0000000000000000000 ) ) ;
#3231 = EDGE_CURVE ( 'NONE', #2697, #2499, #5404, .T. ) ;
#3232 = ORIENTED_EDGE ( 'NONE', *, *, #2033, .F. ) ;
#3233 = VERTEX_POINT ( 'NONE', #7917 ) ;
#3234 = DIRECTION ( 'NONE',  ( 0.0000000000000000000, 0.0000000000000000000, -1.000000000000000000 ) ) ;
#3235 = CARTESIAN_POINT ( 'NONE',  ( -95.73014864328338547, 0.0000000000000000000, 0.0000000000000000000 ) ) ;
#3236 = DIRECTION ( 'NONE',  ( 1.000000000000000000, -0.0000000000000000000, -0.0000000000000000000 ) ) ;
#3237 = EDGE_CURVE ( 'NONE', #6546, #362, #5995, .T. ) ;
#3238 = CIRCLE ( 'NONE', #7313, 6.729642571546150975 ) ;
#3239 = ADVANCED_FACE ( 'NONE', ( #131 ), #5015, .T. ) ;
#3240 = DIRECTION ( 'NONE',  ( 0.8110638189892004357, 0.0000000000000000000, -0.5849576749873903747 ) ) ;
#3241 = CARTESIAN_POINT ( 'NONE',  ( -72.18501276138574951, 0.0000000000000000000, 0.0000000000000000000 ) ) ;
#3242 = CARTESIAN_POINT ( 'NONE',  ( -39.62198214878872449, 0.0000000000000000000, 0.0000000000000000000 ) ) ;
#3243 = AXIS2_PLACEMENT_3D ( 'NONE', #6985, #6774, #6967 ) ;
#3244 = DIRECTION ( 'NONE',  ( 0.0000000000000000000, 1.000000000000000000, -1.224646799147353207E-16 ) ) ;
#3245 = CIRCLE ( 'NONE', #5946, 5.555973865822608992 ) ;
#3246 = ORIENTED_EDGE ( 'NONE', *, *, #6143, .T. ) ;
#3247 = CARTESIAN_POINT ( 'NONE',  ( -78.23673265731918036, 0.0000000000000000000, 0.0000000000000000000 ) ) ;
#3248 = CARTESIAN_POINT ( 'NONE',  ( -37.66424059733912344, 0.0000000000000000000, 0.0000000000000000000 ) ) ;
#3249 = AXIS2_PLACEMENT_3D ( 'NONE', #3198, #6961, #7431 ) ;
#3250 = AXIS2_PLACEMENT_3D ( 'NONE', #1065, #7534, #6390 ) ;
#3251 = DIRECTION ( 'NONE',  ( 0.0000000000000000000, 0.0000000000000000000, -1.000000000000000000 ) ) ;
#3252 = ORIENTED_EDGE ( 'NONE', *, *, #7406, .T. ) ;
#3253 = DIRECTION ( 'NONE',  ( 0.8110638189892164229, 0.0000000000000000000, -0.5849576749873681702 ) ) ;
#3254 = DIRECTION ( 'NONE',  ( 1.000000000000000000, -0.0000000000000000000, -0.0000000000000000000 ) ) ;
#3255 = ORIENTED_EDGE ( 'NONE', *, *, #7852, .F. ) ;
#3256 = FACE_OUTER_BOUND ( 'NONE', #5973, .T. ) ;
#3257 = EDGE_CURVE ( 'NONE', #4513, #3603, #8320, .T. ) ;
#3258 = DIRECTION ( 'NONE',  ( 1.000000000000000000, -0.0000000000000000000, -0.0000000000000000000 ) ) ;
#3259 = CARTESIAN_POINT ( 'NONE',  ( -19.34549591851357064, 8.682526944148744198E-16, 6.729642571546104790 ) ) ;
#3260 = LINE ( 'NONE', #5594, #6278 ) ;
#3261 = ORIENTED_EDGE ( 'NONE', *, *, #2783, .F. ) ;
#3262 = DIRECTION ( 'NONE',  ( -0.6018150231520443816, 9.780464210648345161E-17, -0.7986355100472957158 ) ) ;
#3263 = CARTESIAN_POINT ( 'NONE',  ( -33.96232897392260242, 0.0000000000000000000, 0.0000000000000000000 ) ) ;
#3264 = FACE_OUTER_BOUND ( 'NONE', #4840, .T. ) ;
#3265 = EDGE_CURVE ( 'NONE', #2577, #7850, #3461, .T. ) ;
#3266 = DIRECTION ( 'NONE',  ( 1.000000000000000000, -0.0000000000000000000, -0.0000000000000000000 ) ) ;
#3267 = CARTESIAN_POINT ( 'NONE',  ( -22.15027979278351822, 0.0000000000000000000, -6.729642571546104790 ) ) ;
#3268 = DIRECTION ( 'NONE',  ( 0.6018150231520442706, 9.780464210648347626E-17, 0.7986355100472959379 ) ) ;
#3269 = FACE_OUTER_BOUND ( 'NONE', #6228, .T. ) ;
#3270 = CARTESIAN_POINT ( 'NONE',  ( -20.74788785564854621, 8.241435234649700335E-16, 6.729642571546104790 ) ) ;
#3271 = ADVANCED_FACE ( 'NONE', ( #3264 ), #4805, .T. ) ;
#3272 = ORIENTED_EDGE ( 'NONE', *, *, #7238, .F. ) ;
#3273 = EDGE_CURVE ( 'NONE', #7711, #6343, #6485, .T. ) ;
#3274 = EDGE_LOOP ( 'NONE', ( #8174, #170, #2147, #5640 ) ) ;
#3275 = LINE ( 'NONE', #6560, #5022 ) ;
#3276 = DIRECTION ( 'NONE',  ( 0.0000000000000000000, 0.0000000000000000000, -1.000000000000000000 ) ) ;
#3277 = CONICAL_SURFACE ( 'NONE', #6857, 7.450000000000023270, 0.9250245035569996110 ) ;
#3278 = EDGE_CURVE ( 'NONE', #5451, #3760, #7650, .T. ) ;
#3279 = ADVANCED_FACE ( 'NONE', ( #8139 ), #4587, .T. ) ;
#3280 = ORIENTED_EDGE ( 'NONE', *, *, #7539, .T. ) ;
#3281 = ORIENTED_EDGE ( 'NONE', *, *, #5620, .F. ) ;
#3282 = EDGE_LOOP ( 'NONE', ( #3886, #2817, #2991, #4705 ) ) ;
#3283 = EDGE_CURVE ( 'NONE', #7128, #7283, #7936, .T. ) ;
#3284 = LINE ( 'NONE', #79, #6505 ) ;
#3285 = CARTESIAN_POINT ( 'NONE',  ( -29.17476083503994388, 8.682526944148754059E-16, 6.729642571546111007 ) ) ;
#3286 = DIRECTION ( 'NONE',  ( 1.000000000000000000, -0.0000000000000000000, -0.0000000000000000000 ) ) ;
#3287 = ORIENTED_EDGE ( 'NONE', *, *, #3382, .F. ) ;
#3288 = ORIENTED_EDGE ( 'NONE', *, *, #6035, .F. ) ;
#3289 = CARTESIAN_POINT ( 'NONE',  ( -81.72913566370860394, 0.0000000000000000000, 0.0000000000000000000 ) ) ;
#3290 = ORIENTED_EDGE ( 'NONE', *, *, #2023, .T. ) ;
#3291 = ORIENTED_EDGE ( 'NONE', *, *, #4262, .F. ) ;
#3292 = CIRCLE ( 'NONE', #3133, 7.450000000000062350 ) ;
#3293 = CYLINDRICAL_SURFACE ( 'NONE', #5283, 6.500000000000010658 ) ;
#3294 = AXIS2_PLACEMENT_3D ( 'NONE', #2096, #1941, #1794 ) ;
#3295 = ORIENTED_EDGE ( 'NONE', *, *, #4151, .T. ) ;
#3296 = ORIENTED_EDGE ( 'NONE', *, *, #4096, .F. ) ;
#3297 = ORIENTED_EDGE ( 'NONE', *, *, #3417, .F. ) ;
#3298 = LINE ( 'NONE', #4722, #5046 ) ;
#3299 = CARTESIAN_POINT ( 'NONE',  ( -84.27135729930925834, 8.817456953865060157E-16, -7.200000000003361933 ) ) ;
#3300 = CIRCLE ( 'NONE', #3408, 7.450000000000003730 ) ;
#3301 = AXIS2_PLACEMENT_3D ( 'NONE', #1379, #1374, #3732 ) ;
#3302 = VERTEX_POINT ( 'NONE', #6133 ) ;
#3303 = ORIENTED_EDGE ( 'NONE', *, *, #7142, .F. ) ;
#3304 = DIRECTION ( 'NONE',  ( 0.6018150231520443816, 0.0000000000000000000, -0.7986355100472957158 ) ) ;
#3305 = DIRECTION ( 'NONE',  ( 0.0000000000000000000, 0.0000000000000000000, -1.000000000000000000 ) ) ;
#3306 = AXIS2_PLACEMENT_3D ( 'NONE', #4286, #4335, #4358 ) ;
#3307 = CARTESIAN_POINT ( 'NONE',  ( 0.0000000000000000000, 0.0000000000000000000, -7.200000000003340617 ) ) ;
#3308 = CARTESIAN_POINT ( 'NONE',  ( -66.13329286545233288, 8.817456953865042407E-16, -7.200000000003347722 ) ) ;
#3309 = ORIENTED_EDGE ( 'NONE', *, *, #6834, .T. ) ;
#3310 = LINE ( 'NONE', #3780, #5058 ) ;
#3311 = LINE ( 'NONE', #3162, #1530 ) ;
#3312 = AXIS2_PLACEMENT_3D ( 'NONE', #4603, #4455, #3981 ) ;
#3313 = AXIS2_PLACEMENT_3D ( 'NONE', #7426, #3923, #1254 ) ;
#3314 = CIRCLE ( 'NONE', #3053, 6.500000000000012434 ) ;
#3315 = ADVANCED_FACE ( 'NONE', ( #6281 ), #6090, .T. ) ;
#3316 = DIRECTION ( 'NONE',  ( 1.000000000000000000, -0.0000000000000000000, -0.0000000000000000000 ) ) ;
#3317 = CARTESIAN_POINT ( 'NONE',  ( -32.87667245845646846, 0.0000000000000000000, 0.0000000000000000000 ) ) ;
#3318 = DIRECTION ( 'NONE',  ( 1.000000000000000000, -0.0000000000000000000, -0.0000000000000000000 ) ) ;
#3319 = DIRECTION ( 'NONE',  ( 1.000000000000000000, -0.0000000000000000000, -0.0000000000000000000 ) ) ;
#3320 = CARTESIAN_POINT ( 'NONE',  ( -63.57397597590834692, 0.0000000000000000000, 0.0000000000000000000 ) ) ;
#3321 = CONICAL_SURFACE ( 'NONE', #6682, 6.500000000000007105, 0.6248278722141583641 ) ;
#3322 = CARTESIAN_POINT ( 'NONE',  ( -24.09549998765155365, 0.0000000000000000000, 0.0000000000000000000 ) ) ;
#3323 = LINE ( 'NONE', #4959, #8187 ) ;
#3324 = ORIENTED_EDGE ( 'NONE', *, *, #2488, .F. ) ;
#3325 = ADVANCED_FACE ( 'NONE', ( #6680 ), #1685, .T. ) ;
#3326 = DIRECTION ( 'NONE',  ( -1.000000000000000000, 0.0000000000000000000, 0.0000000000000000000 ) ) ;
#3327 = EDGE_CURVE ( 'NONE', #3200, #7008, #2842, .T. ) ;
#3328 = DIRECTION ( 'NONE',  ( 1.000000000000000000, -0.0000000000000000000, -0.0000000000000000000 ) ) ;
#3329 = DIRECTION ( 'NONE',  ( 0.0000000000000000000, 0.0000000000000000000, -1.000000000000000000 ) ) ;
#3330 = CONICAL_SURFACE ( 'NONE', #2051, 6.500000000000007105, 0.6248278722141583641 ) ;
#3331 = EDGE_LOOP ( 'NONE', ( #4895, #7178, #4185, #2652 ) ) ;
#3332 = EDGE_CURVE ( 'NONE', #466, #3815, #3056, .T. ) ;
#3333 = DIRECTION ( 'NONE',  ( 1.000000000000000000, -0.0000000000000000000, -0.0000000000000000000 ) ) ;
#3334 = EDGE_LOOP ( 'NONE', ( #4618, #250, #6780, #1410 ) ) ;
#3335 = CARTESIAN_POINT ( 'NONE',  ( -21.60745153505045479, 0.0000000000000000000, -7.450000000000002842 ) ) ;
#3336 = EDGE_CURVE ( 'NONE', #2057, #1550, #7748, .T. ) ;
#3337 = DIRECTION ( 'NONE',  ( 0.0000000000000000000, 0.0000000000000000000, -1.000000000000000000 ) ) ;
#3338 = CARTESIAN_POINT ( 'NONE',  ( 0.0000000000000000000, 0.0000000000000000000, -7.200000000003340617 ) ) ;
#3339 = CONICAL_SURFACE ( 'NONE', #2396, 7.200000000000361666, 1.041961563441572869 ) ;
#3340 = EDGE_LOOP ( 'NONE', ( #7009, #7421, #4526, #1072 ) ) ;
#3341 = AXIS2_PLACEMENT_3D ( 'NONE', #902, #866, #1482 ) ;
#3342 = CONICAL_SURFACE ( 'NONE', #1364, 6.729642571546104790, 0.9250245035569997221 ) ;
#3343 = CARTESIAN_POINT ( 'NONE',  ( 0.0000000000000000000, 0.0000000000000000000, 0.0000000000000000000 ) ) ;
#3344 = DIRECTION ( 'NONE',  ( -1.000000000000000000, 0.0000000000000000000, 0.0000000000000000000 ) ) ;
#3345 = EDGE_CURVE ( 'NONE', #5026, #2979, #1054, .T. ) ;
#3346 = DIRECTION ( 'NONE',  ( 0.0000000000000000000, 0.0000000000000000000, -1.000000000000000000 ) ) ;
#3347 = DIRECTION ( 'NONE',  ( 0.0000000000000000000, 0.0000000000000000000, -1.000000000000000000 ) ) ;
#3348 =( GEOMETRIC_REPRESENTATION_CONTEXT ( 3 ) GLOBAL_UNCERTAINTY_ASSIGNED_CONTEXT ( ( #2571 ) ) GLOBAL_UNIT_ASSIGNED_CONTEXT ( ( #4595, #4570, #4498 ) ) REPRESENTATION_CONTEXT ( 'NONE', 'WORKASPACE' ) );
#3349 = CYLINDRICAL_SURFACE ( 'NONE', #207, 7.450000000000038369 ) ;
#3350 = DIRECTION ( 'NONE',  ( 1.000000000000000000, -0.0000000000000000000, -0.0000000000000000000 ) ) ;
#3351 = CARTESIAN_POINT ( 'NONE',  ( -43.78323222973653372, 0.0000000000000000000, -5.470334177092305517 ) ) ;
#3352 = AXIS2_PLACEMENT_3D ( 'NONE', #864, #851, #838 ) ;
#3353 = ADVANCED_FACE ( 'NONE', ( #4376 ), #6331, .T. ) ;
#3354 = CARTESIAN_POINT ( 'NONE',  ( -47.12331345590474996, 9.161791668153744234E-16, 7.481170631836493001 ) ) ;
#3355 = ORIENTED_EDGE ( 'NONE', *, *, #4704, .F. ) ;
#3356 = CYLINDRICAL_SURFACE ( 'NONE', #342, 7.450000000000049027 ) ;
#3357 = FACE_OUTER_BOUND ( 'NONE', #2446, .T. ) ;
#3358 = CARTESIAN_POINT ( 'NONE',  ( -44.64504213944225341, 7.016889571331830903E-16, 5.729725155218028831 ) ) ;
#3359 = DIRECTION ( 'NONE',  ( 0.0000000000000000000, 0.0000000000000000000, 1.000000000000000000 ) ) ;
#3360 = AXIS2_PLACEMENT_3D ( 'NONE', #7430, #8140, #5679 ) ;
#3361 = AXIS2_PLACEMENT_3D ( 'NONE', #7907, #2524, #5860 ) ;
#3362 = DIRECTION ( 'NONE',  ( 1.000000000000000000, -0.0000000000000000000, -0.0000000000000000000 ) ) ;
#3363 = ORIENTED_EDGE ( 'NONE', *, *, #412, .F. ) ;
#3364 = ADVANCED_FACE ( 'NONE', ( #4170 ), #7797, .T. ) ;
#3365 = CIRCLE ( 'NONE', #5117, 6.500000000000007105 ) ;
#3366 = DIRECTION ( 'NONE',  ( 1.000000000000000000, -0.0000000000000000000, -0.0000000000000000000 ) ) ;
#3367 = CIRCLE ( 'NONE', #180, 7.200000000003347722 ) ;
#3368 = DIRECTION ( 'NONE',  ( 0.0000000000000000000, 0.0000000000000000000, -1.000000000000000000 ) ) ;
#3369 = ORIENTED_EDGE ( 'NONE', *, *, #7708, .F. ) ;
#3370 = ORIENTED_EDGE ( 'NONE', *, *, #6834, .F. ) ;
#3371 = CIRCLE ( 'NONE', #8001, 6.729642571546104790 ) ;
#3372 = EDGE_CURVE ( 'NONE', #4555, #5258, #7550, .T. ) ;
#3373 = DIRECTION ( 'NONE',  ( 0.0000000000000000000, 0.0000000000000000000, -1.000000000000000000 ) ) ;
#3374 = LINE ( 'NONE', #5198, #1372 ) ;
#3375 = ORIENTED_EDGE ( 'NONE', *, *, #4147, .T. ) ;
#3376 = EDGE_CURVE ( 'NONE', #4638, #4627, #842, .T. ) ;
#3377 = ORIENTED_EDGE ( 'NONE', *, *, #5604, .T. ) ;
#3378 = VECTOR ( 'NONE', #6450, 1000.000000000000000 ) ;
#3379 = VECTOR ( 'NONE', #7878, 1000.000000000000000 ) ;
#3380 = ORIENTED_EDGE ( 'NONE', *, *, #7503, .T. ) ;
#3381 = ORIENTED_EDGE ( 'NONE', *, *, #6183, .F. ) ;
#3382 = EDGE_CURVE ( 'NONE', #2734, #3652, #1978, .T. ) ;
#3383 = ORIENTED_EDGE ( 'NONE', *, *, #7346, .T. ) ;
#3384 = VERTEX_POINT ( 'NONE', #4148 ) ;
#3385 = CIRCLE ( 'NONE', #5968, 7.200000000003347722 ) ;
#3386 = EDGE_CURVE ( 'NONE', #467, #1089, #5485, .T. ) ;
#3387 = EDGE_LOOP ( 'NONE', ( #2349, #1002, #2168, #7099 ) ) ;
#3388 = ORIENTED_EDGE ( 'NONE', *, *, #3586, .T. ) ;
#3389 = DIRECTION ( 'NONE',  ( 1.000000000000000000, -0.0000000000000000000, -0.0000000000000000000 ) ) ;
#3390 = EDGE_CURVE ( 'NONE', #8366, #2144, #215, .T. ) ;
#3391 = ORIENTED_EDGE ( 'NONE', *, *, #5950, .F. ) ;
#3392 = ORIENTED_EDGE ( 'NONE', *, *, #6658, .T. ) ;
#3393 = LINE ( 'NONE', #1773, #4738 ) ;
#3394 = ADVANCED_FACE ( 'NONE', ( #6959 ), #6768, .T. ) ;
#3395 = CONICAL_SURFACE ( 'NONE', #1890, 7.200000000003432099, 1.041961563440966909 ) ;
#3396 = DIRECTION ( 'NONE',  ( 1.000000000000000000, -0.0000000000000000000, -0.0000000000000000000 ) ) ;
#3397 = DIRECTION ( 'NONE',  ( 0.0000000000000000000, 0.0000000000000000000, 1.000000000000000000 ) ) ;
#3398 = ORIENTED_EDGE ( 'NONE', *, *, #819, .T. ) ;
#3399 = ORIENTED_EDGE ( 'NONE', *, *, #1314, .T. ) ;
#3400 = ORIENTED_EDGE ( 'NONE', *, *, #7648, .F. ) ;
#3401 = EDGE_LOOP ( 'NONE', ( #4962, #8269, #5154, #5354 ) ) ;
#3402 = AXIS2_PLACEMENT_3D ( 'NONE', #6000, #1365, #4899 ) ;
#3403 = LINE ( 'NONE', #1051, #1831 ) ;
#3404 = ADVANCED_FACE ( 'NONE', ( #3547 ), #3349, .T. ) ;
#3405 = VERTEX_POINT ( 'NONE', #3299 ) ;
#3406 = ORIENTED_EDGE ( 'NONE', *, *, #2942, .T. ) ;
#3407 = DIRECTION ( 'NONE',  ( 1.000000000000000000, -0.0000000000000000000, -0.0000000000000000000 ) ) ;
#3408 = AXIS2_PLACEMENT_3D ( 'NONE', #6380, #6082, #6002 ) ;
#3409 = CIRCLE ( 'NONE', #4379, 7.450000000000002842 ) ;
#3410 = CARTESIAN_POINT ( 'NONE',  ( -24.41223540932040237, 0.0000000000000000000, 0.0000000000000000000 ) ) ;
#3411 = DIRECTION ( 'NONE',  ( 0.0000000000000000000, 0.0000000000000000000, -1.000000000000000000 ) ) ;
#3412 = FACE_OUTER_BOUND ( 'NONE', #3282, .T. ) ;
#3413 = VECTOR ( 'NONE', #5006, 1000.000000000000000 ) ;
#3414 = CARTESIAN_POINT ( 'NONE',  ( -91.72985922054768082, 8.388830574161459371E-16, 6.500000000000008882 ) ) ;
#3415 = ORIENTED_EDGE ( 'NONE', *, *, #3435, .F. ) ;
#3416 = AXIS2_PLACEMENT_3D ( 'NONE', #4823, #7400, #3212 ) ;
#3417 = EDGE_CURVE ( 'NONE', #6300, #7335, #5094, .T. ) ;
#3418 = VECTOR ( 'NONE', #7351, 1000.000000000000000 ) ;
#3419 = VECTOR ( 'NONE', #931, 1000.000000000000227 ) ;
#3420 = ORIENTED_EDGE ( 'NONE', *, *, #963, .T. ) ;
#3421 = DIRECTION ( 'NONE',  ( 0.0000000000000000000, 0.0000000000000000000, -1.000000000000000000 ) ) ;
#3422 = CARTESIAN_POINT ( 'NONE',  ( 0.0000000000000000000, 0.0000000000000000000, -7.200000000003432099 ) ) ;
#3423 = DIRECTION ( 'NONE',  ( 1.000000000000000000, -0.0000000000000000000, -0.0000000000000000000 ) ) ;
#3424 = EDGE_CURVE ( 'NONE', #1721, #3110, #3, .T. ) ;
#3425 = FACE_OUTER_BOUND ( 'NONE', #1180, .T. ) ;
#3426 = ORIENTED_EDGE ( 'NONE', *, *, #573, .T. ) ;
#3427 = VERTEX_POINT ( 'NONE', #3495 ) ;
#3428 = EDGE_CURVE ( 'NONE', #561, #5181, #6569, .T. ) ;
#3429 = DIRECTION ( 'NONE',  ( 0.0000000000000000000, 0.0000000000000000000, -1.000000000000000000 ) ) ;
#3430 = DIRECTION ( 'NONE',  ( 0.0000000000000000000, 0.0000000000000000000, -1.000000000000000000 ) ) ;
#3431 = DIRECTION ( 'NONE',  ( 1.000000000000000000, -0.0000000000000000000, -0.0000000000000000000 ) ) ;
#3432 = ADVANCED_FACE ( 'NONE', ( #1771 ), #4682, .T. ) ;
#3433 = ORIENTED_EDGE ( 'NONE', *, *, #376, .F. ) ;
#3434 = LINE ( 'NONE', #3616, #6656 ) ;
#3435 = EDGE_CURVE ( 'NONE', #1395, #3603, #6363, .T. ) ;
#3436 = CARTESIAN_POINT ( 'NONE',  ( 0.0000000000000000000, 8.817456953865034519E-16, 7.200000000003340617 ) ) ;
#3437 = EDGE_CURVE ( 'NONE', #6382, #969, #8019, .T. ) ;
#3438 = DIRECTION ( 'NONE',  ( -1.000000000000000000, 0.0000000000000000000, 0.0000000000000000000 ) ) ;
#3439 = DIRECTION ( 'NONE',  ( 1.000000000000000000, -0.0000000000000000000, -0.0000000000000000000 ) ) ;
#3440 = DIRECTION ( 'NONE',  ( 1.000000000000000000, -0.0000000000000000000, -0.0000000000000000000 ) ) ;
#3441 = CYLINDRICAL_SURFACE ( 'NONE', #5096, 6.500000000000006217 ) ;
#3442 = ADVANCED_FACE ( 'NONE', ( #3138 ), #7826, .T. ) ;
#3443 = ORIENTED_EDGE ( 'NONE', *, *, #6145, .T. ) ;
#3444 = AXIS2_PLACEMENT_3D ( 'NONE', #3317, #3286, #3208 ) ;
#3445 = DIRECTION ( 'NONE',  ( 0.0000000000000000000, 0.0000000000000000000, -1.000000000000000000 ) ) ;
#3446 = DIRECTION ( 'NONE',  ( 1.000000000000000000, -0.0000000000000000000, -0.0000000000000000000 ) ) ;
#3447 = LINE ( 'NONE', #3502, #1672 ) ;
#3448 = CARTESIAN_POINT ( 'NONE',  ( -21.29071611338160608, 9.123618653647785104E-16, -7.450000000000002842 ) ) ;
#3449 = AXIS2_PLACEMENT_3D ( 'NONE', #4043, #4018, #3995 ) ;
#3450 = VERTEX_POINT ( 'NONE', #2149 ) ;
#3451 = DIRECTION ( 'NONE',  ( 0.0000000000000000000, 0.0000000000000000000, -1.000000000000000000 ) ) ;
#3452 = DIRECTION ( 'NONE',  ( -0.5045276238140548042, 0.0000000000000000000, 0.8633955506073353048 ) ) ;
#3453 = DIRECTION ( 'NONE',  ( 0.0000000000000000000, 0.0000000000000000000, -1.000000000000000000 ) ) ;
#3454 = DIRECTION ( 'NONE',  ( 0.0000000000000000000, 0.0000000000000000000, -1.000000000000000000 ) ) ;
#3455 = LINE ( 'NONE', #2540, #1885 ) ;
#3456 = AXIS2_PLACEMENT_3D ( 'NONE', #1388, #1402, #1437 ) ;
#3457 = LINE ( 'NONE', #4774, #1682 ) ;
#3458 = CARTESIAN_POINT ( 'NONE',  ( 0.0000000000000000000, 0.0000000000000000000, 0.0000000000000000000 ) ) ;
#3459 = EDGE_LOOP ( 'NONE', ( #2920, #1405, #3681, #1068 ) ) ;
#3460 = CARTESIAN_POINT ( 'NONE',  ( 0.0000000000000000000, 0.0000000000000000000, 0.0000000000000000000 ) ) ;
#3461 = LINE ( 'NONE', #7371, #3659 ) ;
#3462 = DIRECTION ( 'NONE',  ( 0.0000000000000000000, 0.0000000000000000000, 1.000000000000000000 ) ) ;
#3463 = CARTESIAN_POINT ( 'NONE',  ( -55.63804606567189381, 0.0000000000000000000, 0.0000000000000000000 ) ) ;
#3464 = LINE ( 'NONE', #35, #1688 ) ;
#3465 = AXIS2_PLACEMENT_3D ( 'NONE', #7162, #7039, #6823 ) ;
#3466 = AXIS2_PLACEMENT_3D ( 'NONE', #5882, #5508, #5589 ) ;
#3467 = DIRECTION ( 'NONE',  ( 1.000000000000000000, -0.0000000000000000000, -0.0000000000000000000 ) ) ;
#3468 = DIRECTION ( 'NONE',  ( 0.0000000000000000000, 0.0000000000000000000, -1.000000000000000000 ) ) ;
#3469 = EDGE_LOOP ( 'NONE', ( #8392, #7589, #995, #5532 ) ) ;
#3470 = VERTEX_POINT ( 'NONE', #2116 ) ;
#3471 = CIRCLE ( 'NONE', #3737, 7.200000000003347722 ) ;
#3472 = FACE_OUTER_BOUND ( 'NONE', #4258, .T. ) ;
#3473 = CARTESIAN_POINT ( 'NONE',  ( -85.86245503745173835, 0.0000000000000000000, 0.0000000000000000000 ) ) ;
#3474 = DIRECTION ( 'NONE',  ( 1.000000000000000000, -0.0000000000000000000, -0.0000000000000000000 ) ) ;
#3475 = DIRECTION ( 'NONE',  ( 1.000000000000000000, -0.0000000000000000000, -0.0000000000000000000 ) ) ;
#3476 = ORIENTED_EDGE ( 'NONE', *, *, #7139, .T. ) ;
#3477 = ORIENTED_EDGE ( 'NONE', *, *, #2444, .T. ) ;
#3478 = EDGE_CURVE ( 'NONE', #5613, #3652, #8212, .T. ) ;
#3479 = VERTEX_POINT ( 'NONE', #2256 ) ;
#3480 = CARTESIAN_POINT ( 'NONE',  ( -31.46175916473993439, 0.0000000000000000000, 0.0000000000000000000 ) ) ;
#3481 = VECTOR ( 'NONE', #8291, 1000.000000000000000 ) ;
#3482 = VERTEX_POINT ( 'NONE', #2486 ) ;
#3483 = ORIENTED_EDGE ( 'NONE', *, *, #7600, .T. ) ;
#3484 = EDGE_LOOP ( 'NONE', ( #5972, #2470, #6017, #3097 ) ) ;
#3485 = ADVANCED_FACE ( 'NONE', ( #2929 ), #934, .T. ) ;
#3486 = DIRECTION ( 'NONE',  ( 1.000000000000000000, -0.0000000000000000000, -0.0000000000000000000 ) ) ;
#3487 = EDGE_CURVE ( 'NONE', #6343, #8074, #2720, .T. ) ;
#3488 = DIRECTION ( 'NONE',  ( 0.6018150231520443816, 0.0000000000000000000, -0.7986355100472957158 ) ) ;
#3489 = CARTESIAN_POINT ( 'NONE',  ( -89.72971450917985692, 0.0000000000000000000, -6.500000000000012434 ) ) ;
#3490 = ORIENTED_EDGE ( 'NONE', *, *, #2276, .T. ) ;
#3491 = ORIENTED_EDGE ( 'NONE', *, *, #703, .F. ) ;
#3492 = FACE_OUTER_BOUND ( 'NONE', #2354, .T. ) ;
#3493 = CIRCLE ( 'NONE', #4386, 6.729642571546105678 ) ;
#3494 = CARTESIAN_POINT ( 'NONE',  ( -24.09549998765155365, 0.0000000000000000000, 0.0000000000000000000 ) ) ;
#3495 = CARTESIAN_POINT ( 'NONE',  ( -85.86245503745173835, 7.960204194457810268E-16, 6.500000000000010658 ) ) ;
#3496 = AXIS2_PLACEMENT_3D ( 'NONE', #3714, #1780, #1938 ) ;
#3497 = VERTEX_POINT ( 'NONE', #1474 ) ;
#3498 = ORIENTED_EDGE ( 'NONE', *, *, #132, .T. ) ;
#3499 = DIRECTION ( 'NONE',  ( 0.0000000000000000000, 0.0000000000000000000, -1.000000000000000000 ) ) ;
#3500 = CARTESIAN_POINT ( 'NONE',  ( -77.82768568409458965, 0.0000000000000000000, 0.0000000000000000000 ) ) ;
#3501 = CARTESIAN_POINT ( 'NONE',  ( 0.0000000000000000000, 7.960204194457804352E-16, 6.500000000000006217 ) ) ;
#3502 = CARTESIAN_POINT ( 'NONE',  ( -75.67741576777518731, 0.0000000000000000000, -6.500000000000007105 ) ) ;
#3503 = ORIENTED_EDGE ( 'NONE', *, *, #5197, .T. ) ;
#3504 = FACE_OUTER_BOUND ( 'NONE', #1788, .T. ) ;
#3505 = CARTESIAN_POINT ( 'NONE',  ( -35.70649904588952950, 0.0000000000000000000, -7.450000000000062350 ) ) ;
#3506 = CONICAL_SURFACE ( 'NONE', #7832, 7.200000000003347722, 1.041961563441776040 ) ;
#3507 = AXIS2_PLACEMENT_3D ( 'NONE', #5554, #5548, #5491 ) ;
#3508 = VERTEX_POINT ( 'NONE', #1262 ) ;
#3509 = ORIENTED_EDGE ( 'NONE', *, *, #7539, .F. ) ;
#3510 = EDGE_CURVE ( 'NONE', #5541, #7806, #7630, .T. ) ;
#3511 = CIRCLE ( 'NONE', #3773, 6.500000000000007105 ) ;
#3512 = DIRECTION ( 'NONE',  ( 0.0000000000000000000, 0.0000000000000000000, -1.000000000000000000 ) ) ;
#3513 = DIRECTION ( 'NONE',  ( 1.000000000000000000, -0.0000000000000000000, -0.0000000000000000000 ) ) ;
#3514 = CARTESIAN_POINT ( 'NONE',  ( -57.65528603098304927, 0.0000000000000000000, 0.0000000000000000000 ) ) ;
#3515 = LINE ( 'NONE', #4224, #8180 ) ;
#3516 = CYLINDRICAL_SURFACE ( 'NONE', #2608, 6.500000000000006217 ) ;
#3517 = AXIS2_PLACEMENT_3D ( 'NONE', #4265, #4230, #4223 ) ;
#3518 = CARTESIAN_POINT ( 'NONE',  ( -65.72424589222767111, 0.0000000000000000000, 0.0000000000000000000 ) ) ;
#3519 = DIRECTION ( 'NONE',  ( 0.0000000000000000000, 0.0000000000000000000, -1.000000000000000000 ) ) ;
#3520 = CONICAL_SURFACE ( 'NONE', #5004, 6.500000000000012434, 0.6248278722141856756 ) ;
#3521 = CONICAL_SURFACE ( 'NONE', #53, 7.200000000003347722, 1.041961563441776040 ) ;
#3522 = AXIS2_PLACEMENT_3D ( 'NONE', #186, #152, #3251 ) ;
#3523 = AXIS2_PLACEMENT_3D ( 'NONE', #89, #856, #8049 ) ;
#3524 = EDGE_LOOP ( 'NONE', ( #5859, #4713, #4602, #3287 ) ) ;
#3525 = DIRECTION ( 'NONE',  ( 1.000000000000000000, -0.0000000000000000000, -0.0000000000000000000 ) ) ;
#3526 = DIRECTION ( 'NONE',  ( 1.000000000000000000, -0.0000000000000000000, -0.0000000000000000000 ) ) ;
#3527 = CARTESIAN_POINT ( 'NONE',  ( -32.54741568020606479, 0.0000000000000000000, 0.0000000000000000000 ) ) ;
#3528 = CYLINDRICAL_SURFACE ( 'NONE', #2956, 7.200000000003361933 ) ;
#3529 = DIRECTION ( 'NONE',  ( 1.000000000000000000, -0.0000000000000000000, -0.0000000000000000000 ) ) ;
#3530 = ORIENTED_EDGE ( 'NONE', *, *, #7346, .F. ) ;
#3531 = DIRECTION ( 'NONE',  ( 0.6018150231520442706, 9.780464210648347626E-17, 0.7986355100472959379 ) ) ;
#3532 = ADVANCED_FACE ( 'NONE', ( #1569 ), #732, .T. ) ;
#3533 = EDGE_CURVE ( 'NONE', #306, #1522, #4261, .T. ) ;
#3534 = VECTOR ( 'NONE', #2895, 1000.000000000000000 ) ;
#3535 = DIRECTION ( 'NONE',  ( 0.0000000000000000000, 1.000000000000000000, -1.224646799147353207E-16 ) ) ;
#3536 = ORIENTED_EDGE ( 'NONE', *, *, #4653, .T. ) ;
#3537 = EDGE_CURVE ( 'NONE', #3479, #5786, #6170, .T. ) ;
#3538 = LINE ( 'NONE', #6036, #6763 ) ;
#3539 = DIRECTION ( 'NONE',  ( 1.000000000000000000, -0.0000000000000000000, -0.0000000000000000000 ) ) ;
#3540 = ORIENTED_EDGE ( 'NONE', *, *, #2266, .T. ) ;
#3541 = EDGE_CURVE ( 'NONE', #4220, #1052, #2511, .T. ) ;
#3542 = DIRECTION ( 'NONE',  ( 1.000000000000000000, -0.0000000000000000000, -0.0000000000000000000 ) ) ;
#3543 = CARTESIAN_POINT ( 'NONE',  ( -57.52225607997492318, 0.0000000000000000000, -6.500000000000007105 ) ) ;
#3544 = CARTESIAN_POINT ( 'NONE',  ( -65.72424589222767111, 0.0000000000000000000, -6.500000000000005329 ) ) ;
#3545 = DIRECTION ( 'NONE',  ( -0.5045276238147067271, 1.057354597448873111E-16, -0.8633955506069542762 ) ) ;
#3546 = EDGE_CURVE ( 'NONE', #3302, #2936, #4055, .T. ) ;
#3547 = FACE_OUTER_BOUND ( 'NONE', #160, .T. ) ;
#3548 = EDGE_CURVE ( 'NONE', #2144, #2057, #7442, .T. ) ;
#3549 = DIRECTION ( 'NONE',  ( -1.000000000000000000, 0.0000000000000000000, 0.0000000000000000000 ) ) ;
#3550 = DIRECTION ( 'NONE',  ( 1.000000000000000000, -0.0000000000000000000, -0.0000000000000000000 ) ) ;
#3551 = FACE_OUTER_BOUND ( 'NONE', #7435, .T. ) ;
#3552 = LINE ( 'NONE', #3808, #1579 ) ;
#3553 = AXIS2_PLACEMENT_3D ( 'NONE', #5797, #5674, #5774 ) ;
#3554 = DIRECTION ( 'NONE',  ( 0.0000000000000000000, 0.0000000000000000000, 1.000000000000000000 ) ) ;
#3555 = ORIENTED_EDGE ( 'NONE', *, *, #145, .T. ) ;
#3556 = FACE_OUTER_BOUND ( 'NONE', #7522, .T. ) ;
#3557 = AXIS2_PLACEMENT_3D ( 'NONE', #6341, #307, #297 ) ;
#3558 = ADVANCED_FACE ( 'NONE', ( #7249 ), #7053, .T. ) ;
#3559 = ORIENTED_EDGE ( 'NONE', *, *, #2882, .F. ) ;
#3560 = EDGE_LOOP ( 'NONE', ( #7656, #7853, #6394, #8234 ) ) ;
#3561 = VECTOR ( 'NONE', #3268, 1000.000000000000227 ) ;
#3562 = AXIS2_PLACEMENT_3D ( 'NONE', #1556, #280, #227 ) ;
#3563 = VECTOR ( 'NONE', #7793, 1000.000000000000000 ) ;
#3564 = ORIENTED_EDGE ( 'NONE', *, *, #2820, .F. ) ;
#3565 = CARTESIAN_POINT ( 'NONE',  ( -47.09540270340816193, 8.550423025156895221E-16, 6.981950249745504600 ) ) ;
#3566 = CARTESIAN_POINT ( 'NONE',  ( -33.96232897392260242, 9.123618653647834407E-16, -7.450000000000043698 ) ) ;
#3567 = ORIENTED_EDGE ( 'NONE', *, *, #5876, .T. ) ;
#3568 = ORIENTED_EDGE ( 'NONE', *, *, #7542, .T. ) ;
#3569 = EDGE_LOOP ( 'NONE', ( #4183, #7970, #3893, #5335 ) ) ;
#3570 = DIRECTION ( 'NONE',  ( 1.000000000000000000, -0.0000000000000000000, -0.0000000000000000000 ) ) ;
#3571 = FACE_OUTER_BOUND ( 'NONE', #5976, .T. ) ;
#3572 = AXIS2_PLACEMENT_3D ( 'NONE', #985, #926, #6349 ) ;
#3573 = AXIS2_PLACEMENT_3D ( 'NONE', #5601, #5512, #6073 ) ;
#3574 = DIRECTION ( 'NONE',  ( 0.0000000000000000000, 0.0000000000000000000, -1.000000000000000000 ) ) ;
#3575 = CARTESIAN_POINT ( 'NONE',  ( -19.34549591851357064, 0.0000000000000000000, 0.0000000000000000000 ) ) ;
#3576 = DIRECTION ( 'NONE',  ( 1.000000000000000000, -0.0000000000000000000, -0.0000000000000000000 ) ) ;
#3577 = VECTOR ( 'NONE', #7516, 1000.000000000000000 ) ;
#3578 = DIRECTION ( 'NONE',  ( 0.0000000000000000000, 0.0000000000000000000, -1.000000000000000000 ) ) ;
#3579 = VERTEX_POINT ( 'NONE', #6667 ) ;
#3580 = EDGE_LOOP ( 'NONE', ( #153, #5035, #1282, #7487 ) ) ;
#3581 = ORIENTED_EDGE ( 'NONE', *, *, #5569, .F. ) ;
#3582 = ORIENTED_EDGE ( 'NONE', *, *, #2775, .T. ) ;
#3583 = LINE ( 'NONE', #1407, #4000 ) ;
#3584 = CARTESIAN_POINT ( 'NONE',  ( -13.65714082121639095, 0.0000000000000000000, -6.907047484595389086 ) ) ;
#3585 = ORIENTED_EDGE ( 'NONE', *, *, #5247, .F. ) ;
#3586 = EDGE_CURVE ( 'NONE', #7665, #4026, #2077, .T. ) ;
#3587 = DIRECTION ( 'NONE',  ( 1.000000000000000000, -0.0000000000000000000, -0.0000000000000000000 ) ) ;
#3588 = CARTESIAN_POINT ( 'NONE',  ( -27.75984754132340981, 8.241435234649701321E-16, 6.729642571546105678 ) ) ;
#3589 = ORIENTED_EDGE ( 'NONE', *, *, #7770, .T. ) ;
#3590 = ORIENTED_EDGE ( 'NONE', *, *, #7972, .T. ) ;
#3591 = CIRCLE ( 'NONE', #1045, 6.500000000000007105 ) ;
#3592 = CIRCLE ( 'NONE', #1006, 7.450000000000033040 ) ;
#3593 = EDGE_LOOP ( 'NONE', ( #2660, #3172, #6257, #6491 ) ) ;
#3594 = EDGE_CURVE ( 'NONE', #5186, #2903, #317, .T. ) ;
#3595 = ORIENTED_EDGE ( 'NONE', *, *, #1431, .F. ) ;
#3596 = ORIENTED_EDGE ( 'NONE', *, *, #8085, .T. ) ;
#3597 = CARTESIAN_POINT ( 'NONE',  ( 0.0000000000000000000, 0.0000000000000000000, -6.500000000000012434 ) ) ;
#3598 = CARTESIAN_POINT ( 'NONE',  ( -66.63788197003614755, 0.0000000000000000000, 0.0000000000000000000 ) ) ;
#3599 = EDGE_CURVE ( 'NONE', #4394, #7292, #5387, .T. ) ;
#3600 = ORIENTED_EDGE ( 'NONE', *, *, #2644, .F. ) ;
#3601 = FACE_OUTER_BOUND ( 'NONE', #3734, .T. ) ;
#3602 = CARTESIAN_POINT ( 'NONE',  ( 0.0000000000000000000, 0.0000000000000000000, 0.0000000000000000000 ) ) ;
#3603 = VERTEX_POINT ( 'NONE', #5405 ) ;
#3604 = DIRECTION ( 'NONE',  ( 1.000000000000000000, -0.0000000000000000000, -0.0000000000000000000 ) ) ;
#3605 = DIRECTION ( 'NONE',  ( 0.0000000000000000000, 1.224646799147353947E-16, 1.000000000000000000 ) ) ;
#3606 = CARTESIAN_POINT ( 'NONE',  ( -81.72913566370860394, 0.0000000000000000000, 0.0000000000000000000 ) ) ;
#3607 = DIRECTION ( 'NONE',  ( 1.000000000000000000, -0.0000000000000000000, -0.0000000000000000000 ) ) ;
#3608 = DIRECTION ( 'NONE',  ( 0.0000000000000000000, 0.0000000000000000000, -1.000000000000000000 ) ) ;
#3609 = AXIS2_PLACEMENT_3D ( 'NONE', #5539, #5575, #5559 ) ;
#3610 = ADVANCED_FACE ( 'NONE', ( #107 ), #3441, .T. ) ;
#3611 = EDGE_CURVE ( 'NONE', #7024, #1721, #3641, .T. ) ;
#3612 = CYLINDRICAL_SURFACE ( 'NONE', #5277, 7.200000000003340617 ) ;
#3613 = CARTESIAN_POINT ( 'NONE',  ( -26.35745560418843780, 0.0000000000000000000, 0.0000000000000000000 ) ) ;
#3614 = CYLINDRICAL_SURFACE ( 'NONE', #1218, 6.500000000000011546 ) ;
#3615 = ORIENTED_EDGE ( 'NONE', *, *, #3880, .T. ) ;
#3616 = CARTESIAN_POINT ( 'NONE',  ( -22.15027979278351822, 0.0000000000000000000, -6.729642571546104790 ) ) ;
#3617 = AXIS2_PLACEMENT_3D ( 'NONE', #2797, #2779, #2718 ) ;
#3618 = ORIENTED_EDGE ( 'NONE', *, *, #3478, .F. ) ;
#3619 = AXIS2_PLACEMENT_3D ( 'NONE', #5170, #5205, #5226 ) ;
#3620 = LINE ( 'NONE', #7692, #86 ) ;
#3621 = CYLINDRICAL_SURFACE ( 'NONE', #4227, 7.200000000003340617 ) ;
#3622 = EDGE_LOOP ( 'NONE', ( #4920, #1616, #2609, #3303 ) ) ;
#3623 = DIRECTION ( 'NONE',  ( 1.000000000000000000, -0.0000000000000000000, -0.0000000000000000000 ) ) ;
#3624 = DIRECTION ( 'NONE',  ( 1.000000000000000000, -0.0000000000000000000, -0.0000000000000000000 ) ) ;
#3625 = DIRECTION ( 'NONE',  ( 0.0000000000000000000, 0.0000000000000000000, -1.000000000000000000 ) ) ;
#3626 = AXIS2_PLACEMENT_3D ( 'NONE', #292, #225, #203 ) ;
#3627 = AXIS2_PLACEMENT_3D ( 'NONE', #4436, #958, #1104 ) ;
#3628 = DIRECTION ( 'NONE',  ( 0.0000000000000000000, 0.0000000000000000000, -1.000000000000000000 ) ) ;
#3629 = FACE_OUTER_BOUND ( 'NONE', #1833, .T. ) ;
#3630 = DIRECTION ( 'NONE',  ( 0.0000000000000000000, 0.0000000000000000000, -1.000000000000000000 ) ) ;
#3631 = ORIENTED_EDGE ( 'NONE', *, *, #6672, .F. ) ;
#3632 = DIRECTION ( 'NONE',  ( 1.000000000000000000, -0.0000000000000000000, -0.0000000000000000000 ) ) ;
#3633 = DIRECTION ( 'NONE',  ( 1.000000000000000000, -0.0000000000000000000, -0.0000000000000000000 ) ) ;
#3634 = DIRECTION ( 'NONE',  ( 0.0000000000000000000, 0.0000000000000000000, -1.000000000000000000 ) ) ;
#3635 = FACE_OUTER_BOUND ( 'NONE', #2589, .T. ) ;
#3636 =( NAMED_UNIT ( * ) PLANE_ANGLE_UNIT ( ) SI_UNIT ( $, .RADIAN. ) );
#3637 = EDGE_CURVE ( 'NONE', #2764, #6182, #3851, .T. ) ;
#3638 = DIRECTION ( 'NONE',  ( 1.000000000000000000, -0.0000000000000000000, -0.0000000000000000000 ) ) ;
#3639 = DIRECTION ( 'NONE',  ( 0.0000000000000000000, 0.0000000000000000000, -1.000000000000000000 ) ) ;
#3640 = CARTESIAN_POINT ( 'NONE',  ( 0.0000000000000000000, 0.0000000000000000000, 0.0000000000000000000 ) ) ;
#3641 = LINE ( 'NONE', #2186, #6862 ) ;
#3642 = EDGE_CURVE ( 'NONE', #7402, #4390, #5192, .T. ) ;
#3643 = CARTESIAN_POINT ( 'NONE',  ( -63.57397597590834692, 0.0000000000000000000, 0.0000000000000000000 ) ) ;
#3644 = ADVANCED_FACE ( 'NONE', ( #1668 ), #4786, .T. ) ;
#3645 = CARTESIAN_POINT ( 'NONE',  ( -38.20706885507219397, 0.0000000000000000000, 0.0000000000000000000 ) ) ;
#3646 = EDGE_CURVE ( 'NONE', #1096, #5329, #6464, .T. ) ;
#3647 = CARTESIAN_POINT ( 'NONE',  ( -28.30267579905647324, 0.0000000000000000000, 0.0000000000000000000 ) ) ;
#3648 = CARTESIAN_POINT ( 'NONE',  ( 0.0000000000000000000, 0.0000000000000000000, 0.0000000000000000000 ) ) ;
#3649 = FACE_OUTER_BOUND ( 'NONE', #4848, .T. ) ;
#3650 = EDGE_CURVE ( 'NONE', #4284, #1338, #3245, .T. ) ;
#3651 = DIRECTION ( 'NONE',  ( 1.000000000000000000, -0.0000000000000000000, -0.0000000000000000000 ) ) ;
#3652 = VERTEX_POINT ( 'NONE', #2502 ) ;
#3653 = EDGE_CURVE ( 'NONE', #8366, #4921, #6659, .T. ) ;
#3654 = DIRECTION ( 'NONE',  ( 1.000000000000000000, -0.0000000000000000000, -0.0000000000000000000 ) ) ;
#3655 = VECTOR ( 'NONE', #4041, 1000.000000000000000 ) ;
#3656 = DIRECTION ( 'NONE',  ( 1.000000000000000000, -0.0000000000000000000, -0.0000000000000000000 ) ) ;
#3657 = CIRCLE ( 'NONE', #5910, 7.200000000003375256 ) ;
#3658 = ORIENTED_EDGE ( 'NONE', *, *, #3164, .F. ) ;
#3659 = VECTOR ( 'NONE', #7485, 1000.000000000000114 ) ;
#3660 = DIRECTION ( 'NONE',  ( -0.0000000000000000000, -1.000000000000000000, -0.0000000000000000000 ) ) ;
#3661 = CYLINDRICAL_SURFACE ( 'NONE', #5282, 7.200000000003340617 ) ;
#3662 = AXIS2_PLACEMENT_3D ( 'NONE', #6465, #6423, #6409 ) ;
#3663 = DIRECTION ( 'NONE',  ( 1.000000000000000000, -0.0000000000000000000, -0.0000000000000000000 ) ) ;
#3664 = DIRECTION ( 'NONE',  ( 1.000000000000000000, -0.0000000000000000000, -0.0000000000000000000 ) ) ;
#3665 = ORIENTED_EDGE ( 'NONE', *, *, #6282, .F. ) ;
#3666 = ORIENTED_EDGE ( 'NONE', *, *, #5041, .F. ) ;
#3667 = CARTESIAN_POINT ( 'NONE',  ( -19.88832417624663407, 0.0000000000000000000, 0.0000000000000000000 ) ) ;
#3668 = CIRCLE ( 'NONE', #4175, 6.729642571546104790 ) ;
#3669 = CONICAL_SURFACE ( 'NONE', #5587, 6.500000000000007105, 0.6248278722141583641 ) ;
#3670 = AXIS2_PLACEMENT_3D ( 'NONE', #8215, #7543, #8355 ) ;
#3671 = AXIS2_PLACEMENT_3D ( 'NONE', #4318, #4198, #3974 ) ;
#3672 = ORIENTED_EDGE ( 'NONE', *, *, #3969, .T. ) ;
#3673 = ORIENTED_EDGE ( 'NONE', *, *, #135, .F. ) ;
#3674 = DIRECTION ( 'NONE',  ( -0.6018150231520443816, 0.0000000000000000000, 0.7986355100472957158 ) ) ;
#3675 =( LENGTH_UNIT ( ) NAMED_UNIT ( * ) SI_UNIT ( .MILLI., .METRE. ) );
#3676 = ORIENTED_EDGE ( 'NONE', *, *, #8014, .F. ) ;
#3677 = ORIENTED_EDGE ( 'NONE', *, *, #8173, .T. ) ;
#3678 = ORIENTED_EDGE ( 'NONE', *, *, #7394, .T. ) ;
#3679 = FACE_OUTER_BOUND ( 'NONE', #474, .T. ) ;
#3680 = VERTEX_POINT ( 'NONE', #8098 ) ;
#3681 = ORIENTED_EDGE ( 'NONE', *, *, #4420, .F. ) ;
#3682 = EDGE_LOOP ( 'NONE', ( #6266, #7773, #1808, #5107 ) ) ;
#3683 = CARTESIAN_POINT ( 'NONE',  ( -22.69310805051658164, 0.0000000000000000000, 0.0000000000000000000 ) ) ;
#3684 = EDGE_LOOP ( 'NONE', ( #3281, #1699, #5230, #1910 ) ) ;
#3685 = CARTESIAN_POINT ( 'NONE',  ( -22.69310805051658164, 0.0000000000000000000, 0.0000000000000000000 ) ) ;
#3686 = ORIENTED_EDGE ( 'NONE', *, *, #5291, .T. ) ;
#3687 = EDGE_CURVE ( 'NONE', #2292, #2325, #1458, .T. ) ;
#3688 = FACE_OUTER_BOUND ( 'NONE', #2971, .T. ) ;
#3689 = CARTESIAN_POINT ( 'NONE',  ( -89.86274446018727247, 0.0000000000000000000, -6.500000000000008882 ) ) ;
#3690 = VECTOR ( 'NONE', #1150, 1000.000000000000227 ) ;
#3691 = ORIENTED_EDGE ( 'NONE', *, *, #1918, .F. ) ;
#3692 = CARTESIAN_POINT ( 'NONE',  ( -55.50501611466378193, 0.0000000000000000000, 0.0000000000000000000 ) ) ;
#3693 = ADVANCED_FACE ( 'NONE', ( #8121 ), #4994, .T. ) ;
#3694 = ORIENTED_EDGE ( 'NONE', *, *, #6865, .T. ) ;
#3695 = ORIENTED_EDGE ( 'NONE', *, *, #3976, .T. ) ;
#3696 = EDGE_CURVE ( 'NONE', #6741, #1475, #1241, .T. ) ;
#3697 = CARTESIAN_POINT ( 'NONE',  ( -17.08354030197668649, 9.123618653647785104E-16, -7.450000000000002842 ) ) ;
#3698 = CARTESIAN_POINT ( 'NONE',  ( -33.25000000000000000, 0.0000000000000000000, -2.299999999999999822 ) ) ;
#3699 = ORIENTED_EDGE ( 'NONE', *, *, #1860, .T. ) ;
#3700 = VECTOR ( 'NONE', #5284, 1000.000000000000000 ) ;
#3701 = CONICAL_SURFACE ( 'NONE', #7007, 7.200000000003389466, 1.041961563440927385 ) ;
#3702 = CARTESIAN_POINT ( 'NONE',  ( -32.00458742247300137, 0.0000000000000000000, 0.0000000000000000000 ) ) ;
#3703 = ORIENTED_EDGE ( 'NONE', *, *, #2329, .T. ) ;
#3704 = EDGE_CURVE ( 'NONE', #5451, #6413, #6267, .T. ) ;
#3705 = ORIENTED_EDGE ( 'NONE', *, *, #2192, .T. ) ;
#3706 = CARTESIAN_POINT ( 'NONE',  ( 0.0000000000000000000, 0.0000000000000000000, 0.0000000000000000000 ) ) ;
#3707 = DIRECTION ( 'NONE',  ( 1.000000000000000000, -0.0000000000000000000, -0.0000000000000000000 ) ) ;
#3708 = EDGE_CURVE ( 'NONE', #5541, #345, #4563, .T. ) ;
#3709 = CONICAL_SURFACE ( 'NONE', #1561, 6.500000000000007105, 0.6248278722141583641 ) ;
#3710 = EDGE_CURVE ( 'NONE', #4199, #5513, #7921, .T. ) ;
#3711 = LINE ( 'NONE', #2392, #4333 ) ;
#3712 = LINE ( 'NONE', #4056, #5458 ) ;
#3713 = DIRECTION ( 'NONE',  ( 0.0000000000000000000, 0.0000000000000000000, -1.000000000000000000 ) ) ;
#3714 = CARTESIAN_POINT ( 'NONE',  ( -17.08354030197668649, 0.0000000000000000000, 0.0000000000000000000 ) ) ;
#3715 = LINE ( 'NONE', #5750, #6929 ) ;
#3716 = CARTESIAN_POINT ( 'NONE',  ( -19.34549591851357064, 0.0000000000000000000, -6.729642571546104790 ) ) ;
#3717 = CIRCLE ( 'NONE', #2294, 7.450000000000052580 ) ;
#3718 = ORIENTED_EDGE ( 'NONE', *, *, #7248, .F. ) ;
#3719 = AXIS2_PLACEMENT_3D ( 'NONE', #689, #876, #834 ) ;
#3720 = CARTESIAN_POINT ( 'NONE',  ( -23.55267172991849023, 8.241435234649700335E-16, 6.729642571546104790 ) ) ;
#3721 = EDGE_LOOP ( 'NONE', ( #3869, #7261, #7451, #4471 ) ) ;
#3722 = DIRECTION ( 'NONE',  ( 1.000000000000000000, -0.0000000000000000000, -0.0000000000000000000 ) ) ;
#3723 = FACE_OUTER_BOUND ( 'NONE', #6418, .T. ) ;
#3724 = DIRECTION ( 'NONE',  ( -0.6018150231520442706, 0.0000000000000000000, 0.7986355100472959379 ) ) ;
#3725 = AXIS2_PLACEMENT_3D ( 'NONE', #1660, #1572, #1587 ) ;
#3726 = ORIENTED_EDGE ( 'NONE', *, *, #1097, .T. ) ;
#3727 = CARTESIAN_POINT ( 'NONE',  ( -93.73000393191556157, 0.0000000000000000000, 0.0000000000000000000 ) ) ;
#3728 = VERTEX_POINT ( 'NONE', #7229 ) ;
#3729 = DIRECTION ( 'NONE',  ( 0.0000000000000000000, 0.0000000000000000000, -1.000000000000000000 ) ) ;
#3730 = AXIS2_PLACEMENT_3D ( 'NONE', #4565, #4593, #4621 ) ;
#3731 = VECTOR ( 'NONE', #6324, 1000.000000000000114 ) ;
#3732 = DIRECTION ( 'NONE',  ( 0.0000000000000000000, 0.0000000000000000000, -1.000000000000000000 ) ) ;
#3733 = ADVANCED_FACE ( 'NONE', ( #2612 ), #2404, .T. ) ;
#3734 = EDGE_LOOP ( 'NONE', ( #7780, #161, #2803, #2230 ) ) ;
#3735 = CARTESIAN_POINT ( 'NONE',  ( -25.81462734645537438, 0.0000000000000000000, 0.0000000000000000000 ) ) ;
#3736 = AXIS2_PLACEMENT_3D ( 'NONE', #6670, #6923, #6471 ) ;
#3737 = AXIS2_PLACEMENT_3D ( 'NONE', #5566, #314, #6379 ) ;
#3738 = ORIENTED_EDGE ( 'NONE', *, *, #5658, .F. ) ;
#3739 = FACE_OUTER_BOUND ( 'NONE', #3331, .T. ) ;
#3740 = DIRECTION ( 'NONE',  ( 0.0000000000000000000, 0.0000000000000000000, -1.000000000000000000 ) ) ;
#3741 = ADVANCED_FACE ( 'NONE', ( #828 ), #7343, .T. ) ;
#3742 = DIRECTION ( 'NONE',  ( 0.0000000000000000000, 0.0000000000000000000, 1.000000000000000000 ) ) ;
#3743 = CARTESIAN_POINT ( 'NONE',  ( -12.58157168442802387, 0.0000000000000000000, 7.507796548653469237 ) ) ;
#3744 = DIRECTION ( 'NONE',  ( 1.000000000000000000, -0.0000000000000000000, -0.0000000000000000000 ) ) ;
#3745 = VECTOR ( 'NONE', #3099, 1000.000000000000227 ) ;
#3746 = EDGE_CURVE ( 'NONE', #968, #2130, #628, .T. ) ;
#3747 = CARTESIAN_POINT ( 'NONE',  ( -84.27135729930925834, 8.817456953865060157E-16, -7.200000000003361933 ) ) ;
#3748 = CARTESIAN_POINT ( 'NONE',  ( -18.48593223911166206, 0.0000000000000000000, 7.450000000000002842 ) ) ;
#3749 = CARTESIAN_POINT ( 'NONE',  ( -61.55673601059720568, 0.0000000000000000000, -6.500000000000007105 ) ) ;
#3750 = EDGE_CURVE ( 'NONE', #4284, #4513, #5870, .T. ) ;
#3751 = EDGE_LOOP ( 'NONE', ( #4014, #1331, #1702, #7935 ) ) ;
#3752 = LINE ( 'NONE', #1968, #7836 ) ;
#3753 = EDGE_CURVE ( 'NONE', #2050, #6300, #1036, .T. ) ;
#3754 = FACE_OUTER_BOUND ( 'NONE', #2911, .T. ) ;
#3755 = DIRECTION ( 'NONE',  ( 1.000000000000000000, -0.0000000000000000000, -0.0000000000000000000 ) ) ;
#3756 = ORIENTED_EDGE ( 'NONE', *, *, #7514, .F. ) ;
#3757 = FACE_OUTER_BOUND ( 'NONE', #7281, .T. ) ;
#3758 = AXIS2_PLACEMENT_3D ( 'NONE', #6729, #6065, #6041 ) ;
#3759 = ORIENTED_EDGE ( 'NONE', *, *, #8214, .T. ) ;
#3760 = VERTEX_POINT ( 'NONE', #6934 ) ;
#3761 = EDGE_CURVE ( 'NONE', #1179, #2594, #3960, .T. ) ;
#3762 = DIRECTION ( 'NONE',  ( 0.0000000000000000000, 0.0000000000000000000, -1.000000000000000000 ) ) ;
#3763 = DIRECTION ( 'NONE',  ( 1.000000000000000000, -0.0000000000000000000, -0.0000000000000000000 ) ) ;
#3764 = DIRECTION ( 'NONE',  ( 0.0000000000000000000, 0.0000000000000000000, 1.000000000000000000 ) ) ;
#3765 = VECTOR ( 'NONE', #917, 1000.000000000000227 ) ;
#3766 = DIRECTION ( 'NONE',  ( 0.6018150231520442706, 0.0000000000000000000, -0.7986355100472959379 ) ) ;
#3767 = DIRECTION ( 'NONE',  ( 1.000000000000000000, -0.0000000000000000000, -0.0000000000000000000 ) ) ;
#3768 = VECTOR ( 'NONE', #5333, 1000.000000000000000 ) ;
#3769 = CARTESIAN_POINT ( 'NONE',  ( -51.47053618404149944, 0.0000000000000000000, 0.0000000000000000000 ) ) ;
#3770 = DIRECTION ( 'NONE',  ( 0.6018150231520442706, 9.780464210648347626E-17, 0.7986355100472959379 ) ) ;
#3771 = ORIENTED_EDGE ( 'NONE', *, *, #6245, .T. ) ;
#3772 = ADVANCED_FACE ( 'NONE', ( #6072 ), #5479, .T. ) ;
#3773 = AXIS2_PLACEMENT_3D ( 'NONE', #4153, #4093, #1453 ) ;
#3774 = ORIENTED_EDGE ( 'NONE', *, *, #1243, .F. ) ;
#3775 = VERTEX_POINT ( 'NONE', #6710 ) ;
#3776 = EDGE_LOOP ( 'NONE', ( #2044, #56, #6326, #3415 ) ) ;
#3777 = CONICAL_SURFACE ( 'NONE', #1227, 7.200000000003347722, 1.041961563441702099 ) ;
#3778 = AXIS2_PLACEMENT_3D ( 'NONE', #1565, #1555, #1549 ) ;
#3779 = ORIENTED_EDGE ( 'NONE', *, *, #5979, .T. ) ;
#3780 = CARTESIAN_POINT ( 'NONE',  ( -32.54741568020606479, 0.0000000000000000000, 7.450000000000033040 ) ) ;
#3781 = CARTESIAN_POINT ( 'NONE',  ( -47.09540270340816193, 0.0000000000000000000, 0.0000000000000000000 ) ) ;
#3782 = LINE ( 'NONE', #7647, #3379 ) ;
#3783 = CARTESIAN_POINT ( 'NONE',  ( -67.74148585753881946, 7.960204194457804352E-16, 6.500000000000005329 ) ) ;
#3784 = ORIENTED_EDGE ( 'NONE', *, *, #3927, .F. ) ;
#3785 = VERTEX_POINT ( 'NONE', #6734 ) ;
#3786 = ADVANCED_FACE ( 'NONE', ( #7143 ), #1973, .T. ) ;
#3787 = ORIENTED_EDGE ( 'NONE', *, *, #2425, .T. ) ;
#3788 = ORIENTED_EDGE ( 'NONE', *, *, #6977, .F. ) ;
#3789 = LINE ( 'NONE', #7016, #457 ) ;
#3790 = AXIS2_PLACEMENT_3D ( 'NONE', #1024, #893, #8119 ) ;
#3791 = AXIS2_PLACEMENT_3D ( 'NONE', #5313, #4473, #4567 ) ;
#3792 = CARTESIAN_POINT ( 'NONE',  ( -90.27179143341268741, 0.0000000000000000000, 0.0000000000000000000 ) ) ;
#3793 = DIRECTION ( 'NONE',  ( 0.0000000000000000000, 0.0000000000000000000, -1.000000000000000000 ) ) ;
#3794 = VERTEX_POINT ( 'NONE', #6572 ) ;
#3795 = ORIENTED_EDGE ( 'NONE', *, *, #1596, .F. ) ;
#3796 = CARTESIAN_POINT ( 'NONE',  ( -97.73029335465122358, 0.0000000000000000000, 0.0000000000000000000 ) ) ;
#3797 = CARTESIAN_POINT ( 'NONE',  ( -53.62080610036073836, 0.0000000000000000000, 0.0000000000000000000 ) ) ;
#3798 = ORIENTED_EDGE ( 'NONE', *, *, #4694, .T. ) ;
#3799 = ORIENTED_EDGE ( 'NONE', *, *, #914, .T. ) ;
#3800 = VECTOR ( 'NONE', #2565, 1000.000000000000000 ) ;
#3801 = DIRECTION ( 'NONE',  ( 1.000000000000000000, -0.0000000000000000000, -0.0000000000000000000 ) ) ;
#3802 = CIRCLE ( 'NONE', #112, 6.500000000000007105 ) ;
#3803 = EDGE_LOOP ( 'NONE', ( #2682, #5076, #8172, #1684 ) ) ;
#3804 = VERTEX_POINT ( 'NONE', #6581 ) ;
#3805 = VERTEX_POINT ( 'NONE', #6525 ) ;
#3806 = ORIENTED_EDGE ( 'NONE', *, *, #4888, .F. ) ;
#3807 = CARTESIAN_POINT ( 'NONE',  ( -92.27193614478049710, 0.0000000000000000000, 7.200000000003417888 ) ) ;
#3808 = CARTESIAN_POINT ( 'NONE',  ( 0.0000000000000000000, 0.0000000000000000000, -7.200000000003375256 ) ) ;
#3809 = EDGE_CURVE ( 'NONE', #624, #6299, #5670, .T. ) ;
#3810 = DIRECTION ( 'NONE',  ( 1.000000000000000000, -0.0000000000000000000, -0.0000000000000000000 ) ) ;
#3811 = DIRECTION ( 'NONE',  ( 0.0000000000000000000, 0.0000000000000000000, -1.000000000000000000 ) ) ;
#3812 = ORIENTED_EDGE ( 'NONE', *, *, #3710, .T. ) ;
#3813 = CONICAL_SURFACE ( 'NONE', #46, 6.500000000000007105, 0.6248278722141583641 ) ;
#3814 = DIRECTION ( 'NONE',  ( 0.0000000000000000000, 0.0000000000000000000, -1.000000000000000000 ) ) ;
#3815 = VERTEX_POINT ( 'NONE', #6376 ) ;
#3816 = EDGE_CURVE ( 'NONE', #907, #4745, #413, .T. ) ;
#3817 = CARTESIAN_POINT ( 'NONE',  ( -60.08157296951890913, 8.817456953865042407E-16, -7.200000000003347722 ) ) ;
#3818 = CARTESIAN_POINT ( 'NONE',  ( -30.58967412875647440, 0.0000000000000000000, -6.729642571546121665 ) ) ;
#3819 = DIRECTION ( 'NONE',  ( 0.0000000000000000000, 0.0000000000000000000, -1.000000000000000000 ) ) ;
#3820 = CIRCLE ( 'NONE', #5065, 7.450000000000002842 ) ;
#3821 = DIRECTION ( 'NONE',  ( 1.000000000000000000, -0.0000000000000000000, -0.0000000000000000000 ) ) ;
#3822 = EDGE_CURVE ( 'NONE', #3785, #4391, #6955, .T. ) ;
#3823 = CYLINDRICAL_SURFACE ( 'NONE', #7363, 6.500000000000006217 ) ;
#3824 = LINE ( 'NONE', #7488, #7023 ) ;
#3825 = ORIENTED_EDGE ( 'NONE', *, *, #6461, .F. ) ;
#3826 = ADVANCED_FACE ( 'NONE', ( #4156 ), #3342, .T. ) ;
#3827 = EDGE_CURVE ( 'NONE', #2278, #6294, #3538, .T. ) ;
#3828 = DIRECTION ( 'NONE',  ( 0.0000000000000000000, 0.0000000000000000000, 1.000000000000000000 ) ) ;
#3829 = CARTESIAN_POINT ( 'NONE',  ( -17.40027572364553521, 0.0000000000000000000, 0.0000000000000000000 ) ) ;
#3830 = CARTESIAN_POINT ( 'NONE',  ( -84.27135729930925834, 0.0000000000000000000, 7.200000000003361933 ) ) ;
#3831 = DIRECTION ( 'NONE',  ( -0.5045276238147836656, 0.0000000000000000000, 0.8633955506069093122 ) ) ;
#3832 = EDGE_CURVE ( 'NONE', #2144, #8383, #1763, .T. ) ;
#3833 = DIRECTION ( 'NONE',  ( 1.000000000000000000, -0.0000000000000000000, -0.0000000000000000000 ) ) ;
#3834 = VECTOR ( 'NONE', #7960, 1000.000000000000227 ) ;
#3835 = ORIENTED_EDGE ( 'NONE', *, *, #7770, .F. ) ;
#3836 = ORIENTED_EDGE ( 'NONE', *, *, #714, .F. ) ;
#3837 = ADVANCED_FACE ( 'NONE', ( #3739 ), #3135, .T. ) ;
#3838 = DIRECTION ( 'NONE',  ( 1.000000000000000000, -0.0000000000000000000, -0.0000000000000000000 ) ) ;
#3839 = DIRECTION ( 'NONE',  ( -0.5045276238147127223, 0.0000000000000000000, 0.8633955506069508345 ) ) ;
#3840 = CARTESIAN_POINT ( 'NONE',  ( -17.94310398137859863, 0.0000000000000000000, 0.0000000000000000000 ) ) ;
#3841 = AXIS2_PLACEMENT_3D ( 'NONE', #1401, #1456, #1526 ) ;
#3842 = CIRCLE ( 'NONE', #1326, 7.200000000003333511 ) ;
#3843 = ORIENTED_EDGE ( 'NONE', *, *, #8014, .T. ) ;
#3844 = VERTEX_POINT ( 'NONE', #5628 ) ;
#3845 = DIRECTION ( 'NONE',  ( 0.0000000000000000000, 0.0000000000000000000, -1.000000000000000000 ) ) ;
#3846 = CARTESIAN_POINT ( 'NONE',  ( 0.0000000000000000000, 0.0000000000000000000, 0.0000000000000000000 ) ) ;
#3847 = CARTESIAN_POINT ( 'NONE',  ( -34.29158575217300609, 9.123618653647846240E-16, 7.450000000000053468 ) ) ;
#3848 = AXIS2_PLACEMENT_3D ( 'NONE', #3598, #3587, #2237 ) ;
#3849 = CIRCLE ( 'NONE', #323, 7.450000000000002842 ) ;
#3850 = DIRECTION ( 'NONE',  ( 0.0000000000000000000, 0.0000000000000000000, 1.000000000000000000 ) ) ;
#3851 = LINE ( 'NONE', #2120, #8299 ) ;
#3852 = DIRECTION ( 'NONE',  ( 1.000000000000000000, -0.0000000000000000000, -0.0000000000000000000 ) ) ;
#3853 = CARTESIAN_POINT ( 'NONE',  ( 0.0000000000000000000, 0.0000000000000000000, 0.0000000000000000000 ) ) ;
#3854 = DIRECTION ( 'NONE',  ( 1.000000000000000000, -0.0000000000000000000, -0.0000000000000000000 ) ) ;
#3855 = CARTESIAN_POINT ( 'NONE',  ( -100.6204391532550915, 0.0000000000000000000, 0.0000000000000000000 ) ) ;
#3856 = EDGE_CURVE ( 'NONE', #467, #3163, #6562, .T. ) ;
#3857 = CARTESIAN_POINT ( 'NONE',  ( -59.67252599629420473, 7.960204194457804352E-16, 6.500000000000005329 ) ) ;
#3858 = DIRECTION ( 'NONE',  ( 1.000000000000000000, -0.0000000000000000000, -0.0000000000000000000 ) ) ;
#3859 = CARTESIAN_POINT ( 'NONE',  ( -36.79215556135566345, 0.0000000000000000000, 0.0000000000000000000 ) ) ;
#3860 = CARTESIAN_POINT ( 'NONE',  ( -94.75957470678878281, 8.817456953865145945E-16, 7.200000000003432099 ) ) ;
#3861 = CARTESIAN_POINT ( 'NONE',  ( -25.81462734645537438, 9.123618653647785104E-16, 7.450000000000002842 ) ) ;
#3862 = LINE ( 'NONE', #8105, #6783 ) ;
#3863 = EDGE_CURVE ( 'NONE', #1512, #1179, #8397, .T. ) ;
#3864 = CARTESIAN_POINT ( 'NONE',  ( -39.62198214878872449, 0.0000000000000000000, 7.450000000000082778 ) ) ;
#3865 = CONICAL_SURFACE ( 'NONE', #295, 6.729642571546104790, 0.9250245035569997221 ) ;
#3866 = DIRECTION ( 'NONE',  ( -1.000000000000000000, 0.0000000000000000000, 0.0000000000000000000 ) ) ;
#3867 = DIRECTION ( 'NONE',  ( 1.000000000000000000, -0.0000000000000000000, -0.0000000000000000000 ) ) ;
#3868 = ADVANCED_FACE ( 'NONE', ( #4893 ), #2925, .T. ) ;
#3869 = ORIENTED_EDGE ( 'NONE', *, *, #5147, .F. ) ;
#3870 = EDGE_CURVE ( 'NONE', #4642, #1444, #4676, .T. ) ;
#3871 = DIRECTION ( 'NONE',  ( 1.000000000000000000, -0.0000000000000000000, -0.0000000000000000000 ) ) ;
#3872 = CIRCLE ( 'NONE', #1390, 7.450000000000002842 ) ;
#3873 = CARTESIAN_POINT ( 'NONE',  ( -83.86231032608392866, 7.960204194457808296E-16, 6.500000000000008882 ) ) ;
#3874 = FACE_OUTER_BOUND ( 'NONE', #2245, .T. ) ;
#3875 = CARTESIAN_POINT ( 'NONE',  ( -90.27179143341268741, 8.817456953865111433E-16, -7.200000000003403677 ) ) ;
#3876 = EDGE_CURVE ( 'NONE', #561, #563, #1562, .T. ) ;
#3877 = VERTEX_POINT ( 'NONE', #5462 ) ;
#3878 = ADVANCED_FACE ( 'NONE', ( #1343 ), #2715, .T. ) ;
#3879 = LINE ( 'NONE', #209, #4076 ) ;
#3880 = EDGE_CURVE ( 'NONE', #7283, #881, #5088, .T. ) ;
#3881 = FACE_OUTER_BOUND ( 'NONE', #6187, .T. ) ;
#3882 = CARTESIAN_POINT ( 'NONE',  ( -49.75000000000000000, 0.0000000000000000000, 0.0000000000000000000 ) ) ;
#3883 = DIRECTION ( 'NONE',  ( -0.5045276238141314096, 1.057354597449284921E-16, -0.8633955506072904518 ) ) ;
#3884 = ORIENTED_EDGE ( 'NONE', *, *, #3541, .F. ) ;
#3885 = DIRECTION ( 'NONE',  ( 1.000000000000000000, -0.0000000000000000000, -0.0000000000000000000 ) ) ;
#3886 = ORIENTED_EDGE ( 'NONE', *, *, #5044, .F. ) ;
#3887 = CONICAL_SURFACE ( 'NONE', #8156, 7.450000000000002842, 0.9250245035569842900 ) ;
#3888 = DIRECTION ( 'NONE',  ( 0.8110638189891972161, 7.163665443099908098E-17, 0.5849576749873948156 ) ) ;
#3889 = CONICAL_SURFACE ( 'NONE', #1638, 6.500000000000007105, 0.6248278722141583641 ) ;
#3890 = AXIS2_PLACEMENT_3D ( 'NONE', #3235, #2904, #3430 ) ;
#3891 = ORIENTED_EDGE ( 'NONE', *, *, #6839, .F. ) ;
#3892 = VERTEX_POINT ( 'NONE', #5506 ) ;
#3893 = ORIENTED_EDGE ( 'NONE', *, *, #5301, .T. ) ;
#3894 = VERTEX_POINT ( 'NONE', #5321 ) ;
#3895 = DIRECTION ( 'NONE',  ( 1.000000000000000000, -0.0000000000000000000, -0.0000000000000000000 ) ) ;
#3896 = DIRECTION ( 'NONE',  ( 1.000000000000000000, -0.0000000000000000000, -0.0000000000000000000 ) ) ;
#3897 = CARTESIAN_POINT ( 'NONE',  ( -62.09881293483005038, 8.817456953865042407E-16, -7.200000000003347722 ) ) ;
#3898 = FACE_OUTER_BOUND ( 'NONE', #6686, .T. ) ;
#3899 = DIRECTION ( 'NONE',  ( 0.0000000000000000000, 0.0000000000000000000, -1.000000000000000000 ) ) ;
#3900 = ORIENTED_EDGE ( 'NONE', *, *, #4315, .F. ) ;
#3901 = CARTESIAN_POINT ( 'NONE',  ( -97.73029335465122358, 0.0000000000000000000, 0.0000000000000000000 ) ) ;
#3902 = AXIS2_PLACEMENT_3D ( 'NONE', #3859, #3821, #1559 ) ;
#3903 = VERTEX_POINT ( 'NONE', #5296 ) ;
#3904 = ORIENTED_EDGE ( 'NONE', *, *, #5702, .F. ) ;
#3905 = EDGE_LOOP ( 'NONE', ( #355, #6996, #5954, #191 ) ) ;
#3906 = AXIS2_PLACEMENT_3D ( 'NONE', #1321, #1335, #1345 ) ;
#3907 = CIRCLE ( 'NONE', #6315, 7.200000000003347722 ) ;
#3908 = DIRECTION ( 'NONE',  ( 1.000000000000000000, -0.0000000000000000000, -0.0000000000000000000 ) ) ;
#3909 = CONICAL_SURFACE ( 'NONE', #400, 6.729642571546104790, 0.9250245035569997221 ) ;
#3910 = ORIENTED_EDGE ( 'NONE', *, *, #6773, .F. ) ;
#3911 = AXIS2_PLACEMENT_3D ( 'NONE', #2038, #1661, #2062 ) ;
#3912 = AXIS2_PLACEMENT_3D ( 'NONE', #5776, #5783, #5812 ) ;
#3913 = EDGE_LOOP ( 'NONE', ( #8246, #8158, #642, #7949 ) ) ;
#3914 = FACE_OUTER_BOUND ( 'NONE', #7753, .T. ) ;
#3915 = ADVANCED_FACE ( 'NONE', ( #7822 ), #7626, .T. ) ;
#3916 = VECTOR ( 'NONE', #3545, 1000.000000000000000 ) ;
#3917 = ORIENTED_EDGE ( 'NONE', *, *, #8123, .F. ) ;
#3918 = CARTESIAN_POINT ( 'NONE',  ( -21.29071611338160608, 0.0000000000000000000, 0.0000000000000000000 ) ) ;
#3919 = DIRECTION ( 'NONE',  ( 1.000000000000000000, -0.0000000000000000000, -0.0000000000000000000 ) ) ;
#3920 = DIRECTION ( 'NONE',  ( 1.000000000000000000, -0.0000000000000000000, -0.0000000000000000000 ) ) ;
#3921 = ORIENTED_EDGE ( 'NONE', *, *, #6770, .T. ) ;
#3922 = EDGE_LOOP ( 'NONE', ( #7498, #247, #6826, #8080 ) ) ;
#3923 = DIRECTION ( 'NONE',  ( 1.000000000000000000, -0.0000000000000000000, -0.0000000000000000000 ) ) ;
#3924 = CARTESIAN_POINT ( 'NONE',  ( 0.0000000000000000000, 0.0000000000000000000, -7.450000000000002842 ) ) ;
#3925 = ADVANCED_FACE ( 'NONE', ( #6356 ), #730, .T. ) ;
#3926 = DIRECTION ( 'NONE',  ( 1.000000000000000000, -0.0000000000000000000, -0.0000000000000000000 ) ) ;
#3927 = EDGE_CURVE ( 'NONE', #4944, #610, #1138, .T. ) ;
#3928 = DIRECTION ( 'NONE',  ( 0.0000000000000000000, 0.0000000000000000000, -1.000000000000000000 ) ) ;
#3929 = LINE ( 'NONE', #1932, #7119 ) ;
#3930 = CARTESIAN_POINT ( 'NONE',  ( 0.0000000000000000000, 0.0000000000000000000, 0.0000000000000000000 ) ) ;
#3931 = CONICAL_SURFACE ( 'NONE', #6062, 7.450000000000012612, 0.9250245035569996110 ) ;
#3932 = VECTOR ( 'NONE', #2036, 1000.000000000000000 ) ;
#3933 = DIRECTION ( 'NONE',  ( 0.0000000000000000000, 0.0000000000000000000, -1.000000000000000000 ) ) ;
#3934 = EDGE_CURVE ( 'NONE', #4745, #907, #2505, .T. ) ;
#3935 = CARTESIAN_POINT ( 'NONE',  ( -74.70684183128071254, 0.0000000000000000000, -7.200000000003333511 ) ) ;
#3936 = CARTESIAN_POINT ( 'NONE',  ( -42.96995370359336874, 0.0000000000000000000, -7.450000000000157385 ) ) ;
#3937 = EDGE_LOOP ( 'NONE', ( #7383, #5327, #6398, #4295 ) ) ;
#3938 = LINE ( 'NONE', #5992, #5463 ) ;
#3939 = DIRECTION ( 'NONE',  ( 1.000000000000000000, -0.0000000000000000000, -0.0000000000000000000 ) ) ;
#3940 = DIRECTION ( 'NONE',  ( 0.0000000000000000000, 0.0000000000000000000, -1.000000000000000000 ) ) ;
#3941 = FACE_OUTER_BOUND ( 'NONE', #5378, .T. ) ;
#3942 = VERTEX_POINT ( 'NONE', #4871 ) ;
#3943 = CARTESIAN_POINT ( 'NONE',  ( -36.79215556135566345, 0.0000000000000000000, 7.450000000000062350 ) ) ;
#3944 = AXIS2_PLACEMENT_3D ( 'NONE', #1223, #4681, #5349 ) ;
#3945 = FACE_OUTER_BOUND ( 'NONE', #7971, .T. ) ;
#3946 = EDGE_LOOP ( 'NONE', ( #3355, #2141, #4955, #500 ) ) ;
#3947 = ORIENTED_EDGE ( 'NONE', *, *, #2140, .T. ) ;
#3948 = AXIS2_PLACEMENT_3D ( 'NONE', #5932, #5845, #6088 ) ;
#3949 = DIRECTION ( 'NONE',  ( 0.0000000000000000000, 0.0000000000000000000, -1.000000000000000000 ) ) ;
#3950 = CARTESIAN_POINT ( 'NONE',  ( -54.02985307358373746, 0.0000000000000000000, 0.0000000000000000000 ) ) ;
#3951 = EDGE_CURVE ( 'NONE', #5622, #4638, #5974, .T. ) ;
#3952 = CARTESIAN_POINT ( 'NONE',  ( 0.0000000000000000000, 0.0000000000000000000, 0.0000000000000000000 ) ) ;
#3953 = CIRCLE ( 'NONE', #1488, 6.729642571546141205 ) ;
#3954 = VERTEX_POINT ( 'NONE', #4863 ) ;
#3955 = CARTESIAN_POINT ( 'NONE',  ( -13.65714082121639095, 8.826546302763269406E-16, 6.907047484595389086 ) ) ;
#3956 = CARTESIAN_POINT ( 'NONE',  ( -26.35745560418843780, 8.682526944148744198E-16, 6.729642571546104790 ) ) ;
#3957 = CARTESIAN_POINT ( 'NONE',  ( -91.72985922054768082, 0.0000000000000000000, 0.0000000000000000000 ) ) ;
#3958 = AXIS2_PLACEMENT_3D ( 'NONE', #4512, #4328, #4632 ) ;
#3959 = ADVANCED_FACE ( 'NONE', ( #5765 ), #4672, .F. ) ;
#3960 = LINE ( 'NONE', #6866, #2189 ) ;
#3961 = AXIS2_PLACEMENT_3D ( 'NONE', #1339, #929, #1560 ) ;
#3962 = AXIS2_PLACEMENT_3D ( 'NONE', #6124, #6087, #5937 ) ;
#3963 = ADVANCED_FACE ( 'NONE', ( #7436 ), #5577, .T. ) ;
#3964 = CARTESIAN_POINT ( 'NONE',  ( -27.21701928359034639, 0.0000000000000000000, 0.0000000000000000000 ) ) ;
#3965 = VECTOR ( 'NONE', #1866, 1000.000000000000000 ) ;
#3966 = EDGE_CURVE ( 'NONE', #5505, #7408, #4050, .T. ) ;
#3967 = LINE ( 'NONE', #4508, #1985 ) ;
#3968 = ORIENTED_EDGE ( 'NONE', *, *, #4400, .T. ) ;
#3969 = EDGE_CURVE ( 'NONE', #2776, #907, #928, .T. ) ;
#3970 = CARTESIAN_POINT ( 'NONE',  ( 0.0000000000000000000, 0.0000000000000000000, 0.0000000000000000000 ) ) ;
#3971 = DIRECTION ( 'NONE',  ( 0.0000000000000000000, 0.0000000000000000000, -1.000000000000000000 ) ) ;
#3972 = DIRECTION ( 'NONE',  ( 0.0000000000000000000, 0.0000000000000000000, -1.000000000000000000 ) ) ;
#3974 = DIRECTION ( 'NONE',  ( 0.0000000000000000000, 0.0000000000000000000, -1.000000000000000000 ) ) ;
#3973 = CONICAL_SURFACE ( 'NONE', #1116, 6.729642571546104790, 0.9250245035569997221 ) ;
#3975 = ORIENTED_EDGE ( 'NONE', *, *, #5034, .T. ) ;
#3976 = EDGE_CURVE ( 'NONE', #7687, #7677, #2295, .T. ) ;
#3977 = ORIENTED_EDGE ( 'NONE', *, *, #4880, .T. ) ;
#3978 = DIRECTION ( 'NONE',  ( 0.0000000000000000000, 0.0000000000000000000, -1.000000000000000000 ) ) ;
#3979 = FACE_OUTER_BOUND ( 'NONE', #2234, .T. ) ;
#3980 = CARTESIAN_POINT ( 'NONE',  ( 0.0000000000000000000, 0.0000000000000000000, -7.200000000003340617 ) ) ;
#3981 = DIRECTION ( 'NONE',  ( 0.0000000000000000000, 0.0000000000000000000, -1.000000000000000000 ) ) ;
#3982 = LINE ( 'NONE', #6736, #3563 ) ;
#3983 = EDGE_CURVE ( 'NONE', #2979, #5026, #7242, .T. ) ;
#3984 = VERTEX_POINT ( 'NONE', #4421 ) ;
#3985 = ORIENTED_EDGE ( 'NONE', *, *, #3637, .F. ) ;
#3986 = ORIENTED_EDGE ( 'NONE', *, *, #1590, .F. ) ;
#3987 = EDGE_CURVE ( 'NONE', #6748, #7688, #3849, .T. ) ;
#3988 = LINE ( 'NONE', #4115, #7182 ) ;
#3989 = EDGE_LOOP ( 'NONE', ( #7188, #3383, #8242, #1177 ) ) ;
#3990 = CARTESIAN_POINT ( 'NONE',  ( 0.0000000000000000000, 1.751244922780715104E-15, 14.30000000000000071 ) ) ;
#3991 = ADVANCED_FACE ( 'NONE', ( #7045 ), #5187, .T. ) ;
#3992 = FACE_OUTER_BOUND ( 'NONE', #4775, .T. ) ;
#3993 = ORIENTED_EDGE ( 'NONE', *, *, #6839, .T. ) ;
#3994 = ORIENTED_EDGE ( 'NONE', *, *, #5597, .F. ) ;
#3995 = DIRECTION ( 'NONE',  ( 0.0000000000000000000, 0.0000000000000000000, -1.000000000000000000 ) ) ;
#3996 = EDGE_LOOP ( 'NONE', ( #2807, #5133, #5804, #7835 ) ) ;
#3997 = ORIENTED_EDGE ( 'NONE', *, *, #6456, .T. ) ;
#3998 = CIRCLE ( 'NONE', #6167, 6.500000000000007105 ) ;
#3999 = DIRECTION ( 'NONE',  ( 1.000000000000000000, -0.0000000000000000000, -0.0000000000000000000 ) ) ;
#4000 = VECTOR ( 'NONE', #1494, 1000.000000000000000 ) ;
#4001 = AXIS2_PLACEMENT_3D ( 'NONE', #6582, #6946, #6880 ) ;
#4002 = ORIENTED_EDGE ( 'NONE', *, *, #5555, .F. ) ;
#4003 = DIRECTION ( 'NONE',  ( 1.000000000000000000, -0.0000000000000000000, -0.0000000000000000000 ) ) ;
#4004 = ADVANCED_FACE ( 'NONE', ( #5379 ), #309, .T. ) ;
#4005 =( NAMED_UNIT ( * ) SI_UNIT ( $, .STERADIAN. ) SOLID_ANGLE_UNIT ( ) );
#4006 = CARTESIAN_POINT ( 'NONE',  ( -24.95506366705346579, 0.0000000000000000000, 0.0000000000000000000 ) ) ;
#4007 = DIRECTION ( 'NONE',  ( 1.000000000000000000, -0.0000000000000000000, -0.0000000000000000000 ) ) ;
#4008 = ORIENTED_EDGE ( 'NONE', *, *, #6531, .F. ) ;
#4009 = ORIENTED_EDGE ( 'NONE', *, *, #7968, .T. ) ;
#4010 = VECTOR ( 'NONE', #2317, 1000.000000000000000 ) ;
#4011 = CIRCLE ( 'NONE', #6858, 6.500000000000005329 ) ;
#4012 = AXIS2_PLACEMENT_3D ( 'NONE', #7055, #982, #5730 ) ;
#4013 = EDGE_LOOP ( 'NONE', ( #1676, #2500, #5738, #5222 ) ) ;
#4014 = ORIENTED_EDGE ( 'NONE', *, *, #6877, .F. ) ;
#4015 = AXIS2_PLACEMENT_3D ( 'NONE', #1791, #1861, #5032 ) ;
#4016 = DIRECTION ( 'NONE',  ( 0.0000000000000000000, 0.0000000000000000000, -1.000000000000000000 ) ) ;
#4017 = ORIENTED_EDGE ( 'NONE', *, *, #6439, .T. ) ;
#4018 = DIRECTION ( 'NONE',  ( 1.000000000000000000, -0.0000000000000000000, -0.0000000000000000000 ) ) ;
#4019 = CIRCLE ( 'NONE', #2727, 7.200000000003333511 ) ;
#4020 = CARTESIAN_POINT ( 'NONE',  ( -46.67300510289011584, 8.878071015832369870E-16, -7.249495137711240211 ) ) ;
#4021 = VECTOR ( 'NONE', #4773, 1000.000000000000114 ) ;
#4022 = AXIS2_PLACEMENT_3D ( 'NONE', #6172, #7211, #1939 ) ;
#4023 = AXIS2_PLACEMENT_3D ( 'NONE', #5083, #4973, #4168 ) ;
#4024 = CARTESIAN_POINT ( 'NONE',  ( 0.0000000000000000000, 0.0000000000000000000, 0.0000000000000000000 ) ) ;
#4025 = CARTESIAN_POINT ( 'NONE',  ( -53.48777614935264069, 0.0000000000000000000, 0.0000000000000000000 ) ) ;
#4026 = VERTEX_POINT ( 'NONE', #4222 ) ;
#4027 = FACE_OUTER_BOUND ( 'NONE', #7235, .T. ) ;
#4028 = LINE ( 'NONE', #2491, #7604 ) ;
#4029 = ORIENTED_EDGE ( 'NONE', *, *, #4367, .T. ) ;
#4030 = DIRECTION ( 'NONE',  ( 1.000000000000000000, -0.0000000000000000000, -0.0000000000000000000 ) ) ;
#4031 = EDGE_CURVE ( 'NONE', #5204, #7687, #1862, .T. ) ;
#4032 = CARTESIAN_POINT ( 'NONE',  ( 0.0000000000000000000, 0.0000000000000000000, 0.0000000000000000000 ) ) ;
#4033 = DIRECTION ( 'NONE',  ( 0.0000000000000000000, 0.0000000000000000000, -1.000000000000000000 ) ) ;
#4034 = DIRECTION ( 'NONE',  ( 0.0000000000000000000, 0.0000000000000000000, -1.000000000000000000 ) ) ;
#4035 = CONICAL_SURFACE ( 'NONE', #5583, 6.729642571546150975, 0.9250245035569996110 ) ;
#4036 = ADVANCED_FACE ( 'NONE', ( #3635 ), #8294, .T. ) ;
#4037 = ORIENTED_EDGE ( 'NONE', *, *, #3336, .T. ) ;
#4038 = EDGE_CURVE ( 'NONE', #4846, #576, #1665, .T. ) ;
#4039 = DIRECTION ( 'NONE',  ( 0.0000000000000000000, 0.0000000000000000000, -1.000000000000000000 ) ) ;
#4040 = ORIENTED_EDGE ( 'NONE', *, *, #2760, .F. ) ;
#4041 = DIRECTION ( 'NONE',  ( -0.5045276238147127223, 1.057354597448868920E-16, -0.8633955506069508345 ) ) ;
#4042 = EDGE_CURVE ( 'NONE', #4067, #4417, #3434, .T. ) ;
#4043 = CARTESIAN_POINT ( 'NONE',  ( -39.07915389105566106, 0.0000000000000000000, 0.0000000000000000000 ) ) ;
#4044 = CIRCLE ( 'NONE', #6742, 6.500000000000007105 ) ;
#4045 = EDGE_LOOP ( 'NONE', ( #4875, #4798, #5571, #1823 ) ) ;
#4046 = ORIENTED_EDGE ( 'NONE', *, *, #7139, .F. ) ;
#4047 = CARTESIAN_POINT ( 'NONE',  ( -18.48593223911166206, 0.0000000000000000000, 7.450000000000002842 ) ) ;
#4048 = ADVANCED_FACE ( 'NONE', ( #6859 ), #4781, .T. ) ;
#4049 = AXIS2_PLACEMENT_3D ( 'NONE', #5598, #5643, #5584 ) ;
#4050 = LINE ( 'NONE', #4388, #512 ) ;
#4051 = DIRECTION ( 'NONE',  ( 1.000000000000000000, -0.0000000000000000000, -0.0000000000000000000 ) ) ;
#4052 = DIRECTION ( 'NONE',  ( 0.0000000000000000000, 0.0000000000000000000, -1.000000000000000000 ) ) ;
#4053 = EDGE_CURVE ( 'NONE', #5146, #624, #6460, .T. ) ;
#4054 = AXIS2_PLACEMENT_3D ( 'NONE', #8227, #6044, #5759 ) ;
#4055 = CIRCLE ( 'NONE', #2896, 6.729642571546104790 ) ;
#4056 = CARTESIAN_POINT ( 'NONE',  ( 0.0000000000000000000, 0.0000000000000000000, -7.450000000000002842 ) ) ;
#4057 = DIRECTION ( 'NONE',  ( 1.000000000000000000, -0.0000000000000000000, -0.0000000000000000000 ) ) ;
#4058 = DIRECTION ( 'NONE',  ( 0.0000000000000000000, 0.0000000000000000000, -1.000000000000000000 ) ) ;
#4059 = DIRECTION ( 'NONE',  ( 0.0000000000000000000, 0.0000000000000000000, -1.000000000000000000 ) ) ;
#4060 = AXIS2_PLACEMENT_3D ( 'NONE', #5849, #5289, #5360 ) ;
#4061 = CIRCLE ( 'NONE', #3465, 6.500000000000007105 ) ;
#4062 = CARTESIAN_POINT ( 'NONE',  ( 0.0000000000000000000, 0.0000000000000000000, 0.0000000000000000000 ) ) ;
#4063 = FACE_OUTER_BOUND ( 'NONE', #3593, .T. ) ;
#4064 = AXIS2_PLACEMENT_3D ( 'NONE', #1188, #1137, #1108 ) ;
#4065 = AXIS2_PLACEMENT_3D ( 'NONE', #3613, #3193, #2458 ) ;
#4066 = CARTESIAN_POINT ( 'NONE',  ( -74.20225272669689787, 0.0000000000000000000, 7.200000000003347722 ) ) ;
#4067 = VERTEX_POINT ( 'NONE', #3267 ) ;
#4068 = CONICAL_SURFACE ( 'NONE', #7628, 7.450000000000052580, 0.9250245035569996110 ) ;
#4069 = CYLINDRICAL_SURFACE ( 'NONE', #5073, 7.200000000003361933 ) ;
#4070 = ADVANCED_FACE ( 'NONE', ( #1451 ), #7916, .T. ) ;
#4071 = DIRECTION ( 'NONE',  ( 1.000000000000000000, -0.0000000000000000000, -0.0000000000000000000 ) ) ;
#4072 = CARTESIAN_POINT ( 'NONE',  ( -67.74148585753881946, 0.0000000000000000000, 0.0000000000000000000 ) ) ;
#4073 = DIRECTION ( 'NONE',  ( -0.6018150231520443816, 9.780464210648345161E-17, -0.7986355100472957158 ) ) ;
#4074 = ORIENTED_EDGE ( 'NONE', *, *, #145, .F. ) ;
#4075 = DIRECTION ( 'NONE',  ( 1.000000000000000000, -0.0000000000000000000, -0.0000000000000000000 ) ) ;
#4076 = VECTOR ( 'NONE', #232, 1000.000000000000000 ) ;
#4077 = EDGE_CURVE ( 'NONE', #3200, #624, #1235, .T. ) ;
#4078 = CONICAL_SURFACE ( 'NONE', #831, 6.729642571546150975, 0.9250245035569996110 ) ;
#4079 = ADVANCED_FACE ( 'NONE', ( #3030 ), #1031, .T. ) ;
#4080 = ORIENTED_EDGE ( 'NONE', *, *, #5866, .F. ) ;
#4081 = EDGE_CURVE ( 'NONE', #682, #5050, #2822, .T. ) ;
#4082 = ORIENTED_EDGE ( 'NONE', *, *, #1247, .F. ) ;
#4083 = DIRECTION ( 'NONE',  ( 0.0000000000000000000, 0.0000000000000000000, -1.000000000000000000 ) ) ;
#4084 = CIRCLE ( 'NONE', #1057, 7.099999999999999645 ) ;
#4085 = FACE_OUTER_BOUND ( 'NONE', #5180, .T. ) ;
#4086 = EDGE_LOOP ( 'NONE', ( #6795, #675, #3076, #449 ) ) ;
#4087 = CARTESIAN_POINT ( 'NONE',  ( -57.52225607997492318, 0.0000000000000000000, 0.0000000000000000000 ) ) ;
#4088 = AXIS2_PLACEMENT_3D ( 'NONE', #7399, #6841, #4976 ) ;
#4089 = ORIENTED_EDGE ( 'NONE', *, *, #4042, .T. ) ;
#4090 = ORIENTED_EDGE ( 'NONE', *, *, #2662, .T. ) ;
#4091 = DIRECTION ( 'NONE',  ( -1.000000000000000000, 0.0000000000000000000, 0.0000000000000000000 ) ) ;
#4092 = VERTEX_POINT ( 'NONE', #2272 ) ;
#4093 = DIRECTION ( 'NONE',  ( 1.000000000000000000, -0.0000000000000000000, -0.0000000000000000000 ) ) ;
#4094 = LINE ( 'NONE', #5660, #5813 ) ;
#4095 = ORIENTED_EDGE ( 'NONE', *, *, #4464, .F. ) ;
#4096 = EDGE_CURVE ( 'NONE', #8245, #1858, #4561, .T. ) ;
#4097 = ORIENTED_EDGE ( 'NONE', *, *, #6035, .T. ) ;
#4098 = EDGE_CURVE ( 'NONE', #7170, #2216, #4989, .T. ) ;
#4099 = ORIENTED_EDGE ( 'NONE', *, *, #8369, .T. ) ;
#4100 = ORIENTED_EDGE ( 'NONE', *, *, #6563, .T. ) ;
#4101 = VECTOR ( 'NONE', #3013, 1000.000000000000227 ) ;
#4102 = CIRCLE ( 'NONE', #3080, 6.500000000000005329 ) ;
#4103 = EDGE_LOOP ( 'NONE', ( #7089, #1817, #2816, #2676 ) ) ;
#4104 = DIRECTION ( 'NONE',  ( 0.0000000000000000000, 0.0000000000000000000, -1.000000000000000000 ) ) ;
#4105 = CARTESIAN_POINT ( 'NONE',  ( 0.0000000000000000000, 0.0000000000000000000, -6.500000000000006217 ) ) ;
#4106 = ORIENTED_EDGE ( 'NONE', *, *, #521, .F. ) ;
#4107 = ORIENTED_EDGE ( 'NONE', *, *, #6344, .F. ) ;
#4108 = AXIS2_PLACEMENT_3D ( 'NONE', #6388, #6377, #6526 ) ;
#4109 = CONICAL_SURFACE ( 'NONE', #5784, 7.200000000000361666, 1.041961563441572869 ) ;
#4110 = ORIENTED_EDGE ( 'NONE', *, *, #515, .T. ) ;
#4111 = DIRECTION ( 'NONE',  ( 1.000000000000000000, -0.0000000000000000000, -0.0000000000000000000 ) ) ;
#4112 = CARTESIAN_POINT ( 'NONE',  ( -18.48593223911166206, 0.0000000000000000000, 0.0000000000000000000 ) ) ;
#4113 = VERTEX_POINT ( 'NONE', #1878 ) ;
#4114 = CARTESIAN_POINT ( 'NONE',  ( 0.0000000000000000000, 0.0000000000000000000, 0.0000000000000000000 ) ) ;
#4115 = CARTESIAN_POINT ( 'NONE',  ( -77.69465573308633566, 7.960204194457805338E-16, 6.500000000000007105 ) ) ;
#4116 = DIRECTION ( 'NONE',  ( 0.0000000000000000000, 0.0000000000000000000, -1.000000000000000000 ) ) ;
#4117 = DIRECTION ( 'NONE',  ( 1.000000000000000000, -0.0000000000000000000, -0.0000000000000000000 ) ) ;
#4118 = ADVANCED_FACE ( 'NONE', ( #6261 ), #7531, .T. ) ;
#4119 = AXIS2_PLACEMENT_3D ( 'NONE', #6653, #7036, #6517 ) ;
#4120 = AXIS2_PLACEMENT_3D ( 'NONE', #5700, #7494, #4433 ) ;
#4121 = SURFACE_STYLE_FILL_AREA ( #4572 ) ;
#4122 = DIRECTION ( 'NONE',  ( 1.000000000000000000, -0.0000000000000000000, -0.0000000000000000000 ) ) ;
#4123 = ORIENTED_EDGE ( 'NONE', *, *, #2381, .T. ) ;
#4124 = CONICAL_SURFACE ( 'NONE', #665, 7.450000000000002842, 0.9250245035569997221 ) ;
#4125 = DIRECTION ( 'NONE',  ( 0.0000000000000000000, 0.0000000000000000000, -1.000000000000000000 ) ) ;
#4126 = CYLINDRICAL_SURFACE ( 'NONE', #6905, 6.500000000000006217 ) ;
#4127 = CONICAL_SURFACE ( 'NONE', #7508, 6.500000000000012434, 0.6248278722141574759 ) ;
#4128 = DIRECTION ( 'NONE',  ( 0.0000000000000000000, 0.0000000000000000000, -1.000000000000000000 ) ) ;
#4129 = ADVANCED_FACE ( 'NONE', ( #6063 ), #4146, .T. ) ;
#4130 = VERTEX_POINT ( 'NONE', #1435 ) ;
#4131 = EDGE_CURVE ( 'NONE', #1810, #5713, #822, .T. ) ;
#4132 = VECTOR ( 'NONE', #6224, 1000.000000000000114 ) ;
#4133 = VECTOR ( 'NONE', #4926, 1000.000000000000227 ) ;
#4134 = ORIENTED_EDGE ( 'NONE', *, *, #7852, .T. ) ;
#4135 = DIRECTION ( 'NONE',  ( 1.000000000000000000, -0.0000000000000000000, -0.0000000000000000000 ) ) ;
#4136 = DIRECTION ( 'NONE',  ( 1.000000000000000000, -0.0000000000000000000, -0.0000000000000000000 ) ) ;
#4137 = DIRECTION ( 'NONE',  ( 0.0000000000000000000, 0.0000000000000000000, -1.000000000000000000 ) ) ;
#4138 = EDGE_CURVE ( 'NONE', #8256, #6312, #4352, .T. ) ;
#4139 = CIRCLE ( 'NONE', #7415, 7.200000000003347722 ) ;
#4140 = ORIENTED_EDGE ( 'NONE', *, *, #472, .T. ) ;
#4141 = ORIENTED_EDGE ( 'NONE', *, *, #4098, .T. ) ;
#4142 = EDGE_CURVE ( 'NONE', #7665, #2914, #3238, .T. ) ;
#4143 = ORIENTED_EDGE ( 'NONE', *, *, #814, .T. ) ;
#4144 = DIRECTION ( 'NONE',  ( 0.8110638189892164229, 0.0000000000000000000, -0.5849576749873681702 ) ) ;
#4145 = DIRECTION ( 'NONE',  ( 1.000000000000000000, -0.0000000000000000000, -0.0000000000000000000 ) ) ;
#4146 = CONICAL_SURFACE ( 'NONE', #6052, 7.450000000000062350, 0.9250245035569996110 ) ;
#4147 = EDGE_CURVE ( 'NONE', #2884, #4753, #7723, .T. ) ;
#4148 = CARTESIAN_POINT ( 'NONE',  ( -27.21701928359034639, 9.123618653647785104E-16, 7.450000000000003730 ) ) ;
#4149 = ORIENTED_EDGE ( 'NONE', *, *, #6941, .T. ) ;
#4150 = DIRECTION ( 'NONE',  ( 0.0000000000000000000, 0.0000000000000000000, -1.000000000000000000 ) ) ;
#4151 = EDGE_CURVE ( 'NONE', #4067, #3942, #2607, .T. ) ;
#4152 = DIRECTION ( 'NONE',  ( 0.0000000000000000000, 0.0000000000000000000, -1.000000000000000000 ) ) ;
#4153 = CARTESIAN_POINT ( 'NONE',  ( -95.73014864328338547, 0.0000000000000000000, 0.0000000000000000000 ) ) ;
#4154 = DIRECTION ( 'NONE',  ( 1.000000000000000000, -0.0000000000000000000, -0.0000000000000000000 ) ) ;
#4155 = ORIENTED_EDGE ( 'NONE', *, *, #5696, .T. ) ;
#4156 = FACE_OUTER_BOUND ( 'NONE', #7744, .T. ) ;
#4157 = CARTESIAN_POINT ( 'NONE',  ( -33.96232897392260242, 9.123618653647834407E-16, -7.450000000000043698 ) ) ;
#4158 = AXIS2_PLACEMENT_3D ( 'NONE', #1344, #1297, #1181 ) ;
#4159 = CARTESIAN_POINT ( 'NONE',  ( 0.0000000000000000000, 0.0000000000000000000, 0.0000000000000000000 ) ) ;
#4160 = AXIS2_PLACEMENT_3D ( 'NONE', #1662, #318, #2265 ) ;
#4161 = ADVANCED_FACE ( 'NONE', ( #623 ), #7138, .T. ) ;
#4162 = DIRECTION ( 'NONE',  ( 0.0000000000000000000, 0.0000000000000000000, -1.000000000000000000 ) ) ;
#4163 = CARTESIAN_POINT ( 'NONE',  ( -70.16777279607461537, 8.817456953865042407E-16, -7.200000000003347722 ) ) ;
#4164 = VERTEX_POINT ( 'NONE', #239 ) ;
#4165 = VECTOR ( 'NONE', #429, 1000.000000000000000 ) ;
#4166 = AXIS2_PLACEMENT_3D ( 'NONE', #5965, #5975, #5993 ) ;
#4167 = CYLINDRICAL_SURFACE ( 'NONE', #2700, 6.500000000000006217 ) ;
#4168 = DIRECTION ( 'NONE',  ( 0.0000000000000000000, 0.0000000000000000000, 1.000000000000000000 ) ) ;
#4169 = ORIENTED_EDGE ( 'NONE', *, *, #7536, .T. ) ;
#4170 = FACE_OUTER_BOUND ( 'NONE', #5727, .T. ) ;
#4171 = CARTESIAN_POINT ( 'NONE',  ( -32.87667245845646846, 0.0000000000000000000, 0.0000000000000000000 ) ) ;
#4172 = DIRECTION ( 'NONE',  ( -0.5045276238140931069, 1.057354597449312284E-16, -0.8633955506073128783 ) ) ;
#4173 = CIRCLE ( 'NONE', #679, 6.729642571546111007 ) ;
#4174 = AXIS2_PLACEMENT_3D ( 'NONE', #422, #709, #6609 ) ;
#4175 = AXIS2_PLACEMENT_3D ( 'NONE', #6001, #6494, #6441 ) ;
#4176 = DIRECTION ( 'NONE',  ( 0.0000000000000000000, 0.0000000000000000000, -1.000000000000000000 ) ) ;
#4177 = CARTESIAN_POINT ( 'NONE',  ( -88.75914057268535373, 0.0000000000000000000, 0.0000000000000000000 ) ) ;
#4178 = ORIENTED_EDGE ( 'NONE', *, *, #6982, .F. ) ;
#4179 = EDGE_LOOP ( 'NONE', ( #69, #6703, #2390, #5071 ) ) ;
#4180 = LINE ( 'NONE', #1872, #7757 ) ;
#4181 = LINE ( 'NONE', #2091, #7368 ) ;
#4182 = DIRECTION ( 'NONE',  ( 0.0000000000000000000, 0.0000000000000000000, -1.000000000000000000 ) ) ;
#4183 = ORIENTED_EDGE ( 'NONE', *, *, #7401, .F. ) ;
#4184 = DIRECTION ( 'NONE',  ( 1.000000000000000000, -0.0000000000000000000, -0.0000000000000000000 ) ) ;
#4185 = ORIENTED_EDGE ( 'NONE', *, *, #2615, .F. ) ;
#4186 = EDGE_CURVE ( 'NONE', #4944, #1190, #410, .T. ) ;
#4187 = ORIENTED_EDGE ( 'NONE', *, *, #6344, .T. ) ;
#4188 = DIRECTION ( 'NONE',  ( -0.6018150231520443816, 9.780464210648345161E-17, -0.7986355100472957158 ) ) ;
#4189 = CIRCLE ( 'NONE', #787, 7.450000000000002842 ) ;
#4190 = ORIENTED_EDGE ( 'NONE', *, *, #5200, .F. ) ;
#4191 = CYLINDRICAL_SURFACE ( 'NONE', #6754, 6.500000000000006217 ) ;
#4192 = ORIENTED_EDGE ( 'NONE', *, *, #5468, .F. ) ;
#4193 = EDGE_LOOP ( 'NONE', ( #4046, #1418, #3399, #2016 ) ) ;
#4194 = CARTESIAN_POINT ( 'NONE',  ( -74.20225272669689787, 8.817456953865042407E-16, -7.200000000003347722 ) ) ;
#4195 = EDGE_CURVE ( 'NONE', #2903, #5186, #5863, .T. ) ;
#4196 = CARTESIAN_POINT ( 'NONE',  ( -56.04709303889662664, 8.817456953865042407E-16, -7.200000000003347722 ) ) ;
#4197 = VERTEX_POINT ( 'NONE', #126 ) ;
#4198 = DIRECTION ( 'NONE',  ( 1.000000000000000000, -0.0000000000000000000, -0.0000000000000000000 ) ) ;
#4199 = VERTEX_POINT ( 'NONE', #509 ) ;
#4200 = VECTOR ( 'NONE', #1118, 1000.000000000000114 ) ;
#4201 = EDGE_CURVE ( 'NONE', #4092, #881, #5476, .T. ) ;
#4202 = CIRCLE ( 'NONE', #3361, 7.450000000000012612 ) ;
#4203 = VERTEX_POINT ( 'NONE', #4696 ) ;
#4204 = CARTESIAN_POINT ( 'NONE',  ( -63.70700592691651565, 0.0000000000000000000, 0.0000000000000000000 ) ) ;
#4205 = ORIENTED_EDGE ( 'NONE', *, *, #7443, .T. ) ;
#4206 = ORIENTED_EDGE ( 'NONE', *, *, #3167, .F. ) ;
#4207 = DIRECTION ( 'NONE',  ( 1.000000000000000000, -0.0000000000000000000, -0.0000000000000000000 ) ) ;
#4208 = ORIENTED_EDGE ( 'NONE', *, *, #7445, .F. ) ;
#4209 = CIRCLE ( 'NONE', #6900, 6.729642571546111007 ) ;
#4210 = CARTESIAN_POINT ( 'NONE',  ( -73.79320575347227873, 0.0000000000000000000, 0.0000000000000000000 ) ) ;
#4211 = CIRCLE ( 'NONE', #1450, 7.450000000000023270 ) ;
#4212 = AXIS2_PLACEMENT_3D ( 'NONE', #321, #6696, #3499 ) ;
#4213 = DIRECTION ( 'NONE',  ( 1.000000000000000000, -0.0000000000000000000, -0.0000000000000000000 ) ) ;
#4214 = ADVANCED_FACE ( 'NONE', ( #1966 ), #199, .T. ) ;
#4215 = ORIENTED_EDGE ( 'NONE', *, *, #8082, .F. ) ;
#4216 = ORIENTED_EDGE ( 'NONE', *, *, #5818, .T. ) ;
#4217 = ORIENTED_EDGE ( 'NONE', *, *, #1127, .T. ) ;
#4218 = DIRECTION ( 'NONE',  ( 1.000000000000000000, -0.0000000000000000000, -0.0000000000000000000 ) ) ;
#4219 = EDGE_CURVE ( 'NONE', #7008, #3200, #3953, .T. ) ;
#4220 = VERTEX_POINT ( 'NONE', #3505 ) ;
#4221 = CIRCLE ( 'NONE', #7622, 7.450000000000002842 ) ;
#4222 = CARTESIAN_POINT ( 'NONE',  ( -34.29158575217300609, 0.0000000000000000000, -7.450000000000052580 ) ) ;
#4223 = DIRECTION ( 'NONE',  ( 0.0000000000000000000, 0.0000000000000000000, 1.000000000000000000 ) ) ;
#4224 = CARTESIAN_POINT ( 'NONE',  ( -89.72971450917985692, 0.0000000000000000000, -6.500000000000012434 ) ) ;
#4225 = AXIS2_PLACEMENT_3D ( 'NONE', #2174, #1886, #7255 ) ;
#4226 = VECTOR ( 'NONE', #4073, 1000.000000000000114 ) ;
#4227 = AXIS2_PLACEMENT_3D ( 'NONE', #1740, #1854, #1768 ) ;
#4228 = DIRECTION ( 'NONE',  ( 1.000000000000000000, -0.0000000000000000000, -0.0000000000000000000 ) ) ;
#4229 = DIRECTION ( 'NONE',  ( 0.0000000000000000000, 0.0000000000000000000, -1.000000000000000000 ) ) ;
#4230 = DIRECTION ( 'NONE',  ( -1.000000000000000000, 0.0000000000000000000, 0.0000000000000000000 ) ) ;
#4231 = FACE_OUTER_BOUND ( 'NONE', #3989, .T. ) ;
#4232 = CIRCLE ( 'NONE', #4963, 7.200000000003347722 ) ;
#4233 = AXIS2_PLACEMENT_3D ( 'NONE', #8235, #8192, #8094 ) ;
#4234 = AXIS2_PLACEMENT_3D ( 'NONE', #3855, #7741, #2616 ) ;
#4235 = ORIENTED_EDGE ( 'NONE', *, *, #7250, .T. ) ;
#4236 = DIRECTION ( 'NONE',  ( 0.0000000000000000000, 0.0000000000000000000, -1.000000000000000000 ) ) ;
#4237 = DIRECTION ( 'NONE',  ( 1.000000000000000000, -0.0000000000000000000, -0.0000000000000000000 ) ) ;
#4238 = CARTESIAN_POINT ( 'NONE',  ( -73.66017580246405316, 7.960204194457805338E-16, 6.500000000000007105 ) ) ;
#4239 = LINE ( 'NONE', #8178, #3834 ) ;
#4240 = DIRECTION ( 'NONE',  ( 1.000000000000000000, -0.0000000000000000000, -0.0000000000000000000 ) ) ;
#4241 = ORIENTED_EDGE ( 'NONE', *, *, #6776, .T. ) ;
#4242 = DIRECTION ( 'NONE',  ( 0.0000000000000000000, 0.0000000000000000000, -1.000000000000000000 ) ) ;
#4243 = ORIENTED_EDGE ( 'NONE', *, *, #5391, .T. ) ;
#4244 = EDGE_CURVE ( 'NONE', #6300, #2050, #2182, .T. ) ;
#4245 = CARTESIAN_POINT ( 'NONE',  ( -84.27135729930925834, 0.0000000000000000000, 7.200000000003361933 ) ) ;
#4246 = LINE ( 'NONE', #532, #7618 ) ;
#4247 = CARTESIAN_POINT ( 'NONE',  ( -76.21949269200803201, 0.0000000000000000000, 7.200000000003347722 ) ) ;
#4248 = DIRECTION ( 'NONE',  ( 0.0000000000000000000, 0.0000000000000000000, -1.000000000000000000 ) ) ;
#4249 = EDGE_LOOP ( 'NONE', ( #7396, #6310, #2166, #3007 ) ) ;
#4250 = VERTEX_POINT ( 'NONE', #4291 ) ;
#4251 = EDGE_CURVE ( 'NONE', #2139, #3450, #5285, .T. ) ;
#4252 = VECTOR ( 'NONE', #4891, 1000.000000000000000 ) ;
#4253 = ADVANCED_FACE ( 'NONE', ( #6948 ), #3339, .T. ) ;
#4254 = CARTESIAN_POINT ( 'NONE',  ( 0.0000000000000000000, 7.960204194457804352E-16, 6.500000000000006217 ) ) ;
#4255 = EDGE_CURVE ( 'NONE', #6459, #3775, #1754, .T. ) ;
#4256 = CARTESIAN_POINT ( 'NONE',  ( -49.04840246982011820, 0.0000000000000000000, 0.0000000000000000000 ) ) ;
#4257 = DIRECTION ( 'NONE',  ( 0.0000000000000000000, 0.0000000000000000000, 1.000000000000000000 ) ) ;
#4258 = EDGE_LOOP ( 'NONE', ( #1510, #7680, #770, #492 ) ) ;
#4259 = EDGE_CURVE ( 'NONE', #6392, #2549, #5082, .T. ) ;
#4260 = CARTESIAN_POINT ( 'NONE',  ( -53.48777614935264069, 8.388830574159594701E-16, 6.500000000000007105 ) ) ;
#4261 = LINE ( 'NONE', #546, #4459 ) ;
#4262 = EDGE_CURVE ( 'NONE', #2884, #4627, #5666, .T. ) ;
#4263 = DIRECTION ( 'NONE',  ( 1.000000000000000000, -0.0000000000000000000, -0.0000000000000000000 ) ) ;
#4264 = EDGE_LOOP ( 'NONE', ( #3726, #4029, #3020, #8387 ) ) ;
#4265 = CARTESIAN_POINT ( 'NONE',  ( -58.06433300420776789, 0.0000000000000000000, 0.0000000000000000000 ) ) ;
#4266 = CIRCLE ( 'NONE', #5233, 7.200000000003347722 ) ;
#4267 = CARTESIAN_POINT ( 'NONE',  ( 0.0000000000000000000, 0.0000000000000000000, 0.0000000000000000000 ) ) ;
#4268 = CONICAL_SURFACE ( 'NONE', #7017, 7.450000000000002842, 0.9250245035569997221 ) ;
#4269 = AXIS2_PLACEMENT_3D ( 'NONE', #1039, #1213, #3445 ) ;
#4270 = CARTESIAN_POINT ( 'NONE',  ( -31.13250238648954138, 9.123618653647810742E-16, -7.450000000000023270 ) ) ;
#4271 = ORIENTED_EDGE ( 'NONE', *, *, #6928, .F. ) ;
#4272 = CARTESIAN_POINT ( 'NONE',  ( -39.07915389105566106, 0.0000000000000000000, -6.729642571546180285 ) ) ;
#4273 = VECTOR ( 'NONE', #1385, 1000.000000000000114 ) ;
#4274 = VECTOR ( 'NONE', #6637, 1000.000000000000227 ) ;
#4275 = AXIS2_PLACEMENT_3D ( 'NONE', #632, #5836, #5777 ) ;
#4276 = CARTESIAN_POINT ( 'NONE',  ( -44.64504213944225341, 7.016889571331830903E-16, 5.729725155218028831 ) ) ;
#4277 = ORIENTED_EDGE ( 'NONE', *, *, #1738, .T. ) ;
#4278 = CARTESIAN_POINT ( 'NONE',  ( -81.72913566370860394, 7.960204194457805338E-16, 6.500000000000007105 ) ) ;
#4279 = CARTESIAN_POINT ( 'NONE',  ( -69.62569587184177067, 0.0000000000000000000, 0.0000000000000000000 ) ) ;
#4280 = CONICAL_SURFACE ( 'NONE', #3573, 7.200000000003347722, 1.041961563441702099 ) ;
#4281 = CYLINDRICAL_SURFACE ( 'NONE', #1729, 7.450000000000002842 ) ;
#4282 = CARTESIAN_POINT ( 'NONE',  ( 0.0000000000000000000, 0.0000000000000000000, -6.500000000000010658 ) ) ;
#4283 = ORIENTED_EDGE ( 'NONE', *, *, #3746, .F. ) ;
#4284 = VERTEX_POINT ( 'NONE', #2298 ) ;
#4285 = DIRECTION ( 'NONE',  ( 0.0000000000000000000, 0.0000000000000000000, -1.000000000000000000 ) ) ;
#4286 = CARTESIAN_POINT ( 'NONE',  ( -50.43300091588812251, 0.0000000000000000000, 0.0000000000000000000 ) ) ;
#4287 = DIRECTION ( 'NONE',  ( 0.0000000000000000000, 1.000000000000000000, -1.224646799147353207E-16 ) ) ;
#4288 = CIRCLE ( 'NONE', #7737, 7.200000000003417888 ) ;
#4289 = STYLED_ITEM ( 'NONE', ( #6273 ), #106 ) ;
#4290 = EDGE_CURVE ( 'NONE', #1300, #2697, #8199, .T. ) ;
#4291 = CARTESIAN_POINT ( 'NONE',  ( -15.99788378651056320, 9.123618653647785104E-16, 7.450000000000002842 ) ) ;
#4292 = DIRECTION ( 'NONE',  ( 0.8110638189892164229, 7.163665443099581461E-17, 0.5849576749873681702 ) ) ;
#4293 = CONICAL_SURFACE ( 'NONE', #4015, 6.976277466081058698, 1.041961563440976679 ) ;
#4294 = CARTESIAN_POINT ( 'NONE',  ( 0.0000000000000000000, 8.817456953865034519E-16, 7.200000000003340617 ) ) ;
#4295 = ORIENTED_EDGE ( 'NONE', *, *, #6188, .F. ) ;
#4296 = ADVANCED_FACE ( 'NONE', ( #1553 ), #1336, .T. ) ;
#4297 = ORIENTED_EDGE ( 'NONE', *, *, #8375, .T. ) ;
#4298 = CARTESIAN_POINT ( 'NONE',  ( -55.63804606567189381, 0.0000000000000000000, 0.0000000000000000000 ) ) ;
#4299 = EDGE_LOOP ( 'NONE', ( #4192, #3568, #6510, #3025 ) ) ;
#4300 = EDGE_CURVE ( 'NONE', #5306, #6614, #3127, .T. ) ;
#4301 = ORIENTED_EDGE ( 'NONE', *, *, #848, .F. ) ;
#4302 = DIRECTION ( 'NONE',  ( 0.0000000000000000000, 0.0000000000000000000, -1.000000000000000000 ) ) ;
#4303 = ORIENTED_EDGE ( 'NONE', *, *, #7924, .F. ) ;
#4304 = CONICAL_SURFACE ( 'NONE', #504, 6.976277466081058698, 1.041961563440976679 ) ;
#4305 = ORIENTED_EDGE ( 'NONE', *, *, #7817, .F. ) ;
#4306 = CARTESIAN_POINT ( 'NONE',  ( -73.66017580246405316, 8.388830574161415984E-16, 6.500000000000007105 ) ) ;
#4307 = VERTEX_POINT ( 'NONE', #1697 ) ;
#4308 = EDGE_CURVE ( 'NONE', #7635, #2216, #8008, .T. ) ;
#4309 = EDGE_LOOP ( 'NONE', ( #7438, #6624, #4217, #6549 ) ) ;
#4310 = ORIENTED_EDGE ( 'NONE', *, *, #1969, .F. ) ;
#4311 = CONICAL_SURFACE ( 'NONE', #4160, 6.500000000000007105, 0.6248278722141583641 ) ;
#4312 = CONICAL_SURFACE ( 'NONE', #5852, 6.729642571546121665, 0.9250245035569996110 ) ;
#4313 = DIRECTION ( 'NONE',  ( 1.000000000000000000, -0.0000000000000000000, -0.0000000000000000000 ) ) ;
#4314 = ORIENTED_EDGE ( 'NONE', *, *, #3237, .T. ) ;
#4315 = EDGE_CURVE ( 'NONE', #563, #6978, #6555, .T. ) ;
#4316 = ORIENTED_EDGE ( 'NONE', *, *, #713, .F. ) ;
#4317 = DIRECTION ( 'NONE',  ( 0.0000000000000000000, 0.0000000000000000000, -1.000000000000000000 ) ) ;
#4318 = CARTESIAN_POINT ( 'NONE',  ( -88.75914057268535373, 0.0000000000000000000, 0.0000000000000000000 ) ) ;
#4319 = EDGE_CURVE ( 'NONE', #3942, #2057, #6347, .T. ) ;
#4320 = VERTEX_POINT ( 'NONE', #1144 ) ;
#4321 = FACE_OUTER_BOUND ( 'NONE', #1916, .T. ) ;
#4322 = ORIENTED_EDGE ( 'NONE', *, *, #417, .F. ) ;
#4323 = ORIENTED_EDGE ( 'NONE', *, *, #5416, .T. ) ;
#4324 = DIRECTION ( 'NONE',  ( 0.0000000000000000000, 0.0000000000000000000, -1.000000000000000000 ) ) ;
#4325 = CARTESIAN_POINT ( 'NONE',  ( -61.68976596160536019, 7.960204194457804352E-16, 6.500000000000005329 ) ) ;
#4326 = DIRECTION ( 'NONE',  ( 0.0000000000000000000, 0.0000000000000000000, -1.000000000000000000 ) ) ;
#4327 = DIRECTION ( 'NONE',  ( 1.000000000000000000, -0.0000000000000000000, -0.0000000000000000000 ) ) ;
#4328 = DIRECTION ( 'NONE',  ( 1.000000000000000000, -0.0000000000000000000, -0.0000000000000000000 ) ) ;
#4329 = AXIS2_PLACEMENT_3D ( 'NONE', #2985, #7537, #3094 ) ;
#4330 = DIRECTION ( 'NONE',  ( 1.000000000000000000, -0.0000000000000000000, -0.0000000000000000000 ) ) ;
#4331 = VECTOR ( 'NONE', #2395, 1000.000000000000000 ) ;
#4332 = CARTESIAN_POINT ( 'NONE',  ( -52.01261310827259621, 8.817456953861385051E-16, -7.200000000000361666 ) ) ;
#4333 = VECTOR ( 'NONE', #2679, 1000.000000000000000 ) ;
#4334 = LINE ( 'NONE', #6757, #7317 ) ;
#4335 = DIRECTION ( 'NONE',  ( 1.000000000000000000, -0.0000000000000000000, -0.0000000000000000000 ) ) ;
#4336 = AXIS2_PLACEMENT_3D ( 'NONE', #3320, #3939, #3928 ) ;
#4337 = CARTESIAN_POINT ( 'NONE',  ( -58.06433300420776789, 0.0000000000000000000, 0.0000000000000000000 ) ) ;
#4338 = AXIS2_PLACEMENT_3D ( 'NONE', #1014, #737, #1028 ) ;
#4339 = CIRCLE ( 'NONE', #1440, 7.450000000000033040 ) ;
#4340 = VECTOR ( 'NONE', #349, 1000.000000000000114 ) ;
#4341 = ORIENTED_EDGE ( 'NONE', *, *, #3437, .F. ) ;
#4342 = ADVANCED_FACE ( 'NONE', ( #7816 ), #2709, .T. ) ;
#4343 = DIRECTION ( 'NONE',  ( 0.0000000000000000000, 1.224646799147353947E-16, 1.000000000000000000 ) ) ;
#4344 = DIRECTION ( 'NONE',  ( 1.000000000000000000, -0.0000000000000000000, -0.0000000000000000000 ) ) ;
#4345 = DIRECTION ( 'NONE',  ( 0.0000000000000000000, 0.0000000000000000000, -1.000000000000000000 ) ) ;
#4346 = AXIS2_PLACEMENT_3D ( 'NONE', #7013, #6943, #7237 ) ;
#4347 = AXIS2_PLACEMENT_3D ( 'NONE', #5675, #6116, #5754 ) ;
#4348 = CIRCLE ( 'NONE', #6998, 7.200000000003389466 ) ;
#4349 = ORIENTED_EDGE ( 'NONE', *, *, #8369, .F. ) ;
#4350 = DIRECTION ( 'NONE',  ( 1.000000000000000000, -0.0000000000000000000, -0.0000000000000000000 ) ) ;
#4351 = CARTESIAN_POINT ( 'NONE',  ( -96.75971941815659250, 0.0000000000000000000, 0.0000000000000000000 ) ) ;
#4352 = CIRCLE ( 'NONE', #6892, 7.200000000003347722 ) ;
#4353 = ORIENTED_EDGE ( 'NONE', *, *, #5879, .T. ) ;
#4354 = DIRECTION ( 'NONE',  ( 1.000000000000000000, -0.0000000000000000000, -0.0000000000000000000 ) ) ;
#4355 = EDGE_CURVE ( 'NONE', #2764, #4933, #4885, .T. ) ;
#4356 = CARTESIAN_POINT ( 'NONE',  ( -16.54071204424362662, 8.241435234649700335E-16, 6.729642571546104790 ) ) ;
#4357 = ADVANCED_FACE ( 'NONE', ( #6161 ), #2496, .T. ) ;
#4358 = DIRECTION ( 'NONE',  ( 0.0000000000000000000, 0.0000000000000000000, -1.000000000000000000 ) ) ;
#4359 = ORIENTED_EDGE ( 'NONE', *, *, #2080, .F. ) ;
#4360 = VECTOR ( 'NONE', #7252, 1000.000000000000227 ) ;
#4361 = EDGE_CURVE ( 'NONE', #3815, #6451, #4246, .T. ) ;
#4362 = DIRECTION ( 'NONE',  ( -1.000000000000000000, 0.0000000000000000000, 0.0000000000000000000 ) ) ;
#4363 = CARTESIAN_POINT ( 'NONE',  ( 0.0000000000000000000, 0.0000000000000000000, 0.0000000000000000000 ) ) ;
#4364 = AXIS2_PLACEMENT_3D ( 'NONE', #6625, #2024, #6671 ) ;
#4365 = DIRECTION ( 'NONE',  ( 1.000000000000000000, -0.0000000000000000000, -0.0000000000000000000 ) ) ;
#4366 = AXIS2_PLACEMENT_3D ( 'NONE', #5441, #5252, #5219 ) ;
#4367 = EDGE_CURVE ( 'NONE', #2594, #7635, #2918, .T. ) ;
#4368 = DIRECTION ( 'NONE',  ( 1.000000000000000000, -0.0000000000000000000, -0.0000000000000000000 ) ) ;
#4369 = VECTOR ( 'NONE', #91, 1000.000000000000227 ) ;
#4370 = DIRECTION ( 'NONE',  ( 1.000000000000000000, -0.0000000000000000000, -0.0000000000000000000 ) ) ;
#4371 = CONICAL_SURFACE ( 'NONE', #4, 7.200000000003347722, 1.041961563441746508 ) ;
#4372 = DIRECTION ( 'NONE',  ( 0.0000000000000000000, 0.0000000000000000000, -1.000000000000000000 ) ) ;
#4373 = CARTESIAN_POINT ( 'NONE',  ( -96.75971941815659250, 0.0000000000000000000, 0.0000000000000000000 ) ) ;
#4374 = ADVANCED_FACE ( 'NONE', ( #7427 ), #505, .T. ) ;
#4375 = ORIENTED_EDGE ( 'NONE', *, *, #1356, .T. ) ;
#4376 = FACE_OUTER_BOUND ( 'NONE', #440, .T. ) ;
#4377 = CARTESIAN_POINT ( 'NONE',  ( -25.49789192478652566, 0.0000000000000000000, 0.0000000000000000000 ) ) ;
#4378 = CONICAL_SURFACE ( 'NONE', #7789, 7.200000000003347722, 1.041961563441687444 ) ;
#4379 = AXIS2_PLACEMENT_3D ( 'NONE', #3735, #3656, #3634 ) ;
#4380 = ORIENTED_EDGE ( 'NONE', *, *, #3227, .T. ) ;
#4381 = ORIENTED_EDGE ( 'NONE', *, *, #7802, .T. ) ;
#4382 = ADVANCED_FACE ( 'NONE', ( #721 ), #919, .T. ) ;
#4383 = LINE ( 'NONE', #1536, #6688 ) ;
#4384 = CIRCLE ( 'NONE', #3670, 7.450000000000082778 ) ;
#4385 = AXIS2_PLACEMENT_3D ( 'NONE', #706, #2008, #2067 ) ;
#4386 = AXIS2_PLACEMENT_3D ( 'NONE', #5300, #4942, #4791 ) ;
#4387 = DIRECTION ( 'NONE',  ( 1.000000000000000000, -0.0000000000000000000, -0.0000000000000000000 ) ) ;
#4388 = CARTESIAN_POINT ( 'NONE',  ( -49.04840246982011820, 9.029983930901683139E-16, 7.373541446553168122 ) ) ;
#4389 = ORIENTED_EDGE ( 'NONE', *, *, #3510, .F. ) ;
#4390 = VERTEX_POINT ( 'NONE', #673 ) ;
#4391 = VERTEX_POINT ( 'NONE', #464 ) ;
#4392 = FACE_OUTER_BOUND ( 'NONE', #3195, .T. ) ;
#4393 = FACE_OUTER_BOUND ( 'NONE', #38, .T. ) ;
#4394 = VERTEX_POINT ( 'NONE', #705 ) ;
#4395 = ORIENTED_EDGE ( 'NONE', *, *, #5455, .F. ) ;
#4396 = CARTESIAN_POINT ( 'NONE',  ( -53.62080610036073836, 0.0000000000000000000, 0.0000000000000000000 ) ) ;
#4397 = ORIENTED_EDGE ( 'NONE', *, *, #6788, .T. ) ;
#4398 = CARTESIAN_POINT ( 'NONE',  ( -86.27150201067706803, 0.0000000000000000000, 0.0000000000000000000 ) ) ;
#4399 = ORIENTED_EDGE ( 'NONE', *, *, #6339, .T. ) ;
#4400 = EDGE_CURVE ( 'NONE', #6009, #5798, #4044, .T. ) ;
#4401 = CYLINDRICAL_SURFACE ( 'NONE', #5326, 7.200000000000361666 ) ;
#4402 = CARTESIAN_POINT ( 'NONE',  ( 0.0000000000000000000, 9.123618653647785104E-16, 7.450000000000002842 ) ) ;
#4403 = DIRECTION ( 'NONE',  ( -0.6018150231520443816, 0.0000000000000000000, 0.7986355100472957158 ) ) ;
#4404 = CIRCLE ( 'NONE', #1568, 7.200000000003403677 ) ;
#4405 = VERTEX_POINT ( 'NONE', #8376 ) ;
#4406 = ORIENTED_EDGE ( 'NONE', *, *, #4867, .F. ) ;
#4407 = EDGE_CURVE ( 'NONE', #5181, #6978, #7234, .T. ) ;
#4408 = DIRECTION ( 'NONE',  ( 0.0000000000000000000, 0.0000000000000000000, -1.000000000000000000 ) ) ;
#4409 = ORIENTED_EDGE ( 'NONE', *, *, #5452, .T. ) ;
#4410 = CIRCLE ( 'NONE', #6056, 6.500000000000007105 ) ;
#4411 = CIRCLE ( 'NONE', #3848, 7.200000000003333511 ) ;
#4412 = CARTESIAN_POINT ( 'NONE',  ( -51.47053618404149944, 7.960204194457805338E-16, 6.500000000000007105 ) ) ;
#4413 = VERTEX_POINT ( 'NONE', #3936 ) ;
#4414 = EDGE_CURVE ( 'NONE', #2594, #7170, #5760, .T. ) ;
#4415 = VERTEX_POINT ( 'NONE', #3221 ) ;
#4416 = DIRECTION ( 'NONE',  ( 1.000000000000000000, -0.0000000000000000000, -0.0000000000000000000 ) ) ;
#4417 = VERTEX_POINT ( 'NONE', #3335 ) ;
#4418 = LINE ( 'NONE', #1237, #479 ) ;
#4419 = ADVANCED_FACE ( 'NONE', ( #2063 ), #304, .T. ) ;
#4420 = EDGE_CURVE ( 'NONE', #224, #6294, #2289, .T. ) ;
#4421 = CARTESIAN_POINT ( 'NONE',  ( -79.71189569839746980, 8.388830574161415984E-16, 6.500000000000007105 ) ) ;
#4422 = DIRECTION ( 'NONE',  ( 0.0000000000000000000, 0.0000000000000000000, -1.000000000000000000 ) ) ;
#4423 = EDGE_CURVE ( 'NONE', #8283, #3775, #5568, .T. ) ;
#4424 = LINE ( 'NONE', #4270, #4226 ) ;
#4425 = CYLINDRICAL_SURFACE ( 'NONE', #1986, 6.500000000000010658 ) ;
#4426 = ADVANCED_FACE ( 'NONE', ( #3629 ), #5178, .T. ) ;
#4427 = APPLICATION_PROTOCOL_DEFINITION ( 'draft international standard', 'automotive_design', 1998, #5361 ) ;
#4428 = CARTESIAN_POINT ( 'NONE',  ( 0.0000000000000000000, 0.0000000000000000000, -6.500000000000006217 ) ) ;
#4429 = LINE ( 'NONE', #4721, #7602 ) ;
#4430 = DIRECTION ( 'NONE',  ( 0.9984407641819806889, 6.836162741346951564E-18, 0.05582150499316663322 ) ) ;
#4431 = CARTESIAN_POINT ( 'NONE',  ( -38.20706885507219397, 9.123618653647869906E-16, -7.450000000000073008 ) ) ;
#4432 = CYLINDRICAL_SURFACE ( 'NONE', #5788, 7.450000000000009059 ) ;
#4433 = DIRECTION ( 'NONE',  ( 0.0000000000000000000, 0.0000000000000000000, -1.000000000000000000 ) ) ;
#4434 = ORIENTED_EDGE ( 'NONE', *, *, #6882, .F. ) ;
#4435 = AXIS2_PLACEMENT_3D ( 'NONE', #6503, #7477, #2905 ) ;
#4436 = CARTESIAN_POINT ( 'NONE',  ( 0.0000000000000000000, 0.0000000000000000000, 0.0000000000000000000 ) ) ;
#4437 = ORIENTED_EDGE ( 'NONE', *, *, #6500, .T. ) ;
#4438 = DIRECTION ( 'NONE',  ( 0.6018150231520442706, 9.780464210648347626E-17, 0.7986355100472959379 ) ) ;
#4439 = VERTEX_POINT ( 'NONE', #7798 ) ;
#4440 = FACE_OUTER_BOUND ( 'NONE', #2626, .T. ) ;
#4441 = CARTESIAN_POINT ( 'NONE',  ( -34.29158575217300609, 0.0000000000000000000, 0.0000000000000000000 ) ) ;
#4442 = AXIS2_PLACEMENT_3D ( 'NONE', #1209, #1244, #1292 ) ;
#4443 = ORIENTED_EDGE ( 'NONE', *, *, #918, .T. ) ;
#4444 = ORIENTED_EDGE ( 'NONE', *, *, #1473, .T. ) ;
#4445 = AXIS2_PLACEMENT_3D ( 'NONE', #2279, #3319, #2122 ) ;
#4446 = VECTOR ( 'NONE', #169, 1000.000000000000000 ) ;
#4447 = ORIENTED_EDGE ( 'NONE', *, *, #5939, .F. ) ;
#4448 = EDGE_LOOP ( 'NONE', ( #5785, #1133, #6327, #7273 ) ) ;
#4449 = CARTESIAN_POINT ( 'NONE',  ( -33.96232897392260242, 0.0000000000000000000, 7.450000000000043698 ) ) ;
#4450 = CARTESIAN_POINT ( 'NONE',  ( 0.0000000000000000000, 0.0000000000000000000, -7.450000000000002842 ) ) ;
#4451 = AXIS2_PLACEMENT_3D ( 'NONE', #3463, #3486, #7070 ) ;
#4452 = AXIS2_PLACEMENT_3D ( 'NONE', #4373, #4122, #4242 ) ;
#4453 = DIRECTION ( 'NONE',  ( 0.6018150231520442706, 9.780464210648347626E-17, 0.7986355100472959379 ) ) ;
#4454 = VECTOR ( 'NONE', #4509, 1000.000000000000000 ) ;
#4455 = DIRECTION ( 'NONE',  ( 1.000000000000000000, -0.0000000000000000000, -0.0000000000000000000 ) ) ;
#4456 = DIRECTION ( 'NONE',  ( -0.5045276238147061720, 1.057354597448873604E-16, -0.8633955506069546093 ) ) ;
#4457 = DIRECTION ( 'NONE',  ( 1.000000000000000000, -0.0000000000000000000, -0.0000000000000000000 ) ) ;
#4458 = ADVANCED_FACE ( 'NONE', ( #5370 ), #5970, .T. ) ;
#4459 = VECTOR ( 'NONE', #519, 1000.000000000000114 ) ;
#4460 = EDGE_CURVE ( 'NONE', #4555, #2521, #3842, .T. ) ;
#4461 = DIRECTION ( 'NONE',  ( 1.000000000000000000, -0.0000000000000000000, -0.0000000000000000000 ) ) ;
#4462 = DIRECTION ( 'NONE',  ( -1.000000000000000000, 0.0000000000000000000, 0.0000000000000000000 ) ) ;
#4463 = CARTESIAN_POINT ( 'NONE',  ( -44.64504213944225341, 0.0000000000000000000, 0.0000000000000000000 ) ) ;
#4464 = EDGE_CURVE ( 'NONE', #3892, #120, #6852, .T. ) ;
#4465 = ADVANCED_FACE ( 'NONE', ( #95 ), #3228, .T. ) ;
#4466 = ORIENTED_EDGE ( 'NONE', *, *, #3002, .F. ) ;
#4467 = VECTOR ( 'NONE', #2022, 1000.000000000000000 ) ;
#4468 = EDGE_CURVE ( 'NONE', #4250, #345, #4984, .T. ) ;
#4469 = FACE_OUTER_BOUND ( 'NONE', #6256, .T. ) ;
#4470 = DIRECTION ( 'NONE',  ( 1.000000000000000000, -0.0000000000000000000, -0.0000000000000000000 ) ) ;
#4471 = ORIENTED_EDGE ( 'NONE', *, *, #5134, .F. ) ;
#4472 = CARTESIAN_POINT ( 'NONE',  ( 0.0000000000000000000, 0.0000000000000000000, -7.450000000000002842 ) ) ;
#4473 = DIRECTION ( 'NONE',  ( 1.000000000000000000, -0.0000000000000000000, -0.0000000000000000000 ) ) ;
#4474 = EDGE_LOOP ( 'NONE', ( #7171, #7470, #2671, #32 ) ) ;
#4475 = VECTOR ( 'NONE', #4651, 1000.000000000000000 ) ;
#4476 = LINE ( 'NONE', #325, #537 ) ;
#4477 = AXIS2_PLACEMENT_3D ( 'NONE', #5419, #5432, #5353 ) ;
#4478 = ORIENTED_EDGE ( 'NONE', *, *, #1738, .F. ) ;
#4479 = ORIENTED_EDGE ( 'NONE', *, *, #2088, .T. ) ;
#4480 = DIRECTION ( 'NONE',  ( 0.0000000000000000000, 0.0000000000000000000, -1.000000000000000000 ) ) ;
#4481 = DIRECTION ( 'NONE',  ( 0.0000000000000000000, 0.0000000000000000000, -1.000000000000000000 ) ) ;
#4482 = CARTESIAN_POINT ( 'NONE',  ( -17.94310398137859863, 0.0000000000000000000, 0.0000000000000000000 ) ) ;
#4483 = CIRCLE ( 'NONE', #4915, 0.4999999999999987232 ) ;
#4484 = CARTESIAN_POINT ( 'NONE',  ( -92.27193614478049710, 0.0000000000000000000, 0.0000000000000000000 ) ) ;
#4485 = CARTESIAN_POINT ( 'NONE',  ( 0.0000000000000000000, 7.960204194457806324E-16, 6.500000000000007994 ) ) ;
#4486 = LINE ( 'NONE', #4157, #6194 ) ;
#4487 = CARTESIAN_POINT ( 'NONE',  ( -26.35745560418843780, 0.0000000000000000000, 0.0000000000000000000 ) ) ;
#4488 = CARTESIAN_POINT ( 'NONE',  ( 0.0000000000000000000, 0.0000000000000000000, 0.0000000000000000000 ) ) ;
#4489 = AXIS2_PLACEMENT_3D ( 'NONE', #8086, #8338, #6366 ) ;
#4490 = CARTESIAN_POINT ( 'NONE',  ( -54.02985307358373746, 0.0000000000000000000, 7.200000000000362554 ) ) ;
#4491 = ORIENTED_EDGE ( 'NONE', *, *, #5936, .T. ) ;
#4492 = ORIENTED_EDGE ( 'NONE', *, *, #3510, .T. ) ;
#4493 = DIRECTION ( 'NONE',  ( 1.000000000000000000, -0.0000000000000000000, -0.0000000000000000000 ) ) ;
#4494 = LINE ( 'NONE', #7660, #7857 ) ;
#4495 = AXIS2_PLACEMENT_3D ( 'NONE', #5078, #4985, #5196 ) ;
#4496 = DIRECTION ( 'NONE',  ( 0.0000000000000000000, 0.0000000000000000000, -1.000000000000000000 ) ) ;
#4497 = LINE ( 'NONE', #7254, #2543 ) ;
#4498 =( NAMED_UNIT ( * ) SI_UNIT ( $, .STERADIAN. ) SOLID_ANGLE_UNIT ( ) );
#4499 = ORIENTED_EDGE ( 'NONE', *, *, #1825, .F. ) ;
#4500 = DIRECTION ( 'NONE',  ( 0.0000000000000000000, 0.0000000000000000000, -1.000000000000000000 ) ) ;
#4501 = ORIENTED_EDGE ( 'NONE', *, *, #3390, .T. ) ;
#4502 = VERTEX_POINT ( 'NONE', #7144 ) ;
#4503 = ORIENTED_EDGE ( 'NONE', *, *, #3283, .F. ) ;
#4504 = FACE_OUTER_BOUND ( 'NONE', #3776, .T. ) ;
#4505 = AXIS2_PLACEMENT_3D ( 'NONE', #21, #8200, #5093 ) ;
#4506 = AXIS2_PLACEMENT_3D ( 'NONE', #1687, #1077, #1043 ) ;
#4507 = ADVANCED_FACE ( 'NONE', ( #3425 ), #1441, .T. ) ;
#4508 = CARTESIAN_POINT ( 'NONE',  ( 0.0000000000000000000, 0.0000000000000000000, -7.650000000000001243 ) ) ;
#4509 = DIRECTION ( 'NONE',  ( 1.000000000000000000, -0.0000000000000000000, -0.0000000000000000000 ) ) ;
#4510 = EDGE_LOOP ( 'NONE', ( #4478, #3836, #6989, #5229 ) ) ;
#4511 = ORIENTED_EDGE ( 'NONE', *, *, #5924, .F. ) ;
#4512 = CARTESIAN_POINT ( 'NONE',  ( 0.0000000000000000000, 0.0000000000000000000, 0.0000000000000000000 ) ) ;
#4513 = VERTEX_POINT ( 'NONE', #6601 ) ;
#4514 = ORIENTED_EDGE ( 'NONE', *, *, #253, .T. ) ;
#4515 = LINE ( 'NONE', #1112, #4101 ) ;
#4516 = CARTESIAN_POINT ( 'NONE',  ( -26.35745560418843780, 8.241435234649700335E-16, 6.729642571546104790 ) ) ;
#4517 = VECTOR ( 'NONE', #1100, 1000.000000000000000 ) ;
#4518 = EDGE_LOOP ( 'NONE', ( #1198, #1029, #2343, #4703 ) ) ;
#4519 = DIRECTION ( 'NONE',  ( 0.0000000000000000000, 0.0000000000000000000, -1.000000000000000000 ) ) ;
#4520 = ADVANCED_FACE ( 'NONE', ( #1856 ), #6452, .T. ) ;
#4521 = EDGE_CURVE ( 'NONE', #2439, #2664, #8107, .T. ) ;
#4522 = DIRECTION ( 'NONE',  ( 0.0000000000000000000, 0.0000000000000000000, -1.000000000000000000 ) ) ;
#4523 = DIRECTION ( 'NONE',  ( 1.000000000000000000, -0.0000000000000000000, -0.0000000000000000000 ) ) ;
#4524 = DIRECTION ( 'NONE',  ( -1.000000000000000000, 0.0000000000000000000, 0.0000000000000000000 ) ) ;
#4525 = DIRECTION ( 'NONE',  ( 0.0000000000000000000, 0.0000000000000000000, -1.000000000000000000 ) ) ;
#4526 = ORIENTED_EDGE ( 'NONE', *, *, #1251, .F. ) ;
#4527 = VECTOR ( 'NONE', #7885, 1000.000000000000227 ) ;
#4528 = EDGE_CURVE ( 'NONE', #2021, #780, #8287, .T. ) ;
#4529 = ORIENTED_EDGE ( 'NONE', *, *, #8113, .T. ) ;
#4530 = CARTESIAN_POINT ( 'NONE',  ( -71.64293583715290481, 0.0000000000000000000, 0.0000000000000000000 ) ) ;
#4531 = DIRECTION ( 'NONE',  ( 0.0000000000000000000, 0.0000000000000000000, -1.000000000000000000 ) ) ;
#4532 = DIRECTION ( 'NONE',  ( 1.000000000000000000, -0.0000000000000000000, -0.0000000000000000000 ) ) ;
#4533 = AXIS2_PLACEMENT_3D ( 'NONE', #579, #5039, #6954 ) ;
#4534 = VECTOR ( 'NONE', #2705, 1000.000000000000000 ) ;
#4535 = FACE_OUTER_BOUND ( 'NONE', #3803, .T. ) ;
#4536 = CYLINDRICAL_SURFACE ( 'NONE', #7086, 7.200000000003340617 ) ;
#4537 = EDGE_CURVE ( 'NONE', #890, #6392, #6650, .T. ) ;
#4538 = EDGE_CURVE ( 'NONE', #1911, #3508, #4776, .T. ) ;
#4539 = VERTEX_POINT ( 'NONE', #5653 ) ;
#4540 = VECTOR ( 'NONE', #6657, 1000.000000000000000 ) ;
#4541 = CARTESIAN_POINT ( 'NONE',  ( 0.0000000000000000000, 0.0000000000000000000, 0.0000000000000000000 ) ) ;
#4542 = DIRECTION ( 'NONE',  ( 1.000000000000000000, -0.0000000000000000000, -0.0000000000000000000 ) ) ;
#4543 = CYLINDRICAL_SURFACE ( 'NONE', #6365, 7.200000000003340617 ) ;
#4544 = ORIENTED_EDGE ( 'NONE', *, *, #6193, .F. ) ;
#4545 = ORIENTED_EDGE ( 'NONE', *, *, #6500, .F. ) ;
#4546 = DIRECTION ( 'NONE',  ( 1.000000000000000000, -0.0000000000000000000, -0.0000000000000000000 ) ) ;
#4547 = DIRECTION ( 'NONE',  ( 1.000000000000000000, -0.0000000000000000000, -0.0000000000000000000 ) ) ;
#4548 = CARTESIAN_POINT ( 'NONE',  ( -29.71758909277301086, 0.0000000000000000000, 0.0000000000000000000 ) ) ;
#4549 = DIRECTION ( 'NONE',  ( 0.0000000000000000000, 0.0000000000000000000, -1.000000000000000000 ) ) ;
#4550 = AXIS2_PLACEMENT_3D ( 'NONE', #6176, #6306, #6191 ) ;
#4551 = CIRCLE ( 'NONE', #5734, 7.200000000003445422 ) ;
#4552 = DIRECTION ( 'NONE',  ( 0.0000000000000000000, 0.0000000000000000000, -1.000000000000000000 ) ) ;
#4553 = ADVANCED_FACE ( 'NONE', ( #7910 ), #2814, .T. ) ;
#4554 = VERTEX_POINT ( 'NONE', #5070 ) ;
#4555 = VERTEX_POINT ( 'NONE', #5013 ) ;
#4556 = CARTESIAN_POINT ( 'NONE',  ( -36.24932730362260003, 0.0000000000000000000, -6.729642571546160745 ) ) ;
#4557 = CARTESIAN_POINT ( 'NONE',  ( -78.23673265731918036, 0.0000000000000000000, 0.0000000000000000000 ) ) ;
#4558 = AXIS2_PLACEMENT_3D ( 'NONE', #5768, #5176, #4500 ) ;
#4559 = AXIS2_PLACEMENT_3D ( 'NONE', #6725, #2689, #6698 ) ;
#4560 = DIRECTION ( 'NONE',  ( 0.0000000000000000000, 0.0000000000000000000, -1.000000000000000000 ) ) ;
#4561 = CIRCLE ( 'NONE', #5211, 6.500000000000005329 ) ;
#4562 = ADVANCED_FACE ( 'NONE', ( #7717 ), #1657, .T. ) ;
#4563 = LINE ( 'NONE', #7690, #7732 ) ;
#4564 = CARTESIAN_POINT ( 'NONE',  ( -90.75928528405316342, 0.0000000000000000000, -7.200000000003404566 ) ) ;
#4565 = CARTESIAN_POINT ( 'NONE',  ( 1.734723475976807094E-15, 0.0000000000000000000, 0.0000000000000000000 ) ) ;
#4566 = CARTESIAN_POINT ( 'NONE',  ( -91.86288917155505374, 0.0000000000000000000, 0.0000000000000000000 ) ) ;
#4567 = DIRECTION ( 'NONE',  ( 0.0000000000000000000, 0.0000000000000000000, -1.000000000000000000 ) ) ;
#4568 = EDGE_CURVE ( 'NONE', #3163, #2325, #6254, .T. ) ;
#4569 = DIRECTION ( 'NONE',  ( 1.000000000000000000, -0.0000000000000000000, -0.0000000000000000000 ) ) ;
#4570 =( NAMED_UNIT ( * ) PLANE_ANGLE_UNIT ( ) SI_UNIT ( $, .RADIAN. ) );
#4571 = EDGE_CURVE ( 'NONE', #7024, #7655, #1027, .T. ) ;
#4572 = FILL_AREA_STYLE ('',( #4847 ) ) ;
#4573 = CARTESIAN_POINT ( 'NONE',  ( -52.01261310827259621, 8.817456953861385051E-16, -7.200000000000361666 ) ) ;
#4574 = CARTESIAN_POINT ( 'NONE',  ( 0.0000000000000000000, 0.0000000000000000000, -7.450000000000027711 ) ) ;
#4575 = DIRECTION ( 'NONE',  ( 0.0000000000000000000, 0.0000000000000000000, 1.000000000000000000 ) ) ;
#4576 = DIRECTION ( 'NONE',  ( 1.000000000000000000, -0.0000000000000000000, -0.0000000000000000000 ) ) ;
#4577 = EDGE_CURVE ( 'NONE', #7364, #7030, #4551, .T. ) ;
#4578 = CARTESIAN_POINT ( 'NONE',  ( 0.0000000000000000000, 7.960204194457811254E-16, 6.500000000000012434 ) ) ;
#4579 = DIRECTION ( 'NONE',  ( 1.000000000000000000, -0.0000000000000000000, -0.0000000000000000000 ) ) ;
#4580 = FACE_OUTER_BOUND ( 'NONE', #6518, .T. ) ;
#4581 = CARTESIAN_POINT ( 'NONE',  ( -90.27179143341268741, 0.0000000000000000000, 7.200000000003403677 ) ) ;
#4582 = FACE_OUTER_BOUND ( 'NONE', #4299, .T. ) ;
#4583 = DIRECTION ( 'NONE',  ( 0.0000000000000000000, 0.0000000000000000000, -1.000000000000000000 ) ) ;
#4584 = EDGE_CURVE ( 'NONE', #7292, #6294, #6054, .T. ) ;
#4585 = ORIENTED_EDGE ( 'NONE', *, *, #4290, .F. ) ;
#4586 = DIRECTION ( 'NONE',  ( 0.8676627191977255293, 6.088372000105126663E-17, 0.4971533020250481494 ) ) ;
#4587 = CONICAL_SURFACE ( 'NONE', #735, 6.729642571546121665, 0.9250245035569996110 ) ;
#4588 = EDGE_CURVE ( 'NONE', #4753, #6444, #4348, .T. ) ;
#4589 = FACE_OUTER_BOUND ( 'NONE', #1406, .T. ) ;
#4590 = ADVANCED_FACE ( 'NONE', ( #2601 ), #616, .T. ) ;
#4591 = DIRECTION ( 'NONE',  ( 1.000000000000000000, -0.0000000000000000000, -0.0000000000000000000 ) ) ;
#4592 = EDGE_LOOP ( 'NONE', ( #3666, #241, #5827, #8336 ) ) ;
#4593 = DIRECTION ( 'NONE',  ( 1.000000000000000000, -0.0000000000000000000, -0.0000000000000000000 ) ) ;
#4594 = ORIENTED_EDGE ( 'NONE', *, *, #7238, .T. ) ;
#4595 =( LENGTH_UNIT ( ) NAMED_UNIT ( * ) SI_UNIT ( .MILLI., .METRE. ) );
#4596 = CIRCLE ( 'NONE', #6330, 6.500000000000012434 ) ;
#4597 = CARTESIAN_POINT ( 'NONE',  ( -20.20505959791548278, 0.0000000000000000000, -7.450000000000002842 ) ) ;
#4598 = VECTOR ( 'NONE', #4784, 1000.000000000000000 ) ;
#4599 = AXIS2_PLACEMENT_3D ( 'NONE', #2326, #2555, #2135 ) ;
#4600 = SURFACE_SIDE_STYLE ('',( #4121 ) ) ;
#4601 = ADVANCED_FACE ( 'NONE', ( #7524 ), #5661, .T. ) ;
#4602 = ORIENTED_EDGE ( 'NONE', *, *, #3478, .T. ) ;
#4603 = CARTESIAN_POINT ( 'NONE',  ( -49.04840246982011820, 0.0000000000000000000, 0.0000000000000000000 ) ) ;
#4604 = ORIENTED_EDGE ( 'NONE', *, *, #4423, .T. ) ;
#4605 = ORIENTED_EDGE ( 'NONE', *, *, #4568, .T. ) ;
#4606 = DIRECTION ( 'NONE',  ( 1.000000000000000000, -0.0000000000000000000, -0.0000000000000000000 ) ) ;
#4607 = DIRECTION ( 'NONE',  ( 0.0000000000000000000, 0.0000000000000000000, -1.000000000000000000 ) ) ;
#4608 = CARTESIAN_POINT ( 'NONE',  ( -17.40027572364553521, 0.0000000000000000000, -7.450000000000002842 ) ) ;
#4609 = CARTESIAN_POINT ( 'NONE',  ( -86.27150201067706803, 8.817456953865076920E-16, -7.200000000003375256 ) ) ;
#4610 = FACE_OUTER_BOUND ( 'NONE', #849, .T. ) ;
#4611 = ORIENTED_EDGE ( 'NONE', *, *, #7814, .F. ) ;
#4612 = AXIS2_PLACEMENT_3D ( 'NONE', #3500, #3328, #3037 ) ;
#4613 = EDGE_LOOP ( 'NONE', ( #5570, #8251, #3388, #7995 ) ) ;
#4614 = EDGE_LOOP ( 'NONE', ( #3835, #7867, #428, #4149 ) ) ;
#4615 = DIRECTION ( 'NONE',  ( 1.000000000000000000, -0.0000000000000000000, -0.0000000000000000000 ) ) ;
#4616 = CARTESIAN_POINT ( 'NONE',  ( -96.75971941815659250, 8.817456953865163695E-16, 7.200000000003445422 ) ) ;
#4617 = ORIENTED_EDGE ( 'NONE', *, *, #4940, .F. ) ;
#4618 = ORIENTED_EDGE ( 'NONE', *, *, #3969, .F. ) ;
#4619 = AXIS2_PLACEMENT_3D ( 'NONE', #4463, #4546, #5607 ) ;
#4620 = CONICAL_SURFACE ( 'NONE', #2692, 6.729642571546111007, 0.9250245035569996110 ) ;
#4621 = DIRECTION ( 'NONE',  ( 0.0000000000000000000, 0.0000000000000000000, -1.000000000000000000 ) ) ;
#4622 = CONICAL_SURFACE ( 'NONE', #5685, 6.500000000000007105, 0.6248278722141583641 ) ;
#4623 = ORIENTED_EDGE ( 'NONE', *, *, #3487, .T. ) ;
#4624 = ORIENTED_EDGE ( 'NONE', *, *, #1975, .F. ) ;
#4625 = AXIS2_PLACEMENT_3D ( 'NONE', #228, #4228, #785 ) ;
#4626 = AXIS2_PLACEMENT_3D ( 'NONE', #6354, #5243, #5542 ) ;
#4627 = VERTEX_POINT ( 'NONE', #3489 ) ;
#4628 = CONICAL_SURFACE ( 'NONE', #2104, 7.200000000003417888, 1.041961563440887639 ) ;
#4629 = CONICAL_SURFACE ( 'NONE', #2515, 7.099999999999999645, 0.3717551306747965412 ) ;
#4630 = ORIENTED_EDGE ( 'NONE', *, *, #8075, .T. ) ;
#4631 = CARTESIAN_POINT ( 'NONE',  ( -18.48593223911166206, 0.0000000000000000000, 0.0000000000000000000 ) ) ;
#4632 = DIRECTION ( 'NONE',  ( 0.0000000000000000000, 0.0000000000000000000, -1.000000000000000000 ) ) ;
#4633 = DIRECTION ( 'NONE',  ( 1.000000000000000000, -0.0000000000000000000, -0.0000000000000000000 ) ) ;
#4634 = ORIENTED_EDGE ( 'NONE', *, *, #3827, .F. ) ;
#4635 = CARTESIAN_POINT ( 'NONE',  ( 0.0000000000000000000, 0.0000000000000000000, -6.500000000000006217 ) ) ;
#4636 = EDGE_LOOP ( 'NONE', ( #5703, #4140, #460, #2681 ) ) ;
#4637 = CARTESIAN_POINT ( 'NONE',  ( -25.49789192478652566, 0.0000000000000000000, 0.0000000000000000000 ) ) ;
#4638 = VERTEX_POINT ( 'NONE', #3689 ) ;
#4639 = CYLINDRICAL_SURFACE ( 'NONE', #6793, 6.500000000000006217 ) ;
#4640 = CARTESIAN_POINT ( 'NONE',  ( -90.27179143341268741, 0.0000000000000000000, 0.0000000000000000000 ) ) ;
#4641 = DIRECTION ( 'NONE',  ( -1.000000000000000000, 0.0000000000000000000, 0.0000000000000000000 ) ) ;
#4642 = VERTEX_POINT ( 'NONE', #3716 ) ;
#4643 = EDGE_CURVE ( 'NONE', #4203, #4439, #4139, .T. ) ;
#4644 = DIRECTION ( 'NONE',  ( -0.0000000000000000000, 0.0000000000000000000, -1.000000000000000000 ) ) ;
#4645 = DIRECTION ( 'NONE',  ( 1.000000000000000000, -0.0000000000000000000, -0.0000000000000000000 ) ) ;
#4646 = CONICAL_SURFACE ( 'NONE', #1507, 6.729642571546170515, 0.9250245035569996110 ) ;
#4647 = CIRCLE ( 'NONE', #3944, 6.500000000000007105 ) ;
#4648 = DIRECTION ( 'NONE',  ( 0.0000000000000000000, 0.0000000000000000000, -1.000000000000000000 ) ) ;
#4649 = ADVANCED_FACE ( 'NONE', ( #2389 ), #403, .T. ) ;
#4650 = EDGE_CURVE ( 'NONE', #5329, #2105, #2171, .T. ) ;
#4651 = DIRECTION ( 'NONE',  ( 1.000000000000000000, -0.0000000000000000000, -0.0000000000000000000 ) ) ;
#4652 = LINE ( 'NONE', #4951, #1323 ) ;
#4653 = EDGE_CURVE ( 'NONE', #935, #6947, #5855, .T. ) ;
#4654 = DIRECTION ( 'NONE',  ( 1.000000000000000000, -0.0000000000000000000, -0.0000000000000000000 ) ) ;
#4655 = DIRECTION ( 'NONE',  ( 0.0000000000000000000, 0.0000000000000000000, -1.000000000000000000 ) ) ;
#4656 = VECTOR ( 'NONE', #5949, 1000.000000000000000 ) ;
#4657 = ORIENTED_EDGE ( 'NONE', *, *, #243, .F. ) ;
#4658 = DIRECTION ( 'NONE',  ( 0.0000000000000000000, 0.0000000000000000000, 1.000000000000000000 ) ) ;
#4659 = ADVANCED_FACE ( 'NONE', ( #3945 ), #5278, .T. ) ;
#4660 = ORIENTED_EDGE ( 'NONE', *, *, #1901, .T. ) ;
#4661 = CONICAL_SURFACE ( 'NONE', #3841, 6.729642571546104790, 0.9250245035569997221 ) ;
#4662 = ORIENTED_EDGE ( 'NONE', *, *, #5861, .T. ) ;
#4663 = AXIS2_PLACEMENT_3D ( 'NONE', #271, #201, #480 ) ;
#4664 = DIRECTION ( 'NONE',  ( 1.000000000000000000, 0.0000000000000000000, -0.0000000000000000000 ) ) ;
#4665 = DIRECTION ( 'NONE',  ( 0.0000000000000000000, 0.0000000000000000000, 1.000000000000000000 ) ) ;
#4666 = CARTESIAN_POINT ( 'NONE',  ( -8.962348569452977642, 9.368548013477252244E-16, 7.650000000000001243 ) ) ;
#4667 = EDGE_CURVE ( 'NONE', #6454, #5602, #193, .T. ) ;
#4668 = VECTOR ( 'NONE', #1681, 1000.000000000000114 ) ;
#4669 = AXIS2_PLACEMENT_3D ( 'NONE', #3289, #3440, #3451 ) ;
#4670 = ORIENTED_EDGE ( 'NONE', *, *, #4131, .T. ) ;
#4671 = CARTESIAN_POINT ( 'NONE',  ( -8.962348569452977642, 0.0000000000000000000, 0.0000000000000000000 ) ) ;
#4672 = PLANE ( 'NONE',  #7875 ) ;
#4673 = DIRECTION ( 'NONE',  ( 0.0000000000000000000, 0.0000000000000000000, -1.000000000000000000 ) ) ;
#4674 = CARTESIAN_POINT ( 'NONE',  ( -68.15053283076346702, 0.0000000000000000000, 0.0000000000000000000 ) ) ;
#4675 = AXIS2_PLACEMENT_3D ( 'NONE', #1099, #1091, #1063 ) ;
#4676 = LINE ( 'NONE', #5527, #8013 ) ;
#4677 = SURFACE_STYLE_USAGE ( .BOTH. , #4600 ) ;
#4678 = DIRECTION ( 'NONE',  ( 1.000000000000000000, -0.0000000000000000000, -0.0000000000000000000 ) ) ;
#4679 = AXIS2_PLACEMENT_3D ( 'NONE', #7998, #7891, #7834 ) ;
#4680 = AXIS2_PLACEMENT_3D ( 'NONE', #7658, #3423, #8248 ) ;
#4681 = DIRECTION ( 'NONE',  ( 1.000000000000000000, -0.0000000000000000000, -0.0000000000000000000 ) ) ;
#4682 = CONICAL_SURFACE ( 'NONE', #7767, 7.200000000003347722, 1.041961563441657912 ) ;
#4683 = ADVANCED_FACE ( 'NONE', ( #6936 ), #3528, .T. ) ;
#4684 = DIRECTION ( 'NONE',  ( 0.8110638189892154237, 7.163665443099598717E-17, 0.5849576749873696135 ) ) ;
#4685 = DIRECTION ( 'NONE',  ( 1.000000000000000000, -0.0000000000000000000, -0.0000000000000000000 ) ) ;
#4686 = ORIENTED_EDGE ( 'NONE', *, *, #7958, .T. ) ;
#4687 = CYLINDRICAL_SURFACE ( 'NONE', #1674, 6.500000000000008882 ) ;
#4688 = EDGE_CURVE ( 'NONE', #3903, #5505, #7333, .T. ) ;
#4689 = DIRECTION ( 'NONE',  ( 0.0000000000000000000, 0.0000000000000000000, -1.000000000000000000 ) ) ;
#4690 = CONICAL_SURFACE ( 'NONE', #4914, 7.200000000003347722, 1.041961563441657912 ) ;
#4691 = ORIENTED_EDGE ( 'NONE', *, *, #5147, .T. ) ;
#4692 = ADVANCED_FACE ( 'NONE', ( #3723 ), #3330, .T. ) ;
#4693 = DIRECTION ( 'NONE',  ( 1.000000000000000000, -0.0000000000000000000, -0.0000000000000000000 ) ) ;
#4694 = EDGE_CURVE ( 'NONE', #8257, #5050, #5470, .T. ) ;
#4695 = DIRECTION ( 'NONE',  ( 0.6018150231520442706, 0.0000000000000000000, -0.7986355100472959379 ) ) ;
#4696 = CARTESIAN_POINT ( 'NONE',  ( -62.09881293483005038, 8.817456953865042407E-16, -7.200000000003347722 ) ) ;
#4697 = DIRECTION ( 'NONE',  ( 1.000000000000000000, -0.0000000000000000000, -0.0000000000000000000 ) ) ;
#4698 = CARTESIAN_POINT ( 'NONE',  ( -92.27193614478049710, 0.0000000000000000000, 0.0000000000000000000 ) ) ;
#4699 = EDGE_LOOP ( 'NONE', ( #1424, #6940, #7417, #3618 ) ) ;
#4701 = DIRECTION ( 'NONE',  ( 0.0000000000000000000, 0.0000000000000000000, -1.000000000000000000 ) ) ;
#4700 = CIRCLE ( 'NONE', #6808, 7.450000000000002842 ) ;
#4702 = CYLINDRICAL_SURFACE ( 'NONE', #2862, 7.450000000000002842 ) ;
#4703 = ORIENTED_EDGE ( 'NONE', *, *, #2547, .F. ) ;
#4704 = EDGE_CURVE ( 'NONE', #2439, #6215, #1749, .T. ) ;
#4705 = ORIENTED_EDGE ( 'NONE', *, *, #2928, .F. ) ;
#4706 = CARTESIAN_POINT ( 'NONE',  ( 0.0000000000000000000, 8.817456953865111433E-16, 7.200000000003403677 ) ) ;
#4707 = TOROIDAL_SURFACE ( 'NONE', #3141, 2.299999999999999822, 11.00000000000000000 ) ;
#4708 = DIRECTION ( 'NONE',  ( 1.000000000000000000, -0.0000000000000000000, -0.0000000000000000000 ) ) ;
#4709 = DIRECTION ( 'NONE',  ( 1.000000000000000000, -0.0000000000000000000, -0.0000000000000000000 ) ) ;
#4710 = VECTOR ( 'NONE', #4830, 1000.000000000000000 ) ;
#4711 = EDGE_CURVE ( 'NONE', #1544, #684, #8385, .T. ) ;
#4712 = EDGE_LOOP ( 'NONE', ( #7228, #2492, #7611, #8195 ) ) ;
#4713 = ORIENTED_EDGE ( 'NONE', *, *, #3167, .T. ) ;
#4714 = EDGE_CURVE ( 'NONE', #1106, #5241, #5075, .T. ) ;
#4715 = FACE_OUTER_BOUND ( 'NONE', #299, .T. ) ;
#4716 = DIRECTION ( 'NONE',  ( 0.0000000000000000000, 0.0000000000000000000, -1.000000000000000000 ) ) ;
#4717 = CYLINDRICAL_SURFACE ( 'NONE', #2240, 6.500000000000006217 ) ;
#4718 = DIRECTION ( 'NONE',  ( 0.0000000000000000000, 0.0000000000000000000, -1.000000000000000000 ) ) ;
#4719 = ORIENTED_EDGE ( 'NONE', *, *, #1746, .T. ) ;
#4720 = ORIENTED_EDGE ( 'NONE', *, *, #1030, .F. ) ;
#4721 = CARTESIAN_POINT ( 'NONE',  ( -85.72942508644425175, 7.960204194457811254E-16, 6.500000000000012434 ) ) ;
#4722 = CARTESIAN_POINT ( 'NONE',  ( -33.41950071618953899, 8.241435234649744708E-16, 6.729642571546141205 ) ) ;
#4723 = ORIENTED_EDGE ( 'NONE', *, *, #5702, .T. ) ;
#4724 = ORIENTED_EDGE ( 'NONE', *, *, #3827, .T. ) ;
#4725 = EDGE_LOOP ( 'NONE', ( #2233, #3993, #2992, #6104 ) ) ;
#4726 = FACE_OUTER_BOUND ( 'NONE', #6915, .T. ) ;
#4727 = AXIS2_PLACEMENT_3D ( 'NONE', #205, #127, #102 ) ;
#4728 = ORIENTED_EDGE ( 'NONE', *, *, #7749, .F. ) ;
#4729 = ORIENTED_EDGE ( 'NONE', *, *, #7542, .F. ) ;
#4730 = CARTESIAN_POINT ( 'NONE',  ( -100.6204391532550915, 7.673790739862990703E-16, 5.555973865822608992 ) ) ;
#4731 = DIRECTION ( 'NONE',  ( 0.6018150231520442706, 0.0000000000000000000, -0.7986355100472959379 ) ) ;
#4732 = DIRECTION ( 'NONE',  ( 0.0000000000000000000, 0.0000000000000000000, -1.000000000000000000 ) ) ;
#4733 = DIRECTION ( 'NONE',  ( 0.0000000000000000000, 0.0000000000000000000, -1.000000000000000000 ) ) ;
#4734 = DIRECTION ( 'NONE',  ( 1.000000000000000000, -0.0000000000000000000, -0.0000000000000000000 ) ) ;
#4735 = CARTESIAN_POINT ( 'NONE',  ( -34.83441400990606951, 8.682526944148801391E-16, 6.729642571546150975 ) ) ;
#4736 = ORIENTED_EDGE ( 'NONE', *, *, #6977, .T. ) ;
#4737 = ORIENTED_EDGE ( 'NONE', *, *, #8328, .F. ) ;
#4738 = VECTOR ( 'NONE', #1634, 1000.000000000000000 ) ;
#4739 = ADVANCED_FACE ( 'NONE', ( #4876 ), #4661, .T. ) ;
#4740 = CYLINDRICAL_SURFACE ( 'NONE', #5011, 7.200000000003375256 ) ;
#4741 = AXIS2_PLACEMENT_3D ( 'NONE', #3952, #4145, #4116 ) ;
#4742 = ORIENTED_EDGE ( 'NONE', *, *, #8382, .T. ) ;
#4743 = ORIENTED_EDGE ( 'NONE', *, *, #7952, .T. ) ;
#4744 = DIRECTION ( 'NONE',  ( 1.000000000000000000, -0.0000000000000000000, -0.0000000000000000000 ) ) ;
#4745 = VERTEX_POINT ( 'NONE', #1167 ) ;
#4746 = DIRECTION ( 'NONE',  ( 1.000000000000000000, -0.0000000000000000000, -0.0000000000000000000 ) ) ;
#4747 = CARTESIAN_POINT ( 'NONE',  ( -32.00458742247300137, 8.241435234649731889E-16, 6.729642571546130547 ) ) ;
#4748 = CARTESIAN_POINT ( 'NONE',  ( -29.17476083503994388, 0.0000000000000000000, -6.729642571546111007 ) ) ;
#4749 = ORIENTED_EDGE ( 'NONE', *, *, #3372, .F. ) ;
#4750 = CIRCLE ( 'NONE', #7052, 7.450000000000023270 ) ;
#4751 = ADVANCED_FACE ( 'NONE', ( #1548 ), #1123, .T. ) ;
#4752 = ORIENTED_EDGE ( 'NONE', *, *, #4308, .F. ) ;
#4753 = VERTEX_POINT ( 'NONE', #901 ) ;
#4754 = PRESENTATION_LAYER_ASSIGNMENT (  '', '', ( #4289 ) ) ;
#4755 = EDGE_CURVE ( 'NONE', #6508, #4439, #6548, .T. ) ;
#4756 = DIRECTION ( 'NONE',  ( 1.000000000000000000, -0.0000000000000000000, -0.0000000000000000000 ) ) ;
#4757 = EDGE_CURVE ( 'NONE', #7655, #3110, #2910, .T. ) ;
#4758 = CONICAL_SURFACE ( 'NONE', #6111, 6.500000000000010658, 0.6248278722141572539 ) ;
#4759 = CIRCLE ( 'NONE', #2111, 7.200000000003333511 ) ;
#4760 = LINE ( 'NONE', #73, #6047 ) ;
#4761 = DIRECTION ( 'NONE',  ( 0.8110638189892164229, 7.163665443099581461E-17, 0.5849576749873681702 ) ) ;
#4762 = EDGE_CURVE ( 'NONE', #3760, #2439, #8003, .T. ) ;
#4763 = CARTESIAN_POINT ( 'NONE',  ( -73.66017580246405316, 0.0000000000000000000, 0.0000000000000000000 ) ) ;
#4764 = CARTESIAN_POINT ( 'NONE',  ( -89.86274446018727247, 0.0000000000000000000, 0.0000000000000000000 ) ) ;
#4765 = CARTESIAN_POINT ( 'NONE',  ( 0.0000000000000000000, 8.817456953861387023E-16, 7.200000000000362554 ) ) ;
#4766 = DIRECTION ( 'NONE',  ( 1.000000000000000000, -0.0000000000000000000, -0.0000000000000000000 ) ) ;
#4767 = LINE ( 'NONE', #6835, #7901 ) ;
#4768 = CIRCLE ( 'NONE', #6798, 6.500000000000005329 ) ;
#4769 = ORIENTED_EDGE ( 'NONE', *, *, #5721, .T. ) ;
#4770 = EDGE_CURVE ( 'NONE', #8245, #378, #6340, .T. ) ;
#4771 = ORIENTED_EDGE ( 'NONE', *, *, #6463, .F. ) ;
#4772 = EDGE_CURVE ( 'NONE', #4164, #353, #7812, .T. ) ;
#4773 = DIRECTION ( 'NONE',  ( 0.6018150231520443816, 9.780464210648345161E-17, 0.7986355100472957158 ) ) ;
#4774 = CARTESIAN_POINT ( 'NONE',  ( -39.07915389105566106, 8.241435234649793026E-16, 6.729642571546180285 ) ) ;
#4775 = EDGE_LOOP ( 'NONE', ( #4657, #7195, #7830, #6135 ) ) ;
#4776 = LINE ( 'NONE', #6277, #1228 ) ;
#4777 = CARTESIAN_POINT ( 'NONE',  ( 0.0000000000000000000, 0.0000000000000000000, -7.200000000003445422 ) ) ;
#4778 = ORIENTED_EDGE ( 'NONE', *, *, #6830, .F. ) ;
#4779 = ADVANCED_FACE ( 'NONE', ( #4440 ), #7419, .T. ) ;
#4780 = AXIS2_PLACEMENT_3D ( 'NONE', #2522, #2409, #2473 ) ;
#4781 = CONICAL_SURFACE ( 'NONE', #1208, 6.729642571546104790, 0.9250245035569997221 ) ;
#4782 = DIRECTION ( 'NONE',  ( -1.000000000000000000, 0.0000000000000000000, 0.0000000000000000000 ) ) ;
#4783 = DIRECTION ( 'NONE',  ( -0.6018150231520443816, 0.0000000000000000000, 0.7986355100472957158 ) ) ;
#4784 = DIRECTION ( 'NONE',  ( 1.000000000000000000, -0.0000000000000000000, -0.0000000000000000000 ) ) ;
#4785 = AXIS2_PLACEMENT_3D ( 'NONE', #4062, #4313, #4052 ) ;
#4786 = CONICAL_SURFACE ( 'NONE', #1551, 7.200000000003347722, 1.041961563440975347 ) ;
#4787 = CARTESIAN_POINT ( 'NONE',  ( -75.67741576777518731, 0.0000000000000000000, -6.500000000000007105 ) ) ;
#4788 = ADVANCED_FACE ( 'NONE', ( #912 ), #4035, .T. ) ;
#4789 = CARTESIAN_POINT ( 'NONE',  ( 0.0000000000000000000, 0.0000000000000000000, 0.0000000000000000000 ) ) ;
#4790 = AXIS2_PLACEMENT_3D ( 'NONE', #1358, #1309, #1367 ) ;
#4791 = DIRECTION ( 'NONE',  ( 0.0000000000000000000, 0.0000000000000000000, -1.000000000000000000 ) ) ;
#4792 = EDGE_LOOP ( 'NONE', ( #2545, #6501, #4723, #4961 ) ) ;
#4793 = CARTESIAN_POINT ( 'NONE',  ( 0.0000000000000000000, 0.0000000000000000000, 0.0000000000000000000 ) ) ;
#4794 = CARTESIAN_POINT ( 'NONE',  ( 0.0000000000000000000, 7.960204194457809282E-16, 6.500000000000010658 ) ) ;
#4795 = AXIS2_PLACEMENT_3D ( 'NONE', #7306, #7192, #7220 ) ;
#4796 = AXIS2_PLACEMENT_3D ( 'NONE', #6081, #6146, #6169 ) ;
#4797 = CARTESIAN_POINT ( 'NONE',  ( 0.0000000000000000000, 0.0000000000000000000, 0.0000000000000000000 ) ) ;
#4798 = ORIENTED_EDGE ( 'NONE', *, *, #1925, .T. ) ;
#4799 = LINE ( 'NONE', #2377, #6478 ) ;
#4800 = CYLINDRICAL_SURFACE ( 'NONE', #8000, 6.500000000000011546 ) ;
#4801 = CARTESIAN_POINT ( 'NONE',  ( -100.6204391532550915, -1.232244987378348627E-14, 0.0000000000000000000 ) ) ;
#4802 = DIRECTION ( 'NONE',  ( 1.000000000000000000, -0.0000000000000000000, -0.0000000000000000000 ) ) ;
#4803 = ORIENTED_EDGE ( 'NONE', *, *, #2480, .T. ) ;
#4804 = DIRECTION ( 'NONE',  ( 1.000000000000000000, -0.0000000000000000000, -0.0000000000000000000 ) ) ;
#4805 = CONICAL_SURFACE ( 'NONE', #8250, 6.500000000000007105, 0.6248278722141583641 ) ;
#4806 = EDGE_CURVE ( 'NONE', #4394, #935, #5961, .T. ) ;
#4807 = CIRCLE ( 'NONE', #5684, 7.200000000003375256 ) ;
#4808 = ORIENTED_EDGE ( 'NONE', *, *, #3010, .F. ) ;
#4809 = CARTESIAN_POINT ( 'NONE',  ( -47.12331345590474996, 0.0000000000000000000, -7.481170631836493001 ) ) ;
#4810 = EDGE_CURVE ( 'NONE', #7813, #1026, #7610, .T. ) ;
#4811 = ORIENTED_EDGE ( 'NONE', *, *, #41, .F. ) ;
#4812 = DIRECTION ( 'NONE',  ( 0.0000000000000000000, 0.0000000000000000000, -1.000000000000000000 ) ) ;
#4813 = DIRECTION ( 'NONE',  ( 1.000000000000000000, -0.0000000000000000000, -0.0000000000000000000 ) ) ;
#4814 = DIRECTION ( 'NONE',  ( 1.000000000000000000, -0.0000000000000000000, -0.0000000000000000000 ) ) ;
#4815 = CARTESIAN_POINT ( 'NONE',  ( -61.55673601059720568, 0.0000000000000000000, 0.0000000000000000000 ) ) ;
#4816 = LINE ( 'NONE', #8203, #8145 ) ;
#4817 = CYLINDRICAL_SURFACE ( 'NONE', #1449, 6.500000000000006217 ) ;
#4818 = DIRECTION ( 'NONE',  ( 1.000000000000000000, -0.0000000000000000000, -0.0000000000000000000 ) ) ;
#4819 = ORIENTED_EDGE ( 'NONE', *, *, #2939, .F. ) ;
#4820 = ORIENTED_EDGE ( 'NONE', *, *, #8062, .T. ) ;
#4821 = EDGE_LOOP ( 'NONE', ( #2092, #2260, #6530, #2173 ) ) ;
#4822 = DIRECTION ( 'NONE',  ( 0.0000000000000000000, 0.0000000000000000000, -1.000000000000000000 ) ) ;
#4823 = CARTESIAN_POINT ( 'NONE',  ( 0.0000000000000000000, 0.0000000000000000000, 0.0000000000000000000 ) ) ;
#4824 = LINE ( 'NONE', #827, #2657 ) ;
#4825 = DIRECTION ( 'NONE',  ( 1.000000000000000000, -0.0000000000000000000, -0.0000000000000000000 ) ) ;
#4826 = ORIENTED_EDGE ( 'NONE', *, *, #2045, .T. ) ;
#4827 = AXIS2_PLACEMENT_3D ( 'NONE', #5139, #5025, #4980 ) ;
#4828 = ORIENTED_EDGE ( 'NONE', *, *, #3876, .T. ) ;
#4829 = ORIENTED_EDGE ( 'NONE', *, *, #6571, .F. ) ;
#4830 = DIRECTION ( 'NONE',  ( 1.000000000000000000, -0.0000000000000000000, -0.0000000000000000000 ) ) ;
#4831 = ADVANCED_FACE ( 'NONE', ( #715 ), #7227, .T. ) ;
#4832 = EDGE_CURVE ( 'NONE', #7655, #7024, #498, .T. ) ;
#4833 = EDGE_LOOP ( 'NONE', ( #2255, #194, #2957, #2304 ) ) ;
#4834 = ORIENTED_EDGE ( 'NONE', *, *, #7445, .T. ) ;
#4835 = FACE_OUTER_BOUND ( 'NONE', #8083, .T. ) ;
#4836 = CYLINDRICAL_SURFACE ( 'NONE', #6545, 6.500000000000010658 ) ;
#4837 = ORIENTED_EDGE ( 'NONE', *, *, #2387, .F. ) ;
#4838 = CARTESIAN_POINT ( 'NONE',  ( -91.72985922054768082, 0.0000000000000000000, 0.0000000000000000000 ) ) ;
#4839 = CARTESIAN_POINT ( 'NONE',  ( -32.00458742247300137, 0.0000000000000000000, 0.0000000000000000000 ) ) ;
#4840 = EDGE_LOOP ( 'NONE', ( #6280, #6786, #1438, #859 ) ) ;
#4841 = ORIENTED_EDGE ( 'NONE', *, *, #5861, .F. ) ;
#4842 = ORIENTED_EDGE ( 'NONE', *, *, #8126, .T. ) ;
#4843 = AXIS2_PLACEMENT_3D ( 'NONE', #3957, #3919, #4083 ) ;
#4844 = FACE_OUTER_BOUND ( 'NONE', #4474, .T. ) ;
#4845 = FACE_OUTER_BOUND ( 'NONE', #5907, .T. ) ;
#4846 = VERTEX_POINT ( 'NONE', #8031 ) ;
#4847 = FILL_AREA_STYLE_COLOUR ( '', #5837 ) ;
#4848 = EDGE_LOOP ( 'NONE', ( #1403, #8266, #5153, #7502 ) ) ;
#4849 = DIRECTION ( 'NONE',  ( 0.0000000000000000000, 0.0000000000000000000, 1.000000000000000000 ) ) ;
#4850 = ORIENTED_EDGE ( 'NONE', *, *, #6077, .T. ) ;
#4851 = AXIS2_PLACEMENT_3D ( 'NONE', #212, #326, #820 ) ;
#4852 = AXIS2_PLACEMENT_3D ( 'NONE', #6646, #6195, #2058 ) ;
#4853 = EDGE_LOOP ( 'NONE', ( #4743, #1618, #360, #1277 ) ) ;
#4854 = VECTOR ( 'NONE', #3604, 1000.000000000000000 ) ;
#4855 = ORIENTED_EDGE ( 'NONE', *, *, #4420, .T. ) ;
#4856 = DIRECTION ( 'NONE',  ( -0.6018150231520443816, 0.0000000000000000000, 0.7986355100472957158 ) ) ;
#4857 = CARTESIAN_POINT ( 'NONE',  ( -72.68960186596956419, 8.817456953865030574E-16, 7.200000000003333511 ) ) ;
#4858 = CARTESIAN_POINT ( 'NONE',  ( -13.65714082121639095, 0.0000000000000000000, 0.0000000000000000000 ) ) ;
#4859 = FACE_OUTER_BOUND ( 'NONE', #6903, .T. ) ;
#4860 = CARTESIAN_POINT ( 'NONE',  ( -86.75899586131754404, 0.0000000000000000000, -7.200000000003375256 ) ) ;
#4861 = CONICAL_SURFACE ( 'NONE', #1696, 6.500000000000007105, 0.6248278722141583641 ) ;
#4862 = DIRECTION ( 'NONE',  ( 0.0000000000000000000, 0.0000000000000000000, -1.000000000000000000 ) ) ;
#4863 = CARTESIAN_POINT ( 'NONE',  ( -90.75928528405316342, 8.817456953865113405E-16, 7.200000000003405454 ) ) ;
#4864 = DIRECTION ( 'NONE',  ( 0.0000000000000000000, 0.0000000000000000000, -1.000000000000000000 ) ) ;
#4865 = CARTESIAN_POINT ( 'NONE',  ( -54.53444217817340700, 8.817456953861387023E-16, 7.200000000000362554 ) ) ;
#4866 = DIRECTION ( 'NONE',  ( -0.5045276238147836656, 1.057354597448818137E-16, -0.8633955506069093122 ) ) ;
#4867 = EDGE_CURVE ( 'NONE', #1789, #5258, #5753, .T. ) ;
#4868 = FACE_OUTER_BOUND ( 'NONE', #570, .T. ) ;
#4869 = FACE_OUTER_BOUND ( 'NONE', #4249, .T. ) ;
#4870 = ORIENTED_EDGE ( 'NONE', *, *, #5569, .T. ) ;
#4871 = CARTESIAN_POINT ( 'NONE',  ( -22.15027979278351822, 8.682526944148744198E-16, 6.729642571546104790 ) ) ;
#4872 = DIRECTION ( 'NONE',  ( 1.000000000000000000, -0.0000000000000000000, -0.0000000000000000000 ) ) ;
#4873 = ORIENTED_EDGE ( 'NONE', *, *, #4251, .F. ) ;
#4874 = EDGE_CURVE ( 'NONE', #1926, #7786, #4239, .T. ) ;
#4875 = ORIENTED_EDGE ( 'NONE', *, *, #2662, .F. ) ;
#4876 = FACE_OUTER_BOUND ( 'NONE', #7197, .T. ) ;
#4877 = VERTEX_POINT ( 'NONE', #7831 ) ;
#4878 = ADVANCED_FACE ( 'NONE', ( #2055 ), #1849, .T. ) ;
#4879 = CARTESIAN_POINT ( 'NONE',  ( -94.27208085614829258, 0.0000000000000000000, 7.200000000003432099 ) ) ;
#4880 = EDGE_CURVE ( 'NONE', #2977, #2130, #5561, .T. ) ;
#4881 = ORIENTED_EDGE ( 'NONE', *, *, #2713, .F. ) ;
#4882 = CARTESIAN_POINT ( 'NONE',  ( 0.0000000000000000000, 0.0000000000000000000, -7.450000000000009059 ) ) ;
#4883 = DIRECTION ( 'NONE',  ( 0.0000000000000000000, 0.0000000000000000000, 1.000000000000000000 ) ) ;
#4884 = CARTESIAN_POINT ( 'NONE',  ( -92.75942999542097311, 0.0000000000000000000, -7.200000000003417888 ) ) ;
#4885 = CIRCLE ( 'NONE', #5057, 6.500000000000005329 ) ;
#4886 = EDGE_CURVE ( 'NONE', #7455, #2549, #298, .T. ) ;
#4887 = ORIENTED_EDGE ( 'NONE', *, *, #5986, .T. ) ;
#4888 = EDGE_CURVE ( 'NONE', #1911, #8383, #3620, .T. ) ;
#4889 = DIRECTION ( 'NONE',  ( -1.000000000000000000, 0.0000000000000000000, 0.0000000000000000000 ) ) ;
#4890 = CARTESIAN_POINT ( 'NONE',  ( -61.55673601059720568, 0.0000000000000000000, -6.500000000000007105 ) ) ;
#4891 = DIRECTION ( 'NONE',  ( 0.8110638189892189764, 0.0000000000000000000, -0.5849576749873648396 ) ) ;
#4892 = DIRECTION ( 'NONE',  ( 1.000000000000000000, -0.0000000000000000000, -0.0000000000000000000 ) ) ;
#4893 = FACE_OUTER_BOUND ( 'NONE', #7307, .T. ) ;
#4894 = CARTESIAN_POINT ( 'NONE',  ( -66.13329286545233288, 0.0000000000000000000, 0.0000000000000000000 ) ) ;
#4895 = ORIENTED_EDGE ( 'NONE', *, *, #7712, .T. ) ;
#4896 = CARTESIAN_POINT ( 'NONE',  ( -77.69465573308633566, 0.0000000000000000000, 0.0000000000000000000 ) ) ;
#4897 = AXIS2_PLACEMENT_3D ( 'NONE', #5576, #5342, #5565 ) ;
#4898 = DIRECTION ( 'NONE',  ( 1.000000000000000000, -0.0000000000000000000, -0.0000000000000000000 ) ) ;
#4899 = DIRECTION ( 'NONE',  ( 0.0000000000000000000, 0.0000000000000000000, -1.000000000000000000 ) ) ;
#4900 = VECTOR ( 'NONE', #2855, 1000.000000000000114 ) ;
#4901 = CARTESIAN_POINT ( 'NONE',  ( 0.0000000000000000000, 0.0000000000000000000, 0.0000000000000000000 ) ) ;
#4902 = AXIS2_PLACEMENT_3D ( 'NONE', #1296, #1312, #93 ) ;
#4903 = CARTESIAN_POINT ( 'NONE',  ( -51.47053618404149944, 0.0000000000000000000, -6.500000000000007105 ) ) ;
#4904 = CARTESIAN_POINT ( 'NONE',  ( -31.13250238648954138, 0.0000000000000000000, 0.0000000000000000000 ) ) ;
#4906 = DIRECTION ( 'NONE',  ( 0.0000000000000000000, 0.0000000000000000000, -1.000000000000000000 ) ) ;
#4905 = LINE ( 'NONE', #2456, #3149 ) ;
#4907 = CONICAL_SURFACE ( 'NONE', #4022, 7.200000000003347722, 1.041961563441598626 ) ;
#4908 = ORIENTED_EDGE ( 'NONE', *, *, #5185, .T. ) ;
#4909 = DIRECTION ( 'NONE',  ( 0.0000000000000000000, 0.0000000000000000000, -1.000000000000000000 ) ) ;
#4910 = DIRECTION ( 'NONE',  ( 0.0000000000000000000, 0.0000000000000000000, -1.000000000000000000 ) ) ;
#4911 = CARTESIAN_POINT ( 'NONE',  ( 0.0000000000000000000, 0.0000000000000000000, -7.200000000003340617 ) ) ;
#4912 = ORIENTED_EDGE ( 'NONE', *, *, #4528, .T. ) ;
#4913 = VECTOR ( 'NONE', #7301, 1000.000000000000000 ) ;
#4914 = AXIS2_PLACEMENT_3D ( 'NONE', #178, #1635, #3850 ) ;
#4915 = AXIS2_PLACEMENT_3D ( 'NONE', #3565, #3244, #3128 ) ;
#4916 = CARTESIAN_POINT ( 'NONE',  ( 0.0000000000000000000, 0.0000000000000000000, -7.200000000003389466 ) ) ;
#4917 = FACE_OUTER_BOUND ( 'NONE', #5168, .T. ) ;
#4918 = CARTESIAN_POINT ( 'NONE',  ( -73.79320575347227873, 0.0000000000000000000, 0.0000000000000000000 ) ) ;
#4919 = ADVANCED_FACE ( 'NONE', ( #6845 ), #6642, .T. ) ;
#4920 = ORIENTED_EDGE ( 'NONE', *, *, #2504, .F. ) ;
#4921 = VERTEX_POINT ( 'NONE', #7425 ) ;
#4922 = CYLINDRICAL_SURFACE ( 'NONE', #1787, 7.200000000003340617 ) ;
#4923 = DIRECTION ( 'NONE',  ( 0.0000000000000000000, 0.0000000000000000000, -1.000000000000000000 ) ) ;
#4924 = LINE ( 'NONE', #5877, #3168 ) ;
#4925 = DIRECTION ( 'NONE',  ( 1.000000000000000000, -0.0000000000000000000, -0.0000000000000000000 ) ) ;
#4926 = DIRECTION ( 'NONE',  ( 0.8110638189891972161, 0.0000000000000000000, -0.5849576749873948156 ) ) ;
#4927 = ORIENTED_EDGE ( 'NONE', *, *, #2494, .F. ) ;
#4928 = EDGE_CURVE ( 'NONE', #2119, #1897, #1649, .T. ) ;
#4929 = ORIENTED_EDGE ( 'NONE', *, *, #651, .F. ) ;
#4930 = DIRECTION ( 'NONE',  ( 1.000000000000000000, -0.0000000000000000000, -0.0000000000000000000 ) ) ;
#4931 = VECTOR ( 'NONE', #7126, 1000.000000000000000 ) ;
#4932 = CIRCLE ( 'NONE', #2693, 6.729642571546170515 ) ;
#4933 = VERTEX_POINT ( 'NONE', #7320 ) ;
#4934 = CARTESIAN_POINT ( 'NONE',  ( -25.49789192478652566, 0.0000000000000000000, 0.0000000000000000000 ) ) ;
#4935 = EDGE_CURVE ( 'NONE', #2325, #2292, #8281, .T. ) ;
#4936 = CARTESIAN_POINT ( 'NONE',  ( -59.67252599629420473, 0.0000000000000000000, -6.500000000000005329 ) ) ;
#4937 = CARTESIAN_POINT ( 'NONE',  ( -70.16777279607461537, 0.0000000000000000000, 0.0000000000000000000 ) ) ;
#4938 = EDGE_LOOP ( 'NONE', ( #2065, #588, #6288, #8052 ) ) ;
#4939 = EDGE_LOOP ( 'NONE', ( #5728, #5938, #2885, #1308 ) ) ;
#4940 = EDGE_CURVE ( 'NONE', #6988, #4415, #2282, .T. ) ;
#4941 = CIRCLE ( 'NONE', #2301, 7.200000000003333511 ) ;
#4942 = DIRECTION ( 'NONE',  ( 1.000000000000000000, -0.0000000000000000000, -0.0000000000000000000 ) ) ;
#4943 = DIRECTION ( 'NONE',  ( 0.0000000000000000000, 0.0000000000000000000, 1.000000000000000000 ) ) ;
#4944 = VERTEX_POINT ( 'NONE', #7314 ) ;
#4945 = DIRECTION ( 'NONE',  ( 0.6018150231520443816, 9.780464210648345161E-17, 0.7986355100472957158 ) ) ;
#4946 = VERTEX_POINT ( 'NONE', #7334 ) ;
#4947 = CARTESIAN_POINT ( 'NONE',  ( -91.72985922054768082, 0.0000000000000000000, -6.500000000000008882 ) ) ;
#4948 = ORIENTED_EDGE ( 'NONE', *, *, #745, .F. ) ;
#4949 = FACE_OUTER_BOUND ( 'NONE', #8048, .T. ) ;
#4950 = DIRECTION ( 'NONE',  ( 1.000000000000000000, -0.0000000000000000000, -0.0000000000000000000 ) ) ;
#4951 = CARTESIAN_POINT ( 'NONE',  ( -35.37724226763913293, 0.0000000000000000000, 7.450000000000052580 ) ) ;
#4952 = FACE_OUTER_BOUND ( 'NONE', #3153, .T. ) ;
#4953 = AXIS2_PLACEMENT_3D ( 'NONE', #5471, #5496, #5341 ) ;
#4954 = CARTESIAN_POINT ( 'NONE',  ( -46.67300510289011584, 0.0000000000000000000, 0.0000000000000000000 ) ) ;
#4955 = ORIENTED_EDGE ( 'NONE', *, *, #2498, .T. ) ;
#4956 = DIRECTION ( 'NONE',  ( 0.0000000000000000000, 0.0000000000000000000, -1.000000000000000000 ) ) ;
#4957 = ORIENTED_EDGE ( 'NONE', *, *, #589, .T. ) ;
#4958 = LINE ( 'NONE', #4412, #1202 ) ;
#4959 = CARTESIAN_POINT ( 'NONE',  ( -70.16777279607461537, 8.817456953865042407E-16, -7.200000000003347722 ) ) ;
#4960 = AXIS2_PLACEMENT_3D ( 'NONE', #2146, #3664, #2813 ) ;
#4961 = ORIENTED_EDGE ( 'NONE', *, *, #5027, .F. ) ;
#4962 = ORIENTED_EDGE ( 'NONE', *, *, #2786, .T. ) ;
#4963 = AXIS2_PLACEMENT_3D ( 'NONE', #1079, #1122, #1158 ) ;
#4964 = ADVANCED_FACE ( 'NONE', ( #5169 ), #8100, .T. ) ;
#4965 = DIRECTION ( 'NONE',  ( 0.0000000000000000000, 0.0000000000000000000, 1.000000000000000000 ) ) ;
#4966 = ORIENTED_EDGE ( 'NONE', *, *, #2829, .F. ) ;
#4967 = CARTESIAN_POINT ( 'NONE',  ( -52.51720221286226575, 0.0000000000000000000, 0.0000000000000000000 ) ) ;
#4968 = FACE_OUTER_BOUND ( 'NONE', #2647, .T. ) ;
#4969 = FACE_OUTER_BOUND ( 'NONE', #612, .T. ) ;
#4970 = AXIS2_PLACEMENT_3D ( 'NONE', #1348, #1073, #1042 ) ;
#4971 = AXIS2_PLACEMENT_3D ( 'NONE', #872, #1837, #1025 ) ;
#4972 = FACE_OUTER_BOUND ( 'NONE', #1289, .T. ) ;
#4973 = DIRECTION ( 'NONE',  ( -1.000000000000000000, 0.0000000000000000000, 0.0000000000000000000 ) ) ;
#4974 = CARTESIAN_POINT ( 'NONE',  ( -17.94310398137859863, 0.0000000000000000000, -6.729642571546104790 ) ) ;
#4975 = DIRECTION ( 'NONE',  ( 1.000000000000000000, -0.0000000000000000000, -0.0000000000000000000 ) ) ;
#4976 = DIRECTION ( 'NONE',  ( 0.0000000000000000000, 0.0000000000000000000, -1.000000000000000000 ) ) ;
#4977 = VECTOR ( 'NONE', #7096, 1000.000000000000227 ) ;
#4978 = CYLINDRICAL_SURFACE ( 'NONE', #5109, 7.450000000000002842 ) ;
#4979 = ORIENTED_EDGE ( 'NONE', *, *, #8375, .F. ) ;
#4980 = DIRECTION ( 'NONE',  ( 0.0000000000000000000, 0.0000000000000000000, -1.000000000000000000 ) ) ;
#4981 = CARTESIAN_POINT ( 'NONE',  ( -69.75872582284998202, 0.0000000000000000000, 0.0000000000000000000 ) ) ;
#4982 = EDGE_CURVE ( 'NONE', #3470, #610, #3222, .T. ) ;
#4983 = DIRECTION ( 'NONE',  ( 0.0000000000000000000, 0.0000000000000000000, -1.000000000000000000 ) ) ;
#4984 = CIRCLE ( 'NONE', #2685, 7.450000000000002842 ) ;
#4985 = DIRECTION ( 'NONE',  ( 1.000000000000000000, -0.0000000000000000000, -0.0000000000000000000 ) ) ;
#4986 = EDGE_LOOP ( 'NONE', ( #3120, #7386, #4359, #585 ) ) ;
#4987 = EDGE_CURVE ( 'NONE', #2105, #466, #7031, .T. ) ;
#4988 = CARTESIAN_POINT ( 'NONE',  ( 0.0000000000000000000, 0.0000000000000000000, -6.500000000000011546 ) ) ;
#4989 = LINE ( 'NONE', #2798, #8115 ) ;
#4990 = DIRECTION ( 'NONE',  ( 1.000000000000000000, -0.0000000000000000000, -0.0000000000000000000 ) ) ;
#4991 = CARTESIAN_POINT ( 'NONE',  ( 0.0000000000000000000, 8.817456953865145945E-16, 7.200000000003432099 ) ) ;
#4992 = AXIS2_PLACEMENT_3D ( 'NONE', #2729, #2698, #2081 ) ;
#4993 = EDGE_CURVE ( 'NONE', #5690, #6993, #6440, .T. ) ;
#4994 = TOROIDAL_SURFACE ( 'NONE', #7200, 2.299999999999999822, 11.00000000000000000 ) ;
#4995 = EDGE_CURVE ( 'NONE', #4877, #1106, #4767, .T. ) ;
#4996 = CARTESIAN_POINT ( 'NONE',  ( 0.0000000000000000000, 0.0000000000000000000, -7.200000000003340617 ) ) ;
#4997 = CARTESIAN_POINT ( 'NONE',  ( -38.53632563332259053, 0.0000000000000000000, -7.450000000000082778 ) ) ;
#4998 = DIRECTION ( 'NONE',  ( -1.000000000000000000, 0.0000000000000000000, 0.0000000000000000000 ) ) ;
#4999 = CARTESIAN_POINT ( 'NONE',  ( -76.72408179659184668, 0.0000000000000000000, 0.0000000000000000000 ) ) ;
#5000 = CARTESIAN_POINT ( 'NONE',  ( -11.52088086035677250, 9.368548013477252244E-16, 7.650000000000001243 ) ) ;
#5001 = ADVANCED_FACE ( 'NONE', ( #1432 ), #1017, .T. ) ;
#5002 = ORIENTED_EDGE ( 'NONE', *, *, #3108, .T. ) ;
#5003 = DIRECTION ( 'NONE',  ( 1.000000000000000000, -0.0000000000000000000, -0.0000000000000000000 ) ) ;
#5004 = AXIS2_PLACEMENT_3D ( 'NONE', #6105, #5840, #6025 ) ;
#5005 = ORIENTED_EDGE ( 'NONE', *, *, #8017, .F. ) ;
#5006 = DIRECTION ( 'NONE',  ( 1.000000000000000000, -0.0000000000000000000, -0.0000000000000000000 ) ) ;
#5007 = DIRECTION ( 'NONE',  ( 1.000000000000000000, -0.0000000000000000000, -0.0000000000000000000 ) ) ;
#5008 = VECTOR ( 'NONE', #2346, 1000.000000000000227 ) ;
#5009 = VECTOR ( 'NONE', #5460, 1000.000000000000000 ) ;
#5010 = AXIS2_PLACEMENT_3D ( 'NONE', #1429, #1315, #965 ) ;
#5011 = AXIS2_PLACEMENT_3D ( 'NONE', #5014, #7107, #8179 ) ;
#5012 = ORIENTED_EDGE ( 'NONE', *, *, #408, .F. ) ;
#5013 = CARTESIAN_POINT ( 'NONE',  ( -76.72408179659184668, 8.817456953865030574E-16, 7.200000000003333511 ) ) ;
#5014 = CARTESIAN_POINT ( 'NONE',  ( 0.0000000000000000000, 0.0000000000000000000, 0.0000000000000000000 ) ) ;
#5015 = CONICAL_SURFACE ( 'NONE', #7433, 6.500000000000008882, 0.6248278722141912267 ) ;
#5016 = FACE_OUTER_BOUND ( 'NONE', #136, .T. ) ;
#5017 = ADVANCED_FACE ( 'NONE', ( #6247 ), #2591, .T. ) ;
#5018 = EDGE_LOOP ( 'NONE', ( #8175, #548, #1325, #6645 ) ) ;
#5019 = ORIENTED_EDGE ( 'NONE', *, *, #2271, .T. ) ;
#5020 = DIRECTION ( 'NONE',  ( 0.0000000000000000000, 0.0000000000000000000, -1.000000000000000000 ) ) ;
#5021 = DIRECTION ( 'NONE',  ( 1.000000000000000000, 0.0000000000000000000, 0.0000000000000000000 ) ) ;
#5022 = VECTOR ( 'NONE', #7633, 1000.000000000000000 ) ;
#5023 = EDGE_CURVE ( 'NONE', #948, #5446, #4339, .T. ) ;
#5024 = CIRCLE ( 'NONE', #8102, 7.450000000000052580 ) ;
#5025 = DIRECTION ( 'NONE',  ( 1.000000000000000000, -0.0000000000000000000, -0.0000000000000000000 ) ) ;
#5026 = VERTEX_POINT ( 'NONE', #6761 ) ;
#5027 = EDGE_CURVE ( 'NONE', #3954, #5207, #6049, .T. ) ;
#5028 = ORIENTED_EDGE ( 'NONE', *, *, #6788, .F. ) ;
#5029 = ORIENTED_EDGE ( 'NONE', *, *, #1552, .T. ) ;
#5030 = CIRCLE ( 'NONE', #6649, 6.500000000000007105 ) ;
#5031 = ORIENTED_EDGE ( 'NONE', *, *, #7233, .F. ) ;
#5032 = DIRECTION ( 'NONE',  ( 0.0000000000000000000, 0.0000000000000000000, 1.000000000000000000 ) ) ;
#5033 = ORIENTED_EDGE ( 'NONE', *, *, #4319, .T. ) ;
#5034 = EDGE_CURVE ( 'NONE', #2870, #3680, #7709, .T. ) ;
#5035 = ORIENTED_EDGE ( 'NONE', *, *, #5257, .T. ) ;
#5036 = ORIENTED_EDGE ( 'NONE', *, *, #5977, .F. ) ;
#5037 = CONICAL_SURFACE ( 'NONE', #7154, 7.200000000003347722, 1.041961563441672567 ) ;
#5038 = FACE_OUTER_BOUND ( 'NONE', #1633, .T. ) ;
#5039 = DIRECTION ( 'NONE',  ( 1.000000000000000000, -0.0000000000000000000, -0.0000000000000000000 ) ) ;
#5040 = ADVANCED_FACE ( 'NONE', ( #2799 ), #604, .T. ) ;
#5041 = EDGE_CURVE ( 'NONE', #7243, #7621, #805, .T. ) ;
#5042 = ORIENTED_EDGE ( 'NONE', *, *, #6078, .F. ) ;
#5043 = DIRECTION ( 'NONE',  ( 0.0000000000000000000, 0.0000000000000000000, -1.000000000000000000 ) ) ;
#5044 = EDGE_CURVE ( 'NONE', #3427, #2978, #7518, .T. ) ;
#5045 = ORIENTED_EDGE ( 'NONE', *, *, #1467, .T. ) ;
#5046 = VECTOR ( 'NONE', #4945, 1000.000000000000114 ) ;
#5047 = CIRCLE ( 'NONE', #2056, 7.450000000000002842 ) ;
#5048 = EDGE_LOOP ( 'NONE', ( #3673, #1207, #8110, #2774 ) ) ;
#5049 = ORIENTED_EDGE ( 'NONE', *, *, #3809, .F. ) ;
#5050 = VERTEX_POINT ( 'NONE', #6180 ) ;
#5051 = DIRECTION ( 'NONE',  ( -0.5045276238141920278, 0.0000000000000000000, 0.8633955506072550357 ) ) ;
#5052 = ADVANCED_FACE ( 'NONE', ( #5848 ), #7125, .T. ) ;
#5053 = CARTESIAN_POINT ( 'NONE',  ( -25.81462734645537438, 0.0000000000000000000, 0.0000000000000000000 ) ) ;
#5054 = CARTESIAN_POINT ( 'NONE',  ( -78.23673265731918036, 0.0000000000000000000, 0.0000000000000000000 ) ) ;
#5055 = DIRECTION ( 'NONE',  ( 0.0000000000000000000, 0.0000000000000000000, -1.000000000000000000 ) ) ;
#5056 = ORIENTED_EDGE ( 'NONE', *, *, #3047, .F. ) ;
#5057 = AXIS2_PLACEMENT_3D ( 'NONE', #615, #566, #541 ) ;
#5058 = VECTOR ( 'NONE', #3674, 1000.000000000000114 ) ;
#5059 = DIRECTION ( 'NONE',  ( 0.0000000000000000000, 0.0000000000000000000, -1.000000000000000000 ) ) ;
#5060 = VECTOR ( 'NONE', #3038, 1000.000000000000227 ) ;
#5061 = FACE_OUTER_BOUND ( 'NONE', #206, .T. ) ;
#5062 = DIRECTION ( 'NONE',  ( -1.000000000000000000, 0.0000000000000000000, 0.0000000000000000000 ) ) ;
#5063 = AXIS2_PLACEMENT_3D ( 'NONE', #3241, #1080, #1060 ) ;
#5064 = EDGE_LOOP ( 'NONE', ( #5056, #5319, #6064, #2184 ) ) ;
#5065 = AXIS2_PLACEMENT_3D ( 'NONE', #6106, #6142, #6171 ) ;
#5066 = CIRCLE ( 'NONE', #7523, 7.200000000003347722 ) ;
#5067 = VECTOR ( 'NONE', #5343, 1000.000000000000227 ) ;
#5068 = ORIENTED_EDGE ( 'NONE', *, *, #2080, .T. ) ;
#5069 = CARTESIAN_POINT ( 'NONE',  ( -67.60845590653062231, 0.0000000000000000000, 0.0000000000000000000 ) ) ;
#5070 = CARTESIAN_POINT ( 'NONE',  ( -81.72913566370860394, 0.0000000000000000000, -6.500000000000007105 ) ) ;
#5071 = ORIENTED_EDGE ( 'NONE', *, *, #6617, .F. ) ;
#5072 = DIRECTION ( 'NONE',  ( 0.0000000000000000000, 0.0000000000000000000, -1.000000000000000000 ) ) ;
#5073 = AXIS2_PLACEMENT_3D ( 'NONE', #1466, #5940, #7913 ) ;
#5074 = AXIS2_PLACEMENT_3D ( 'NONE', #3242, #3217, #2054 ) ;
#5075 = CIRCLE ( 'NONE', #3402, 7.450000000000073008 ) ;
#5076 = ORIENTED_EDGE ( 'NONE', *, *, #1284, .T. ) ;
#5077 = CARTESIAN_POINT ( 'NONE',  ( -36.24932730362260003, 0.0000000000000000000, -6.729642571546160745 ) ) ;
#5078 = CARTESIAN_POINT ( 'NONE',  ( -55.50501611466378193, 0.0000000000000000000, 0.0000000000000000000 ) ) ;
#5079 = DIRECTION ( 'NONE',  ( 0.0000000000000000000, 0.0000000000000000000, -1.000000000000000000 ) ) ;
#5080 = DIRECTION ( 'NONE',  ( 0.0000000000000000000, 0.0000000000000000000, 1.000000000000000000 ) ) ;
#5081 = DIRECTION ( 'NONE',  ( 1.000000000000000000, -0.0000000000000000000, -0.0000000000000000000 ) ) ;
#5082 = LINE ( 'NONE', #3042, #7338 ) ;
#5083 = CARTESIAN_POINT ( 'NONE',  ( -17.08354030197668649, 0.0000000000000000000, 0.0000000000000000000 ) ) ;
#5084 = ADVANCED_FACE ( 'NONE', ( #2383 ), #7323, .T. ) ;
#5085 = ORIENTED_EDGE ( 'NONE', *, *, #3283, .T. ) ;
#5086 = CARTESIAN_POINT ( 'NONE',  ( -19.88832417624663407, 0.0000000000000000000, 0.0000000000000000000 ) ) ;
#5087 = EDGE_CURVE ( 'NONE', #6402, #6117, #5652, .T. ) ;
#5088 = LINE ( 'NONE', #5273, #6168 ) ;
#5089 = DIRECTION ( 'NONE',  ( 0.0000000000000000000, 0.0000000000000000000, 1.000000000000000000 ) ) ;
#5090 = EDGE_CURVE ( 'NONE', #7813, #2499, #3938, .T. ) ;
#5091 = ADVANCED_FACE ( 'NONE', ( #397 ), #3520, .T. ) ;
#5092 = EDGE_CURVE ( 'NONE', #1624, #353, #3715, .T. ) ;
#5093 = DIRECTION ( 'NONE',  ( 0.0000000000000000000, 0.0000000000000000000, -1.000000000000000000 ) ) ;
#5094 = LINE ( 'NONE', #3270, #3745 ) ;
#5095 = CARTESIAN_POINT ( 'NONE',  ( -52.01261310827259621, 0.0000000000000000000, 0.0000000000000000000 ) ) ;
#5096 = AXIS2_PLACEMENT_3D ( 'NONE', #5467, #5444, #7919 ) ;
#5097 = EDGE_CURVE ( 'NONE', #5755, #4877, #5268, .T. ) ;
#5098 = CARTESIAN_POINT ( 'NONE',  ( -92.27193614478049710, 0.0000000000000000000, 0.0000000000000000000 ) ) ;
#5099 = LINE ( 'NONE', #453, #6576 ) ;
#5100 = CARTESIAN_POINT ( 'NONE',  ( 0.0000000000000000000, 0.0000000000000000000, 0.0000000000000000000 ) ) ;
#5101 = CIRCLE ( 'NONE', #5751, 7.200000000003417888 ) ;
#5102 = CARTESIAN_POINT ( 'NONE',  ( -34.29158575217300609, 0.0000000000000000000, 0.0000000000000000000 ) ) ;
#5103 = DIRECTION ( 'NONE',  ( 0.0000000000000000000, 0.0000000000000000000, -1.000000000000000000 ) ) ;
#5104 = AXIS2_PLACEMENT_3D ( 'NONE', #724, #4003, #4285 ) ;
#5105 = VERTEX_POINT ( 'NONE', #5698 ) ;
#5106 = DIRECTION ( 'NONE',  ( 1.000000000000000000, -0.0000000000000000000, -0.0000000000000000000 ) ) ;
#5107 = ORIENTED_EDGE ( 'NONE', *, *, #7749, .T. ) ;
#5108 = CONICAL_SURFACE ( 'NONE', #3360, 6.729642571546104790, 0.9250245035569997221 ) ;
#5109 = AXIS2_PLACEMENT_3D ( 'NONE', #1436, #1419, #1351 ) ;
#5110 = FACE_OUTER_BOUND ( 'NONE', #2014, .T. ) ;
#5111 = CARTESIAN_POINT ( 'NONE',  ( -71.64293583715290481, 8.388830574161415984E-16, 6.500000000000007105 ) ) ;
#5112 = EDGE_LOOP ( 'NONE', ( #7428, #5930, #8165, #7325 ) ) ;
#5113 = ORIENTED_EDGE ( 'NONE', *, *, #2547, .T. ) ;
#5114 = DIRECTION ( 'NONE',  ( 0.0000000000000000000, 0.0000000000000000000, 1.000000000000000000 ) ) ;
#5115 = VECTOR ( 'NONE', #1131, 1000.000000000000000 ) ;
#5116 = LINE ( 'NONE', #4988, #4710 ) ;
#5117 = AXIS2_PLACEMENT_3D ( 'NONE', #7678, #7597, #7497 ) ;
#5118 = AXIS2_PLACEMENT_3D ( 'NONE', #5801, #5206, #5156 ) ;
#5119 = ADVANCED_FACE ( 'NONE', ( #2164 ), #3321, .T. ) ;
#5120 = FILL_AREA_STYLE_COLOUR ( '', #1673 ) ;
#5121 = DIRECTION ( 'NONE',  ( -1.000000000000000000, 0.0000000000000000000, 0.0000000000000000000 ) ) ;
#5122 = ORIENTED_EDGE ( 'NONE', *, *, #4993, .T. ) ;
#5123 = ORIENTED_EDGE ( 'NONE', *, *, #7712, .F. ) ;
#5124 = ORIENTED_EDGE ( 'NONE', *, *, #3704, .F. ) ;
#5125 = VECTOR ( 'NONE', #5891, 1000.000000000000000 ) ;
#5126 = CARTESIAN_POINT ( 'NONE',  ( -15.68114836484171448, 0.0000000000000000000, 0.0000000000000000000 ) ) ;
#5127 = CYLINDRICAL_SURFACE ( 'NONE', #1334, 7.450000000000038369 ) ;
#5128 = EDGE_LOOP ( 'NONE', ( #249, #943, #7189, #875 ) ) ;
#5129 = ORIENTED_EDGE ( 'NONE', *, *, #5092, .F. ) ;
#5130 = CARTESIAN_POINT ( 'NONE',  ( -51.60356613504958290, 0.0000000000000000000, -6.500000000000005329 ) ) ;
#5131 = ADVANCED_FACE ( 'NONE', ( #1951 ), #8184, .T. ) ;
#5132 = ORIENTED_EDGE ( 'NONE', *, *, #3951, .T. ) ;
#5133 = ORIENTED_EDGE ( 'NONE', *, *, #6028, .T. ) ;
#5134 = EDGE_CURVE ( 'NONE', #1082, #1835, #187, .T. ) ;
#5135 = CARTESIAN_POINT ( 'NONE',  ( -85.72942508644425175, 0.0000000000000000000, -6.500000000000012434 ) ) ;
#5136 = DIRECTION ( 'NONE',  ( 0.0000000000000000000, 0.0000000000000000000, -1.000000000000000000 ) ) ;
#5137 = CARTESIAN_POINT ( 'NONE',  ( -25.49789192478652566, 0.0000000000000000000, 0.0000000000000000000 ) ) ;
#5138 = VECTOR ( 'NONE', #7756, 1000.000000000000000 ) ;
#5139 = CARTESIAN_POINT ( 'NONE',  ( -22.69310805051658164, 0.0000000000000000000, 0.0000000000000000000 ) ) ;
#5140 = ORIENTED_EDGE ( 'NONE', *, *, #5924, .T. ) ;
#5141 = EDGE_CURVE ( 'NONE', #4439, #4203, #5066, .T. ) ;
#5142 = ORIENTED_EDGE ( 'NONE', *, *, #3696, .T. ) ;
#5143 = ORIENTED_EDGE ( 'NONE', *, *, #5716, .F. ) ;
#5144 = CIRCLE ( 'NONE', #1947, 6.500000000000012434 ) ;
#5145 = CIRCLE ( 'NONE', #3671, 7.200000000003389466 ) ;
#5146 = VERTEX_POINT ( 'NONE', #5481 ) ;
#5147 = EDGE_CURVE ( 'NONE', #6794, #1082, #1538, .T. ) ;
#5148 = ORIENTED_EDGE ( 'NONE', *, *, #5504, .T. ) ;
#5149 = ORIENTED_EDGE ( 'NONE', *, *, #2329, .F. ) ;
#5150 = CONICAL_SURFACE ( 'NONE', #1832, 6.500000000000007105, 0.6248278722141541452 ) ;
#5151 = EDGE_CURVE ( 'NONE', #3805, #6149, #6738, .T. ) ;
#5152 = DIRECTION ( 'NONE',  ( 1.000000000000000000, -0.0000000000000000000, -0.0000000000000000000 ) ) ;
#5153 = ORIENTED_EDGE ( 'NONE', *, *, #515, .F. ) ;
#5154 = ORIENTED_EDGE ( 'NONE', *, *, #7551, .F. ) ;
#5155 = EDGE_CURVE ( 'NONE', #404, #2847, #6541, .T. ) ;
#5156 = DIRECTION ( 'NONE',  ( 0.0000000000000000000, 0.0000000000000000000, -1.000000000000000000 ) ) ;
#5157 = CARTESIAN_POINT ( 'NONE',  ( -81.86216561471613318, 0.0000000000000000000, -6.500000000000009770 ) ) ;
#5158 = LINE ( 'NONE', #3597, #8273 ) ;
#5159 = DIRECTION ( 'NONE',  ( 0.0000000000000000000, 0.0000000000000000000, -1.000000000000000000 ) ) ;
#5160 = CARTESIAN_POINT ( 'NONE',  ( -39.62198214878872449, 0.0000000000000000000, 0.0000000000000000000 ) ) ;
#5161 = CARTESIAN_POINT ( 'NONE',  ( -93.86303388292293448, 7.960204194457811254E-16, 6.500000000000012434 ) ) ;
#5162 = LINE ( 'NONE', #482, #3218 ) ;
#5163 = FACE_OUTER_BOUND ( 'NONE', #650, .T. ) ;
#5164 = AXIS2_PLACEMENT_3D ( 'NONE', #279, #718, #4257 ) ;
#5165 = ADVANCED_FACE ( 'NONE', ( #4868 ), #2899, .T. ) ;
#5166 = CARTESIAN_POINT ( 'NONE',  ( -20.20505959791548278, 0.0000000000000000000, 0.0000000000000000000 ) ) ;
#5167 = ORIENTED_EDGE ( 'NONE', *, *, #8123, .T. ) ;
#5168 = EDGE_LOOP ( 'NONE', ( #6849, #6112, #6779, #5477 ) ) ;
#5169 = FACE_OUTER_BOUND ( 'NONE', #1337, .T. ) ;
#5170 = CARTESIAN_POINT ( 'NONE',  ( -69.62569587184177067, 0.0000000000000000000, 0.0000000000000000000 ) ) ;
#5171 = VECTOR ( 'NONE', #1481, 1000.000000000000000 ) ;
#5172 = AXIS2_PLACEMENT_3D ( 'NONE', #7021, #3570, #3337 ) ;
#5173 = AXIS2_PLACEMENT_3D ( 'NONE', #3119, #3143, #3347 ) ;
#5174 = ORIENTED_EDGE ( 'NONE', *, *, #8221, .F. ) ;
#5175 = ORIENTED_EDGE ( 'NONE', *, *, #3047, .T. ) ;
#5176 = DIRECTION ( 'NONE',  ( 1.000000000000000000, -0.0000000000000000000, -0.0000000000000000000 ) ) ;
#5177 = ADVANCED_FACE ( 'NONE', ( #3111 ), #7803, .T. ) ;
#5178 = CONICAL_SURFACE ( 'NONE', #7981, 7.200000000003347722, 1.041961563441643035 ) ;
#5179 = CARTESIAN_POINT ( 'NONE',  ( -84.27135729930925834, 0.0000000000000000000, 0.0000000000000000000 ) ) ;
#5180 = EDGE_LOOP ( 'NONE', ( #6403, #6604, #6806, #5525 ) ) ;
#5181 = VERTEX_POINT ( 'NONE', #5000 ) ;
#5182 = DIRECTION ( 'NONE',  ( -1.000000000000000000, 0.0000000000000000000, 0.0000000000000000000 ) ) ;
#5183 = DIRECTION ( 'NONE',  ( 0.0000000000000000000, 0.0000000000000000000, -1.000000000000000000 ) ) ;
#5184 = MECHANICAL_DESIGN_GEOMETRIC_PRESENTATION_REPRESENTATION (  '', ( #4289 ), #5596 ) ;
#5185 = EDGE_CURVE ( 'NONE', #3482, #6993, #6332, .T. ) ;
#5186 = VERTEX_POINT ( 'NONE', #4936 ) ;
#5187 = CONICAL_SURFACE ( 'NONE', #758, 7.373541446553168122, 0.05585053606382139185 ) ;
#5188 = CARTESIAN_POINT ( 'NONE',  ( -80.25397262263031450, 8.817456953865042407E-16, -7.200000000003347722 ) ) ;
#5189 = EDGE_CURVE ( 'NONE', #6444, #3579, #8377, .T. ) ;
#5190 = CARTESIAN_POINT ( 'NONE',  ( -96.27222556751610227, 0.0000000000000000000, 0.0000000000000000000 ) ) ;
#5191 = DIRECTION ( 'NONE',  ( -1.000000000000000000, 0.0000000000000000000, 0.0000000000000000000 ) ) ;
#5192 = CIRCLE ( 'NONE', #4663, 7.200000000003333511 ) ;
#5193 = EDGE_CURVE ( 'NONE', #2914, #7040, #4652, .T. ) ;
#5194 = DIRECTION ( 'NONE',  ( 0.0000000000000000000, 0.0000000000000000000, -1.000000000000000000 ) ) ;
#5195 = CARTESIAN_POINT ( 'NONE',  ( 0.0000000000000000000, 0.0000000000000000000, 0.0000000000000000000 ) ) ;
#5196 = DIRECTION ( 'NONE',  ( 0.0000000000000000000, 0.0000000000000000000, -1.000000000000000000 ) ) ;
#5197 = EDGE_CURVE ( 'NONE', #7030, #6413, #6147, .T. ) ;
#5198 = CARTESIAN_POINT ( 'NONE',  ( 0.0000000000000000000, 8.817456953865034519E-16, 7.200000000003340617 ) ) ;
#5199 = CYLINDRICAL_SURFACE ( 'NONE', #6910, 6.500000000000006217 ) ;
#5200 = EDGE_CURVE ( 'NONE', #2978, #969, #4429, .T. ) ;
#5201 = CYLINDRICAL_SURFACE ( 'NONE', #3416, 6.500000000000012434 ) ;
#5202 = ADVANCED_FACE ( 'NONE', ( #4231 ), #707, .T. ) ;
#5203 = FILL_AREA_STYLE ('',( #5120 ) ) ;
#5204 = VERTEX_POINT ( 'NONE', #4608 ) ;
#5205 = DIRECTION ( 'NONE',  ( 1.000000000000000000, -0.0000000000000000000, -0.0000000000000000000 ) ) ;
#5206 = DIRECTION ( 'NONE',  ( 1.000000000000000000, -0.0000000000000000000, -0.0000000000000000000 ) ) ;
#5207 = VERTEX_POINT ( 'NONE', #4564 ) ;
#5208 = CIRCLE ( 'NONE', #2300, 7.450000000000002842 ) ;
#5209 = DIRECTION ( 'NONE',  ( -1.000000000000000000, 0.0000000000000000000, 0.0000000000000000000 ) ) ;
#5210 = CIRCLE ( 'NONE', #1341, 6.976277466081058698 ) ;
#5211 = AXIS2_PLACEMENT_3D ( 'NONE', #2025, #1895, #1760 ) ;
#5212 = ORIENTED_EDGE ( 'NONE', *, *, #1408, .T. ) ;
#5213 = ADVANCED_FACE ( 'NONE', ( #1114 ), #2275, .T. ) ;
#5214 = DIRECTION ( 'NONE',  ( 0.0000000000000000000, 0.0000000000000000000, 1.000000000000000000 ) ) ;
#5215 = VECTOR ( 'NONE', #7729, 1000.000000000000000 ) ;
#5216 = CARTESIAN_POINT ( 'NONE',  ( 0.0000000000000000000, 0.0000000000000000000, 0.0000000000000000000 ) ) ;
#5217 = DIRECTION ( 'NONE',  ( 0.0000000000000000000, 0.0000000000000000000, -1.000000000000000000 ) ) ;
#5218 = CONICAL_SURFACE ( 'NONE', #3079, 7.450000000000002842, 0.9250245035569997221 ) ;
#5219 = DIRECTION ( 'NONE',  ( 0.0000000000000000000, 0.0000000000000000000, -1.000000000000000000 ) ) ;
#5220 = AXIS2_PLACEMENT_3D ( 'NONE', #3683, #3623, #3574 ) ;
#5221 = ORIENTED_EDGE ( 'NONE', *, *, #5710, .F. ) ;
#5222 = ORIENTED_EDGE ( 'NONE', *, *, #5141, .T. ) ;
#5223 = CARTESIAN_POINT ( 'NONE',  ( -70.67236190065843005, 0.0000000000000000000, 0.0000000000000000000 ) ) ;
#5224 = VECTOR ( 'NONE', #3888, 1000.000000000000227 ) ;
#5225 = AXIS2_PLACEMENT_3D ( 'NONE', #1689, #1724, #1750 ) ;
#5226 = DIRECTION ( 'NONE',  ( 0.0000000000000000000, 0.0000000000000000000, -1.000000000000000000 ) ) ;
#5227 = LINE ( 'NONE', #4450, #1695 ) ;
#5228 = DIRECTION ( 'NONE',  ( 0.8110638189892154237, 0.0000000000000000000, -0.5849576749873696135 ) ) ;
#5229 = ORIENTED_EDGE ( 'NONE', *, *, #4935, .T. ) ;
#5230 = ORIENTED_EDGE ( 'NONE', *, *, #2209, .T. ) ;
#5231 = ORIENTED_EDGE ( 'NONE', *, *, #1134, .F. ) ;
#5232 = CONICAL_SURFACE ( 'NONE', #4971, 7.200000000003432099, 1.041961563440966909 ) ;
#5233 = AXIS2_PLACEMENT_3D ( 'NONE', #6567, #5807, #7829 ) ;
#5234 = AXIS2_PLACEMENT_3D ( 'NONE', #7811, #7855, #7915 ) ;
#5235 = ORIENTED_EDGE ( 'NONE', *, *, #3646, .F. ) ;
#5236 = DIRECTION ( 'NONE',  ( 1.000000000000000000, -0.0000000000000000000, -0.0000000000000000000 ) ) ;
#5237 = ORIENTED_EDGE ( 'NONE', *, *, #843, .F. ) ;
#5238 = DIRECTION ( 'NONE',  ( 1.000000000000000000, -0.0000000000000000000, -0.0000000000000000000 ) ) ;
#5239 = DIRECTION ( 'NONE',  ( 0.0000000000000000000, 0.0000000000000000000, -1.000000000000000000 ) ) ;
#5240 = ORIENTED_EDGE ( 'NONE', *, *, #463, .T. ) ;
#5241 = VERTEX_POINT ( 'NONE', #4431 ) ;
#5242 = CYLINDRICAL_SURFACE ( 'NONE', #7987, 7.650000000000001243 ) ;
#5243 = DIRECTION ( 'NONE',  ( -1.000000000000000000, 0.0000000000000000000, 0.0000000000000000000 ) ) ;
#5244 = FACE_OUTER_BOUND ( 'NONE', #5580, .T. ) ;
#5245 = ORIENTED_EDGE ( 'NONE', *, *, #4704, .T. ) ;
#5246 = EDGE_LOOP ( 'NONE', ( #5912, #5256, #5847, #4444 ) ) ;
#5247 = EDGE_CURVE ( 'NONE', #7008, #572, #2481, .T. ) ;
#5248 = CARTESIAN_POINT ( 'NONE',  ( -30.04684587102340743, 0.0000000000000000000, 0.0000000000000000000 ) ) ;
#5249 = DIRECTION ( 'NONE',  ( 0.0000000000000000000, 0.0000000000000000000, -1.000000000000000000 ) ) ;
#5250 = ORIENTED_EDGE ( 'NONE', *, *, #3653, .T. ) ;
#5251 = VECTOR ( 'NONE', #5228, 1000.000000000000227 ) ;
#5252 = DIRECTION ( 'NONE',  ( 1.000000000000000000, -0.0000000000000000000, -0.0000000000000000000 ) ) ;
#5253 = ADVANCED_FACE ( 'NONE', ( #4027 ), #7218, .T. ) ;
#5254 = CIRCLE ( 'NONE', #8239, 7.450000000000002842 ) ;
#5255 = ORIENTED_EDGE ( 'NONE', *, *, #3376, .T. ) ;
#5256 = ORIENTED_EDGE ( 'NONE', *, *, #4244, .F. ) ;
#5257 = EDGE_CURVE ( 'NONE', #7000, #2139, #904, .T. ) ;
#5258 = VERTEX_POINT ( 'NONE', #4247 ) ;
#5259 = LINE ( 'NONE', #4066, #8367 ) ;
#5260 = ADVANCED_FACE ( 'NONE', ( #7412 ), #5357, .T. ) ;
#5261 = CIRCLE ( 'NONE', #4675, 7.450000000000012612 ) ;
#5262 = FACE_OUTER_BOUND ( 'NONE', #4725, .T. ) ;
#5263 = CIRCLE ( 'NONE', #2150, 6.729642571546150975 ) ;
#5264 = AXIS2_PLACEMENT_3D ( 'NONE', #4918, #4818, #4648 ) ;
#5265 = DIRECTION ( 'NONE',  ( -1.000000000000000000, 0.0000000000000000000, 0.0000000000000000000 ) ) ;
#5266 = DIRECTION ( 'NONE',  ( 1.000000000000000000, -0.0000000000000000000, -0.0000000000000000000 ) ) ;
#5267 = EDGE_CURVE ( 'NONE', #5908, #870, #7022, .T. ) ;
#5268 = CIRCLE ( 'NONE', #6265, 7.450000000000082778 ) ;
#5269 = DIRECTION ( 'NONE',  ( 1.000000000000000000, -0.0000000000000000000, -0.0000000000000000000 ) ) ;
#5270 = FACE_OUTER_BOUND ( 'NONE', #3469, .T. ) ;
#5271 = ORIENTED_EDGE ( 'NONE', *, *, #2088, .F. ) ;
#5272 = SURFACE_SIDE_STYLE ('',( #8309 ) ) ;
#5273 = CARTESIAN_POINT ( 'NONE',  ( 0.0000000000000000000, 9.123618653647863990E-16, 7.450000000000067679 ) ) ;
#5274 = CARTESIAN_POINT ( 'NONE',  ( 0.0000000000000000000, 0.0000000000000000000, 0.0000000000000000000 ) ) ;
#5275 = DIRECTION ( 'NONE',  ( 0.0000000000000000000, 0.0000000000000000000, -1.000000000000000000 ) ) ;
#5276 = DIRECTION ( 'NONE',  ( 1.000000000000000000, -0.0000000000000000000, -0.0000000000000000000 ) ) ;
#5277 = AXIS2_PLACEMENT_3D ( 'NONE', #4114, #4154, #4128 ) ;
#5278 = CONICAL_SURFACE ( 'NONE', #7825, 7.200000000003347722, 1.041961563441716976 ) ;
#5279 = DIRECTION ( 'NONE',  ( 1.000000000000000000, -0.0000000000000000000, -0.0000000000000000000 ) ) ;
#5280 = VERTEX_POINT ( 'NONE', #4163 ) ;
#5281 = CARTESIAN_POINT ( 'NONE',  ( -56.04709303889662664, 0.0000000000000000000, 0.0000000000000000000 ) ) ;
#5282 = AXIS2_PLACEMENT_3D ( 'NONE', #3460, #783, #4150 ) ;
#5283 = AXIS2_PLACEMENT_3D ( 'NONE', #7890, #7326, #2183 ) ;
#5284 = DIRECTION ( 'NONE',  ( 1.000000000000000000, -0.0000000000000000000, -0.0000000000000000000 ) ) ;
#5285 = LINE ( 'NONE', #3006, #3534 ) ;
#5286 = EDGE_LOOP ( 'NONE', ( #3788, #1176, #4686, #4107 ) ) ;
#5287 = ADVANCED_FACE ( 'NONE', ( #288 ), #3612, .T. ) ;
#5288 = VECTOR ( 'NONE', #6272, 1000.000000000000000 ) ;
#5289 = DIRECTION ( 'NONE',  ( 1.000000000000000000, -0.0000000000000000000, -0.0000000000000000000 ) ) ;
#5290 = DIRECTION ( 'NONE',  ( 0.0000000000000000000, 0.0000000000000000000, -1.000000000000000000 ) ) ;
#5291 = EDGE_CURVE ( 'NONE', #1376, #4203, #488, .T. ) ;
#5292 = VECTOR ( 'NONE', #3770, 1000.000000000000227 ) ;
#5293 = ADVANCED_FACE ( 'NONE', ( #76 ), #1644, .T. ) ;
#5294 = CARTESIAN_POINT ( 'NONE',  ( -20.74788785564854621, 0.0000000000000000000, -6.729642571546104790 ) ) ;
#5295 = EDGE_CURVE ( 'NONE', #5786, #8311, #3409, .T. ) ;
#5296 = CARTESIAN_POINT ( 'NONE',  ( -49.04840246982011820, 0.0000000000000000000, -7.373541446553168122 ) ) ;
#5297 = DIRECTION ( 'NONE',  ( 0.0000000000000000000, 0.0000000000000000000, -1.000000000000000000 ) ) ;
#5298 = CARTESIAN_POINT ( 'NONE',  ( -89.72971450917985692, 8.388830574161452469E-16, 6.500000000000012434 ) ) ;
#5299 = CARTESIAN_POINT ( 'NONE',  ( -35.37724226763913293, 0.0000000000000000000, 0.0000000000000000000 ) ) ;
#5300 = CARTESIAN_POINT ( 'NONE',  ( -27.75984754132340981, 0.0000000000000000000, 0.0000000000000000000 ) ) ;
#5301 = EDGE_CURVE ( 'NONE', #888, #2362, #1841, .T. ) ;
#5302 = CONICAL_SURFACE ( 'NONE', #6648, 6.729642571546160745, 0.9250245035569996110 ) ;
#5303 = CONICAL_SURFACE ( 'NONE', #3140, 6.500000000000007105, 0.6248278722141583641 ) ;
#5304 = CARTESIAN_POINT ( 'NONE',  ( -100.6204391532550915, 0.0000000000000000000, 0.0000000000000000000 ) ) ;
#5305 = EDGE_CURVE ( 'NONE', #5667, #4130, #5158, .T. ) ;
#5306 = VERTEX_POINT ( 'NONE', #3584 ) ;
#5307 = EDGE_CURVE ( 'NONE', #5562, #3427, #5556, .T. ) ;
#5308 = CIRCLE ( 'NONE', #4679, 11.00000000000000000 ) ;
#5309 = DIRECTION ( 'NONE',  ( 1.000000000000000000, -0.0000000000000000000, -0.0000000000000000000 ) ) ;
#5310 = VERTEX_POINT ( 'NONE', #3743 ) ;
#5311 = ORIENTED_EDGE ( 'NONE', *, *, #7394, .F. ) ;
#5312 = CARTESIAN_POINT ( 'NONE',  ( -52.01261310827259621, 0.0000000000000000000, 7.200000000000361666 ) ) ;
#5313 = CARTESIAN_POINT ( 'NONE',  ( -36.79215556135566345, 0.0000000000000000000, 0.0000000000000000000 ) ) ;
#5314 = CIRCLE ( 'NONE', #899, 7.450000000000052580 ) ;
#5315 = CONICAL_SURFACE ( 'NONE', #6690, 7.450000000000062350, 0.9250245035569996110 ) ;
#5316 = AXIS2_PLACEMENT_3D ( 'NONE', #4006, #4370, #4317 ) ;
#5317 = EDGE_LOOP ( 'NONE', ( #2881, #1717, #1716, #4929 ) ) ;
#5318 = SURFACE_STYLE_USAGE ( .BOTH. , #5272 ) ;
#5319 = ORIENTED_EDGE ( 'NONE', *, *, #693, .T. ) ;
#5320 = ORIENTED_EDGE ( 'NONE', *, *, #4468, .F. ) ;
#5321 = CARTESIAN_POINT ( 'NONE',  ( -53.62080610036073836, 7.960204194457804352E-16, 6.500000000000005329 ) ) ;
#5322 = CARTESIAN_POINT ( 'NONE',  ( -71.77596578816113038, 0.0000000000000000000, 0.0000000000000000000 ) ) ;
#5323 = CIRCLE ( 'NONE', #3912, 7.200000000003333511 ) ;
#5324 = ADVANCED_FACE ( 'NONE', ( #4968 ), #4758, .T. ) ;
#5325 = CYLINDRICAL_SURFACE ( 'NONE', #436, 7.450000000000002842 ) ;
#5326 = AXIS2_PLACEMENT_3D ( 'NONE', #159, #415, #218 ) ;
#5327 = ORIENTED_EDGE ( 'NONE', *, *, #6877, .T. ) ;
#5328 = ORIENTED_EDGE ( 'NONE', *, *, #4142, .F. ) ;
#5329 = VERTEX_POINT ( 'NONE', #3351 ) ;
#5330 = CARTESIAN_POINT ( 'NONE',  ( -23.00984347218542680, 0.0000000000000000000, -7.450000000000002842 ) ) ;
#5331 = FACE_OUTER_BOUND ( 'NONE', #655, .T. ) ;
#5332 = ORIENTED_EDGE ( 'NONE', *, *, #2596, .T. ) ;
#5333 = DIRECTION ( 'NONE',  ( 1.000000000000000000, -0.0000000000000000000, -0.0000000000000000000 ) ) ;
#5334 = ADVANCED_FACE ( 'NONE', ( #6633 ), #3823, .T. ) ;
#5335 = ORIENTED_EDGE ( 'NONE', *, *, #2611, .T. ) ;
#5336 = AXIS2_PLACEMENT_3D ( 'NONE', #1107, #1023, #27 ) ;
#5337 = AXIS2_PLACEMENT_3D ( 'NONE', #2891, #2340, #3578 ) ;
#5338 = ORIENTED_EDGE ( 'NONE', *, *, #7289, .F. ) ;
#5339 = FACE_OUTER_BOUND ( 'NONE', #648, .T. ) ;
#5340 = CYLINDRICAL_SURFACE ( 'NONE', #3250, 7.650000000000001243 ) ;
#5341 = DIRECTION ( 'NONE',  ( 0.0000000000000000000, 0.0000000000000000000, -1.000000000000000000 ) ) ;
#5342 = DIRECTION ( 'NONE',  ( 1.000000000000000000, -0.0000000000000000000, -0.0000000000000000000 ) ) ;
#5343 = DIRECTION ( 'NONE',  ( -0.6018150231520442706, 9.780464210648347626E-17, -0.7986355100472959379 ) ) ;
#5344 = ORIENTED_EDGE ( 'NONE', *, *, #525, .F. ) ;
#5345 = ORIENTED_EDGE ( 'NONE', *, *, #1197, .T. ) ;
#5346 = ORIENTED_EDGE ( 'NONE', *, *, #2820, .T. ) ;
#5347 = FACE_OUTER_BOUND ( 'NONE', #6602, .T. ) ;
#5348 = ORIENTED_EDGE ( 'NONE', *, *, #860, .T. ) ;
#5349 = DIRECTION ( 'NONE',  ( 0.0000000000000000000, 0.0000000000000000000, -1.000000000000000000 ) ) ;
#5350 = CARTESIAN_POINT ( 'NONE',  ( 0.0000000000000000000, 8.817456953865034519E-16, 7.200000000003340617 ) ) ;
#5351 = ORIENTED_EDGE ( 'NONE', *, *, #4886, .T. ) ;
#5352 = EDGE_CURVE ( 'NONE', #5050, #682, #1425, .T. ) ;
#5353 = DIRECTION ( 'NONE',  ( 0.0000000000000000000, 0.0000000000000000000, -1.000000000000000000 ) ) ;
#5354 = ORIENTED_EDGE ( 'NONE', *, *, #3710, .F. ) ;
#5355 = EDGE_CURVE ( 'NONE', #6216, #740, #6433, .T. ) ;
#5356 = ORIENTED_EDGE ( 'NONE', *, *, #5721, .F. ) ;
#5357 = CONICAL_SURFACE ( 'NONE', #3517, 7.200000000003347722, 1.041961563441613503 ) ;
#5358 = EDGE_CURVE ( 'NONE', #7373, #4092, #3214, .T. ) ;
#5359 = CARTESIAN_POINT ( 'NONE',  ( 0.0000000000000000000, 0.0000000000000000000, 0.0000000000000000000 ) ) ;
#5360 = DIRECTION ( 'NONE',  ( 0.0000000000000000000, 0.0000000000000000000, -1.000000000000000000 ) ) ;
#5361 = APPLICATION_CONTEXT ( 'automotive_design' ) ;
#5362 = FACE_OUTER_BOUND ( 'NONE', #442, .T. ) ;
#5363 = ORIENTED_EDGE ( 'NONE', *, *, #7861, .F. ) ;
#5364 = VECTOR ( 'NONE', #7721, 1000.000000000000227 ) ;
#5365 = DIRECTION ( 'NONE',  ( 1.000000000000000000, -0.0000000000000000000, -0.0000000000000000000 ) ) ;
#5366 = ADVANCED_FACE ( 'NONE', ( #3009 ), #1011, .T. ) ;
#5367 = ORIENTED_EDGE ( 'NONE', *, *, #124, .T. ) ;
#5368 = AXIS2_PLACEMENT_3D ( 'NONE', #4838, #4813, #4733 ) ;
#5369 = DIRECTION ( 'NONE',  ( 0.0000000000000000000, 0.0000000000000000000, -1.000000000000000000 ) ) ;
#5370 = FACE_OUTER_BOUND ( 'NONE', #1883, .T. ) ;
#5371 = ORIENTED_EDGE ( 'NONE', *, *, #3273, .F. ) ;
#5372 = AXIS2_PLACEMENT_3D ( 'NONE', #1952, #1839, #2680 ) ;
#5373 = ORIENTED_EDGE ( 'NONE', *, *, #4300, .T. ) ;
#5374 = ADVANCED_FACE ( 'NONE', ( #1212 ), #6042, .T. ) ;
#5375 = DIRECTION ( 'NONE',  ( 1.000000000000000000, -0.0000000000000000000, -0.0000000000000000000 ) ) ;
#5376 = DIRECTION ( 'NONE',  ( 1.000000000000000000, -0.0000000000000000000, -0.0000000000000000000 ) ) ;
#5377 = AXIS2_PLACEMENT_3D ( 'NONE', #5763, #5454, #5775 ) ;
#5378 = EDGE_LOOP ( 'NONE', ( #5878, #5045, #7495, #4979 ) ) ;
#5379 = FACE_OUTER_BOUND ( 'NONE', #1265, .T. ) ;
#5380 = ORIENTED_EDGE ( 'NONE', *, *, #7401, .T. ) ;
#5381 = DIRECTION ( 'NONE',  ( 0.0000000000000000000, 0.0000000000000000000, -1.000000000000000000 ) ) ;
#5382 = DIRECTION ( 'NONE',  ( 0.0000000000000000000, 0.0000000000000000000, 1.000000000000000000 ) ) ;
#5383 = CARTESIAN_POINT ( 'NONE',  ( -44.64504213944225341, 0.0000000000000000000, 0.0000000000000000000 ) ) ;
#5384 = DIRECTION ( 'NONE',  ( 1.000000000000000000, -0.0000000000000000000, -0.0000000000000000000 ) ) ;
#5385 = AXIS2_PLACEMENT_3D ( 'NONE', #117, #7063, #7928 ) ;
#5386 = AXIS2_PLACEMENT_3D ( 'NONE', #1834, #3155, #8268 ) ;
#5387 = LINE ( 'NONE', #6091, #1868 ) ;
#5388 = DIRECTION ( 'NONE',  ( 1.000000000000000000, -0.0000000000000000000, -0.0000000000000000000 ) ) ;
#5389 = ORIENTED_EDGE ( 'NONE', *, *, #259, .T. ) ;
#5390 = FACE_OUTER_BOUND ( 'NONE', #2430, .T. ) ;
#5391 = EDGE_CURVE ( 'NONE', #3892, #684, #8092, .T. ) ;
#5392 = DIRECTION ( 'NONE',  ( 1.000000000000000000, -0.0000000000000000000, -0.0000000000000000000 ) ) ;
#5393 = VECTOR ( 'NONE', #3624, 1000.000000000000000 ) ;
#5394 = EDGE_LOOP ( 'NONE', ( #5748, #379, #698, #6034 ) ) ;
#5395 = DIRECTION ( 'NONE',  ( 0.0000000000000000000, 0.0000000000000000000, -1.000000000000000000 ) ) ;
#5396 = EDGE_CURVE ( 'NONE', #3384, #5050, #2791, .T. ) ;
#5397 = VERTEX_POINT ( 'NONE', #2714 ) ;
#5398 = CONICAL_SURFACE ( 'NONE', #503, 6.500000000000007105, 0.6248278722141583641 ) ;
#5399 = CIRCLE ( 'NONE', #6329, 7.200000000003347722 ) ;
#5400 = ADVANCED_FACE ( 'NONE', ( #7700 ), #4124, .T. ) ;
#5401 = CARTESIAN_POINT ( 'NONE',  ( 0.0000000000000000000, 0.0000000000000000000, 0.0000000000000000000 ) ) ;
#5402 = AXIS2_PLACEMENT_3D ( 'NONE', #3702, #3755, #2767 ) ;
#5403 = ORIENTED_EDGE ( 'NONE', *, *, #6965, .T. ) ;
#5404 = LINE ( 'NONE', #7941, #1892 ) ;
#5405 = CARTESIAN_POINT ( 'NONE',  ( -98.14163738553702387, 0.0000000000000000000, 6.976277466081058698 ) ) ;
#5406 = DIRECTION ( 'NONE',  ( 1.000000000000000000, -0.0000000000000000000, -0.0000000000000000000 ) ) ;
#5407 = CARTESIAN_POINT ( 'NONE',  ( -35.37724226763913293, 0.0000000000000000000, 0.0000000000000000000 ) ) ;
#5408 = DIRECTION ( 'NONE',  ( 0.0000000000000000000, 0.0000000000000000000, -1.000000000000000000 ) ) ;
#5409 = LINE ( 'NONE', #1610, #133 ) ;
#5410 = DIRECTION ( 'NONE',  ( 0.0000000000000000000, 0.0000000000000000000, -1.000000000000000000 ) ) ;
#5411 = EDGE_CURVE ( 'NONE', #2577, #5667, #5839, .T. ) ;
#5412 = DIRECTION ( 'NONE',  ( 1.000000000000000000, -0.0000000000000000000, -0.0000000000000000000 ) ) ;
#5413 = ADVANCED_FACE ( 'NONE', ( #7511 ), #2376, .T. ) ;
#5414 = ORIENTED_EDGE ( 'NONE', *, *, #7207, .T. ) ;
#5415 = ORIENTED_EDGE ( 'NONE', *, *, #5267, .F. ) ;
#5416 = EDGE_CURVE ( 'NONE', #2979, #6490, #6240, .T. ) ;
#5417 = CYLINDRICAL_SURFACE ( 'NONE', #3313, 7.450000000000049027 ) ;
#5418 = CIRCLE ( 'NONE', #6005, 0.8999999999999962474 ) ;
#5419 = CARTESIAN_POINT ( 'NONE',  ( -12.25000000000000000, 0.0000000000000000000, 0.0000000000000000000 ) ) ;
#5420 = EDGE_LOOP ( 'NONE', ( #1995, #5691, #5029, #7479 ) ) ;
#5421 = DIRECTION ( 'NONE',  ( 1.000000000000000000, -0.0000000000000000000, -0.0000000000000000000 ) ) ;
#5422 = CARTESIAN_POINT ( 'NONE',  ( -15.68114836484171448, 9.123618653647785104E-16, -7.450000000000002842 ) ) ;
#5423 = DIRECTION ( 'NONE',  ( 1.000000000000000000, -0.0000000000000000000, -0.0000000000000000000 ) ) ;
#5424 = EDGE_LOOP ( 'NONE', ( #4624, #401, #2455, #3068 ) ) ;
#5425 = EDGE_LOOP ( 'NONE', ( #2559, #7724, #3000, #8067 ) ) ;
#5426 = ORIENTED_EDGE ( 'NONE', *, *, #3548, .T. ) ;
#5427 = FACE_OUTER_BOUND ( 'NONE', #1617, .T. ) ;
#5428 = AXIS2_PLACEMENT_3D ( 'NONE', #5959, #5916, #5890 ) ;
#5429 = ORIENTED_EDGE ( 'NONE', *, *, #4528, .F. ) ;
#5430 = ORIENTED_EDGE ( 'NONE', *, *, #8221, .T. ) ;
#5431 = CARTESIAN_POINT ( 'NONE',  ( 0.0000000000000000000, 0.0000000000000000000, 0.0000000000000000000 ) ) ;
#5432 = DIRECTION ( 'NONE',  ( 1.000000000000000000, -0.0000000000000000000, -0.0000000000000000000 ) ) ;
#5433 = CARTESIAN_POINT ( 'NONE',  ( -62.09881293483005038, 0.0000000000000000000, 0.0000000000000000000 ) ) ;
#5434 = DIRECTION ( 'NONE',  ( -1.000000000000000000, 0.0000000000000000000, 0.0000000000000000000 ) ) ;
#5435 = EDGE_LOOP ( 'NONE', ( #5929, #1904, #7278, #7475 ) ) ;
#5436 = EDGE_LOOP ( 'NONE', ( #3130, #2400, #7846, #6894 ) ) ;
#5437 = CIRCLE ( 'NONE', #6747, 6.729642571546104790 ) ;
#5438 = CONICAL_SURFACE ( 'NONE', #1730, 7.200000000000362554, 1.041961563441588190 ) ;
#5439 = AXIS2_PLACEMENT_3D ( 'NONE', #6462, #283, #68 ) ;
#5440 = AXIS2_PLACEMENT_3D ( 'NONE', #2988, #2153, #1855 ) ;
#5441 = CARTESIAN_POINT ( 'NONE',  ( -45.40535782037472501, 0.0000000000000000000, 0.0000000000000000000 ) ) ;
#5442 = ORIENTED_EDGE ( 'NONE', *, *, #7072, .F. ) ;
#5443 = ORIENTED_EDGE ( 'NONE', *, *, #1200, .T. ) ;
#5444 = DIRECTION ( 'NONE',  ( 1.000000000000000000, -0.0000000000000000000, -0.0000000000000000000 ) ) ;
#5445 = DIRECTION ( 'NONE',  ( 0.0000000000000000000, 0.0000000000000000000, -1.000000000000000000 ) ) ;
#5446 = VERTEX_POINT ( 'NONE', #2337 ) ;
#5447 = LINE ( 'NONE', #5135, #5251 ) ;
#5448 = CIRCLE ( 'NONE', #6586, 6.500000000000009770 ) ;
#5449 = CARTESIAN_POINT ( 'NONE',  ( 0.0000000000000000000, 9.123618653647816658E-16, 7.450000000000027711 ) ) ;
#5450 = ORIENTED_EDGE ( 'NONE', *, *, #364, .T. ) ;
#5451 = VERTEX_POINT ( 'NONE', #2263 ) ;
#5452 = EDGE_CURVE ( 'NONE', #969, #6382, #2583, .T. ) ;
#5453 = CARTESIAN_POINT ( 'NONE',  ( 0.0000000000000000000, 0.0000000000000000000, 0.0000000000000000000 ) ) ;
#5454 = DIRECTION ( 'NONE',  ( 1.000000000000000000, -0.0000000000000000000, -0.0000000000000000000 ) ) ;
#5455 = EDGE_CURVE ( 'NONE', #4413, #2847, #798, .T. ) ;
#5456 = CIRCLE ( 'NONE', #2909, 6.500000000000012434 ) ;
#5457 = VECTOR ( 'NONE', #2629, 1000.000000000000000 ) ;
#5458 = VECTOR ( 'NONE', #7441, 1000.000000000000000 ) ;
#5459 = ADVANCED_FACE ( 'NONE', ( #2152 ), #3709, .T. ) ;
#5460 = DIRECTION ( 'NONE',  ( 1.000000000000000000, -0.0000000000000000000, -0.0000000000000000000 ) ) ;
#5461 = EDGE_CURVE ( 'NONE', #3211, #7553, #3929, .T. ) ;
#5462 = CARTESIAN_POINT ( 'NONE',  ( -79.84492564940575221, 0.0000000000000000000, -6.500000000000005329 ) ) ;
#5463 = VECTOR ( 'NONE', #6053, 1000.000000000000000 ) ;
#5464 = LINE ( 'NONE', #5593, #5850 ) ;
#5465 = EDGE_LOOP ( 'NONE', ( #4190, #2316, #6166, #6829 ) ) ;
#5466 = EDGE_CURVE ( 'NONE', #7113, #6871, #5456, .T. ) ;
#5467 = CARTESIAN_POINT ( 'NONE',  ( 0.0000000000000000000, 0.0000000000000000000, 0.0000000000000000000 ) ) ;
#5468 = EDGE_CURVE ( 'NONE', #870, #2640, #390, .T. ) ;
#5469 = CARTESIAN_POINT ( 'NONE',  ( -82.27121258794144865, 8.817456953865042407E-16, -7.200000000003347722 ) ) ;
#5470 = LINE ( 'NONE', #1913, #6746 ) ;
#5471 = CARTESIAN_POINT ( 'NONE',  ( -87.72956979781204723, 0.0000000000000000000, 0.0000000000000000000 ) ) ;
#5472 = ORIENTED_EDGE ( 'NONE', *, *, #4186, .T. ) ;
#5473 = EDGE_LOOP ( 'NONE', ( #3581, #4397, #4529, #1987 ) ) ;
#5474 = ORIENTED_EDGE ( 'NONE', *, *, #7653, .F. ) ;
#5475 = AXIS2_PLACEMENT_3D ( 'NONE', #886, #1554, #1062 ) ;
#5476 = LINE ( 'NONE', #7557, #3731 ) ;
#5477 = ORIENTED_EDGE ( 'NONE', *, *, #4577, .F. ) ;
#5478 = AXIS2_PLACEMENT_3D ( 'NONE', #8149, #8129, #8132 ) ;
#5479 = CYLINDRICAL_SURFACE ( 'NONE', #1822, 6.500000000000006217 ) ;
#5480 = DIRECTION ( 'NONE',  ( 0.6018150231520443816, 0.0000000000000000000, -0.7986355100472957158 ) ) ;
#5481 = CARTESIAN_POINT ( 'NONE',  ( -32.87667245845646846, 9.123618653647834407E-16, 7.450000000000043698 ) ) ;
#5482 = DIRECTION ( 'NONE',  ( 0.0000000000000000000, 0.0000000000000000000, -1.000000000000000000 ) ) ;
#5483 = AXIS2_PLACEMENT_3D ( 'NONE', #6233, #4889, #6244 ) ;
#5484 = CARTESIAN_POINT ( 'NONE',  ( -83.72928037507642784, 0.0000000000000000000, 0.0000000000000000000 ) ) ;
#5485 = CIRCLE ( 'NONE', #6095, 6.500000000000007105 ) ;
#5486 = CARTESIAN_POINT ( 'NONE',  ( 0.0000000000000000000, 0.0000000000000000000, -7.200000000003340617 ) ) ;
#5487 = CARTESIAN_POINT ( 'NONE',  ( -27.21701928359034639, 0.0000000000000000000, -7.450000000000003730 ) ) ;
#5488 = CARTESIAN_POINT ( 'NONE',  ( 0.0000000000000000000, 0.0000000000000000000, 0.0000000000000000000 ) ) ;
#5489 = AXIS2_PLACEMENT_3D ( 'NONE', #3527, #614, #1126 ) ;
#5490 = AXIS2_PLACEMENT_3D ( 'NONE', #4674, #4569, #4549 ) ;
#5491 = DIRECTION ( 'NONE',  ( 0.0000000000000000000, 0.0000000000000000000, -1.000000000000000000 ) ) ;
#5492 = ADVANCED_FACE ( 'NONE', ( #176 ), #3621, .T. ) ;
#5493 = ORIENTED_EDGE ( 'NONE', *, *, #1583, .T. ) ;
#5494 = CIRCLE ( 'NONE', #7482, 6.500000000000007105 ) ;
#5495 = LINE ( 'NONE', #6701, #220 ) ;
#5496 = DIRECTION ( 'NONE',  ( 1.000000000000000000, -0.0000000000000000000, -0.0000000000000000000 ) ) ;
#5497 = DIRECTION ( 'NONE',  ( 0.0000000000000000000, 0.0000000000000000000, 1.000000000000000000 ) ) ;
#5498 = CARTESIAN_POINT ( 'NONE',  ( -27.75984754132340981, 0.0000000000000000000, -6.729642571546105678 ) ) ;
#5499 = ORIENTED_EDGE ( 'NONE', *, *, #2192, .F. ) ;
#5500 = EDGE_CURVE ( 'NONE', #7478, #7621, #6925, .T. ) ;
#5501 = CONICAL_SURFACE ( 'NONE', #1567, 7.200000000003347722, 1.041961563441746508 ) ;
#5502 = ORIENTED_EDGE ( 'NONE', *, *, #2827, .F. ) ;
#5503 =( LENGTH_UNIT ( ) NAMED_UNIT ( * ) SI_UNIT ( .MILLI., .METRE. ) );
#5504 = EDGE_CURVE ( 'NONE', #2759, #4390, #7315, .T. ) ;
#5505 = VERTEX_POINT ( 'NONE', #1535 ) ;
#5506 = CARTESIAN_POINT ( 'NONE',  ( -82.75870643858193887, 8.817456953865042407E-16, 7.200000000003347722 ) ) ;
#5507 = CARTESIAN_POINT ( 'NONE',  ( -72.18501276138574951, 0.0000000000000000000, 7.200000000003347722 ) ) ;
#5508 = DIRECTION ( 'NONE',  ( 1.000000000000000000, -0.0000000000000000000, -0.0000000000000000000 ) ) ;
#5509 = FACE_OUTER_BOUND ( 'NONE', #1160, .T. ) ;
#5510 = EDGE_CURVE ( 'NONE', #4417, #1505, #6847, .T. ) ;
#5511 = LINE ( 'NONE', #6268, #28 ) ;
#5512 = DIRECTION ( 'NONE',  ( -1.000000000000000000, 0.0000000000000000000, 0.0000000000000000000 ) ) ;
#5513 = VERTEX_POINT ( 'NONE', #1503 ) ;
#5514 = ORIENTED_EDGE ( 'NONE', *, *, #7179, .T. ) ;
#5515 = ORIENTED_EDGE ( 'NONE', *, *, #2388, .F. ) ;
#5516 = CARTESIAN_POINT ( 'NONE',  ( -37.66424059733912344, 0.0000000000000000000, -6.729642571546170515 ) ) ;
#5517 = DIRECTION ( 'NONE',  ( 0.0000000000000000000, 0.0000000000000000000, -1.000000000000000000 ) ) ;
#5518 = VECTOR ( 'NONE', #2887, 1000.000000000000227 ) ;
#5519 = CARTESIAN_POINT ( 'NONE',  ( -67.60845590653062231, 0.0000000000000000000, 0.0000000000000000000 ) ) ;
#5520 = CONICAL_SURFACE ( 'NONE', #5900, 7.450000000000003730, 0.9250245035569997221 ) ;
#5521 = AXIS2_PLACEMENT_3D ( 'NONE', #8185, #8260, #8209 ) ;
#5522 = ORIENTED_EDGE ( 'NONE', *, *, #3696, .F. ) ;
#5523 = EDGE_CURVE ( 'NONE', #6988, #674, #596, .T. ) ;
#5524 = ORIENTED_EDGE ( 'NONE', *, *, #6924, .T. ) ;
#5525 = ORIENTED_EDGE ( 'NONE', *, *, #7443, .F. ) ;
#5526 = CONICAL_SURFACE ( 'NONE', #4234, 5.555973865822608992, 0.5203147992257742827 ) ;
#5527 = CARTESIAN_POINT ( 'NONE',  ( -19.34549591851357064, 0.0000000000000000000, -6.729642571546104790 ) ) ;
#5528 = DIRECTION ( 'NONE',  ( 0.0000000000000000000, 0.0000000000000000000, -1.000000000000000000 ) ) ;
#5529 = AXIS2_PLACEMENT_3D ( 'NONE', #3122, #2883, #3150 ) ;
#5530 = ORIENTED_EDGE ( 'NONE', *, *, #357, .F. ) ;
#5531 = DIRECTION ( 'NONE',  ( 0.0000000000000000000, 0.0000000000000000000, -1.000000000000000000 ) ) ;
#5532 = ORIENTED_EDGE ( 'NONE', *, *, #7515, .F. ) ;
#5533 = ORIENTED_EDGE ( 'NONE', *, *, #6043, .T. ) ;
#5534 = AXIS2_PLACEMENT_3D ( 'NONE', #583, #569, #542 ) ;
#5535 = LINE ( 'NONE', #2201, #3800 ) ;
#5536 = FACE_OUTER_BOUND ( 'NONE', #6726, .T. ) ;
#5537 = ADVANCED_FACE ( 'NONE', ( #1650 ), #4978, .T. ) ;
#5538 = ORIENTED_EDGE ( 'NONE', *, *, #6928, .T. ) ;
#5539 = CARTESIAN_POINT ( 'NONE',  ( -87.86259974881949120, 0.0000000000000000000, 0.0000000000000000000 ) ) ;
#5540 = EDGE_LOOP ( 'NONE', ( #6629, #1859, #5833, #5897 ) ) ;
#5541 = VERTEX_POINT ( 'NONE', #1298 ) ;
#5542 = DIRECTION ( 'NONE',  ( 0.0000000000000000000, 0.0000000000000000000, 1.000000000000000000 ) ) ;
#5543 = CARTESIAN_POINT ( 'NONE',  ( -56.55168214348044131, 0.0000000000000000000, 0.0000000000000000000 ) ) ;
#5544 = AXIS2_PLACEMENT_3D ( 'NONE', #6693, #6666, #6647 ) ;
#5545 = AXIS2_PLACEMENT_3D ( 'NONE', #3964, #3833, #3346 ) ;
#5546 = ORIENTED_EDGE ( 'NONE', *, *, #960, .T. ) ;
#5547 = CIRCLE ( 'NONE', #7210, 14.30000000000000071 ) ;
#5548 = DIRECTION ( 'NONE',  ( 1.000000000000000000, -0.0000000000000000000, -0.0000000000000000000 ) ) ;
#5549 = ORIENTED_EDGE ( 'NONE', *, *, #2333, .T. ) ;
#5550 = DIRECTION ( 'NONE',  ( 1.000000000000000000, -0.0000000000000000000, -0.0000000000000000000 ) ) ;
#5551 = CARTESIAN_POINT ( 'NONE',  ( -18.80266766078050722, 9.123618653647785104E-16, 7.450000000000002842 ) ) ;
#5552 = VECTOR ( 'NONE', #4685, 1000.000000000000000 ) ;
#5553 = DIRECTION ( 'NONE',  ( 1.000000000000000000, -0.0000000000000000000, -0.0000000000000000000 ) ) ;
#5554 = CARTESIAN_POINT ( 'NONE',  ( -33.41950071618953899, 0.0000000000000000000, 0.0000000000000000000 ) ) ;
#5555 = EDGE_CURVE ( 'NONE', #3497, #2521, #6644, .T. ) ;
#5556 = CIRCLE ( 'NONE', #5680, 6.500000000000010658 ) ;
#5557 = CONICAL_SURFACE ( 'NONE', #7054, 7.200000000003347722, 1.041961563441598626 ) ;
#5558 = ORIENTED_EDGE ( 'NONE', *, *, #1035, .F. ) ;
#5559 = DIRECTION ( 'NONE',  ( 0.0000000000000000000, 0.0000000000000000000, -1.000000000000000000 ) ) ;
#5560 = EDGE_CURVE ( 'NONE', #4307, #5655, #5261, .T. ) ;
#5561 = LINE ( 'NONE', #7727, #5364 ) ;
#5562 = VERTEX_POINT ( 'NONE', #1238 ) ;
#5563 = DIRECTION ( 'NONE',  ( 1.000000000000000000, -0.0000000000000000000, -0.0000000000000000000 ) ) ;
#5564 = EDGE_CURVE ( 'NONE', #6382, #3405, #8101, .T. ) ;
#5565 = DIRECTION ( 'NONE',  ( 0.0000000000000000000, 0.0000000000000000000, -1.000000000000000000 ) ) ;
#5566 = CARTESIAN_POINT ( 'NONE',  ( -60.08157296951890913, 0.0000000000000000000, 0.0000000000000000000 ) ) ;
#5567 = CARTESIAN_POINT ( 'NONE',  ( -85.86245503745173835, 0.0000000000000000000, 0.0000000000000000000 ) ) ;
#5568 = LINE ( 'NONE', #8371, #7038 ) ;
#5569 = EDGE_CURVE ( 'NONE', #2936, #2003, #1433, .T. ) ;
#5570 = ORIENTED_EDGE ( 'NONE', *, *, #8267, .F. ) ;
#5571 = ORIENTED_EDGE ( 'NONE', *, *, #5461, .T. ) ;
#5572 = EDGE_CURVE ( 'NONE', #1624, #3984, #3225, .T. ) ;
#5573 = DIRECTION ( 'NONE',  ( 1.000000000000000000, -0.0000000000000000000, -0.0000000000000000000 ) ) ;
#5574 = DIRECTION ( 'NONE',  ( 1.000000000000000000, -0.0000000000000000000, -0.0000000000000000000 ) ) ;
#5575 = DIRECTION ( 'NONE',  ( 1.000000000000000000, -0.0000000000000000000, -0.0000000000000000000 ) ) ;
#5576 = CARTESIAN_POINT ( 'NONE',  ( -61.55673601059720568, 0.0000000000000000000, 0.0000000000000000000 ) ) ;
#5577 = CONICAL_SURFACE ( 'NONE', #7460, 7.450000000000002842, 0.9250245035569997221 ) ;
#5578 = DIRECTION ( 'NONE',  ( 0.0000000000000000000, 0.0000000000000000000, -1.000000000000000000 ) ) ;
#5579 = ADVANCED_FACE ( 'NONE', ( #3019 ), #4543, .T. ) ;
#5580 = EDGE_LOOP ( 'NONE', ( #7236, #1807, #3691, #3917 ) ) ;
#5581 = CARTESIAN_POINT ( 'NONE',  ( -62.60340203941386505, 0.0000000000000000000, -7.200000000003333511 ) ) ;
#5582 = CARTESIAN_POINT ( 'NONE',  ( -80.75856172721412918, 0.0000000000000000000, -7.200000000003333511 ) ) ;
#5583 = AXIS2_PLACEMENT_3D ( 'NONE', #171, #3854, #533 ) ;
#5584 = DIRECTION ( 'NONE',  ( 0.0000000000000000000, 0.0000000000000000000, 1.000000000000000000 ) ) ;
#5585 = DIRECTION ( 'NONE',  ( -0.6018150231520443816, 9.780464210648345161E-17, -0.7986355100472957158 ) ) ;
#5586 = VECTOR ( 'NONE', #458, 1000.000000000000000 ) ;
#5587 = AXIS2_PLACEMENT_3D ( 'NONE', #3171, #2959, #2944 ) ;
#5588 = AXIS2_PLACEMENT_3D ( 'NONE', #3480, #5883, #1984 ) ;
#5589 = DIRECTION ( 'NONE',  ( 0.0000000000000000000, 0.0000000000000000000, -1.000000000000000000 ) ) ;
#5590 = CYLINDRICAL_SURFACE ( 'NONE', #4795, 6.500000000000006217 ) ;
#5591 = FACE_OUTER_BOUND ( 'NONE', #3001, .T. ) ;
#5592 = ORIENTED_EDGE ( 'NONE', *, *, #1243, .T. ) ;
#5593 = CARTESIAN_POINT ( 'NONE',  ( -32.54741568020606479, 9.123618653647822574E-16, -7.450000000000033040 ) ) ;
#5594 = CARTESIAN_POINT ( 'NONE',  ( -15.13832010710865283, 0.0000000000000000000, -6.729642571546104790 ) ) ;
#5595 = LINE ( 'NONE', #3747, #3655 ) ;
#5596 =( GEOMETRIC_REPRESENTATION_CONTEXT ( 3 ) GLOBAL_UNCERTAINTY_ASSIGNED_CONTEXT ( ( #6212 ) ) GLOBAL_UNIT_ASSIGNED_CONTEXT ( ( #5503, #5651, #2832 ) ) REPRESENTATION_CONTEXT ( 'NONE', 'WORKASPACE' ) );
#5597 = EDGE_CURVE ( 'NONE', #7408, #8061, #6248, .T. ) ;
#5598 = CARTESIAN_POINT ( 'NONE',  ( -96.27222556751610227, 0.0000000000000000000, 0.0000000000000000000 ) ) ;
#5599 = CARTESIAN_POINT ( 'NONE',  ( -57.52225607997492318, 0.0000000000000000000, 0.0000000000000000000 ) ) ;
#5600 = VECTOR ( 'NONE', #6374, 1000.000000000000000 ) ;
#5601 = CARTESIAN_POINT ( 'NONE',  ( -70.16777279607461537, 0.0000000000000000000, 0.0000000000000000000 ) ) ;
#5602 = VERTEX_POINT ( 'NONE', #940 ) ;
#5603 = CONICAL_SURFACE ( 'NONE', #5752, 6.500000000000007105, 0.6248278722141583641 ) ;
#5604 = EDGE_CURVE ( 'NONE', #2139, #7337, #7903, .T. ) ;
#5605 = CARTESIAN_POINT ( 'NONE',  ( -23.55267172991849023, 8.682526944148744198E-16, 6.729642571546104790 ) ) ;
#5606 = LINE ( 'NONE', #595, #752 ) ;
#5607 = DIRECTION ( 'NONE',  ( 0.0000000000000000000, 0.0000000000000000000, -1.000000000000000000 ) ) ;
#5608 = ORIENTED_EDGE ( 'NONE', *, *, #7037, .T. ) ;
#5609 = EDGE_CURVE ( 'NONE', #780, #2021, #4768, .T. ) ;
#5610 = EDGE_LOOP ( 'NONE', ( #4080, #2242, #2973, #4617 ) ) ;
#5611 = CIRCLE ( 'NONE', #627, 7.200000000003361933 ) ;
#5612 = CIRCLE ( 'NONE', #5172, 6.500000000000005329 ) ;
#5613 = VERTEX_POINT ( 'NONE', #647 ) ;
#5614 = ADVANCED_FACE ( 'NONE', ( #2800 ), #806, .T. ) ;
#5615 = EDGE_CURVE ( 'NONE', #2039, #4307, #1019, .T. ) ;
#5616 = DIRECTION ( 'NONE',  ( 0.0000000000000000000, 0.0000000000000000000, -1.000000000000000000 ) ) ;
#5617 = EDGE_LOOP ( 'NONE', ( #4737, #4729, #4235, #3309 ) ) ;
#5618 = VERTEX_POINT ( 'NONE', #385 ) ;
#5619 = ORIENTED_EDGE ( 'NONE', *, *, #8312, .T. ) ;
#5620 = EDGE_CURVE ( 'NONE', #3211, #6459, #2593, .T. ) ;
#5621 = CIRCLE ( 'NONE', #4506, 7.200000000003432099 ) ;
#5622 = VERTEX_POINT ( 'NONE', #418 ) ;
#5623 = EDGE_LOOP ( 'NONE', ( #7776, #6012, #683, #8108 ) ) ;
#5624 = EDGE_LOOP ( 'NONE', ( #577, #1700, #1608, #3703 ) ) ;
#5625 = DIRECTION ( 'NONE',  ( 0.0000000000000000000, 0.0000000000000000000, -1.000000000000000000 ) ) ;
#5626 = ORIENTED_EDGE ( 'NONE', *, *, #7920, .T. ) ;
#5627 = FACE_OUTER_BOUND ( 'NONE', #6994, .T. ) ;
#5628 = CARTESIAN_POINT ( 'NONE',  ( -69.75872582284998202, 0.0000000000000000000, -6.500000000000005329 ) ) ;
#5629 = DIRECTION ( 'NONE',  ( 1.000000000000000000, -0.0000000000000000000, -0.0000000000000000000 ) ) ;
#5630 = CIRCLE ( 'NONE', #832, 7.450000000000002842 ) ;
#5631 = AXIS2_PLACEMENT_3D ( 'NONE', #2262, #1613, #2654 ) ;
#5632 = ORIENTED_EDGE ( 'NONE', *, *, #6770, .F. ) ;
#5633 = ORIENTED_EDGE ( 'NONE', *, *, #312, .F. ) ;
#5634 = TOROIDAL_SURFACE ( 'NONE', #8289, 5.729725155218028831, 0.8999999999999962474 ) ;
#5635 = ADVANCED_FACE ( 'NONE', ( #1221 ), #607, .T. ) ;
#5636 = VECTOR ( 'NONE', #1350, 1000.000000000000227 ) ;
#5637 = AXIS2_PLACEMENT_3D ( 'NONE', #3065, #3046, #3041 ) ;
#5638 = ORIENTED_EDGE ( 'NONE', *, *, #7914, .T. ) ;
#5639 = ORIENTED_EDGE ( 'NONE', *, *, #4147, .F. ) ;
#5640 = ORIENTED_EDGE ( 'NONE', *, *, #381, .F. ) ;
#5641 = AXIS2_PLACEMENT_3D ( 'NONE', #1869, #1898, #1907 ) ;
#5642 = DIRECTION ( 'NONE',  ( 1.000000000000000000, -0.0000000000000000000, -0.0000000000000000000 ) ) ;
#5643 = DIRECTION ( 'NONE',  ( -1.000000000000000000, 0.0000000000000000000, 0.0000000000000000000 ) ) ;
#5644 = CARTESIAN_POINT ( 'NONE',  ( -68.15053283076346702, 0.0000000000000000000, 0.0000000000000000000 ) ) ;
#5645 = VECTOR ( 'NONE', #2307, 1000.000000000000000 ) ;
#5646 = CIRCLE ( 'NONE', #7322, 6.500000000000005329 ) ;
#5647 = AXIS2_PLACEMENT_3D ( 'NONE', #3518, #3350, #8161 ) ;
#5648 = AXIS2_PLACEMENT_3D ( 'NONE', #7991, #8016, #8135 ) ;
#5649 = CIRCLE ( 'NONE', #370, 7.450000000000073008 ) ;
#5650 = CARTESIAN_POINT ( 'NONE',  ( -13.65714082121639095, 0.0000000000000000000, 0.0000000000000000000 ) ) ;
#5651 =( NAMED_UNIT ( * ) PLANE_ANGLE_UNIT ( ) SI_UNIT ( $, .RADIAN. ) );
#5652 = CIRCLE ( 'NONE', #5428, 6.729642571546104790 ) ;
#5653 = CARTESIAN_POINT ( 'NONE',  ( -83.86231032608392866, 0.0000000000000000000, -6.500000000000008882 ) ) ;
#5654 = FACE_OUTER_BOUND ( 'NONE', #113, .T. ) ;
#5655 = VERTEX_POINT ( 'NONE', #736 ) ;
#5656 = ADVANCED_FACE ( 'NONE', ( #2384 ), #7710, .T. ) ;
#5657 = DIRECTION ( 'NONE',  ( 1.000000000000000000, -0.0000000000000000000, -0.0000000000000000000 ) ) ;
#5658 = EDGE_CURVE ( 'NONE', #610, #7184, #7520, .T. ) ;
#5659 = CARTESIAN_POINT ( 'NONE',  ( -20.20505959791548278, 9.123618653647785104E-16, 7.450000000000002842 ) ) ;
#5660 = CARTESIAN_POINT ( 'NONE',  ( 0.0000000000000000000, 9.123618653647785104E-16, 7.450000000000002842 ) ) ;
#5661 = CYLINDRICAL_SURFACE ( 'NONE', #276, 6.500000000000006217 ) ;
#5662 = ORIENTED_EDGE ( 'NONE', *, *, #1236, .T. ) ;
#5663 = ORIENTED_EDGE ( 'NONE', *, *, #741, .F. ) ;
#5664 = EDGE_CURVE ( 'NONE', #2903, #1742, #6050, .T. ) ;
#5665 = ADVANCED_FACE ( 'NONE', ( #3941 ), #398, .T. ) ;
#5666 = CIRCLE ( 'NONE', #2839, 6.500000000000012434 ) ;
#5667 = VERTEX_POINT ( 'NONE', #7219 ) ;
#5668 = CARTESIAN_POINT ( 'NONE',  ( -38.53632563332259053, 0.0000000000000000000, 0.0000000000000000000 ) ) ;
#5669 = AXIS2_PLACEMENT_3D ( 'NONE', #4954, #5191, #4943 ) ;
#5670 = LINE ( 'NONE', #6677, #208 ) ;
#5671 = EDGE_LOOP ( 'NONE', ( #666, #7418, #5633, #4208 ) ) ;
#5672 = EDGE_CURVE ( 'NONE', #1444, #7688, #2165, .T. ) ;
#5673 = DIRECTION ( 'NONE',  ( 0.0000000000000000000, 0.0000000000000000000, -1.000000000000000000 ) ) ;
#5674 = DIRECTION ( 'NONE',  ( 1.000000000000000000, -0.0000000000000000000, -0.0000000000000000000 ) ) ;
#5675 = CARTESIAN_POINT ( 'NONE',  ( -49.04840246982011820, 0.0000000000000000000, 0.0000000000000000000 ) ) ;
#5676 = DIRECTION ( 'NONE',  ( 1.000000000000000000, -0.0000000000000000000, -0.0000000000000000000 ) ) ;
#5677 = CARTESIAN_POINT ( 'NONE',  ( -30.58967412875647440, 0.0000000000000000000, 0.0000000000000000000 ) ) ;
#5678 = ORIENTED_EDGE ( 'NONE', *, *, #8012, .F. ) ;
#5679 = DIRECTION ( 'NONE',  ( 0.0000000000000000000, 0.0000000000000000000, -1.000000000000000000 ) ) ;
#5680 = AXIS2_PLACEMENT_3D ( 'NONE', #3473, #3467, #3453 ) ;
#5681 = CARTESIAN_POINT ( 'NONE',  ( -64.11605290014118452, 8.817456953865042407E-16, -7.200000000003347722 ) ) ;
#5682 = LINE ( 'NONE', #2312, #7157 ) ;
#5683 = CONICAL_SURFACE ( 'NONE', #2248, 7.450000000000043698, 0.9250245035569996110 ) ;
#5684 = AXIS2_PLACEMENT_3D ( 'NONE', #7880, #7824, #7801 ) ;
#5685 = AXIS2_PLACEMENT_3D ( 'NONE', #4087, #4744, #4236 ) ;
#5686 = ADVANCED_FACE ( 'NONE', ( #5654 ), #6930, .T. ) ;
#5687 = ORIENTED_EDGE ( 'NONE', *, *, #4201, .F. ) ;
#5688 = DIRECTION ( 'NONE',  ( -0.5045276238140675718, 0.0000000000000000000, 0.8633955506073277553 ) ) ;
#5689 = CIRCLE ( 'NONE', #2467, 7.200000000003417888 ) ;
#5690 = VERTEX_POINT ( 'NONE', #7247 ) ;
#5691 = ORIENTED_EDGE ( 'NONE', *, *, #7342, .T. ) ;
#5692 = DIRECTION ( 'NONE',  ( 0.8110638189892189764, 7.163665443099540785E-17, 0.5849576749873648396 ) ) ;
#5693 = ADVANCED_FACE ( 'NONE', ( #188 ), #3521, .T. ) ;
#5694 = APPLICATION_CONTEXT ( 'automotive_design' ) ;
#5695 = VECTOR ( 'NONE', #1902, 1000.000000000000000 ) ;
#5696 = EDGE_CURVE ( 'NONE', #5618, #6299, #5464, .T. ) ;
#5697 = DIRECTION ( 'NONE',  ( 1.000000000000000000, -0.0000000000000000000, -0.0000000000000000000 ) ) ;
#5698 = CARTESIAN_POINT ( 'NONE',  ( -94.75957470678878281, 0.0000000000000000000, -7.200000000003432099 ) ) ;
#5699 = FACE_OUTER_BOUND ( 'NONE', #2865, .T. ) ;
#5700 = CARTESIAN_POINT ( 'NONE',  ( -66.13329286545233288, 0.0000000000000000000, 0.0000000000000000000 ) ) ;
#5701 = ORIENTED_EDGE ( 'NONE', *, *, #638, .F. ) ;
#5702 = EDGE_CURVE ( 'NONE', #4745, #5207, #1954, .T. ) ;
#5703 = ORIENTED_EDGE ( 'NONE', *, *, #7596, .F. ) ;
#5704 = VERTEX_POINT ( 'NONE', #5551 ) ;
#5705 = VECTOR ( 'NONE', #447, 1000.000000000000000 ) ;
#5706 = ORIENTED_EDGE ( 'NONE', *, *, #5615, .F. ) ;
#5707 = VECTOR ( 'NONE', #7758, 1000.000000000000114 ) ;
#5708 = VERTEX_POINT ( 'NONE', #5516 ) ;
#5709 = ORIENTED_EDGE ( 'NONE', *, *, #7814, .T. ) ;
#5710 = EDGE_CURVE ( 'NONE', #1052, #7040, #3717, .T. ) ;
#5711 = CARTESIAN_POINT ( 'NONE',  ( -83.72928037507642784, 0.0000000000000000000, -6.500000000000012434 ) ) ;
#5712 = ORIENTED_EDGE ( 'NONE', *, *, #7715, .F. ) ;
#5713 = VERTEX_POINT ( 'NONE', #5498 ) ;
#5714 = FACE_OUTER_BOUND ( 'NONE', #880, .T. ) ;
#5715 = CONICAL_SURFACE ( 'NONE', #2468, 7.450000000000002842, 0.9250245035569997221 ) ;
#5716 = EDGE_CURVE ( 'NONE', #3302, #7504, #6740, .T. ) ;
#5717 = DIRECTION ( 'NONE',  ( 0.6018150231520442706, 0.0000000000000000000, -0.7986355100472959379 ) ) ;
#5718 = ORIENTED_EDGE ( 'NONE', *, *, #6275, .F. ) ;
#5719 = DIRECTION ( 'NONE',  ( 0.0000000000000000000, 0.0000000000000000000, -1.000000000000000000 ) ) ;
#5720 = DIRECTION ( 'NONE',  ( 0.0000000000000000000, 0.0000000000000000000, 1.000000000000000000 ) ) ;
#5721 = EDGE_CURVE ( 'NONE', #1338, #4284, #8380, .T. ) ;
#5722 = ORIENTED_EDGE ( 'NONE', *, *, #2651, .F. ) ;
#5723 = EDGE_LOOP ( 'NONE', ( #619, #405, #4341, #7521 ) ) ;
#5724 = LINE ( 'NONE', #1192, #1619 ) ;
#5725 = CONICAL_SURFACE ( 'NONE', #6006, 6.500000000000012434, 0.6248278722141575869 ) ;
#5726 = ORIENTED_EDGE ( 'NONE', *, *, #5560, .F. ) ;
#5727 = EDGE_LOOP ( 'NONE', ( #88, #6898, #6971, #411 ) ) ;
#5728 = ORIENTED_EDGE ( 'NONE', *, *, #3642, .T. ) ;
#5729 = DIRECTION ( 'NONE',  ( 0.0000000000000000000, 0.0000000000000000000, -1.000000000000000000 ) ) ;
#5730 = DIRECTION ( 'NONE',  ( 0.0000000000000000000, 0.0000000000000000000, -1.000000000000000000 ) ) ;
#5731 = DIRECTION ( 'NONE',  ( 0.8110638189892164229, 0.0000000000000000000, -0.5849576749873681702 ) ) ;
#5732 = DIRECTION ( 'NONE',  ( 0.0000000000000000000, 0.0000000000000000000, -1.000000000000000000 ) ) ;
#5733 = ORIENTED_EDGE ( 'NONE', *, *, #3708, .F. ) ;
#5734 = AXIS2_PLACEMENT_3D ( 'NONE', #4351, #4591, #4345 ) ;
#5735 = FACE_OUTER_BOUND ( 'NONE', #6619, .T. ) ;
#5736 = ADVANCED_FACE ( 'NONE', ( #5270 ), #6543, .T. ) ;
#5737 = DIRECTION ( 'NONE',  ( 0.0000000000000000000, 0.0000000000000000000, -1.000000000000000000 ) ) ;
#5738 = ORIENTED_EDGE ( 'NONE', *, *, #4755, .T. ) ;
#5739 = DIRECTION ( 'NONE',  ( 1.000000000000000000, -0.0000000000000000000, -0.0000000000000000000 ) ) ;
#5740 = DIRECTION ( 'NONE',  ( 0.0000000000000000000, 0.0000000000000000000, -1.000000000000000000 ) ) ;
#5741 = DIRECTION ( 'NONE',  ( 1.000000000000000000, -0.0000000000000000000, -0.0000000000000000000 ) ) ;
#5742 = LINE ( 'NONE', #4747, #4021 ) ;
#5743 = AXIS2_PLACEMENT_3D ( 'NONE', #1156, #407, #7838 ) ;
#5744 = ADVANCED_FACE ( 'NONE', ( #1741 ), #7994, .T. ) ;
#5745 = VECTOR ( 'NONE', #4292, 1000.000000000000227 ) ;
#5746 = CONICAL_SURFACE ( 'NONE', #6218, 7.200000000003375256, 1.041961563440977345 ) ;
#5747 = EDGE_LOOP ( 'NONE', ( #2010, #5810, #7571, #8255 ) ) ;
#5748 = ORIENTED_EDGE ( 'NONE', *, *, #8306, .T. ) ;
#5749 = DIRECTION ( 'NONE',  ( 0.0000000000000000000, 0.0000000000000000000, 1.000000000000000000 ) ) ;
#5750 = CARTESIAN_POINT ( 'NONE',  ( -79.71189569839746980, 0.0000000000000000000, -6.500000000000007105 ) ) ;
#5751 = AXIS2_PLACEMENT_3D ( 'NONE', #5796, #5771, #2796 ) ;
#5752 = AXIS2_PLACEMENT_3D ( 'NONE', #1882, #2897, #2162 ) ;
#5753 = CIRCLE ( 'NONE', #6425, 7.200000000003347722 ) ;
#5754 = DIRECTION ( 'NONE',  ( 0.0000000000000000000, 0.0000000000000000000, -1.000000000000000000 ) ) ;
#5755 = VERTEX_POINT ( 'NONE', #4997 ) ;
#5756 = ORIENTED_EDGE ( 'NONE', *, *, #5034, .F. ) ;
#5757 = DIRECTION ( 'NONE',  ( 0.0000000000000000000, 0.0000000000000000000, -1.000000000000000000 ) ) ;
#5758 = CARTESIAN_POINT ( 'NONE',  ( -82.75870643858193887, 0.0000000000000000000, 0.0000000000000000000 ) ) ;
#5759 = DIRECTION ( 'NONE',  ( 0.0000000000000000000, 0.0000000000000000000, -1.000000000000000000 ) ) ;
#5760 = CIRCLE ( 'NONE', #7560, 6.500000000000010658 ) ;
#5761 = ORIENTED_EDGE ( 'NONE', *, *, #6099, .F. ) ;
#5762 = EDGE_CURVE ( 'NONE', #6402, #5204, #1324, .T. ) ;
#5763 = CARTESIAN_POINT ( 'NONE',  ( 0.0000000000000000000, 0.0000000000000000000, 0.0000000000000000000 ) ) ;
#5764 = DIRECTION ( 'NONE',  ( 1.000000000000000000, -0.0000000000000000000, -0.0000000000000000000 ) ) ;
#5765 = FACE_OUTER_BOUND ( 'NONE', #8168, .T. ) ;
#5766 = ORIENTED_EDGE ( 'NONE', *, *, #3058, .F. ) ;
#5767 = EDGE_CURVE ( 'NONE', #3844, #5280, #3323, .T. ) ;
#5768 = CARTESIAN_POINT ( 'NONE',  ( -75.67741576777518731, 0.0000000000000000000, 0.0000000000000000000 ) ) ;
#5769 = EDGE_CURVE ( 'NONE', #353, #4164, #1539, .T. ) ;
#5770 = ADVANCED_FACE ( 'NONE', ( #4869 ), #7805, .T. ) ;
#5771 = DIRECTION ( 'NONE',  ( 1.000000000000000000, -0.0000000000000000000, -0.0000000000000000000 ) ) ;
#5772 = VECTOR ( 'NONE', #1302, 1000.000000000000227 ) ;
#5773 = DIRECTION ( 'NONE',  ( -1.000000000000000000, 0.0000000000000000000, 0.0000000000000000000 ) ) ;
#5774 = DIRECTION ( 'NONE',  ( 0.0000000000000000000, 0.0000000000000000000, -1.000000000000000000 ) ) ;
#5775 = DIRECTION ( 'NONE',  ( 0.0000000000000000000, 0.0000000000000000000, -1.000000000000000000 ) ) ;
#5776 = CARTESIAN_POINT ( 'NONE',  ( -64.62064200472499920, 0.0000000000000000000, 0.0000000000000000000 ) ) ;
#5777 = DIRECTION ( 'NONE',  ( 0.0000000000000000000, 0.0000000000000000000, -1.000000000000000000 ) ) ;
#5778 = AXIS2_PLACEMENT_3D ( 'NONE', #5069, #4950, #5079 ) ;
#5779 = ADVANCED_FACE ( 'NONE', ( #6335 ), #4432, .T. ) ;
#5780 = DIRECTION ( 'NONE',  ( 1.000000000000000000, -0.0000000000000000000, -0.0000000000000000000 ) ) ;
#5781 = FACE_OUTER_BOUND ( 'NONE', #1513, .T. ) ;
#5782 = VECTOR ( 'NONE', #4172, 1000.000000000000000 ) ;
#5783 = DIRECTION ( 'NONE',  ( 1.000000000000000000, -0.0000000000000000000, -0.0000000000000000000 ) ) ;
#5784 = AXIS2_PLACEMENT_3D ( 'NONE', #6932, #7682, #6751 ) ;
#5785 = ORIENTED_EDGE ( 'NONE', *, *, #2876, .F. ) ;
#5786 = VERTEX_POINT ( 'NONE', #6731 ) ;
#5787 = FACE_OUTER_BOUND ( 'NONE', #8319, .T. ) ;
#5788 = AXIS2_PLACEMENT_3D ( 'NONE', #5823, #5902, #5729 ) ;
#5789 = LINE ( 'NONE', #2, #1472 ) ;
#5790 = CARTESIAN_POINT ( 'NONE',  ( -78.74132176190299504, 0.0000000000000000000, 0.0000000000000000000 ) ) ;
#5791 = VERTEX_POINT ( 'NONE', #6527 ) ;
#5792 = FACE_OUTER_BOUND ( 'NONE', #3580, .T. ) ;
#5793 = CIRCLE ( 'NONE', #2180, 6.729642571546130547 ) ;
#5794 = AXIS2_PLACEMENT_3D ( 'NONE', #2199, #2211, #2176 ) ;
#5795 = AXIS2_PLACEMENT_3D ( 'NONE', #7001, #6395, #5740 ) ;
#5796 = CARTESIAN_POINT ( 'NONE',  ( -92.75942999542097311, 0.0000000000000000000, 0.0000000000000000000 ) ) ;
#5797 = CARTESIAN_POINT ( 'NONE',  ( -51.60356613504958290, 0.0000000000000000000, 0.0000000000000000000 ) ) ;
#5798 = VERTEX_POINT ( 'NONE', #5111 ) ;
#5799 = DIRECTION ( 'NONE',  ( 1.000000000000000000, -0.0000000000000000000, -0.0000000000000000000 ) ) ;
#5800 = ORIENTED_EDGE ( 'NONE', *, *, #3102, .T. ) ;
#5801 = CARTESIAN_POINT ( 'NONE',  ( -42.96995370359336874, 0.0000000000000000000, 0.0000000000000000000 ) ) ;
#5802 = FACE_OUTER_BOUND ( 'NONE', #7204, .T. ) ;
#5803 = LINE ( 'NONE', #2246, #7474 ) ;
#5804 = ORIENTED_EDGE ( 'NONE', *, *, #7124, .T. ) ;
#5805 = ORIENTED_EDGE ( 'NONE', *, *, #6972, .T. ) ;
#5806 = DIRECTION ( 'NONE',  ( 0.0000000000000000000, 0.0000000000000000000, -1.000000000000000000 ) ) ;
#5807 = DIRECTION ( 'NONE',  ( 1.000000000000000000, -0.0000000000000000000, -0.0000000000000000000 ) ) ;
#5808 = ORIENTED_EDGE ( 'NONE', *, *, #2381, .F. ) ;
#5809 = EDGE_CURVE ( 'NONE', #8152, #5602, #1115, .T. ) ;
#5810 = ORIENTED_EDGE ( 'NONE', *, *, #843, .T. ) ;
#5811 = DIRECTION ( 'NONE',  ( 1.000000000000000000, -0.0000000000000000000, -0.0000000000000000000 ) ) ;
#5812 = DIRECTION ( 'NONE',  ( 0.0000000000000000000, 0.0000000000000000000, -1.000000000000000000 ) ) ;
#5813 = VECTOR ( 'NONE', #496, 1000.000000000000000 ) ;
#5814 = DIRECTION ( 'NONE',  ( 0.0000000000000000000, 0.0000000000000000000, -1.000000000000000000 ) ) ;
#5815 = ORIENTED_EDGE ( 'NONE', *, *, #597, .T. ) ;
#5816 = ADVANCED_FACE ( 'NONE', ( #2902 ), #2483, .T. ) ;
#5817 = EDGE_LOOP ( 'NONE', ( #272, #3165, #5608, #978 ) ) ;
#5818 = EDGE_CURVE ( 'NONE', #1835, #6815, #4232, .T. ) ;
#5819 = CARTESIAN_POINT ( 'NONE',  ( -18.80266766078050722, 0.0000000000000000000, 0.0000000000000000000 ) ) ;
#5820 = ORIENTED_EDGE ( 'NONE', *, *, #1600, .T. ) ;
#5821 = VERTEX_POINT ( 'NONE', #878 ) ;
#5822 = FACE_OUTER_BOUND ( 'NONE', #5420, .T. ) ;
#5823 = CARTESIAN_POINT ( 'NONE',  ( 0.0000000000000000000, 0.0000000000000000000, 0.0000000000000000000 ) ) ;
#5824 = FACE_OUTER_BOUND ( 'NONE', #3387, .T. ) ;
#5825 = CARTESIAN_POINT ( 'NONE',  ( 0.0000000000000000000, 9.123618653647840324E-16, 7.450000000000049027 ) ) ;
#5826 = AXIS2_PLACEMENT_3D ( 'NONE', #420, #1964, #2748 ) ;
#5827 = ORIENTED_EDGE ( 'NONE', *, *, #1034, .T. ) ;
#5828 = EDGE_LOOP ( 'NONE', ( #5815, #446, #2784, #2687 ) ) ;
#5829 = ADVANCED_FACE ( 'NONE', ( #5953 ), #5746, .T. ) ;
#5830 = ORIENTED_EDGE ( 'NONE', *, *, #814, .F. ) ;
#5831 = CIRCLE ( 'NONE', #6214, 6.729642571546104790 ) ;
#5832 = EDGE_CURVE ( 'NONE', #5451, #2664, #7413, .T. ) ;
#5833 = ORIENTED_EDGE ( 'NONE', *, *, #5247, .T. ) ;
#5834 = ORIENTED_EDGE ( 'NONE', *, *, #7820, .F. ) ;
#5835 = EDGE_CURVE ( 'NONE', #6546, #1231, #710, .T. ) ;
#5836 = DIRECTION ( 'NONE',  ( 1.000000000000000000, -0.0000000000000000000, -0.0000000000000000000 ) ) ;
#5837 = COLOUR_RGB ( '',0.7921568627450980005, 0.8196078431372548767, 0.9333333333333333481 ) ;
#5838 = DIRECTION ( 'NONE',  ( 0.0000000000000000000, 0.0000000000000000000, -1.000000000000000000 ) ) ;
#5839 = CIRCLE ( 'NONE', #1111, 6.500000000000012434 ) ;
#5840 = DIRECTION ( 'NONE',  ( 1.000000000000000000, -0.0000000000000000000, -0.0000000000000000000 ) ) ;
#5841 = CARTESIAN_POINT ( 'NONE',  ( 0.0000000000000000000, 0.0000000000000000000, 0.0000000000000000000 ) ) ;
#5842 = CIRCLE ( 'NONE', #6479, 7.200000000000362554 ) ;
#5843 = CIRCLE ( 'NONE', #1245, 7.200000000003404566 ) ;
#5844 = AXIS2_PLACEMENT_3D ( 'NONE', #6071, #6131, #6094 ) ;
#5845 = DIRECTION ( 'NONE',  ( 1.000000000000000000, -0.0000000000000000000, -0.0000000000000000000 ) ) ;
#5846 = DIRECTION ( 'NONE',  ( 0.0000000000000000000, 0.0000000000000000000, 1.000000000000000000 ) ) ;
#5847 = ORIENTED_EDGE ( 'NONE', *, *, #7653, .T. ) ;
#5848 = FACE_OUTER_BOUND ( 'NONE', #6884, .T. ) ;
#5849 = CARTESIAN_POINT ( 'NONE',  ( 0.0000000000000000000, 0.0000000000000000000, 0.0000000000000000000 ) ) ;
#5850 = VECTOR ( 'NONE', #5585, 1000.000000000000114 ) ;
#5851 = AXIS2_PLACEMENT_3D ( 'NONE', #5854, #4416, #5531 ) ;
#5852 = AXIS2_PLACEMENT_3D ( 'NONE', #1797, #811, #4372 ) ;
#5853 = EDGE_LOOP ( 'NONE', ( #3567, #3375, #6593, #1168 ) ) ;
#5854 = CARTESIAN_POINT ( 'NONE',  ( 0.0000000000000000000, 0.0000000000000000000, 0.0000000000000000000 ) ) ;
#5855 = LINE ( 'NONE', #3543, #7132 ) ;
#5856 = ADVANCED_FACE ( 'NONE', ( #6148 ), #5557, .T. ) ;
#5857 = EDGE_LOOP ( 'NONE', ( #352, #3672, #2459, #5722 ) ) ;
#5858 = EDGE_LOOP ( 'NONE', ( #7879, #450, #3595, #5733 ) ) ;
#5859 = ORIENTED_EDGE ( 'NONE', *, *, #1428, .F. ) ;
#5860 = DIRECTION ( 'NONE',  ( 0.0000000000000000000, 0.0000000000000000000, -1.000000000000000000 ) ) ;
#5861 = EDGE_CURVE ( 'NONE', #2521, #1789, #7221, .T. ) ;
#5862 = CARTESIAN_POINT ( 'NONE',  ( -18.80266766078050722, 0.0000000000000000000, -7.450000000000002842 ) ) ;
#5863 = CIRCLE ( 'NONE', #609, 6.500000000000005329 ) ;
#5864 = ORIENTED_EDGE ( 'NONE', *, *, #2716, .F. ) ;
#5865 = ADVANCED_FACE ( 'NONE', ( #490 ), #2049, .T. ) ;
#5866 = EDGE_CURVE ( 'NONE', #1026, #6988, #4028, .T. ) ;
#5867 = DIRECTION ( 'NONE',  ( 1.000000000000000000, -0.0000000000000000000, -0.0000000000000000000 ) ) ;
#5868 = DIRECTION ( 'NONE',  ( -0.5045276238141920278, 1.057354597449241533E-16, -0.8633955506072550357 ) ) ;
#5869 = CARTESIAN_POINT ( 'NONE',  ( -67.60845590653062231, 8.388830574161415984E-16, 6.500000000000007105 ) ) ;
#5870 = LINE ( 'NONE', #6984, #7535 ) ;
#5871 = EDGE_CURVE ( 'NONE', #6794, #6815, #3824, .T. ) ;
#5872 = DIRECTION ( 'NONE',  ( 1.000000000000000000, -0.0000000000000000000, -0.0000000000000000000 ) ) ;
#5873 = DIRECTION ( 'NONE',  ( 1.000000000000000000, -0.0000000000000000000, -0.0000000000000000000 ) ) ;
#5874 = CARTESIAN_POINT ( 'NONE',  ( -56.04709303889662664, 0.0000000000000000000, 7.200000000003347722 ) ) ;
#5875 = DIRECTION ( 'NONE',  ( 1.000000000000000000, -0.0000000000000000000, -0.0000000000000000000 ) ) ;
#5876 = EDGE_CURVE ( 'NONE', #4627, #2884, #906, .T. ) ;
#5877 = CARTESIAN_POINT ( 'NONE',  ( -92.27193614478049710, 8.817456953865129182E-16, -7.200000000003417888 ) ) ;
#5878 = ORIENTED_EDGE ( 'NONE', *, *, #4584, .F. ) ;
#5879 = EDGE_CURVE ( 'NONE', #8383, #1550, #289, .T. ) ;
#5880 = CARTESIAN_POINT ( 'NONE',  ( -55.50501611466378193, 7.960204194457805338E-16, 6.500000000000007105 ) ) ;
#5881 = FACE_OUTER_BOUND ( 'NONE', #6937, .T. ) ;
#5882 = CARTESIAN_POINT ( 'NONE',  ( -84.27135729930925834, 0.0000000000000000000, 0.0000000000000000000 ) ) ;
#5883 = DIRECTION ( 'NONE',  ( 1.000000000000000000, -0.0000000000000000000, -0.0000000000000000000 ) ) ;
#5884 = FACE_OUTER_BOUND ( 'NONE', #913, .T. ) ;
#5885 = AXIS2_PLACEMENT_3D ( 'NONE', #424, #183, #101 ) ;
#5886 = CARTESIAN_POINT ( 'NONE',  ( 0.0000000000000000000, 0.0000000000000000000, 0.0000000000000000000 ) ) ;
#5887 = ORIENTED_EDGE ( 'NONE', *, *, #4772, .T. ) ;
#5888 = VECTOR ( 'NONE', #5676, 1000.000000000000000 ) ;
#5889 = DIRECTION ( 'NONE',  ( -0.5045276238141699343, 0.0000000000000000000, 0.8633955506072680253 ) ) ;
#5890 = DIRECTION ( 'NONE',  ( 0.0000000000000000000, 0.0000000000000000000, -1.000000000000000000 ) ) ;
#5891 = DIRECTION ( 'NONE',  ( 1.000000000000000000, -0.0000000000000000000, -0.0000000000000000000 ) ) ;
#5893 = DIRECTION ( 'NONE',  ( -0.5045276238141787051, 1.057354597449250901E-16, -0.8633955506072628072 ) ) ;
#5892 = CIRCLE ( 'NONE', #221, 7.450000000000002842 ) ;
#5894 = ADVANCED_FACE ( 'NONE', ( #5362 ), #8275, .T. ) ;
#5895 = AXIS2_PLACEMENT_3D ( 'NONE', #7800, #7815, #7740 ) ;
#5896 = ORIENTED_EDGE ( 'NONE', *, *, #6447, .F. ) ;
#5897 = ORIENTED_EDGE ( 'NONE', *, *, #2717, .T. ) ;
#5898 = DIRECTION ( 'NONE',  ( -0.5045276238141186420, 1.057354597449294042E-16, -0.8633955506072978903 ) ) ;
#5899 = FACE_OUTER_BOUND ( 'NONE', #5817, .T. ) ;
#5900 = AXIS2_PLACEMENT_3D ( 'NONE', #6458, #6712, #6481 ) ;
#5901 = CARTESIAN_POINT ( 'NONE',  ( -16.54071204424362662, 0.0000000000000000000, 0.0000000000000000000 ) ) ;
#5902 = DIRECTION ( 'NONE',  ( 1.000000000000000000, -0.0000000000000000000, -0.0000000000000000000 ) ) ;
#5903 = LINE ( 'NONE', #2950, #2429 ) ;
#5904 = DIRECTION ( 'NONE',  ( 0.0000000000000000000, 0.0000000000000000000, -1.000000000000000000 ) ) ;
#5905 = ADVANCED_FACE ( 'NONE', ( #3412 ), #3614, .T. ) ;
#5906 = ORIENTED_EDGE ( 'NONE', *, *, #1134, .T. ) ;
#5907 = EDGE_LOOP ( 'NONE', ( #8225, #768, #7375, #1386 ) ) ;
#5908 = VERTEX_POINT ( 'NONE', #395 ) ;
#5909 = CYLINDRICAL_SURFACE ( 'NONE', #2125, 7.200000000003389466 ) ;
#5910 = AXIS2_PLACEMENT_3D ( 'NONE', #4398, #4387, #3180 ) ;
#5911 = AXIS2_PLACEMENT_3D ( 'NONE', #7074, #7888, #7147 ) ;
#5912 = ORIENTED_EDGE ( 'NONE', *, *, #6145, .F. ) ;
#5913 = CONICAL_SURFACE ( 'NONE', #5483, 7.450000000000073008, 0.9250245035569996110 ) ;
#5914 = DIRECTION ( 'NONE',  ( 0.0000000000000000000, 0.0000000000000000000, -1.000000000000000000 ) ) ;
#5915 = ORIENTED_EDGE ( 'NONE', *, *, #6972, .F. ) ;
#5916 = DIRECTION ( 'NONE',  ( 1.000000000000000000, -0.0000000000000000000, -0.0000000000000000000 ) ) ;
#5917 = CARTESIAN_POINT ( 'NONE',  ( -33.41950071618953899, 0.0000000000000000000, 0.0000000000000000000 ) ) ;
#5918 = ORIENTED_EDGE ( 'NONE', *, *, #6346, .F. ) ;
#5919 = ORIENTED_EDGE ( 'NONE', *, *, #6245, .F. ) ;
#5920 = FACE_OUTER_BOUND ( 'NONE', #5286, .T. ) ;
#5921 = CONICAL_SURFACE ( 'NONE', #222, 7.450000000000033040, 0.9250245035569996110 ) ;
#5922 = EDGE_LOOP ( 'NONE', ( #2952, #5414, #1489, #4303 ) ) ;
#5923 = CARTESIAN_POINT ( 'NONE',  ( -22.15027979278351822, 0.0000000000000000000, 0.0000000000000000000 ) ) ;
#5924 = EDGE_CURVE ( 'NONE', #3497, #1897, #6837, .T. ) ;
#5925 = CARTESIAN_POINT ( 'NONE',  ( -83.72928037507642784, 0.0000000000000000000, 0.0000000000000000000 ) ) ;
#5926 = CARTESIAN_POINT ( 'NONE',  ( -23.00984347218542680, 0.0000000000000000000, 0.0000000000000000000 ) ) ;
#5927 = DIRECTION ( 'NONE',  ( -0.6018150231520442706, 9.780464210648347626E-17, -0.7986355100472959379 ) ) ;
#5928 = DIRECTION ( 'NONE',  ( 0.0000000000000000000, 0.0000000000000000000, -1.000000000000000000 ) ) ;
#5929 = ORIENTED_EDGE ( 'NONE', *, *, #5950, .T. ) ;
#5930 = ORIENTED_EDGE ( 'NONE', *, *, #5560, .T. ) ;
#5931 = VECTOR ( 'NONE', #3542, 1000.000000000000000 ) ;
#5932 = CARTESIAN_POINT ( 'NONE',  ( 0.0000000000000000000, 0.0000000000000000000, 0.0000000000000000000 ) ) ;
#5933 = FACE_OUTER_BOUND ( 'NONE', #1170, .T. ) ;
#5934 = ORIENTED_EDGE ( 'NONE', *, *, #376, .T. ) ;
#5935 = ORIENTED_EDGE ( 'NONE', *, *, #6078, .T. ) ;
#5936 = EDGE_CURVE ( 'NONE', #2764, #8361, #1645, .T. ) ;
#5937 = DIRECTION ( 'NONE',  ( 0.0000000000000000000, 0.0000000000000000000, -1.000000000000000000 ) ) ;
#5938 = ORIENTED_EDGE ( 'NONE', *, *, #7130, .T. ) ;
#5939 = EDGE_CURVE ( 'NONE', #969, #2362, #5162, .T. ) ;
#5940 = DIRECTION ( 'NONE',  ( 1.000000000000000000, -0.0000000000000000000, -0.0000000000000000000 ) ) ;
#5941 = ORIENTED_EDGE ( 'NONE', *, *, #6557, .T. ) ;
#5942 = FACE_OUTER_BOUND ( 'NONE', #6819, .T. ) ;
#5943 = ORIENTED_EDGE ( 'NONE', *, *, #3750, .F. ) ;
#5944 = LINE ( 'NONE', #4472, #484 ) ;
#5945 = ADVANCED_FACE ( 'NONE', ( #77 ), #1214, .T. ) ;
#5946 = AXIS2_PLACEMENT_3D ( 'NONE', #8089, #8004, #8009 ) ;
#5947 = DIRECTION ( 'NONE',  ( 1.000000000000000000, -0.0000000000000000000, -0.0000000000000000000 ) ) ;
#5948 = CARTESIAN_POINT ( 'NONE',  ( -95.73014864328338547, 0.0000000000000000000, 0.0000000000000000000 ) ) ;
#5949 = DIRECTION ( 'NONE',  ( 0.7349145951499612694, 0.0000000000000000000, -0.6781596698680690816 ) ) ;
#5950 = EDGE_CURVE ( 'NONE', #3877, #2073, #3011, .T. ) ;
#5951 = EDGE_LOOP ( 'NONE', ( #3491, #4492, #6414, #4927 ) ) ;
#5952 = VECTOR ( 'NONE', #4403, 1000.000000000000114 ) ;
#5953 = FACE_OUTER_BOUND ( 'NONE', #4712, .T. ) ;
#5954 = ORIENTED_EDGE ( 'NONE', *, *, #6193, .T. ) ;
#5955 = AXIS2_PLACEMENT_3D ( 'NONE', #5359, #3223, #3740 ) ;
#5956 = ORIENTED_EDGE ( 'NONE', *, *, #4521, .F. ) ;
#5957 = ADVANCED_FACE ( 'NONE', ( #1426 ), #7896, .T. ) ;
#5958 = CARTESIAN_POINT ( 'NONE',  ( 0.0000000000000000000, 9.123618653647850185E-16, 7.450000000000057021 ) ) ;
#5959 = CARTESIAN_POINT ( 'NONE',  ( -17.94310398137859863, 0.0000000000000000000, 0.0000000000000000000 ) ) ;
#5960 = AXIS2_PLACEMENT_3D ( 'NONE', #727, #700, #690 ) ;
#5961 = CIRCLE ( 'NONE', #5997, 6.500000000000007105 ) ;
#5962 = EDGE_LOOP ( 'NONE', ( #5515, #142, #812, #44 ) ) ;
#5963 = ORIENTED_EDGE ( 'NONE', *, *, #2939, .T. ) ;
#5964 = CARTESIAN_POINT ( 'NONE',  ( -56.55168214348044131, 8.817456953865030574E-16, 7.200000000003333511 ) ) ;
#5965 = CARTESIAN_POINT ( 'NONE',  ( -70.16777279607461537, 0.0000000000000000000, 0.0000000000000000000 ) ) ;
#5966 = DIRECTION ( 'NONE',  ( 1.000000000000000000, -0.0000000000000000000, -0.0000000000000000000 ) ) ;
#5967 = AXIS2_PLACEMENT_3D ( 'NONE', #7155, #7080, #7187 ) ;
#5968 = AXIS2_PLACEMENT_3D ( 'NONE', #6564, #6457, #5625 ) ;
#5969 = CARTESIAN_POINT ( 'NONE',  ( 0.0000000000000000000, 7.960204194457807310E-16, 6.500000000000008882 ) ) ;
#5970 = CYLINDRICAL_SURFACE ( 'NONE', #1769, 7.200000000003340617 ) ;
#5971 = ORIENTED_EDGE ( 'NONE', *, *, #8364, .F. ) ;
#5972 = ORIENTED_EDGE ( 'NONE', *, *, #3437, .T. ) ;
#5973 = EDGE_LOOP ( 'NONE', ( #5142, #857, #6986, #7140 ) ) ;
#5974 = CIRCLE ( 'NONE', #6630, 6.500000000000008882 ) ;
#5975 = DIRECTION ( 'NONE',  ( 1.000000000000000000, -0.0000000000000000000, -0.0000000000000000000 ) ) ;
#5976 = EDGE_LOOP ( 'NONE', ( #4691, #8220, #10, #5499 ) ) ;
#5977 = EDGE_CURVE ( 'NONE', #1376, #6508, #6434, .T. ) ;
#5978 = VECTOR ( 'NONE', #892, 1000.000000000000227 ) ;
#5979 = EDGE_CURVE ( 'NONE', #7786, #5791, #4759, .T. ) ;
#5980 = DIRECTION ( 'NONE',  ( 0.8110638189892200867, 7.163665443099523529E-17, 0.5849576749873632853 ) ) ;
#5981 = DIRECTION ( 'NONE',  ( 0.0000000000000000000, 0.0000000000000000000, -1.000000000000000000 ) ) ;
#5982 = ADVANCED_FACE ( 'NONE', ( #4969 ), #1012, .T. ) ;
#5983 = EDGE_CURVE ( 'NONE', #2105, #6336, #2792, .T. ) ;
#5984 = FACE_OUTER_BOUND ( 'NONE', #3340, .T. ) ;
#5985 = VECTOR ( 'NONE', #5657, 1000.000000000000000 ) ;
#5986 = EDGE_CURVE ( 'NONE', #888, #4539, #6242, .T. ) ;
#5987 = VERTEX_POINT ( 'NONE', #1193 ) ;
#5988 = ADVANCED_FACE ( 'NONE', ( #4535 ), #7512, .T. ) ;
#5989 = EDGE_CURVE ( 'NONE', #2761, #1540, #799, .T. ) ;
#5990 = CONICAL_SURFACE ( 'NONE', #7222, 7.200000000003361933, 1.041961563440969796 ) ;
#5991 = CYLINDRICAL_SURFACE ( 'NONE', #3736, 7.450000000000002842 ) ;
#5992 = CARTESIAN_POINT ( 'NONE',  ( -70.16777279607461537, 0.0000000000000000000, 7.200000000003347722 ) ) ;
#5993 = DIRECTION ( 'NONE',  ( 0.0000000000000000000, 0.0000000000000000000, -1.000000000000000000 ) ) ;
#5994 = ORIENTED_EDGE ( 'NONE', *, *, #6557, .F. ) ;
#5995 = LINE ( 'NONE', #7996, #5215 ) ;
#5996 = VECTOR ( 'NONE', #1272, 999.9999999999998863 ) ;
#5997 = AXIS2_PLACEMENT_3D ( 'NONE', #8300, #8278, #8261 ) ;
#5998 = ORIENTED_EDGE ( 'NONE', *, *, #1825, .T. ) ;
#5999 = ORIENTED_EDGE ( 'NONE', *, *, #8082, .T. ) ;
#6000 = CARTESIAN_POINT ( 'NONE',  ( -38.20706885507219397, 0.0000000000000000000, 0.0000000000000000000 ) ) ;
#6001 = CARTESIAN_POINT ( 'NONE',  ( -23.55267172991849023, 0.0000000000000000000, 0.0000000000000000000 ) ) ;
#6002 = DIRECTION ( 'NONE',  ( 0.0000000000000000000, 0.0000000000000000000, -1.000000000000000000 ) ) ;
#6003 = LINE ( 'NONE', #7961, #755 ) ;
#6004 = LINE ( 'NONE', #1976, #1174 ) ;
#6005 = AXIS2_PLACEMENT_3D ( 'NONE', #3358, #3535, #3605 ) ;
#6006 = AXIS2_PLACEMENT_3D ( 'NONE', #2618, #4542, #3373 ) ;
#6007 = ORIENTED_EDGE ( 'NONE', *, *, #5087, .F. ) ;
#6008 = ORIENTED_EDGE ( 'NONE', *, *, #1015, .F. ) ;
#6009 = VERTEX_POINT ( 'NONE', #1602 ) ;
#6010 = DIRECTION ( 'NONE',  ( 0.0000000000000000000, 0.0000000000000000000, -1.000000000000000000 ) ) ;
#6011 = VERTEX_POINT ( 'NONE', #1615 ) ;
#6012 = ORIENTED_EDGE ( 'NONE', *, *, #4464, .T. ) ;
#6013 = ORIENTED_EDGE ( 'NONE', *, *, #6730, .T. ) ;
#6014 = DIRECTION ( 'NONE',  ( 1.000000000000000000, -0.0000000000000000000, -0.0000000000000000000 ) ) ;
#6015 = CARTESIAN_POINT ( 'NONE',  ( -68.15053283076346702, 8.817456953865042407E-16, -7.200000000003347722 ) ) ;
#6016 = CIRCLE ( 'NONE', #947, 6.500000000000005329 ) ;
#6017 = ORIENTED_EDGE ( 'NONE', *, *, #2775, .F. ) ;
#6018 = ORIENTED_EDGE ( 'NONE', *, *, #4928, .T. ) ;
#6019 = EDGE_LOOP ( 'NONE', ( #3060, #3170, #3073, #6108 ) ) ;
#6020 = ORIENTED_EDGE ( 'NONE', *, *, #977, .F. ) ;
#6021 = EDGE_CURVE ( 'NONE', #6350, #3163, #6046, .T. ) ;
#6022 = CIRCLE ( 'NONE', #4612, 6.500000000000005329 ) ;
#6023 = ADVANCED_FACE ( 'NONE', ( #7703 ), #4126, .T. ) ;
#6024 = FACE_OUTER_BOUND ( 'NONE', #4636, .T. ) ;
#6025 = DIRECTION ( 'NONE',  ( 0.0000000000000000000, 0.0000000000000000000, -1.000000000000000000 ) ) ;
#6026 = EDGE_LOOP ( 'NONE', ( #3997, #4399, #6303, #8162 ) ) ;
#6027 = ORIENTED_EDGE ( 'NONE', *, *, #8271, .F. ) ;
#6028 = EDGE_CURVE ( 'NONE', #3163, #6350, #5842, .T. ) ;
#6029 = ORIENTED_EDGE ( 'NONE', *, *, #1139, .F. ) ;
#6030 = VECTOR ( 'NONE', #7131, 1000.000000000000000 ) ;
#6031 = ORIENTED_EDGE ( 'NONE', *, *, #4874, .T. ) ;
#6032 = ADVANCED_FACE ( 'NONE', ( #2584 ), #3931, .T. ) ;
#6033 = DIRECTION ( 'NONE',  ( 1.000000000000000000, -0.0000000000000000000, -0.0000000000000000000 ) ) ;
#6034 = ORIENTED_EDGE ( 'NONE', *, *, #1127, .F. ) ;
#6035 = EDGE_CURVE ( 'NONE', #6787, #2119, #5646, .T. ) ;
#6036 = CARTESIAN_POINT ( 'NONE',  ( -56.04709303889662664, 0.0000000000000000000, 7.200000000003347722 ) ) ;
#6037 = ORIENTED_EDGE ( 'NONE', *, *, #4201, .T. ) ;
#6038 = DIRECTION ( 'NONE',  ( 1.000000000000000000, -0.0000000000000000000, -0.0000000000000000000 ) ) ;
#6039 = CARTESIAN_POINT ( 'NONE',  ( 0.0000000000000000000, 0.0000000000000000000, -6.500000000000007994 ) ) ;
#6040 = EDGE_CURVE ( 'NONE', #5987, #2568, #7316, .T. ) ;
#6041 = DIRECTION ( 'NONE',  ( 0.0000000000000000000, 0.0000000000000000000, -1.000000000000000000 ) ) ;
#6042 = CONICAL_SURFACE ( 'NONE', #217, 7.450000000000002842, 0.9250245035569997221 ) ;
#6043 = EDGE_CURVE ( 'NONE', #4067, #1550, #598, .T. ) ;
#6044 = DIRECTION ( 'NONE',  ( 1.000000000000000000, -0.0000000000000000000, -0.0000000000000000000 ) ) ;
#6045 = CARTESIAN_POINT ( 'NONE',  ( -32.54741568020606479, 9.123618653647822574E-16, -7.450000000000033040 ) ) ;
#6046 = CIRCLE ( 'NONE', #5641, 7.200000000000362554 ) ;
#6047 = VECTOR ( 'NONE', #2507, 1000.000000000000000 ) ;
#6048 = DIRECTION ( 'NONE',  ( 0.0000000000000000000, 0.0000000000000000000, -1.000000000000000000 ) ) ;
#6049 = CIRCLE ( 'NONE', #3662, 7.200000000003404566 ) ;
#6050 = LINE ( 'NONE', #14, #7324 ) ;
#6051 = ORIENTED_EDGE ( 'NONE', *, *, #5809, .T. ) ;
#6052 = AXIS2_PLACEMENT_3D ( 'NONE', #1734, #1525, #1625 ) ;
#6053 = DIRECTION ( 'NONE',  ( -0.5045276238140804503, 0.0000000000000000000, 0.8633955506073203168 ) ) ;
#6054 = LINE ( 'NONE', #7877, #813 ) ;
#6055 = EDGE_LOOP ( 'NONE', ( #7886, #4380, #5344, #6127 ) ) ;
#6056 = AXIS2_PLACEMENT_3D ( 'NONE', #3643, #3160, #3134 ) ;
#6057 = EDGE_LOOP ( 'NONE', ( #2011, #5709, #868, #7957 ) ) ;
#6058 = CARTESIAN_POINT ( 'NONE',  ( -27.75984754132340981, 0.0000000000000000000, -6.729642571546105678 ) ) ;
#6059 = DIRECTION ( 'NONE',  ( 0.0000000000000000000, 0.0000000000000000000, -1.000000000000000000 ) ) ;
#6060 = ORIENTED_EDGE ( 'NONE', *, *, #8219, .F. ) ;
#6061 = CARTESIAN_POINT ( 'NONE',  ( -94.27208085614829258, 0.0000000000000000000, 0.0000000000000000000 ) ) ;
#6062 = AXIS2_PLACEMENT_3D ( 'NONE', #1953, #3224, #1805 ) ;
#6063 = FACE_OUTER_BOUND ( 'NONE', #7429, .T. ) ;
#6064 = ORIENTED_EDGE ( 'NONE', *, *, #3870, .T. ) ;
#6065 = DIRECTION ( 'NONE',  ( 1.000000000000000000, -0.0000000000000000000, -0.0000000000000000000 ) ) ;
#6066 = CARTESIAN_POINT ( 'NONE',  ( -17.40027572364553521, 0.0000000000000000000, 0.0000000000000000000 ) ) ;
#6067 = DIRECTION ( 'NONE',  ( 1.000000000000000000, -0.0000000000000000000, -0.0000000000000000000 ) ) ;
#6068 = DIRECTION ( 'NONE',  ( -0.5045276238140804503, 1.057354597449321406E-16, -0.8633955506073203168 ) ) ;
#6069 = AXIS2_PLACEMENT_3D ( 'NONE', #7937, #3539, #5673 ) ;
#6070 = AXIS2_PLACEMENT_3D ( 'NONE', #5841, #6399, #5981 ) ;
#6071 = CARTESIAN_POINT ( 'NONE',  ( 0.0000000000000000000, 0.0000000000000000000, 0.0000000000000000000 ) ) ;
#6072 = FACE_OUTER_BOUND ( 'NONE', #20, .T. ) ;
#6073 = DIRECTION ( 'NONE',  ( 0.0000000000000000000, 0.0000000000000000000, 1.000000000000000000 ) ) ;
#6074 = CARTESIAN_POINT ( 'NONE',  ( -93.73000393191556157, 0.0000000000000000000, 0.0000000000000000000 ) ) ;
#6075 = ADVANCED_FACE ( 'NONE', ( #2156 ), #1944, .T. ) ;
#6076 = DIRECTION ( 'NONE',  ( 0.0000000000000000000, 0.0000000000000000000, -1.000000000000000000 ) ) ;
#6077 = EDGE_CURVE ( 'NONE', #2130, #6182, #2378, .T. ) ;
#6078 = EDGE_CURVE ( 'NONE', #5186, #2408, #3711, .T. ) ;
#6079 = CARTESIAN_POINT ( 'NONE',  ( -30.04684587102340743, 0.0000000000000000000, 0.0000000000000000000 ) ) ;
#6080 = DIRECTION ( 'NONE',  ( 0.0000000000000000000, 0.0000000000000000000, -1.000000000000000000 ) ) ;
#6081 = CARTESIAN_POINT ( 'NONE',  ( -81.86216561471613318, 0.0000000000000000000, 0.0000000000000000000 ) ) ;
#6082 = DIRECTION ( 'NONE',  ( 1.000000000000000000, -0.0000000000000000000, -0.0000000000000000000 ) ) ;
#6083 = ORIENTED_EDGE ( 'NONE', *, *, #2831, .F. ) ;
#6085 = CARTESIAN_POINT ( 'NONE',  ( -54.02985307358373746, 8.817456953861387023E-16, -7.200000000000362554 ) ) ;
#6084 = LINE ( 'NONE', #439, #4165 ) ;
#6086 = CIRCLE ( 'NONE', #444, 7.200000000003347722 ) ;
#6087 = DIRECTION ( 'NONE',  ( 1.000000000000000000, -0.0000000000000000000, -0.0000000000000000000 ) ) ;
#6088 = DIRECTION ( 'NONE',  ( 0.0000000000000000000, 0.0000000000000000000, -1.000000000000000000 ) ) ;
#6089 = ORIENTED_EDGE ( 'NONE', *, *, #918, .F. ) ;
#6090 = CONICAL_SURFACE ( 'NONE', #1173, 7.248294035520856049, 0.2138028333693062499 ) ;
#6091 = CARTESIAN_POINT ( 'NONE',  ( -57.52225607997492318, 7.960204194457805338E-16, 6.500000000000007105 ) ) ;
#6092 = CARTESIAN_POINT ( 'NONE',  ( -30.58967412875647440, 0.0000000000000000000, -6.729642571546121665 ) ) ;
#6093 = LINE ( 'NONE', #7256, #7751 ) ;
#6094 = DIRECTION ( 'NONE',  ( 0.0000000000000000000, 0.0000000000000000000, -1.000000000000000000 ) ) ;
#6095 = AXIS2_PLACEMENT_3D ( 'NONE', #3692, #3651, #3630 ) ;
#6096 = CARTESIAN_POINT ( 'NONE',  ( 0.0000000000000000000, 9.123618653647802853E-16, 7.450000000000017941 ) ) ;
#6097 = EDGE_LOOP ( 'NONE', ( #3718, #175, #3252, #723 ) ) ;
#6098 = ORIENTED_EDGE ( 'NONE', *, *, #3417, .T. ) ;
#6099 = EDGE_CURVE ( 'NONE', #1512, #7170, #392, .T. ) ;
#6100 = VECTOR ( 'NONE', #1420, 1000.000000000000227 ) ;
#6101 = CARTESIAN_POINT ( 'NONE',  ( 0.0000000000000000000, 0.0000000000000000000, 0.0000000000000000000 ) ) ;
#6102 = CIRCLE ( 'NONE', #3249, 7.450000000000002842 ) ;
#6103 = CARTESIAN_POINT ( 'NONE',  ( -65.59121594121948817, 0.0000000000000000000, 0.0000000000000000000 ) ) ;
#6104 = ORIENTED_EDGE ( 'NONE', *, *, #5197, .F. ) ;
#6105 = CARTESIAN_POINT ( 'NONE',  ( -89.72971450917985692, 0.0000000000000000000, 0.0000000000000000000 ) ) ;
#6106 = CARTESIAN_POINT ( 'NONE',  ( -17.08354030197668649, 0.0000000000000000000, 0.0000000000000000000 ) ) ;
#6107 = ORIENTED_EDGE ( 'NONE', *, *, #6393, .T. ) ;
#6108 = ORIENTED_EDGE ( 'NONE', *, *, #1596, .T. ) ;
#6109 = ORIENTED_EDGE ( 'NONE', *, *, #2042, .T. ) ;
#6110 = CONICAL_SURFACE ( 'NONE', #8296, 7.200000000003403677, 1.041961563440906957 ) ;
#6111 = AXIS2_PLACEMENT_3D ( 'NONE', #3796, #3513, #3421 ) ;
#6112 = ORIENTED_EDGE ( 'NONE', *, *, #3382, .T. ) ;
#6113 = EDGE_LOOP ( 'NONE', ( #1928, #1199, #5367, #863 ) ) ;
#6114 = ADVANCED_FACE ( 'NONE', ( #5262 ), #8373, .T. ) ;
#6115 = DIRECTION ( 'NONE',  ( 1.000000000000000000, -0.0000000000000000000, -0.0000000000000000000 ) ) ;
#6116 = DIRECTION ( 'NONE',  ( 1.000000000000000000, -0.0000000000000000000, -0.0000000000000000000 ) ) ;
#6117 = VERTEX_POINT ( 'NONE', #2859 ) ;
#6118 = VERTEX_POINT ( 'NONE', #2874 ) ;
#6119 = VECTOR ( 'NONE', #5423, 1000.000000000000000 ) ;
#6120 = CONICAL_SURFACE ( 'NONE', #7790, 6.907047484595389086, 0.5093766614665821146 ) ;
#6121 = AXIS2_PLACEMENT_3D ( 'NONE', #6520, #6655, #6739 ) ;
#6122 = AXIS2_PLACEMENT_3D ( 'NONE', #3494, #3333, #2625 ) ;
#6123 = EDGE_LOOP ( 'NONE', ( #6652, #7795, #3977, #4283 ) ) ;
#6124 = CARTESIAN_POINT ( 'NONE',  ( -37.12141233960606002, 0.0000000000000000000, 0.0000000000000000000 ) ) ;
#6125 = DIRECTION ( 'NONE',  ( 0.0000000000000000000, 0.0000000000000000000, 1.000000000000000000 ) ) ;
#6126 = ORIENTED_EDGE ( 'NONE', *, *, #960, .F. ) ;
#6127 = ORIENTED_EDGE ( 'NONE', *, *, #253, .F. ) ;
#6128 = DIRECTION ( 'NONE',  ( 0.0000000000000000000, 0.0000000000000000000, -1.000000000000000000 ) ) ;
#6129 = ORIENTED_EDGE ( 'NONE', *, *, #75, .F. ) ;
#6130 = LINE ( 'NONE', #3422, #5931 ) ;
#6131 = DIRECTION ( 'NONE',  ( 1.000000000000000000, -0.0000000000000000000, -0.0000000000000000000 ) ) ;
#6132 = CYLINDRICAL_SURFACE ( 'NONE', #4741, 7.450000000000002842 ) ;
#6133 = CARTESIAN_POINT ( 'NONE',  ( -15.13832010710865283, 0.0000000000000000000, -6.729642571546104790 ) ) ;
#6134 = DIRECTION ( 'NONE',  ( 1.000000000000000000, -0.0000000000000000000, -0.0000000000000000000 ) ) ;
#6135 = ORIENTED_EDGE ( 'NONE', *, *, #3987, .F. ) ;
#6136 = EDGE_LOOP ( 'NONE', ( #2785, #3027, #3210, #3370 ) ) ;
#6137 = ORIENTED_EDGE ( 'NONE', *, *, #2075, .T. ) ;
#6138 = EDGE_CURVE ( 'NONE', #6215, #5105, #7120, .T. ) ;
#6139 = DIRECTION ( 'NONE',  ( -0.5045276238141787051, 0.0000000000000000000, 0.8633955506072628072 ) ) ;
#6140 = ORIENTED_EDGE ( 'NONE', *, *, #8364, .T. ) ;
#6141 = CIRCLE ( 'NONE', #6362, 7.450000000000043698 ) ;
#6142 = DIRECTION ( 'NONE',  ( 1.000000000000000000, -0.0000000000000000000, -0.0000000000000000000 ) ) ;
#6143 = EDGE_CURVE ( 'NONE', #5310, #6614, #6732, .T. ) ;
#6144 = CONICAL_SURFACE ( 'NONE', #1950, 7.450000000000002842, 0.9250245035569997221 ) ;
#6145 = EDGE_CURVE ( 'NONE', #2050, #1505, #1735, .T. ) ;
#6146 = DIRECTION ( 'NONE',  ( 1.000000000000000000, -0.0000000000000000000, -0.0000000000000000000 ) ) ;
#6147 = LINE ( 'NONE', #4777, #2694 ) ;
#6148 = FACE_OUTER_BOUND ( 'NONE', #7041, .T. ) ;
#6149 = VERTEX_POINT ( 'NONE', #3132 ) ;
#6150 = DIRECTION ( 'NONE',  ( 0.8110638189892134253, 0.0000000000000000000, -0.5849576749873725001 ) ) ;
#6151 = EDGE_CURVE ( 'NONE', #4627, #6444, #3515, .T. ) ;
#6152 = CARTESIAN_POINT ( 'NONE',  ( -50.43300091588812251, 0.0000000000000000000, 0.0000000000000000000 ) ) ;
#6153 = EDGE_CURVE ( 'NONE', #5708, #5241, #3311, .T. ) ;
#6154 = CARTESIAN_POINT ( 'NONE',  ( 0.0000000000000000000, 0.0000000000000000000, -7.200000000003340617 ) ) ;
#6155 = CARTESIAN_POINT ( 'NONE',  ( -26.90028386192150123, 9.123618653647785104E-16, -7.450000000000002842 ) ) ;
#6156 = VECTOR ( 'NONE', #2273, 1000.000000000000000 ) ;
#6157 = EDGE_LOOP ( 'NONE', ( #815, #6031, #1632, #7818 ) ) ;
#6158 = ADVANCED_FACE ( 'NONE', ( #3105 ), #4646, .T. ) ;
#6159 = DIRECTION ( 'NONE',  ( 1.000000000000000000, -0.0000000000000000000, -0.0000000000000000000 ) ) ;
#6160 = AXIS2_PLACEMENT_3D ( 'NONE', #5453, #5388, #5043 ) ;
#6161 = FACE_OUTER_BOUND ( 'NONE', #8144, .T. ) ;
#6162 = DIRECTION ( 'NONE',  ( 1.000000000000000000, -0.0000000000000000000, -0.0000000000000000000 ) ) ;
#6163 = DIRECTION ( 'NONE',  ( -0.0000000000000000000, -1.000000000000000000, -0.0000000000000000000 ) ) ;
#6164 = DIRECTION ( 'NONE',  ( 0.0000000000000000000, 0.0000000000000000000, -1.000000000000000000 ) ) ;
#6165 = ORIENTED_EDGE ( 'NONE', *, *, #2498, .F. ) ;
#6166 = ORIENTED_EDGE ( 'NONE', *, *, #749, .T. ) ;
#6167 = AXIS2_PLACEMENT_3D ( 'NONE', #240, #334, #1369 ) ;
#6168 = VECTOR ( 'NONE', #5236, 1000.000000000000000 ) ;
#6169 = DIRECTION ( 'NONE',  ( 0.0000000000000000000, 0.0000000000000000000, -1.000000000000000000 ) ) ;
#6170 = LINE ( 'NONE', #817, #5772 ) ;
#6171 = DIRECTION ( 'NONE',  ( 0.0000000000000000000, 0.0000000000000000000, -1.000000000000000000 ) ) ;
#6172 = CARTESIAN_POINT ( 'NONE',  ( -56.04709303889662664, 0.0000000000000000000, 0.0000000000000000000 ) ) ;
#6173 = AXIS2_PLACEMENT_3D ( 'NONE', #7851, #1781, #997 ) ;
#6174 = AXIS2_PLACEMENT_3D ( 'NONE', #2624, #2990, #1798 ) ;
#6175 = ORIENTED_EDGE ( 'NONE', *, *, #4053, .F. ) ;
#6176 = CARTESIAN_POINT ( 'NONE',  ( -37.66424059733912344, 0.0000000000000000000, 0.0000000000000000000 ) ) ;
#6177 = TOROIDAL_SURFACE ( 'NONE', #8295, 5.729725155218028831, 0.8999999999999962474 ) ;
#6178 = CARTESIAN_POINT ( 'NONE',  ( -54.02985307358373746, 0.0000000000000000000, 7.200000000000362554 ) ) ;
#6179 = FACE_OUTER_BOUND ( 'NONE', #7570, .T. ) ;
#6180 = CARTESIAN_POINT ( 'NONE',  ( -26.90028386192150123, 0.0000000000000000000, 7.450000000000002842 ) ) ;
#6181 = DIRECTION ( 'NONE',  ( 0.0000000000000000000, 0.0000000000000000000, -1.000000000000000000 ) ) ;
#6182 = VERTEX_POINT ( 'NONE', #3308 ) ;
#6183 = EDGE_CURVE ( 'NONE', #2021, #1190, #1319, .T. ) ;
#6184 = FACE_OUTER_BOUND ( 'NONE', #3090, .T. ) ;
#6185 = LINE ( 'NONE', #8073, #4274 ) ;
#6186 = ADVANCED_FACE ( 'NONE', ( #4859 ), #6144, .T. ) ;
#6187 = EDGE_LOOP ( 'NONE', ( #3509, #3947, #1415, #746 ) ) ;
#6188 = EDGE_CURVE ( 'NONE', #2776, #976, #6537, .T. ) ;
#6189 = ORIENTED_EDGE ( 'NONE', *, *, #970, .T. ) ;
#6190 = DIRECTION ( 'NONE',  ( 1.000000000000000000, -0.0000000000000000000, -0.0000000000000000000 ) ) ;
#6191 = DIRECTION ( 'NONE',  ( 0.0000000000000000000, 0.0000000000000000000, -1.000000000000000000 ) ) ;
#6192 = VECTOR ( 'NONE', #6507, 1000.000000000000000 ) ;
#6193 = EDGE_CURVE ( 'NONE', #6117, #6748, #6328, .T. ) ;
#6194 = VECTOR ( 'NONE', #4188, 1000.000000000000114 ) ;
#6195 = DIRECTION ( 'NONE',  ( 1.000000000000000000, -0.0000000000000000000, -0.0000000000000000000 ) ) ;
#6196 = DIRECTION ( 'NONE',  ( -1.000000000000000000, 0.0000000000000000000, 0.0000000000000000000 ) ) ;
#6197 = DIRECTION ( 'NONE',  ( 0.0000000000000000000, 0.0000000000000000000, 1.000000000000000000 ) ) ;
#6198 = ORIENTED_EDGE ( 'NONE', *, *, #4031, .T. ) ;
#6199 = ORIENTED_EDGE ( 'NONE', *, *, #7972, .F. ) ;
#6200 = CIRCLE ( 'NONE', #5234, 7.450000000000002842 ) ;
#6201 = CARTESIAN_POINT ( 'NONE',  ( -56.04709303889662664, 8.817456953865042407E-16, -7.200000000003347722 ) ) ;
#6202 = DIRECTION ( 'NONE',  ( 0.0000000000000000000, 0.0000000000000000000, -1.000000000000000000 ) ) ;
#6203 = FACE_OUTER_BOUND ( 'NONE', #6157, .T. ) ;
#6204 = AXIS2_PLACEMENT_3D ( 'NONE', #5216, #4898, #5159 ) ;
#6205 = ORIENTED_EDGE ( 'NONE', *, *, #5615, .T. ) ;
#6206 = ORIENTED_EDGE ( 'NONE', *, *, #83, .F. ) ;
#6207 = ORIENTED_EDGE ( 'NONE', *, *, #1463, .F. ) ;
#6208 = ORIENTED_EDGE ( 'NONE', *, *, #417, .T. ) ;
#6209 = CONICAL_SURFACE ( 'NONE', #7629, 6.729642571546130547, 0.9250245035569996110 ) ;
#6210 = VERTEX_POINT ( 'NONE', #3847 ) ;
#6211 = DIRECTION ( 'NONE',  ( 0.0000000000000000000, 0.0000000000000000000, -1.000000000000000000 ) ) ;
#6212 = UNCERTAINTY_MEASURE_WITH_UNIT (LENGTH_MEASURE( 1.000000000000000082E-05 ), #5503, 'distance_accuracy_value', 'NONE');
#6213 = CARTESIAN_POINT ( 'NONE',  ( 0.0000000000000000000, 0.0000000000000000000, 0.0000000000000000000 ) ) ;
#6214 = AXIS2_PLACEMENT_3D ( 'NONE', #6445, #6421, #6316 ) ;
#6215 = VERTEX_POINT ( 'NONE', #3860 ) ;
#6216 = VERTEX_POINT ( 'NONE', #3875 ) ;
#6217 = ORIENTED_EDGE ( 'NONE', *, *, #4537, .F. ) ;
#6218 = AXIS2_PLACEMENT_3D ( 'NONE', #1211, #266, #361 ) ;
#6219 = FACE_OUTER_BOUND ( 'NONE', #3190, .T. ) ;
#6220 = CONICAL_SURFACE ( 'NONE', #4559, 7.450000000000002842, 0.9250245035569997221 ) ;
#6221 = ORIENTED_EDGE ( 'NONE', *, *, #5510, .T. ) ;
#6222 = ORIENTED_EDGE ( 'NONE', *, *, #4259, .F. ) ;
#6223 = ORIENTED_EDGE ( 'NONE', *, *, #1478, .T. ) ;
#6224 = DIRECTION ( 'NONE',  ( -0.6018150231520443816, 9.780464210648345161E-17, -0.7986355100472957158 ) ) ;
#6225 = DIRECTION ( 'NONE',  ( 0.0000000000000000000, 0.0000000000000000000, -1.000000000000000000 ) ) ;
#6226 = AXIS2_PLACEMENT_3D ( 'NONE', #2288, #1792, #2155 ) ;
#6227 = AXIS2_PLACEMENT_3D ( 'NONE', #391, #465, #3819 ) ;
#6228 = EDGE_LOOP ( 'NONE', ( #7860, #4736, #3075, #2537 ) ) ;
#6229 = LINE ( 'NONE', #7290, #6030 ) ;
#6230 = ORIENTED_EDGE ( 'NONE', *, *, #3257, .F. ) ;
#6231 = ORIENTED_EDGE ( 'NONE', *, *, #2786, .F. ) ;
#6232 = CARTESIAN_POINT ( 'NONE',  ( -15.99788378651056320, 0.0000000000000000000, -7.450000000000002842 ) ) ;
#6233 = CARTESIAN_POINT ( 'NONE',  ( -38.20706885507219397, 0.0000000000000000000, 0.0000000000000000000 ) ) ;
#6234 = CARTESIAN_POINT ( 'NONE',  ( 0.0000000000000000000, 0.0000000000000000000, -6.500000000000006217 ) ) ;
#6235 = CARTESIAN_POINT ( 'NONE',  ( -29.71758909277301086, 9.123618653647796936E-16, -7.450000000000012612 ) ) ;
#6236 = CARTESIAN_POINT ( 'NONE',  ( -75.81044571878344129, 7.960204194457804352E-16, 6.500000000000005329 ) ) ;
#6237 = ADVANCED_FACE ( 'NONE', ( #2893 ), #7796, .T. ) ;
#6238 = CARTESIAN_POINT ( 'NONE',  ( 0.0000000000000000000, 0.0000000000000000000, -7.200000000003340617 ) ) ;
#6239 = EDGE_CURVE ( 'NONE', #624, #5146, #2690, .T. ) ;
#6240 = LINE ( 'NONE', #2369, #4331 ) ;
#6241 = DIRECTION ( 'NONE',  ( 0.0000000000000000000, 0.0000000000000000000, -1.000000000000000000 ) ) ;
#6242 = CIRCLE ( 'NONE', #3456, 6.500000000000008882 ) ;
#6243 = CIRCLE ( 'NONE', #6665, 6.500000000000008882 ) ;
#6244 = DIRECTION ( 'NONE',  ( 0.0000000000000000000, 0.0000000000000000000, 1.000000000000000000 ) ) ;
#6245 = EDGE_CURVE ( 'NONE', #7184, #610, #897, .T. ) ;
#6246 = CARTESIAN_POINT ( 'NONE',  ( 0.0000000000000000000, 8.817456953865094669E-16, 7.200000000003389466 ) ) ;
#6247 = FACE_OUTER_BOUND ( 'NONE', #3054, .T. ) ;
#6248 = CIRCLE ( 'NONE', #5960, 7.481170631836493001 ) ;
#6249 = ORIENTED_EDGE ( 'NONE', *, *, #7406, .F. ) ;
#6250 = AXIS2_PLACEMENT_3D ( 'NONE', #1517, #1195, #25 ) ;
#6251 = DIRECTION ( 'NONE',  ( 0.0000000000000000000, 0.0000000000000000000, -1.000000000000000000 ) ) ;
#6252 = CARTESIAN_POINT ( 'NONE',  ( -60.08157296951890913, 0.0000000000000000000, 7.200000000003347722 ) ) ;
#6253 = EDGE_LOOP ( 'NONE', ( #366, #5237, #1470, #694 ) ) ;
#6254 = LINE ( 'NONE', #4765, #3024 ) ;
#6255 = EDGE_CURVE ( 'NONE', #351, #3482, #4424, .T. ) ;
#6256 = EDGE_LOOP ( 'NONE', ( #8143, #365, #8128, #4803 ) ) ;
#6257 = ORIENTED_EDGE ( 'NONE', *, *, #4031, .F. ) ;
#6258 = EDGE_CURVE ( 'NONE', #5821, #7755, #7598, .T. ) ;
#6259 = DIRECTION ( 'NONE',  ( 1.000000000000000000, -0.0000000000000000000, -0.0000000000000000000 ) ) ;
#6260 = CARTESIAN_POINT ( 'NONE',  ( 0.0000000000000000000, 0.0000000000000000000, 0.0000000000000000000 ) ) ;
#6261 = FACE_OUTER_BOUND ( 'NONE', #1457, .T. ) ;
#6262 = CARTESIAN_POINT ( 'NONE',  ( -37.66424059733912344, 8.241435234649780207E-16, 6.729642571546170515 ) ) ;
#6263 = CARTESIAN_POINT ( 'NONE',  ( -75.81044571878344129, 0.0000000000000000000, 0.0000000000000000000 ) ) ;
#6264 = DIRECTION ( 'NONE',  ( 1.000000000000000000, -0.0000000000000000000, -0.0000000000000000000 ) ) ;
#6265 = AXIS2_PLACEMENT_3D ( 'NONE', #5668, #5629, #5616 ) ;
#6266 = ORIENTED_EDGE ( 'NONE', *, *, #530, .F. ) ;
#6267 = LINE ( 'NONE', #7844, #2826 ) ;
#6268 = CARTESIAN_POINT ( 'NONE',  ( 0.0000000000000000000, 0.0000000000000000000, -7.450000000000078337 ) ) ;
#6269 = AXIS2_PLACEMENT_3D ( 'NONE', #7923, #4930, #2868 ) ;
#6270 = AXIS2_PLACEMENT_3D ( 'NONE', #7894, #7641, #7617 ) ;
#6271 = ADVANCED_FACE ( 'NONE', ( #2476 ), #701, .F. ) ;
#6272 = DIRECTION ( 'NONE',  ( 1.000000000000000000, -0.0000000000000000000, -0.0000000000000000000 ) ) ;
#6273 = PRESENTATION_STYLE_ASSIGNMENT (( #5318 ) ) ;
#6274 = CIRCLE ( 'NONE', #3626, 7.450000000000002842 ) ;
#6275 = EDGE_CURVE ( 'NONE', #3794, #5446, #5742, .T. ) ;
#6276 = CARTESIAN_POINT ( 'NONE',  ( -91.72985922054768082, 0.0000000000000000000, 0.0000000000000000000 ) ) ;
#6277 = CARTESIAN_POINT ( 'NONE',  ( -24.09549998765155365, 9.123618653647785104E-16, -7.450000000000002842 ) ) ;
#6278 = VECTOR ( 'NONE', #1710, 1000.000000000000227 ) ;
#6279 = CARTESIAN_POINT ( 'NONE',  ( -76.21949269200803201, 8.817456953865042407E-16, -7.200000000003347722 ) ) ;
#6280 = ORIENTED_EDGE ( 'NONE', *, *, #2596, .F. ) ;
#6281 = FACE_OUTER_BOUND ( 'NONE', #1711, .T. ) ;
#6282 = EDGE_CURVE ( 'NONE', #5786, #150, #5944, .T. ) ;
#6283 = CARTESIAN_POINT ( 'NONE',  ( -88.27164672204487772, 0.0000000000000000000, 0.0000000000000000000 ) ) ;
#6284 = CYLINDRICAL_SURFACE ( 'NONE', #7369, 6.500000000000010658 ) ;
#6285 = CARTESIAN_POINT ( 'NONE',  ( -44.64504213944225341, 5.914707452099216936E-16, 4.829725155218032917 ) ) ;
#6286 = ORIENTED_EDGE ( 'NONE', *, *, #3005, .F. ) ;
#6287 = EDGE_CURVE ( 'NONE', #888, #7113, #2267, .T. ) ;
#6288 = ORIENTED_EDGE ( 'NONE', *, *, #408, .T. ) ;
#6289 = LINE ( 'NONE', #1299, #6100 ) ;
#6290 = CONICAL_SURFACE ( 'NONE', #1005, 7.200000000003417888, 1.041961563440887639 ) ;
#6291 = DIRECTION ( 'NONE',  ( 0.0000000000000000000, 0.0000000000000000000, -1.000000000000000000 ) ) ;
#6292 = EDGE_CURVE ( 'NONE', #5280, #2499, #7214, .T. ) ;
#6293 = DIRECTION ( 'NONE',  ( 1.000000000000000000, -0.0000000000000000000, -0.0000000000000000000 ) ) ;
#6294 = VERTEX_POINT ( 'NONE', #5874 ) ;
#6295 = ORIENTED_EDGE ( 'NONE', *, *, #1809, .T. ) ;
#6296 = ORIENTED_EDGE ( 'NONE', *, *, #634, .F. ) ;
#6297 = EDGE_CURVE ( 'NONE', #7806, #7677, #3820, .T. ) ;
#6298 = LINE ( 'NONE', #1442, #1078 ) ;
#6299 = VERTEX_POINT ( 'NONE', #6045 ) ;
#6300 = VERTEX_POINT ( 'NONE', #7137 ) ;
#6301 = CARTESIAN_POINT ( 'NONE',  ( -58.06433300420776789, 8.817456953865042407E-16, -7.200000000003347722 ) ) ;
#6302 = EDGE_LOOP ( 'NONE', ( #6198, #3695, #1994, #980 ) ) ;
#6303 = ORIENTED_EDGE ( 'NONE', *, *, #4643, .F. ) ;
#6304 = CIRCLE ( 'NONE', #4012, 6.500000000000007105 ) ;
#6305 = CARTESIAN_POINT ( 'NONE',  ( -59.67252599629420473, 0.0000000000000000000, 0.0000000000000000000 ) ) ;
#6306 = DIRECTION ( 'NONE',  ( 1.000000000000000000, -0.0000000000000000000, -0.0000000000000000000 ) ) ;
#6307 = CIRCLE ( 'NONE', #6957, 7.200000000000361666 ) ;
#6308 = AXIS2_PLACEMENT_3D ( 'NONE', #3192, #3157, #2806 ) ;
#6309 = ADVANCED_FACE ( 'NONE', ( #7410 ), #5913, .T. ) ;
#6310 = ORIENTED_EDGE ( 'NONE', *, *, #6721, .T. ) ;
#6311 = DIRECTION ( 'NONE',  ( -0.5045276238147670123, 0.0000000000000000000, 0.8633955506069190822 ) ) ;
#6312 = VERTEX_POINT ( 'NONE', #6325 ) ;
#6313 = CIRCLE ( 'NONE', #2573, 7.200000000003347722 ) ;
#6314 = CIRCLE ( 'NONE', #2965, 6.500000000000010658 ) ;
#6315 = AXIS2_PLACEMENT_3D ( 'NONE', #7686, #7906, #7555 ) ;
#6316 = DIRECTION ( 'NONE',  ( 0.0000000000000000000, 0.0000000000000000000, -1.000000000000000000 ) ) ;
#6317 = ORIENTED_EDGE ( 'NONE', *, *, #594, .F. ) ;
#6318 = ORIENTED_EDGE ( 'NONE', *, *, #8267, .T. ) ;
#6319 = ADVANCED_FACE ( 'NONE', ( #2634 ), #4191, .T. ) ;
#6320 = AXIS2_PLACEMENT_3D ( 'NONE', #6542, #6551, #6574 ) ;
#6321 = ORIENTED_EDGE ( 'NONE', *, *, #3424, .F. ) ;
#6322 = CYLINDRICAL_SURFACE ( 'NONE', #5955, 7.200000000003389466 ) ;
#6323 = CARTESIAN_POINT ( 'NONE',  ( 0.0000000000000000000, 0.0000000000000000000, 0.0000000000000000000 ) ) ;
#6324 = DIRECTION ( 'NONE',  ( -0.6018150231520443816, 0.0000000000000000000, 0.7986355100472957158 ) ) ;
#6325 = CARTESIAN_POINT ( 'NONE',  ( -74.20225272669689787, 0.0000000000000000000, 7.200000000003347722 ) ) ;
#6326 = ORIENTED_EDGE ( 'NONE', *, *, #3257, .T. ) ;
#6327 = ORIENTED_EDGE ( 'NONE', *, *, #8207, .T. ) ;
#6328 = LINE ( 'NONE', #3748, #7985 ) ;
#6329 = AXIS2_PLACEMENT_3D ( 'NONE', #8087, #3439, #1908 ) ;
#6330 = AXIS2_PLACEMENT_3D ( 'NONE', #2617, #2768, #1234 ) ;
#6331 = CONICAL_SURFACE ( 'NONE', #5669, 7.249495137711240211, 1.006182313774734549 ) ;
#6332 = CIRCLE ( 'NONE', #1722, 7.450000000000023270 ) ;
#6333 = CARTESIAN_POINT ( 'NONE',  ( 0.0000000000000000000, 7.960204194457810268E-16, 6.500000000000011546 ) ) ;
#6334 = CARTESIAN_POINT ( 'NONE',  ( -31.13250238648954138, 0.0000000000000000000, 0.0000000000000000000 ) ) ;
#6335 = FACE_OUTER_BOUND ( 'NONE', #5112, .T. ) ;
#6336 = VERTEX_POINT ( 'NONE', #6285 ) ;
#6337 = DIRECTION ( 'NONE',  ( 0.6018150231520443816, 9.780464210648345161E-17, 0.7986355100472957158 ) ) ;
#6338 = CARTESIAN_POINT ( 'NONE',  ( -90.27179143341268741, 0.0000000000000000000, 7.200000000003403677 ) ) ;
#6339 = EDGE_CURVE ( 'NONE', #6343, #4439, #7568, .T. ) ;
#6340 = LINE ( 'NONE', #761, #2702 ) ;
#6341 = CARTESIAN_POINT ( 'NONE',  ( -29.71758909277301086, 0.0000000000000000000, 0.0000000000000000000 ) ) ;
#6342 = DIRECTION ( 'NONE',  ( 0.0000000000000000000, 0.0000000000000000000, -1.000000000000000000 ) ) ;
#6343 = VERTEX_POINT ( 'NONE', #6367 ) ;
#6344 = EDGE_CURVE ( 'NONE', #2870, #6713, #2659, .T. ) ;
#6345 = DIRECTION ( 'NONE',  ( 0.0000000000000000000, 0.0000000000000000000, -1.000000000000000000 ) ) ;
#6346 = EDGE_CURVE ( 'NONE', #306, #5310, #668, .T. ) ;
#6347 = LINE ( 'NONE', #1655, #1130 ) ;
#6348 = ADVANCED_FACE ( 'NONE', ( #865 ), #5520, .T. ) ;
#6349 = DIRECTION ( 'NONE',  ( 0.0000000000000000000, 0.0000000000000000000, -1.000000000000000000 ) ) ;
#6350 = VERTEX_POINT ( 'NONE', #6758 ) ;
#6351 = ORIENTED_EDGE ( 'NONE', *, *, #1200, .F. ) ;
#6352 = CARTESIAN_POINT ( 'NONE',  ( 8.673617379884035472E-16, 0.0000000000000000000, 0.0000000000000000000 ) ) ;
#6353 = CARTESIAN_POINT ( 'NONE',  ( 0.0000000000000000000, 0.0000000000000000000, 0.0000000000000000000 ) ) ;
#6354 = CARTESIAN_POINT ( 'NONE',  ( -21.29071611338160608, 0.0000000000000000000, 0.0000000000000000000 ) ) ;
#6355 = AXIS2_PLACEMENT_3D ( 'NONE', #7810, #2433, #7720 ) ;
#6356 = FACE_OUTER_BOUND ( 'NONE', #6123, .T. ) ;
#6357 = EDGE_CURVE ( 'NONE', #3110, #4921, #448, .T. ) ;
#6358 = ADVANCED_FACE ( 'NONE', ( #4393 ), #6992, .T. ) ;
#6359 = DIRECTION ( 'NONE',  ( 0.0000000000000000000, 0.0000000000000000000, -1.000000000000000000 ) ) ;
#6360 = DIRECTION ( 'NONE',  ( 1.000000000000000000, -0.0000000000000000000, -0.0000000000000000000 ) ) ;
#6361 = DIRECTION ( 'NONE',  ( 0.0000000000000000000, 0.0000000000000000000, -1.000000000000000000 ) ) ;
#6362 = AXIS2_PLACEMENT_3D ( 'NONE', #2306, #2336, #2305 ) ;
#6363 = LINE ( 'NONE', #2818, #1346 ) ;
#6364 = CARTESIAN_POINT ( 'NONE',  ( -37.66424059733912344, 0.0000000000000000000, -6.729642571546170515 ) ) ;
#6365 = AXIS2_PLACEMENT_3D ( 'NONE', #877, #953, #916 ) ;
#6366 = DIRECTION ( 'NONE',  ( 0.0000000000000000000, 0.0000000000000000000, 1.000000000000000000 ) ) ;
#6367 = CARTESIAN_POINT ( 'NONE',  ( -62.60340203941386505, 8.817456953865030574E-16, 7.200000000003333511 ) ) ;
#6368 = DIRECTION ( 'NONE',  ( 1.000000000000000000, -0.0000000000000000000, -0.0000000000000000000 ) ) ;
#6369 = ORIENTED_EDGE ( 'NONE', *, *, #4577, .T. ) ;
#6370 = LINE ( 'NONE', #62, #944 ) ;
#6371 = FACE_OUTER_BOUND ( 'NONE', #5424, .T. ) ;
#6372 = AXIS2_PLACEMENT_3D ( 'NONE', #7733, #7372, #7246 ) ;
#6373 = AXIS2_PLACEMENT_3D ( 'NONE', #3247, #3040, #1948 ) ;
#6374 = DIRECTION ( 'NONE',  ( 1.000000000000000000, -0.0000000000000000000, -0.0000000000000000000 ) ) ;
#6375 = ORIENTED_EDGE ( 'NONE', *, *, #1656, .F. ) ;
#6376 = CARTESIAN_POINT ( 'NONE',  ( -45.40535782037472501, 6.427123188115974363E-16, 5.248144356879704375 ) ) ;
#6377 = DIRECTION ( 'NONE',  ( -1.000000000000000000, 0.0000000000000000000, 0.0000000000000000000 ) ) ;
#6378 = CYLINDRICAL_SURFACE ( 'NONE', #6372, 7.200000000003340617 ) ;
#6379 = DIRECTION ( 'NONE',  ( 0.0000000000000000000, 0.0000000000000000000, -1.000000000000000000 ) ) ;
#6380 = CARTESIAN_POINT ( 'NONE',  ( -28.30267579905647324, 0.0000000000000000000, 0.0000000000000000000 ) ) ;
#6381 = CYLINDRICAL_SURFACE ( 'NONE', #1514, 7.200000000003340617 ) ;
#6382 = VERTEX_POINT ( 'NONE', #895 ) ;
#6383 = ORIENTED_EDGE ( 'NONE', *, *, #5090, .F. ) ;
#6384 = DIRECTION ( 'NONE',  ( 1.000000000000000000, -0.0000000000000000000, -0.0000000000000000000 ) ) ;
#6385 = CARTESIAN_POINT ( 'NONE',  ( 0.0000000000000000000, 8.817456953865034519E-16, 7.200000000003340617 ) ) ;
#6386 = VECTOR ( 'NONE', #7450, 1000.000000000000114 ) ;
#6387 = EDGE_CURVE ( 'NONE', #3384, #527, #248, .T. ) ;
#6388 = CARTESIAN_POINT ( 'NONE',  ( -62.09881293483005038, 0.0000000000000000000, 0.0000000000000000000 ) ) ;
#6390 = DIRECTION ( 'NONE',  ( 0.0000000000000000000, 0.0000000000000000000, -1.000000000000000000 ) ) ;
#6389 = VECTOR ( 'NONE', #3531, 1000.000000000000227 ) ;
#6391 = ADVANCED_FACE ( 'NONE', ( #3992 ), #5325, .T. ) ;
#6392 = VERTEX_POINT ( 'NONE', #7328 ) ;
#6393 = EDGE_CURVE ( 'NONE', #1231, #6546, #2009, .T. ) ;
#6394 = ORIENTED_EDGE ( 'NONE', *, *, #7603, .F. ) ;
#6395 = DIRECTION ( 'NONE',  ( 1.000000000000000000, -0.0000000000000000000, -0.0000000000000000000 ) ) ;
#6396 = VECTOR ( 'NONE', #6724, 999.9999999999998863 ) ;
#6397 = CIRCLE ( 'NONE', #889, 7.200000000003389466 ) ;
#6398 = ORIENTED_EDGE ( 'NONE', *, *, #2766, .T. ) ;
#6399 = DIRECTION ( 'NONE',  ( 1.000000000000000000, -0.0000000000000000000, -0.0000000000000000000 ) ) ;
#6400 = EDGE_CURVE ( 'NONE', #4250, #2460, #7183, .T. ) ;
#6401 = ADVANCED_FACE ( 'NONE', ( #36 ), #5127, .T. ) ;
#6402 = VERTEX_POINT ( 'NONE', #7693 ) ;
#6403 = ORIENTED_EDGE ( 'NONE', *, *, #848, .T. ) ;
#6404 = CIRCLE ( 'NONE', #1391, 6.500000000000005329 ) ;
#6405 = VERTEX_POINT ( 'NONE', #7735 ) ;
#6406 = EDGE_CURVE ( 'NONE', #1858, #5258, #3782, .T. ) ;
#6407 = DIRECTION ( 'NONE',  ( 0.0000000000000000000, 0.0000000000000000000, -1.000000000000000000 ) ) ;
#6408 = ORIENTED_EDGE ( 'NONE', *, *, #7448, .T. ) ;
#6409 = DIRECTION ( 'NONE',  ( 0.0000000000000000000, 0.0000000000000000000, -1.000000000000000000 ) ) ;
#6410 = ORIENTED_EDGE ( 'NONE', *, *, #5151, .T. ) ;
#6411 = CARTESIAN_POINT ( 'NONE',  ( -66.13329286545233288, 0.0000000000000000000, 0.0000000000000000000 ) ) ;
#6412 = EDGE_CURVE ( 'NONE', #5306, #1727, #1806, .T. ) ;
#6413 = VERTEX_POINT ( 'NONE', #8099 ) ;
#6414 = ORIENTED_EDGE ( 'NONE', *, *, #6297, .T. ) ;
#6415 = CONICAL_SURFACE ( 'NONE', #2403, 6.729642571546105678, 0.9250245035569997221 ) ;
#6416 = CARTESIAN_POINT ( 'NONE',  ( -98.14163738553702387, 8.543475868799976402E-16, -6.976277466081058698 ) ) ;
#6417 = LINE ( 'NONE', #3436, #4517 ) ;
#6418 = EDGE_LOOP ( 'NONE', ( #3968, #4169, #4585, #1256 ) ) ;
#6419 = ORIENTED_EDGE ( 'NONE', *, *, #4770, .F. ) ;
#6420 = DIRECTION ( 'NONE',  ( 1.000000000000000000, -0.0000000000000000000, -0.0000000000000000000 ) ) ;
#6421 = DIRECTION ( 'NONE',  ( 1.000000000000000000, -0.0000000000000000000, -0.0000000000000000000 ) ) ;
#6422 = DIRECTION ( 'NONE',  ( 1.000000000000000000, -0.0000000000000000000, -0.0000000000000000000 ) ) ;
#6423 = DIRECTION ( 'NONE',  ( 1.000000000000000000, -0.0000000000000000000, -0.0000000000000000000 ) ) ;
#6424 = ORIENTED_EDGE ( 'NONE', *, *, #6239, .T. ) ;
#6425 = AXIS2_PLACEMENT_3D ( 'NONE', #7950, #7925, #7887 ) ;
#6426 = CYLINDRICAL_SURFACE ( 'NONE', #4960, 7.450000000000003730 ) ;
#6427 = DIRECTION ( 'NONE',  ( 0.0000000000000000000, 0.0000000000000000000, -1.000000000000000000 ) ) ;
#6428 = CARTESIAN_POINT ( 'NONE',  ( 0.0000000000000000000, 0.0000000000000000000, -6.500000000000006217 ) ) ;
#6429 = ORIENTED_EDGE ( 'NONE', *, *, #6658, .F. ) ;
#6430 = DIRECTION ( 'NONE',  ( 0.0000000000000000000, 0.0000000000000000000, -1.000000000000000000 ) ) ;
#6431 = AXIS2_PLACEMENT_3D ( 'NONE', #3797, #3885, #3940 ) ;
#6432 = AXIS2_PLACEMENT_3D ( 'NONE', #5137, #5276, #7963 ) ;
#6433 = CIRCLE ( 'NONE', #6539, 7.200000000003403677 ) ;
#6434 = CIRCLE ( 'NONE', #2579, 6.500000000000005329 ) ;
#6435 = CONICAL_SURFACE ( 'NONE', #5402, 6.729642571546130547, 0.9250245035569996110 ) ;
#6436 = ADVANCED_FACE ( 'NONE', ( #8238 ), #3174, .T. ) ;
#6437 = DIRECTION ( 'NONE',  ( 1.000000000000000000, -0.0000000000000000000, -0.0000000000000000000 ) ) ;
#6438 = DIRECTION ( 'NONE',  ( 1.000000000000000000, -0.0000000000000000000, -0.0000000000000000000 ) ) ;
#6439 = EDGE_CURVE ( 'NONE', #8348, #8064, #1605, .T. ) ;
#6440 = LINE ( 'NONE', #7042, #3017 ) ;
#6441 = DIRECTION ( 'NONE',  ( 0.0000000000000000000, 0.0000000000000000000, -1.000000000000000000 ) ) ;
#6442 = CARTESIAN_POINT ( 'NONE',  ( -81.86216561471613318, 7.960204194457809282E-16, 6.500000000000010658 ) ) ;
#6443 = VECTOR ( 'NONE', #1018, 1000.000000000000000 ) ;
#6444 = VERTEX_POINT ( 'NONE', #8325 ) ;
#6445 = CARTESIAN_POINT ( 'NONE',  ( -19.34549591851357064, 0.0000000000000000000, 0.0000000000000000000 ) ) ;
#6446 = ADVANCED_FACE ( 'NONE', ( #6799 ), #4717, .T. ) ;
#6447 = EDGE_CURVE ( 'NONE', #3579, #3728, #6397, .T. ) ;
#6448 = DIRECTION ( 'NONE',  ( 1.000000000000000000, -0.0000000000000000000, -0.0000000000000000000 ) ) ;
#6449 = DIRECTION ( 'NONE',  ( 0.0000000000000000000, 0.0000000000000000000, -1.000000000000000000 ) ) ;
#6450 = DIRECTION ( 'NONE',  ( 1.000000000000000000, -0.0000000000000000000, -0.0000000000000000000 ) ) ;
#6451 = VERTEX_POINT ( 'NONE', #603 ) ;
#6452 = CYLINDRICAL_SURFACE ( 'NONE', #4435, 7.450000000000009059 ) ;
#6453 = DIRECTION ( 'NONE',  ( 1.000000000000000000, -0.0000000000000000000, -0.0000000000000000000 ) ) ;
#6454 = VERTEX_POINT ( 'NONE', #593 ) ;
#6455 = ORIENTED_EDGE ( 'NONE', *, *, #99, .T. ) ;
#6456 = EDGE_CURVE ( 'NONE', #8074, #6343, #8057, .T. ) ;
#6457 = DIRECTION ( 'NONE',  ( 1.000000000000000000, -0.0000000000000000000, -0.0000000000000000000 ) ) ;
#6458 = CARTESIAN_POINT ( 'NONE',  ( -28.30267579905647324, 0.0000000000000000000, 0.0000000000000000000 ) ) ;
#6459 = VERTEX_POINT ( 'NONE', #839 ) ;
#6460 = CIRCLE ( 'NONE', #3444, 7.450000000000043698 ) ;
#6461 = EDGE_CURVE ( 'NONE', #7128, #5708, #4932, .T. ) ;
#6462 = CARTESIAN_POINT ( 'NONE',  ( -15.13832010710865283, 0.0000000000000000000, 0.0000000000000000000 ) ) ;
#6463 = EDGE_CURVE ( 'NONE', #3110, #1721, #2964, .T. ) ;
#6464 = CIRCLE ( 'NONE', #5521, 5.470334177092305517 ) ;
#6465 = CARTESIAN_POINT ( 'NONE',  ( -90.75928528405316342, 0.0000000000000000000, 0.0000000000000000000 ) ) ;
#6466 = DIRECTION ( 'NONE',  ( 1.000000000000000000, -0.0000000000000000000, -0.0000000000000000000 ) ) ;
#6467 = CARTESIAN_POINT ( 'NONE',  ( 0.0000000000000000000, 8.817456953865034519E-16, 7.200000000003340617 ) ) ;
#6468 = CARTESIAN_POINT ( 'NONE',  ( 0.0000000000000000000, 7.960204194457804352E-16, 6.500000000000006217 ) ) ;
#6469 = AXIS2_PLACEMENT_3D ( 'NONE', #1206, #1053, #1121 ) ;
#6470 = DIRECTION ( 'NONE',  ( 0.8730486377623268845, 5.971783601352023994E-17, 0.4876331367958347540 ) ) ;
#6471 = DIRECTION ( 'NONE',  ( 0.0000000000000000000, 0.0000000000000000000, -1.000000000000000000 ) ) ;
#6472 = CARTESIAN_POINT ( 'NONE',  ( -95.86317859429071575, 0.0000000000000000000, 0.0000000000000000000 ) ) ;
#6473 = ADVANCED_FACE ( 'NONE', ( #1382 ), #7662, .T. ) ;
#6474 = AXIS2_PLACEMENT_3D ( 'NONE', #3082, #3446, #3429 ) ;
#6475 = ORIENTED_EDGE ( 'NONE', *, *, #1812, .T. ) ;
#6476 = DIRECTION ( 'NONE',  ( 1.000000000000000000, -0.0000000000000000000, -0.0000000000000000000 ) ) ;
#6477 = EDGE_LOOP ( 'NONE', ( #779, #7294, #5430, #5678 ) ) ;
#6478 = VECTOR ( 'NONE', #1452, 999.9999999999998863 ) ;
#6479 = AXIS2_PLACEMENT_3D ( 'NONE', #3146, #3014, #2906 ) ;
#6480 = LINE ( 'NONE', #6238, #3050 ) ;
#6481 = DIRECTION ( 'NONE',  ( 0.0000000000000000000, 0.0000000000000000000, 1.000000000000000000 ) ) ;
#6482 = DIRECTION ( 'NONE',  ( 0.0000000000000000000, 0.0000000000000000000, -1.000000000000000000 ) ) ;
#6483 = ORIENTED_EDGE ( 'NONE', *, *, #6610, .F. ) ;
#6484 = ADVANCED_FACE ( 'NONE', ( #2754 ), #4293, .T. ) ;
#6485 = LINE ( 'NONE', #7025, #1476 ) ;
#6486 = CONICAL_SURFACE ( 'NONE', #4385, 7.200000000003403677, 1.041961563440906957 ) ;
#6487 = AXIS2_PLACEMENT_3D ( 'NONE', #5431, #5966, #8177 ) ;
#6488 = AXIS2_PLACEMENT_3D ( 'NONE', #6803, #6639, #6504 ) ;
#6489 = DIRECTION ( 'NONE',  ( 0.0000000000000000000, 0.0000000000000000000, -1.000000000000000000 ) ) ;
#6490 = VERTEX_POINT ( 'NONE', #4306 ) ;
#6491 = ORIENTED_EDGE ( 'NONE', *, *, #5762, .F. ) ;
#6492 = DIRECTION ( 'NONE',  ( 1.000000000000000000, -0.0000000000000000000, -0.0000000000000000000 ) ) ;
#6493 = CONICAL_SURFACE ( 'NONE', #4626, 7.450000000000002842, 0.9250245035569997221 ) ;
#6494 = DIRECTION ( 'NONE',  ( 1.000000000000000000, -0.0000000000000000000, -0.0000000000000000000 ) ) ;
#6495 = CIRCLE ( 'NONE', #1889, 5.248144356879707928 ) ;
#6496 = CARTESIAN_POINT ( 'NONE',  ( 0.0000000000000000000, 0.0000000000000000000, 0.0000000000000000000 ) ) ;
#6497 = ORIENTED_EDGE ( 'NONE', *, *, #2994, .T. ) ;
#6498 = DIRECTION ( 'NONE',  ( 1.000000000000000000, -0.0000000000000000000, -0.0000000000000000000 ) ) ;
#6499 = ORIENTED_EDGE ( 'NONE', *, *, #419, .F. ) ;
#6500 = EDGE_CURVE ( 'NONE', #3760, #4946, #6004, .T. ) ;
#6501 = ORIENTED_EDGE ( 'NONE', *, *, #3816, .T. ) ;
#6502 = DIRECTION ( 'NONE',  ( 0.0000000000000000000, 0.0000000000000000000, -1.000000000000000000 ) ) ;
#6503 = CARTESIAN_POINT ( 'NONE',  ( 0.0000000000000000000, 0.0000000000000000000, 0.0000000000000000000 ) ) ;
#6504 = DIRECTION ( 'NONE',  ( 0.0000000000000000000, 0.0000000000000000000, -1.000000000000000000 ) ) ;
#6505 = VECTOR ( 'NONE', #4761, 1000.000000000000227 ) ;
#6506 = ORIENTED_EDGE ( 'NONE', *, *, #2045, .F. ) ;
#6507 = DIRECTION ( 'NONE',  ( 1.000000000000000000, -0.0000000000000000000, -0.0000000000000000000 ) ) ;
#6508 = VERTEX_POINT ( 'NONE', #4325 ) ;
#6509 = EDGE_CURVE ( 'NONE', #8348, #4554, #4497, .T. ) ;
#6510 = ORIENTED_EDGE ( 'NONE', *, *, #90, .T. ) ;
#6511 = ORIENTED_EDGE ( 'NONE', *, *, #6275, .T. ) ;
#6512 = FACE_OUTER_BOUND ( 'NONE', #6684, .T. ) ;
#6513 = CARTESIAN_POINT ( 'NONE',  ( -13.65714082121639095, 8.458693593568521502E-16, 6.907047484595389086 ) ) ;
#6514 = CIRCLE ( 'NONE', #6122, 7.450000000000002842 ) ;
#6515 = VERTEX_POINT ( 'NONE', #2210 ) ;
#6516 = ORIENTED_EDGE ( 'NONE', *, *, #6840, .F. ) ;
#6517 = DIRECTION ( 'NONE',  ( 0.0000000000000000000, 0.0000000000000000000, -1.000000000000000000 ) ) ;
#6518 = EDGE_LOOP ( 'NONE', ( #6506, #1726, #4443, #2606 ) ) ;
#6519 = VECTOR ( 'NONE', #4606, 1000.000000000000000 ) ;
#6520 = CARTESIAN_POINT ( 'NONE',  ( -80.75856172721412918, 0.0000000000000000000, 0.0000000000000000000 ) ) ;
#6521 = ADVANCED_FACE ( 'NONE', ( #757 ), #2338, .T. ) ;
#6522 = FACE_OUTER_BOUND ( 'NONE', #5394, .T. ) ;
#6523 = AXIS2_PLACEMENT_3D ( 'NONE', #3901, #3867, #3814 ) ;
#6524 = DIRECTION ( 'NONE',  ( 1.000000000000000000, -0.0000000000000000000, -0.0000000000000000000 ) ) ;
#6525 = CARTESIAN_POINT ( 'NONE',  ( -30.04684587102340743, 0.0000000000000000000, -7.450000000000023270 ) ) ;
#6526 = DIRECTION ( 'NONE',  ( 0.0000000000000000000, 0.0000000000000000000, 1.000000000000000000 ) ) ;
#6527 = CARTESIAN_POINT ( 'NONE',  ( -58.56892210879158256, 0.0000000000000000000, -7.200000000003333511 ) ) ;
#6528 = ORIENTED_EDGE ( 'NONE', *, *, #6255, .F. ) ;
#6529 = DIRECTION ( 'NONE',  ( 1.000000000000000000, -0.0000000000000000000, -0.0000000000000000000 ) ) ;
#6530 = ORIENTED_EDGE ( 'NONE', *, *, #5189, .T. ) ;
#6531 = EDGE_CURVE ( 'NONE', #2073, #3450, #5803, .T. ) ;
#6532 = ORIENTED_EDGE ( 'NONE', *, *, #7909, .F. ) ;
#6533 = LINE ( 'NONE', #3307, #2890 ) ;
#6534 = ADVANCED_FACE ( 'NONE', ( #4085 ), #3889, .T. ) ;
#6535 = DIRECTION ( 'NONE',  ( 1.000000000000000000, -0.0000000000000000000, -0.0000000000000000000 ) ) ;
#6536 = CARTESIAN_POINT ( 'NONE',  ( -97.73029335465122358, 0.0000000000000000000, -6.500000000000010658 ) ) ;
#6537 = LINE ( 'NONE', #3807, #1109 ) ;
#6538 = CIRCLE ( 'NONE', #4364, 7.481170631836493001 ) ;
#6539 = AXIS2_PLACEMENT_3D ( 'NONE', #3032, #3018, #3008 ) ;
#6540 = CARTESIAN_POINT ( 'NONE',  ( -84.27135729930925834, 0.0000000000000000000, 0.0000000000000000000 ) ) ;
#6541 = CIRCLE ( 'NONE', #394, 7.450000000000082778 ) ;
#6542 = CARTESIAN_POINT ( 'NONE',  ( -52.51720221286226575, 0.0000000000000000000, 0.0000000000000000000 ) ) ;
#6543 = CYLINDRICAL_SURFACE ( 'NONE', #4060, 7.450000000000002842 ) ;
#6544 = AXIS2_PLACEMENT_3D ( 'NONE', #2995, #3366, #2636 ) ;
#6545 = AXIS2_PLACEMENT_3D ( 'NONE', #5401, #7217, #5381 ) ;
#6546 = VERTEX_POINT ( 'NONE', #2706 ) ;
#6547 = DIRECTION ( 'NONE',  ( 1.000000000000000000, -0.0000000000000000000, -0.0000000000000000000 ) ) ;
#6548 = LINE ( 'NONE', #1009, #3118 ) ;
#6549 = ORIENTED_EDGE ( 'NONE', *, *, #7914, .F. ) ;
#6550 = DIRECTION ( 'NONE',  ( 1.000000000000000000, -0.0000000000000000000, -0.0000000000000000000 ) ) ;
#6551 = DIRECTION ( 'NONE',  ( 1.000000000000000000, -0.0000000000000000000, -0.0000000000000000000 ) ) ;
#6552 = CARTESIAN_POINT ( 'NONE',  ( -39.07915389105566106, 0.0000000000000000000, -6.729642571546180285 ) ) ;
#6553 = EDGE_CURVE ( 'NONE', #1082, #5798, #7277, .T. ) ;
#6554 = CARTESIAN_POINT ( 'NONE',  ( -86.27150201067706803, 0.0000000000000000000, 7.200000000003375256 ) ) ;
#6555 = LINE ( 'NONE', #1573, #4668 ) ;
#6556 = ORIENTED_EDGE ( 'NONE', *, *, #3863, .T. ) ;
#6557 = EDGE_CURVE ( 'NONE', #1082, #6794, #5612, .T. ) ;
#6558 = CARTESIAN_POINT ( 'NONE',  ( -23.55267172991849023, 0.0000000000000000000, 0.0000000000000000000 ) ) ;
#6559 = DIRECTION ( 'NONE',  ( 0.0000000000000000000, 0.0000000000000000000, -1.000000000000000000 ) ) ;
#6560 = CARTESIAN_POINT ( 'NONE',  ( 0.0000000000000000000, 9.368548013477252244E-16, 7.650000000000001243 ) ) ;
#6561 = ADVANCED_FACE ( 'NONE', ( #6203 ), #3669, .T. ) ;
#6562 = LINE ( 'NONE', #5880, #8205 ) ;
#6563 = EDGE_CURVE ( 'NONE', #1096, #6336, #5418, .T. ) ;
#6564 = CARTESIAN_POINT ( 'NONE',  ( -64.11605290014118452, 0.0000000000000000000, 0.0000000000000000000 ) ) ;
#6565 = DIRECTION ( 'NONE',  ( -1.000000000000000000, 0.0000000000000000000, 0.0000000000000000000 ) ) ;
#6566 = DIRECTION ( 'NONE',  ( -0.5045276238141440661, 0.0000000000000000000, 0.8633955506072831243 ) ) ;
#6567 = CARTESIAN_POINT ( 'NONE',  ( -82.27121258794144865, 0.0000000000000000000, 0.0000000000000000000 ) ) ;
#6568 = EDGE_CURVE ( 'NONE', #3785, #3894, #967, .T. ) ;
#6569 = LINE ( 'NONE', #2976, #4900 ) ;
#6570 = ADVANCED_FACE ( 'NONE', ( #2113 ), #138, .T. ) ;
#6571 = EDGE_CURVE ( 'NONE', #6490, #753, #350, .T. ) ;
#6572 = CARTESIAN_POINT ( 'NONE',  ( -32.00458742247300137, 8.682526944148776739E-16, 6.729642571546130547 ) ) ;
#6573 = DIRECTION ( 'NONE',  ( 1.000000000000000000, -0.0000000000000000000, -0.0000000000000000000 ) ) ;
#6574 = DIRECTION ( 'NONE',  ( 0.0000000000000000000, 0.0000000000000000000, -1.000000000000000000 ) ) ;
#6575 = ORIENTED_EDGE ( 'NONE', *, *, #3435, .T. ) ;
#6576 = VECTOR ( 'NONE', #2479, 1000.000000000000000 ) ;
#6577 = CIRCLE ( 'NONE', #4451, 6.500000000000005329 ) ;
#6578 = AXIS2_PLACEMENT_3D ( 'NONE', #5100, #4925, #5183 ) ;
#6579 = ORIENTED_EDGE ( 'NONE', *, *, #4806, .T. ) ;
#6580 = DIRECTION ( 'NONE',  ( 0.0000000000000000000, 0.0000000000000000000, -1.000000000000000000 ) ) ;
#6581 = CARTESIAN_POINT ( 'NONE',  ( -21.60745153505045479, 9.123618653647785104E-16, 7.450000000000002842 ) ) ;
#6582 = CARTESIAN_POINT ( 'NONE',  ( 0.0000000000000000000, 0.0000000000000000000, 0.0000000000000000000 ) ) ;
#6583 = DIRECTION ( 'NONE',  ( 0.0000000000000000000, 0.0000000000000000000, -1.000000000000000000 ) ) ;
#6584 = FACE_OUTER_BOUND ( 'NONE', #2982, .T. ) ;
#6585 = VECTOR ( 'NONE', #5480, 1000.000000000000114 ) ;
#6586 = AXIS2_PLACEMENT_3D ( 'NONE', #6663, #2109, #2018 ) ;
#6587 = EDGE_LOOP ( 'NONE', ( #3297, #7010, #6140, #214 ) ) ;
#6588 = ORIENTED_EDGE ( 'NONE', *, *, #4810, .T. ) ;
#6589 = CARTESIAN_POINT ( 'NONE',  ( -24.95506366705346579, 0.0000000000000000000, -6.729642571546104790 ) ) ;
#6590 = LINE ( 'NONE', #7353, #6386 ) ;
#6591 = DIRECTION ( 'NONE',  ( 1.000000000000000000, -0.0000000000000000000, -0.0000000000000000000 ) ) ;
#6592 = CONICAL_SURFACE ( 'NONE', #8351, 6.500000000000012434, 0.6248278722141575869 ) ;
#6593 = ORIENTED_EDGE ( 'NONE', *, *, #1758, .F. ) ;
#6594 = ORIENTED_EDGE ( 'NONE', *, *, #3386, .F. ) ;
#6595 = LINE ( 'NONE', #6468, #3378 ) ;
#6596 = AXIS2_PLACEMENT_3D ( 'NONE', #6283, #4263, #4302 ) ;
#6597 = AXIS2_PLACEMENT_3D ( 'NONE', #174, #185, #8343 ) ;
#6598 = ADVANCED_FACE ( 'NONE', ( #6891 ), #6689, .T. ) ;
#6599 = VECTOR ( 'NONE', #932, 1000.000000000000114 ) ;
#6600 = ORIENTED_EDGE ( 'NONE', *, *, #6715, .T. ) ;
#6601 = CARTESIAN_POINT ( 'NONE',  ( -98.14163738553702387, 8.543475868799976402E-16, -6.976277466081058698 ) ) ;
#6602 = EDGE_LOOP ( 'NONE', ( #5472, #8171, #3738, #3784 ) ) ;
#6603 = DIRECTION ( 'NONE',  ( 1.000000000000000000, -0.0000000000000000000, -0.0000000000000000000 ) ) ;
#6604 = ORIENTED_EDGE ( 'NONE', *, *, #3273, .T. ) ;
#6605 = FACE_OUTER_BOUND ( 'NONE', #4518, .T. ) ;
#6606 = ORIENTED_EDGE ( 'NONE', *, *, #1074, .F. ) ;
#6607 = DIRECTION ( 'NONE',  ( 0.0000000000000000000, 0.0000000000000000000, -1.000000000000000000 ) ) ;
#6608 = ADVANCED_FACE ( 'NONE', ( #1903 ), #3277, .T. ) ;
#6609 = DIRECTION ( 'NONE',  ( 0.0000000000000000000, 0.0000000000000000000, -1.000000000000000000 ) ) ;
#6610 = EDGE_CURVE ( 'NONE', #4026, #6210, #5024, .T. ) ;
#6611 = CARTESIAN_POINT ( 'NONE',  ( -95.73014864328338547, 0.0000000000000000000, -6.500000000000007105 ) ) ;
#6612 = ORIENTED_EDGE ( 'NONE', *, *, #2824, .T. ) ;
#6613 = CARTESIAN_POINT ( 'NONE',  ( -24.41223540932040237, 0.0000000000000000000, -7.450000000000002842 ) ) ;
#6614 = VERTEX_POINT ( 'NONE', #7377 ) ;
#6615 = CONICAL_SURFACE ( 'NONE', #1499, 7.200000000003347722, 1.041961563440975347 ) ;
#6616 = FACE_OUTER_BOUND ( 'NONE', #7930, .T. ) ;
#6617 = EDGE_CURVE ( 'NONE', #1317, #1727, #5227, .T. ) ;
#6618 = DIRECTION ( 'NONE',  ( 0.0000000000000000000, 0.0000000000000000000, -1.000000000000000000 ) ) ;
#6619 = EDGE_LOOP ( 'NONE', ( #7953, #5820, #2064, #267 ) ) ;
#6620 = ORIENTED_EDGE ( 'NONE', *, *, #6728, .T. ) ;
#6621 = EDGE_CURVE ( 'NONE', #3794, #5618, #7083, .T. ) ;
#6622 = CARTESIAN_POINT ( 'NONE',  ( -64.62064200472499920, 0.0000000000000000000, 0.0000000000000000000 ) ) ;
#6623 = DIRECTION ( 'NONE',  ( 0.0000000000000000000, 0.0000000000000000000, -1.000000000000000000 ) ) ;
#6624 = ORIENTED_EDGE ( 'NONE', *, *, #2783, .T. ) ;
#6625 = CARTESIAN_POINT ( 'NONE',  ( -47.12331345590474996, 0.0000000000000000000, 0.0000000000000000000 ) ) ;
#6626 = CIRCLE ( 'NONE', #3617, 7.650000000000001243 ) ;
#6627 = ORIENTED_EDGE ( 'NONE', *, *, #5832, .F. ) ;
#6628 = CARTESIAN_POINT ( 'NONE',  ( -68.15053283076346702, 0.0000000000000000000, 0.0000000000000000000 ) ) ;
#6629 = ORIENTED_EDGE ( 'NONE', *, *, #6924, .F. ) ;
#6630 = AXIS2_PLACEMENT_3D ( 'NONE', #4764, #4756, #4718 ) ;
#6631 = CARTESIAN_POINT ( 'NONE',  ( 0.0000000000000000000, 0.0000000000000000000, 0.0000000000000000000 ) ) ;
#6632 = DIRECTION ( 'NONE',  ( 1.000000000000000000, -0.0000000000000000000, -0.0000000000000000000 ) ) ;
#6633 = FACE_OUTER_BOUND ( 'NONE', #696, .T. ) ;
#6634 = VECTOR ( 'NONE', #452, 1000.000000000000000 ) ;
#6635 = CONICAL_SURFACE ( 'NONE', #4533, 6.729642571546104790, 0.9250245035569997221 ) ;
#6636 = AXIS2_PLACEMENT_3D ( 'NONE', #5901, #5873, #5838 ) ;
#6637 = DIRECTION ( 'NONE',  ( 0.8110638189892164229, 0.0000000000000000000, -0.5849576749873681702 ) ) ;
#6638 = CARTESIAN_POINT ( 'NONE',  ( -31.46175916473993439, 0.0000000000000000000, 0.0000000000000000000 ) ) ;
#6639 = DIRECTION ( 'NONE',  ( 1.000000000000000000, -0.0000000000000000000, -0.0000000000000000000 ) ) ;
#6640 = DIRECTION ( 'NONE',  ( 0.0000000000000000000, 0.0000000000000000000, -1.000000000000000000 ) ) ;
#6641 = AXIS2_PLACEMENT_3D ( 'NONE', #3514, #3663, #6128 ) ;
#6642 = CONICAL_SURFACE ( 'NONE', #105, 6.500000000000007105, 0.6248278722141583641 ) ;
#6643 = ADVANCED_FACE ( 'NONE', ( #3472 ), #4817, .T. ) ;
#6644 = LINE ( 'NONE', #1281, #8282 ) ;
#6645 = ORIENTED_EDGE ( 'NONE', *, *, #3653, .F. ) ;
#6646 = CARTESIAN_POINT ( 'NONE',  ( 0.0000000000000000000, 0.0000000000000000000, 0.0000000000000000000 ) ) ;
#6647 = DIRECTION ( 'NONE',  ( 0.0000000000000000000, 0.0000000000000000000, -1.000000000000000000 ) ) ;
#6648 = AXIS2_PLACEMENT_3D ( 'NONE', #2297, #2323, #2247 ) ;
#6649 = AXIS2_PLACEMENT_3D ( 'NONE', #1136, #522, #495 ) ;
#6650 = CIRCLE ( 'NONE', #4897, 6.500000000000007105 ) ;
#6651 = ORIENTED_EDGE ( 'NONE', *, *, #2333, .F. ) ;
#6652 = ORIENTED_EDGE ( 'NONE', *, *, #2932, .F. ) ;
#6653 = CARTESIAN_POINT ( 'NONE',  ( -61.68976596160536019, 0.0000000000000000000, 0.0000000000000000000 ) ) ;
#6654 = ADVANCED_FACE ( 'NONE', ( #1487 ), #6290, .T. ) ;
#6655 = DIRECTION ( 'NONE',  ( 1.000000000000000000, -0.0000000000000000000, -0.0000000000000000000 ) ) ;
#6656 = VECTOR ( 'NONE', #3766, 1000.000000000000227 ) ;
#6657 = DIRECTION ( 'NONE',  ( 1.000000000000000000, -0.0000000000000000000, -0.0000000000000000000 ) ) ;
#6658 = EDGE_CURVE ( 'NONE', #6118, #6182, #7947, .T. ) ;
#6659 = LINE ( 'NONE', #8133, #3036 ) ;
#6660 = CARTESIAN_POINT ( 'NONE',  ( -80.25397262263031450, 0.0000000000000000000, 0.0000000000000000000 ) ) ;
#6661 = EDGE_CURVE ( 'NONE', #3815, #466, #6495, .T. ) ;
#6662 = CARTESIAN_POINT ( 'NONE',  ( 0.0000000000000000000, 8.817456953861385051E-16, 7.200000000000361666 ) ) ;
#6663 = CARTESIAN_POINT ( 'NONE',  ( -87.86259974881949120, 0.0000000000000000000, 0.0000000000000000000 ) ) ;
#6664 = DIRECTION ( 'NONE',  ( 1.000000000000000000, -0.0000000000000000000, -0.0000000000000000000 ) ) ;
#6665 = AXIS2_PLACEMENT_3D ( 'NONE', #6699, #5764, #7332 ) ;
#6666 = DIRECTION ( 'NONE',  ( 1.000000000000000000, -0.0000000000000000000, -0.0000000000000000000 ) ) ;
#6667 = CARTESIAN_POINT ( 'NONE',  ( -88.27164672204487772, 8.817456953865094669E-16, -7.200000000003389466 ) ) ;
#6668 = CONICAL_SURFACE ( 'NONE', #2981, 6.500000000000007105, 0.6248278722141583641 ) ;
#6669 = DIRECTION ( 'NONE',  ( 1.000000000000000000, -0.0000000000000000000, -0.0000000000000000000 ) ) ;
#6670 = CARTESIAN_POINT ( 'NONE',  ( 0.0000000000000000000, 0.0000000000000000000, 0.0000000000000000000 ) ) ;
#6671 = DIRECTION ( 'NONE',  ( 0.0000000000000000000, 0.0000000000000000000, -1.000000000000000000 ) ) ;
#6672 = EDGE_CURVE ( 'NONE', #8283, #1311, #8331, .T. ) ;
#6673 = ORIENTED_EDGE ( 'NONE', *, *, #7298, .F. ) ;
#6674 = EDGE_CURVE ( 'NONE', #5791, #362, #1268, .T. ) ;
#6675 = VECTOR ( 'NONE', #1578, 1000.000000000000000 ) ;
#6676 = LINE ( 'NONE', #4911, #5009 ) ;
#6677 = CARTESIAN_POINT ( 'NONE',  ( 0.0000000000000000000, 0.0000000000000000000, -7.450000000000038369 ) ) ;
#6678 = DIRECTION ( 'NONE',  ( 0.0000000000000000000, 0.0000000000000000000, 1.000000000000000000 ) ) ;
#6679 = ORIENTED_EDGE ( 'NONE', *, *, #4290, .T. ) ;
#6680 = FACE_OUTER_BOUND ( 'NONE', #4699, .T. ) ;
#6681 = CIRCLE ( 'NONE', #6121, 7.200000000003333511 ) ;
#6682 = AXIS2_PLACEMENT_3D ( 'NONE', #5599, #5811, #5719 ) ;
#6683 = ADVANCED_FACE ( 'NONE', ( #3066 ), #2646, .T. ) ;
#6684 = EDGE_LOOP ( 'NONE', ( #5706, #2090, #922, #5726 ) ) ;
#6685 = CARTESIAN_POINT ( 'NONE',  ( -59.53949604528606443, 0.0000000000000000000, -6.500000000000007105 ) ) ;
#6686 = EDGE_LOOP ( 'NONE', ( #4873, #3377, #6497, #302 ) ) ;
#6687 = DIRECTION ( 'NONE',  ( 0.0000000000000000000, 0.0000000000000000000, -1.000000000000000000 ) ) ;
#6688 = VECTOR ( 'NONE', #4144, 1000.000000000000227 ) ;
#6689 = CONICAL_SURFACE ( 'NONE', #7267, 7.200000000000362554, 1.041961563441588190 ) ;
#6690 = AXIS2_PLACEMENT_3D ( 'NONE', #526, #8241, #557 ) ;
#6691 = AXIS2_PLACEMENT_3D ( 'NONE', #4487, #4457, #3899 ) ;
#6692 = DIRECTION ( 'NONE',  ( 0.0000000000000000000, 0.0000000000000000000, -1.000000000000000000 ) ) ;
#6693 = CARTESIAN_POINT ( 'NONE',  ( -74.70684183128071254, 0.0000000000000000000, 0.0000000000000000000 ) ) ;
#6694 = EDGE_LOOP ( 'NONE', ( #775, #2770, #6217, #6020 ) ) ;
#6695 = ORIENTED_EDGE ( 'NONE', *, *, #1083, .T. ) ;
#6696 = DIRECTION ( 'NONE',  ( 1.000000000000000000, -0.0000000000000000000, -0.0000000000000000000 ) ) ;
#6697 = ORIENTED_EDGE ( 'NONE', *, *, #315, .F. ) ;
#6698 = DIRECTION ( 'NONE',  ( 0.0000000000000000000, 0.0000000000000000000, 1.000000000000000000 ) ) ;
#6699 = CARTESIAN_POINT ( 'NONE',  ( -89.86274446018727247, 0.0000000000000000000, 0.0000000000000000000 ) ) ;
#6700 = DIRECTION ( 'NONE',  ( 0.0000000000000000000, 0.0000000000000000000, -1.000000000000000000 ) ) ;
#6701 = CARTESIAN_POINT ( 'NONE',  ( 0.0000000000000000000, 0.0000000000000000000, -6.500000000000006217 ) ) ;
#6702 = LINE ( 'NONE', #2197, #7955 ) ;
#6703 = ORIENTED_EDGE ( 'NONE', *, *, #2368, .T. ) ;
#6704 = EDGE_LOOP ( 'NONE', ( #6296, #2758, #6762, #5919 ) ) ;
#6705 = ORIENTED_EDGE ( 'NONE', *, *, #7699, .T. ) ;
#6706 = ORIENTED_EDGE ( 'NONE', *, *, #3332, .F. ) ;
#6707 = EDGE_CURVE ( 'NONE', #1727, #1522, #6102, .T. ) ;
#6708 = CIRCLE ( 'NONE', #8396, 7.200000000003347722 ) ;
#6709 = CYLINDRICAL_SURFACE ( 'NONE', #4852, 7.450000000000002842 ) ;
#6710 = CARTESIAN_POINT ( 'NONE',  ( -64.11605290014118452, 0.0000000000000000000, 7.200000000003347722 ) ) ;
#6711 = DIRECTION ( 'NONE',  ( 0.0000000000000000000, 0.0000000000000000000, -1.000000000000000000 ) ) ;
#6712 = DIRECTION ( 'NONE',  ( -1.000000000000000000, 0.0000000000000000000, 0.0000000000000000000 ) ) ;
#6713 = VERTEX_POINT ( 'NONE', #6899 ) ;
#6714 = ORIENTED_EDGE ( 'NONE', *, *, #530, .T. ) ;
#6715 = EDGE_CURVE ( 'NONE', #2847, #404, #4384, .T. ) ;
#6716 = DIRECTION ( 'NONE',  ( 0.0000000000000000000, 0.0000000000000000000, -1.000000000000000000 ) ) ;
#6717 = ORIENTED_EDGE ( 'NONE', *, *, #5604, .F. ) ;
#6718 = CYLINDRICAL_SURFACE ( 'NONE', #1667, 14.30000000000000071 ) ;
#6719 = CYLINDRICAL_SURFACE ( 'NONE', #1159, 7.200000000003340617 ) ;
#6720 = ORIENTED_EDGE ( 'NONE', *, *, #1901, .F. ) ;
#6721 = EDGE_CURVE ( 'NONE', #6508, #1376, #7759, .T. ) ;
#6722 = DIRECTION ( 'NONE',  ( 1.000000000000000000, -0.0000000000000000000, -0.0000000000000000000 ) ) ;
#6723 = EDGE_LOOP ( 'NONE', ( #5639, #7269, #1263, #1271 ) ) ;
#6724 = DIRECTION ( 'NONE',  ( 0.8110638189892172001, 0.0000000000000000000, -0.5849576749873672821 ) ) ;
#6725 = CARTESIAN_POINT ( 'NONE',  ( -26.90028386192150123, 0.0000000000000000000, 0.0000000000000000000 ) ) ;
#6726 = EDGE_LOOP ( 'NONE', ( #1961, #5002, #5493, #1863 ) ) ;
#6727 = CIRCLE ( 'NONE', #4669, 6.500000000000007105 ) ;
#6728 = EDGE_CURVE ( 'NONE', #378, #2759, #2852, .T. ) ;
#6729 = CARTESIAN_POINT ( 'NONE',  ( -59.67252599629420473, 0.0000000000000000000, 0.0000000000000000000 ) ) ;
#6730 = EDGE_CURVE ( 'NONE', #3427, #1540, #8147, .T. ) ;
#6731 = CARTESIAN_POINT ( 'NONE',  ( -25.81462734645537438, 0.0000000000000000000, -7.450000000000002842 ) ) ;
#6732 = CIRCLE ( 'NONE', #173, 7.507796548653469237 ) ;
#6733 = VECTOR ( 'NONE', #1267, 1000.000000000000000 ) ;
#6734 = CARTESIAN_POINT ( 'NONE',  ( -53.62080610036073836, 0.0000000000000000000, -6.500000000000005329 ) ) ;
#6735 = CARTESIAN_POINT ( 'NONE',  ( -15.99788378651056320, 0.0000000000000000000, 0.0000000000000000000 ) ) ;
#6736 = CARTESIAN_POINT ( 'NONE',  ( 0.0000000000000000000, 8.817456953865163695E-16, 7.200000000003445422 ) ) ;
#6737 = ADVANCED_FACE ( 'NONE', ( #1064 ), #654, .T. ) ;
#6738 = CIRCLE ( 'NONE', #8341, 7.450000000000023270 ) ;
#6739 = DIRECTION ( 'NONE',  ( 0.0000000000000000000, 0.0000000000000000000, -1.000000000000000000 ) ) ;
#6740 = LINE ( 'NONE', #5422, #5067 ) ;
#6741 = VERTEX_POINT ( 'NONE', #4272 ) ;
#6742 = AXIS2_PLACEMENT_3D ( 'NONE', #4530, #4493, #3978 ) ;
#6743 = CARTESIAN_POINT ( 'NONE',  ( -58.06433300420776789, 0.0000000000000000000, 0.0000000000000000000 ) ) ;
#6744 = CARTESIAN_POINT ( 'NONE',  ( 0.0000000000000000000, 9.123618653647785104E-16, 7.450000000000002842 ) ) ;
#6745 = CARTESIAN_POINT ( 'NONE',  ( -8.962348569452977642, 1.344049862064220263E-15, 7.650000000000001243 ) ) ;
#6746 = VECTOR ( 'NONE', #1795, 1000.000000000000227 ) ;
#6747 = AXIS2_PLACEMENT_3D ( 'NONE', #7194, #7344, #8302 ) ;
#6748 = VERTEX_POINT ( 'NONE', #4047 ) ;
#6749 = PRODUCT_CONTEXT ( 'NONE', #5361, 'mechanical' ) ;
#6750 = ORIENTED_EDGE ( 'NONE', *, *, #6776, .F. ) ;
#6751 = DIRECTION ( 'NONE',  ( 0.0000000000000000000, 0.0000000000000000000, 1.000000000000000000 ) ) ;
#6752 = DIRECTION ( 'NONE',  ( 0.0000000000000000000, 0.0000000000000000000, 1.000000000000000000 ) ) ;
#6753 = CARTESIAN_POINT ( 'NONE',  ( -52.51720221286226575, 8.817456953861385051E-16, 7.200000000000361666 ) ) ;
#6754 = AXIS2_PLACEMENT_3D ( 'NONE', #6353, #6259, #6342 ) ;
#6755 = VECTOR ( 'NONE', #2566, 1000.000000000000114 ) ;
#6756 = ORIENTED_EDGE ( 'NONE', *, *, #2930, .F. ) ;
#6757 = CARTESIAN_POINT ( 'NONE',  ( -35.37724226763913293, 9.123618653647846240E-16, -7.450000000000052580 ) ) ;
#6758 = CARTESIAN_POINT ( 'NONE',  ( -54.53444217817340700, 0.0000000000000000000, -7.200000000000362554 ) ) ;
#6759 = AXIS2_PLACEMENT_3D ( 'NONE', #5923, #5780, #1414 ) ;
#6760 = AXIS2_PLACEMENT_3D ( 'NONE', #4541, #3183, #4525 ) ;
#6761 = CARTESIAN_POINT ( 'NONE',  ( -73.79320575347227873, 0.0000000000000000000, -6.500000000000005329 ) ) ;
#6762 = ORIENTED_EDGE ( 'NONE', *, *, #3927, .T. ) ;
#6763 = VECTOR ( 'NONE', #5889, 999.9999999999998863 ) ;
#6764 = ORIENTED_EDGE ( 'NONE', *, *, #1022, .T. ) ;
#6765 = DIRECTION ( 'NONE',  ( 1.000000000000000000, -0.0000000000000000000, -0.0000000000000000000 ) ) ;
#6766 = DIRECTION ( 'NONE',  ( -1.000000000000000000, 0.0000000000000000000, 0.0000000000000000000 ) ) ;
#6767 = CARTESIAN_POINT ( 'NONE',  ( -60.08157296951890913, 0.0000000000000000000, 0.0000000000000000000 ) ) ;
#6768 = CYLINDRICAL_SURFACE ( 'NONE', #8182, 6.500000000000006217 ) ;
#6769 = EDGE_LOOP ( 'NONE', ( #233, #2960, #98, #6516 ) ) ;
#6770 = EDGE_CURVE ( 'NONE', #1338, #3603, #5903, .T. ) ;
#6771 = DIRECTION ( 'NONE',  ( 1.000000000000000000, -0.0000000000000000000, -0.0000000000000000000 ) ) ;
#6772 = ADVANCED_FACE ( 'NONE', ( #5699 ), #2219, .T. ) ;
#6773 = EDGE_CURVE ( 'NONE', #4130, #2568, #4181, .T. ) ;
#6774 = DIRECTION ( 'NONE',  ( 1.000000000000000000, -0.0000000000000000000, -0.0000000000000000000 ) ) ;
#6775 = FACE_OUTER_BOUND ( 'NONE', #555, .T. ) ;
#6776 = EDGE_CURVE ( 'NONE', #5397, #3226, #853, .T. ) ;
#6777 = VECTOR ( 'NONE', #3707, 1000.000000000000000 ) ;
#6778 = CARTESIAN_POINT ( 'NONE',  ( -30.58967412875647440, 0.0000000000000000000, 0.0000000000000000000 ) ) ;
#6779 = ORIENTED_EDGE ( 'NONE', *, *, #2670, .T. ) ;
#6780 = ORIENTED_EDGE ( 'NONE', *, *, #2651, .T. ) ;
#6781 = LINE ( 'NONE', #7389, #4913 ) ;
#6782 = DIRECTION ( 'NONE',  ( 1.000000000000000000, -0.0000000000000000000, -0.0000000000000000000 ) ) ;
#6783 = VECTOR ( 'NONE', #3147, 1000.000000000000000 ) ;
#6784 = AXIS2_PLACEMENT_3D ( 'NONE', #7533, #7509, #7476 ) ;
#6785 = DIRECTION ( 'NONE',  ( 0.0000000000000000000, 0.0000000000000000000, -1.000000000000000000 ) ) ;
#6786 = ORIENTED_EDGE ( 'NONE', *, *, #1030, .T. ) ;
#6787 = VERTEX_POINT ( 'NONE', #2382 ) ;
#6788 = EDGE_CURVE ( 'NONE', #2936, #3302, #7175, .T. ) ;
#6789 = FACE_OUTER_BOUND ( 'NONE', #3459, .T. ) ;
#6790 = CARTESIAN_POINT ( 'NONE',  ( -25.49789192478652566, 0.0000000000000000000, 7.450000000000002842 ) ) ;
#6791 = FACE_OUTER_BOUND ( 'NONE', #1802, .T. ) ;
#6792 = CARTESIAN_POINT ( 'NONE',  ( -1.755812594380902869, 0.0000000000000000000, 0.0000000000000000000 ) ) ;
#6793 = AXIS2_PLACEMENT_3D ( 'NONE', #2688, #2790, #2731 ) ;
#6794 = VERTEX_POINT ( 'NONE', #2819 ) ;
#6795 = ORIENTED_EDGE ( 'NONE', *, *, #6610, .T. ) ;
#6796 = ORIENTED_EDGE ( 'NONE', *, *, #7603, .T. ) ;
#6797 = CONICAL_SURFACE ( 'NONE', #3034, 7.450000000000002842, 0.9250245035569997221 ) ;
#6798 = AXIS2_PLACEMENT_3D ( 'NONE', #489, #481, #456 ) ;
#6799 = FACE_OUTER_BOUND ( 'NONE', #8191, .T. ) ;
#6800 = EDGE_LOOP ( 'NONE', ( #6556, #7819, #7623, #5761 ) ) ;
#6801 = DIRECTION ( 'NONE',  ( 0.0000000000000000000, 0.0000000000000000000, -1.000000000000000000 ) ) ;
#6802 = DIRECTION ( 'NONE',  ( 0.0000000000000000000, 0.0000000000000000000, -1.000000000000000000 ) ) ;
#6803 = CARTESIAN_POINT ( 'NONE',  ( 0.0000000000000000000, 0.0000000000000000000, 0.0000000000000000000 ) ) ;
#6804 = EDGE_LOOP ( 'NONE', ( #4389, #972, #8035, #7463 ) ) ;
#6805 = DIRECTION ( 'NONE',  ( 1.000000000000000000, -0.0000000000000000000, -0.0000000000000000000 ) ) ;
#6806 = ORIENTED_EDGE ( 'NONE', *, *, #6456, .F. ) ;
#6807 = LINE ( 'NONE', #4890, #8244 ) ;
#6808 = AXIS2_PLACEMENT_3D ( 'NONE', #5819, #6264, #6241 ) ;
#6809 = AXIS2_PLACEMENT_3D ( 'NONE', #1871, #2683, #1818 ) ;
#6810 = CARTESIAN_POINT ( 'NONE',  ( -33.25000000000000000, 0.0000000000000000000, 0.0000000000000000000 ) ) ;
#6811 = EDGE_LOOP ( 'NONE', ( #6679, #6878, #7068, #538 ) ) ;
#6812 = DIRECTION ( 'NONE',  ( -0.6018150231520442706, 0.0000000000000000000, 0.7986355100472959379 ) ) ;
#6813 = ORIENTED_EDGE ( 'NONE', *, *, #1533, .T. ) ;
#6814 = DIRECTION ( 'NONE',  ( 0.0000000000000000000, 0.0000000000000000000, -1.000000000000000000 ) ) ;
#6815 = VERTEX_POINT ( 'NONE', #1483 ) ;
#6816 = FACE_OUTER_BOUND ( 'NONE', #8222, .T. ) ;
#6817 = DIRECTION ( 'NONE',  ( 1.000000000000000000, -0.0000000000000000000, -0.0000000000000000000 ) ) ;
#6818 = VECTOR ( 'NONE', #5893, 1000.000000000000114 ) ;
#6819 = EDGE_LOOP ( 'NONE', ( #5371, #3799, #4205, #189 ) ) ;
#6820 = ADVANCED_FACE ( 'NONE', ( #437 ), #5315, .T. ) ;
#6821 = EDGE_LOOP ( 'NONE', ( #3087, #371, #1222, #4095 ) ) ;
#6822 = ORIENTED_EDGE ( 'NONE', *, *, #1647, .T. ) ;
#6823 = DIRECTION ( 'NONE',  ( 0.0000000000000000000, 0.0000000000000000000, -1.000000000000000000 ) ) ;
#6824 = EDGE_CURVE ( 'NONE', #7677, #7806, #6981, .T. ) ;
#6825 = DIRECTION ( 'NONE',  ( 0.8110638189892164229, 7.163665443099581461E-17, 0.5849576749873681702 ) ) ;
#6826 = ORIENTED_EDGE ( 'NONE', *, *, #6563, .F. ) ;
#6827 = CIRCLE ( 'NONE', #3188, 6.500000000000007105 ) ;
#6828 = DIRECTION ( 'NONE',  ( 0.0000000000000000000, 0.0000000000000000000, -1.000000000000000000 ) ) ;
#6829 = ORIENTED_EDGE ( 'NONE', *, *, #5452, .F. ) ;
#6830 = EDGE_CURVE ( 'NONE', #306, #5306, #238, .T. ) ;
#6831 = ORIENTED_EDGE ( 'NONE', *, *, #1142, .F. ) ;
#6832 = DIRECTION ( 'NONE',  ( 1.000000000000000000, -0.0000000000000000000, -0.0000000000000000000 ) ) ;
#6833 = DIRECTION ( 'NONE',  ( -0.6018150231520442706, 9.780464210648347626E-17, -0.7986355100472959379 ) ) ;
#6834 = EDGE_CURVE ( 'NONE', #674, #4320, #1999, .T. ) ;
#6835 = CARTESIAN_POINT ( 'NONE',  ( 0.0000000000000000000, 9.123618653647877795E-16, 7.450000000000078337 ) ) ;
#6836 = VECTOR ( 'NONE', #3839, 1000.000000000000000 ) ;
#6837 = CIRCLE ( 'NONE', #776, 6.500000000000007105 ) ;
#6838 = FACE_OUTER_BOUND ( 'NONE', #6026, .T. ) ;
#6839 = EDGE_CURVE ( 'NONE', #7364, #4946, #3982, .T. ) ;
#6840 = EDGE_CURVE ( 'NONE', #5755, #5241, #5511, .T. ) ;
#6841 = DIRECTION ( 'NONE',  ( 1.000000000000000000, -0.0000000000000000000, -0.0000000000000000000 ) ) ;
#6842 = DIRECTION ( 'NONE',  ( 0.0000000000000000000, 0.0000000000000000000, -1.000000000000000000 ) ) ;
#6843 = DIRECTION ( 'NONE',  ( 1.000000000000000000, -0.0000000000000000000, -0.0000000000000000000 ) ) ;
#6844 = DIRECTION ( 'NONE',  ( -0.5045276238141059855, 0.0000000000000000000, 0.8633955506073053288 ) ) ;
#6845 = FACE_OUTER_BOUND ( 'NONE', #2134, .T. ) ;
#6846 = DIRECTION ( 'NONE',  ( 1.000000000000000000, -0.0000000000000000000, -0.0000000000000000000 ) ) ;
#6847 = LINE ( 'NONE', #1592, #5171 ) ;
#6848 = DIRECTION ( 'NONE',  ( 1.000000000000000000, -0.0000000000000000000, -0.0000000000000000000 ) ) ;
#6849 = ORIENTED_EDGE ( 'NONE', *, *, #7496, .F. ) ;
#6850 = DIRECTION ( 'NONE',  ( -0.6018150231520442706, 0.0000000000000000000, 0.7986355100472959379 ) ) ;
#6851 = AXIS2_PLACEMENT_3D ( 'NONE', #8024, #8015, #7990 ) ;
#6852 = CIRCLE ( 'NONE', #874, 7.200000000003347722 ) ;
#6853 = CARTESIAN_POINT ( 'NONE',  ( -20.74788785564854621, 0.0000000000000000000, 0.0000000000000000000 ) ) ;
#6854 = DIRECTION ( 'NONE',  ( 1.000000000000000000, -0.0000000000000000000, -0.0000000000000000000 ) ) ;
#6855 = ORIENTED_EDGE ( 'NONE', *, *, #911, .F. ) ;
#6856 = ORIENTED_EDGE ( 'NONE', *, *, #5358, .F. ) ;
#6857 = AXIS2_PLACEMENT_3D ( 'NONE', #7280, #8335, #5720 ) ;
#6858 = AXIS2_PLACEMENT_3D ( 'NONE', #7752, #7582, #7510 ) ;
#6859 = FACE_OUTER_BOUND ( 'NONE', #2563, .T. ) ;
#6860 = ADVANCED_FACE ( 'NONE', ( #6791 ), #6592, .T. ) ;
#6861 = CARTESIAN_POINT ( 'NONE',  ( 0.0000000000000000000, 0.0000000000000000000, 0.0000000000000000000 ) ) ;
#6862 = VECTOR ( 'NONE', #2151, 1000.000000000000227 ) ;
#6863 = CARTESIAN_POINT ( 'NONE',  ( -18.48593223911166206, 9.123618653647785104E-16, -7.450000000000002842 ) ) ;
#6864 = AXIS2_PLACEMENT_3D ( 'NONE', #3052, #3742, #5021 ) ;
#6865 = EDGE_CURVE ( 'NONE', #5446, #6993, #1796, .T. ) ;
#6866 = CARTESIAN_POINT ( 'NONE',  ( 0.0000000000000000000, 7.960204194457809282E-16, 6.500000000000010658 ) ) ;
#6867 = DIRECTION ( 'NONE',  ( 0.0000000000000000000, 0.0000000000000000000, -1.000000000000000000 ) ) ;
#6868 = DIRECTION ( 'NONE',  ( 0.0000000000000000000, 0.0000000000000000000, -1.000000000000000000 ) ) ;
#6869 = CIRCLE ( 'NONE', #5647, 6.500000000000005329 ) ;
#6870 = EDGE_CURVE ( 'NONE', #4753, #3728, #8231, .T. ) ;
#6871 = VERTEX_POINT ( 'NONE', #5711 ) ;
#6872 = EDGE_CURVE ( 'NONE', #968, #6118, #3374, .T. ) ;
#6873 = CARTESIAN_POINT ( 'NONE',  ( -13.65714082121639095, 0.0000000000000000000, 0.0000000000000000000 ) ) ;
#6874 = VECTOR ( 'NONE', #3304, 1000.000000000000114 ) ;
#6875 = TOROIDAL_SURFACE ( 'NONE', #7165, 6.981950249745504600, 0.4999999999999986122 ) ;
#6876 = CARTESIAN_POINT ( 'NONE',  ( -97.73029335465122358, 0.0000000000000000000, 0.0000000000000000000 ) ) ;
#6877 = EDGE_CURVE ( 'NONE', #3059, #2437, #4924, .T. ) ;
#6878 = ORIENTED_EDGE ( 'NONE', *, *, #3231, .T. ) ;
#6879 = DIRECTION ( 'NONE',  ( 1.000000000000000000, -0.0000000000000000000, -0.0000000000000000000 ) ) ;
#6880 = DIRECTION ( 'NONE',  ( 0.0000000000000000000, 0.0000000000000000000, -1.000000000000000000 ) ) ;
#6881 = CONICAL_SURFACE ( 'NONE', #7018, 6.500000000000012434, 0.6248278722141856756 ) ;
#6882 = EDGE_CURVE ( 'NONE', #5562, #4502, #5116, .T. ) ;
#6883 = CIRCLE ( 'NONE', #4851, 7.200000000003445422 ) ;
#6884 = EDGE_LOOP ( 'NONE', ( #4503, #7771, #369, #4310 ) ) ;
#6885 = ORIENTED_EDGE ( 'NONE', *, *, #2898, .F. ) ;
#6886 = DIRECTION ( 'NONE',  ( 1.000000000000000000, -0.0000000000000000000, -0.0000000000000000000 ) ) ;
#6887 = CONICAL_SURFACE ( 'NONE', #1959, 6.500000000000007105, 0.6248278722141583641 ) ;
#6888 = CARTESIAN_POINT ( 'NONE',  ( -76.21949269200803201, 8.817456953865042407E-16, -7.200000000003347722 ) ) ;
#6889 = CARTESIAN_POINT ( 'NONE',  ( 0.0000000000000000000, 0.0000000000000000000, 0.0000000000000000000 ) ) ;
#6890 = DIRECTION ( 'NONE',  ( 1.000000000000000000, -0.0000000000000000000, -0.0000000000000000000 ) ) ;
#6891 = FACE_OUTER_BOUND ( 'NONE', #2128, .T. ) ;
#6892 = AXIS2_PLACEMENT_3D ( 'NONE', #1008, #939, #795 ) ;
#6893 = ADVANCED_FACE ( 'NONE', ( #8045 ), #2745, .T. ) ;
#6894 = ORIENTED_EDGE ( 'NONE', *, *, #3220, .F. ) ;
#6895 = VERTEX_POINT ( 'NONE', #4020 ) ;
#6896 = ORIENTED_EDGE ( 'NONE', *, *, #4355, .F. ) ;
#6897 = FACE_OUTER_BOUND ( 'NONE', #5623, .T. ) ;
#6898 = ORIENTED_EDGE ( 'NONE', *, *, #6463, .T. ) ;
#6899 = CARTESIAN_POINT ( 'NONE',  ( -52.51720221286226575, 0.0000000000000000000, -7.200000000000361666 ) ) ;
#6900 = AXIS2_PLACEMENT_3D ( 'NONE', #2983, #2946, #2943 ) ;
#6901 = DIRECTION ( 'NONE',  ( 1.000000000000000000, -0.0000000000000000000, -0.0000000000000000000 ) ) ;
#6902 = ORIENTED_EDGE ( 'NONE', *, *, #3002, .T. ) ;
#6903 = EDGE_LOOP ( 'NONE', ( #65, #7208, #5033, #4037 ) ) ;
#6904 = ORIENTED_EDGE ( 'NONE', *, *, #4987, .T. ) ;
#6905 = AXIS2_PLACEMENT_3D ( 'NONE', #1848, #1491, #1784 ) ;
#6906 = FACE_OUTER_BOUND ( 'NONE', #1368, .T. ) ;
#6907 = CONICAL_SURFACE ( 'NONE', #2181, 7.450000000000043698, 0.9250245035569996110 ) ;
#6908 = DIRECTION ( 'NONE',  ( 0.0000000000000000000, 0.0000000000000000000, -1.000000000000000000 ) ) ;
#6909 = ORIENTED_EDGE ( 'NONE', *, *, #4867, .T. ) ;
#6910 = AXIS2_PLACEMENT_3D ( 'NONE', #4267, #7439, #6580 ) ;
#6911 = AXIS2_PLACEMENT_3D ( 'NONE', #6861, #7101, #6583 ) ;
#6912 = EDGE_LOOP ( 'NONE', ( #3676, #7440, #1811, #6008 ) ) ;
#6913 = FACE_OUTER_BOUND ( 'NONE', #3937, .T. ) ;
#6914 = VECTOR ( 'NONE', #7258, 1000.000000000000227 ) ;
#6915 = EDGE_LOOP ( 'NONE', ( #5718, #6931, #4660, #7927 ) ) ;
#6916 = ORIENTED_EDGE ( 'NONE', *, *, #5835, .F. ) ;
#6917 = EDGE_LOOP ( 'NONE', ( #559, #8298, #454, #4720 ) ) ;
#6918 = CARTESIAN_POINT ( 'NONE',  ( -17.40027572364553521, 9.123618653647785104E-16, 7.450000000000002842 ) ) ;
#6919 = DIRECTION ( 'NONE',  ( 1.000000000000000000, -0.0000000000000000000, -0.0000000000000000000 ) ) ;
#6920 = DIRECTION ( 'NONE',  ( -0.0000000000000000000, -1.000000000000000000, -0.0000000000000000000 ) ) ;
#6921 = CARTESIAN_POINT ( 'NONE',  ( -32.54741568020606479, 0.0000000000000000000, 0.0000000000000000000 ) ) ;
#6922 = FACE_OUTER_BOUND ( 'NONE', #4821, .T. ) ;
#6923 = DIRECTION ( 'NONE',  ( 1.000000000000000000, -0.0000000000000000000, -0.0000000000000000000 ) ) ;
#6924 = EDGE_CURVE ( 'NONE', #3200, #7404, #4486, .T. ) ;
#6925 = CIRCLE ( 'NONE', #3778, 7.450000000000012612 ) ;
#6926 = VECTOR ( 'NONE', #2581, 1000.000000000000000 ) ;
#6927 = LINE ( 'NONE', #7787, #6733 ) ;
#6928 = EDGE_CURVE ( 'NONE', #1810, #3384, #2955, .T. ) ;
#6929 = VECTOR ( 'NONE', #5731, 1000.000000000000227 ) ;
#6930 = CONICAL_SURFACE ( 'NONE', #1381, 6.907047484595389086, 0.5093766614665821146 ) ;
#6931 = ORIENTED_EDGE ( 'NONE', *, *, #6621, .T. ) ;
#6932 = CARTESIAN_POINT ( 'NONE',  ( -52.01261310827259621, 0.0000000000000000000, 0.0000000000000000000 ) ) ;
#6933 = ADVANCED_FACE ( 'NONE', ( #1164 ), #4281, .T. ) ;
#6934 = CARTESIAN_POINT ( 'NONE',  ( -95.86317859429071575, 7.960204194457809282E-16, 6.500000000000010658 ) ) ;
#6935 = CARTESIAN_POINT ( 'NONE',  ( -44.64504213944225341, 0.0000000000000000000, -5.729725155218028831 ) ) ;
#6936 = FACE_OUTER_BOUND ( 'NONE', #3484, .T. ) ;
#6937 = EDGE_LOOP ( 'NONE', ( #7962, #2669, #4514, #2765 ) ) ;
#6938 = ORIENTED_EDGE ( 'NONE', *, *, #3533, .T. ) ;
#6939 = AXIS2_PLACEMENT_3D ( 'NONE', #4488, #4330, #4552 ) ;
#6940 = ORIENTED_EDGE ( 'NONE', *, *, #1428, .T. ) ;
#6941 = EDGE_CURVE ( 'NONE', #3450, #1731, #7651, .T. ) ;
#6942 = ADVANCED_FACE ( 'NONE', ( #961 ), #4078, .T. ) ;
#6943 = DIRECTION ( 'NONE',  ( -1.000000000000000000, 0.0000000000000000000, 0.0000000000000000000 ) ) ;
#6944 = DIRECTION ( 'NONE',  ( 0.0000000000000000000, 0.0000000000000000000, -1.000000000000000000 ) ) ;
#6945 = DIRECTION ( 'NONE',  ( 1.000000000000000000, -0.0000000000000000000, -0.0000000000000000000 ) ) ;
#6946 = DIRECTION ( 'NONE',  ( 1.000000000000000000, -0.0000000000000000000, -0.0000000000000000000 ) ) ;
#6947 = VERTEX_POINT ( 'NONE', #2286 ) ;
#6948 = FACE_OUTER_BOUND ( 'NONE', #151, .T. ) ;
#6949 = ORIENTED_EDGE ( 'NONE', *, *, #7613, .F. ) ;
#6950 = CARTESIAN_POINT ( 'NONE',  ( -69.75872582284998202, 7.960204194457804352E-16, 6.500000000000005329 ) ) ;
#6951 = DIRECTION ( 'NONE',  ( 0.0000000000000000000, 0.0000000000000000000, -1.000000000000000000 ) ) ;
#6952 = AXIS2_PLACEMENT_3D ( 'NONE', #3116, #3095, #3086 ) ;
#6953 = DIRECTION ( 'NONE',  ( -1.000000000000000000, 0.0000000000000000000, 0.0000000000000000000 ) ) ;
#6954 = DIRECTION ( 'NONE',  ( 0.0000000000000000000, 0.0000000000000000000, -1.000000000000000000 ) ) ;
#6955 = LINE ( 'NONE', #6234, #5288 ) ;
#6956 = AXIS2_PLACEMENT_3D ( 'NONE', #8363, #8301, #8034 ) ;
#6957 = AXIS2_PLACEMENT_3D ( 'NONE', #1306, #1264, #781 ) ;
#6958 = DIRECTION ( 'NONE',  ( 0.0000000000000000000, 0.0000000000000000000, -1.000000000000000000 ) ) ;
#6959 = FACE_OUTER_BOUND ( 'NONE', #8357, .T. ) ;
#6960 = CARTESIAN_POINT ( 'NONE',  ( -66.63788197003614755, 0.0000000000000000000, 0.0000000000000000000 ) ) ;
#6961 = DIRECTION ( 'NONE',  ( 1.000000000000000000, -0.0000000000000000000, -0.0000000000000000000 ) ) ;
#6962 = DIRECTION ( 'NONE',  ( 0.0000000000000000000, 0.0000000000000000000, 1.000000000000000000 ) ) ;
#6963 = ORIENTED_EDGE ( 'NONE', *, *, #2716, .T. ) ;
#6964 = CIRCLE ( 'NONE', #7061, 0.4999999999999987232 ) ;
#6965 = EDGE_CURVE ( 'NONE', #5618, #3794, #5793, .T. ) ;
#6966 = DIRECTION ( 'NONE',  ( 1.000000000000000000, -0.0000000000000000000, -0.0000000000000000000 ) ) ;
#6967 = DIRECTION ( 'NONE',  ( 0.0000000000000000000, 0.0000000000000000000, -1.000000000000000000 ) ) ;
#6968 = LINE ( 'NONE', #5958, #6777 ) ;
#6969 = CARTESIAN_POINT ( 'NONE',  ( -59.53949604528606443, 0.0000000000000000000, 0.0000000000000000000 ) ) ;
#6970 = ADVANCED_FACE ( 'NONE', ( #7849 ), #7271, .T. ) ;
#6971 = ORIENTED_EDGE ( 'NONE', *, *, #651, .T. ) ;
#6972 = EDGE_CURVE ( 'NONE', #4638, #6216, #544, .T. ) ;
#6973 = ORIENTED_EDGE ( 'NONE', *, *, #7233, .T. ) ;
#6974 = CIRCLE ( 'NONE', #4233, 7.450000000000033040 ) ;
#6975 = DIRECTION ( 'NONE',  ( 0.7349145951499612694, 8.305060690147565381E-17, 0.6781596698680690816 ) ) ;
#6976 = EDGE_LOOP ( 'NONE', ( #6129, #3498, #6051, #1498 ) ) ;
#6977 = EDGE_CURVE ( 'NONE', #1935, #2870, #2328, .T. ) ;
#6978 = VERTEX_POINT ( 'NONE', #1140 ) ;
#6979 = ADVANCED_FACE ( 'NONE', ( #3881 ), #341, .T. ) ;
#6980 = CONICAL_SURFACE ( 'NONE', #5074, 7.450000000000082778, 0.9250245035569996110 ) ;
#6981 = CIRCLE ( 'NONE', #7117, 7.450000000000002842 ) ;
#6982 = EDGE_CURVE ( 'NONE', #1858, #2759, #5606, .T. ) ;
#6983 = CARTESIAN_POINT ( 'NONE',  ( -12.25000000000000000, 0.0000000000000000000, 0.0000000000000000000 ) ) ;
#6984 = CARTESIAN_POINT ( 'NONE',  ( -100.6204391532550915, 0.0000000000000000000, -5.555973865822608992 ) ) ;
#6985 = CARTESIAN_POINT ( 'NONE',  ( 0.0000000000000000000, 0.0000000000000000000, 0.0000000000000000000 ) ) ;
#6986 = ORIENTED_EDGE ( 'NONE', *, *, #5097, .F. ) ;
#6987 = CARTESIAN_POINT ( 'NONE',  ( -45.40535782037472501, 0.0000000000000000000, 0.0000000000000000000 ) ) ;
#6988 = VERTEX_POINT ( 'NONE', #625 ) ;
#6989 = ORIENTED_EDGE ( 'NONE', *, *, #7298, .T. ) ;
#6990 = EDGE_CURVE ( 'NONE', #8383, #2144, #2103, .T. ) ;
#6991 = FACE_OUTER_BOUND ( 'NONE', #1799, .T. ) ;
#6992 = CONICAL_SURFACE ( 'NONE', #7158, 7.200000000003347722, 1.041961563441628380 ) ;
#6993 = VERTEX_POINT ( 'NONE', #792 ) ;
#6994 = EDGE_LOOP ( 'NONE', ( #2028, #5538, #7676, #1651 ) ) ;
#6995 = DIRECTION ( 'NONE',  ( 0.0000000000000000000, 0.0000000000000000000, -1.000000000000000000 ) ) ;
#6996 = ORIENTED_EDGE ( 'NONE', *, *, #472, .F. ) ;
#6997 = VECTOR ( 'NONE', #2642, 1000.000000000000114 ) ;
#6998 = AXIS2_PLACEMENT_3D ( 'NONE', #4177, #4136, #3971 ) ;
#6999 = DIRECTION ( 'NONE',  ( 1.000000000000000000, -0.0000000000000000000, -0.0000000000000000000 ) ) ;
#7000 = VERTEX_POINT ( 'NONE', #475 ) ;
#7001 = CARTESIAN_POINT ( 'NONE',  ( -72.68960186596956419, 0.0000000000000000000, 0.0000000000000000000 ) ) ;
#7002 = DIRECTION ( 'NONE',  ( 1.000000000000000000, -0.0000000000000000000, -0.0000000000000000000 ) ) ;
#7003 = ORIENTED_EDGE ( 'NONE', *, *, #3934, .T. ) ;
#7004 = ORIENTED_EDGE ( 'NONE', *, *, #4077, .F. ) ;
#7005 = LINE ( 'NONE', #2413, #2029 ) ;
#7006 = LINE ( 'NONE', #6085, #6818 ) ;
#7007 = AXIS2_PLACEMENT_3D ( 'NONE', #731, #653, #1469 ) ;
#7008 = VERTEX_POINT ( 'NONE', #216 ) ;
#7009 = ORIENTED_EDGE ( 'NONE', *, *, #7136, .T. ) ;
#7010 = ORIENTED_EDGE ( 'NONE', *, *, #4244, .T. ) ;
#7011 = VECTOR ( 'NONE', #657, 1000.000000000000000 ) ;
#7012 = ADVANCED_FACE ( 'NONE', ( #7467 ), #5218, .T. ) ;
#7013 = CARTESIAN_POINT ( 'NONE',  ( -35.37724226763913293, 0.0000000000000000000, 0.0000000000000000000 ) ) ;
#7014 = EDGE_LOOP ( 'NONE', ( #4100, #5345, #2763, #5235 ) ) ;
#7015 = EDGE_LOOP ( 'NONE', ( #1591, #2551, #6321, #1523 ) ) ;
#7016 = CARTESIAN_POINT ( 'NONE',  ( 0.0000000000000000000, 9.123618653647785104E-16, 7.450000000000002842 ) ) ;
#7017 = AXIS2_PLACEMENT_3D ( 'NONE', #5086, #4998, #2719 ) ;
#7018 = AXIS2_PLACEMENT_3D ( 'NONE', #8264, #8091, #8137 ) ;
#7019 = CARTESIAN_POINT ( 'NONE',  ( -70.67236190065843005, 8.817456953865030574E-16, 7.200000000003333511 ) ) ;
#7020 = ADVANCED_FACE ( 'NONE', ( #7075 ), #3661, .T. ) ;
#7021 = CARTESIAN_POINT ( 'NONE',  ( -71.77596578816113038, 0.0000000000000000000, 0.0000000000000000000 ) ) ;
#7022 = CIRCLE ( 'NONE', #2170, 6.500000000000005329 ) ;
#7023 = VECTOR ( 'NONE', #1, 1000.000000000000000 ) ;
#7024 = VERTEX_POINT ( 'NONE', #6589 ) ;
#7025 = CARTESIAN_POINT ( 'NONE',  ( -63.57397597590834692, 7.960204194457805338E-16, 6.500000000000007105 ) ) ;
#7026 = EDGE_LOOP ( 'NONE', ( #5143, #5028, #1196, #1851 ) ) ;
#7027 = EDGE_CURVE ( 'NONE', #4946, #6413, #6883, .T. ) ;
#7028 = CARTESIAN_POINT ( 'NONE',  ( -37.12141233960606002, 9.123618653647869906E-16, 7.450000000000073008 ) ) ;
#7029 = CARTESIAN_POINT ( 'NONE',  ( -71.64293583715290481, 0.0000000000000000000, 0.0000000000000000000 ) ) ;
#7030 = VERTEX_POINT ( 'NONE', #60 ) ;
#7031 = CIRCLE ( 'NONE', #1881, 0.8999999999999962474 ) ;
#7032 = DIRECTION ( 'NONE',  ( 1.000000000000000000, -0.0000000000000000000, -0.0000000000000000000 ) ) ;
#7033 = DIRECTION ( 'NONE',  ( 1.000000000000000000, -0.0000000000000000000, -0.0000000000000000000 ) ) ;
#7034 = ORIENTED_EDGE ( 'NONE', *, *, #3061, .T. ) ;
#7035 = EDGE_CURVE ( 'NONE', #4307, #576, #3464, .T. ) ;
#7036 = DIRECTION ( 'NONE',  ( 1.000000000000000000, -0.0000000000000000000, -0.0000000000000000000 ) ) ;
#7037 = EDGE_CURVE ( 'NONE', #8157, #1020, #5409, .T. ) ;
#7038 = VECTOR ( 'NONE', #8005, 1000.000000000000000 ) ;
#7039 = DIRECTION ( 'NONE',  ( 1.000000000000000000, -0.0000000000000000000, -0.0000000000000000000 ) ) ;
#7040 = VERTEX_POINT ( 'NONE', #905 ) ;
#7041 = EDGE_LOOP ( 'NONE', ( #6060, #5963, #4855, #4634 ) ) ;
#7042 = CARTESIAN_POINT ( 'NONE',  ( -31.13250238648954138, 0.0000000000000000000, 7.450000000000023270 ) ) ;
#7043 = CARTESIAN_POINT ( 'NONE',  ( -80.75856172721412918, 8.817456953865030574E-16, 7.200000000003333511 ) ) ;
#7044 = CARTESIAN_POINT ( 'NONE',  ( -95.86317859429071575, 0.0000000000000000000, 0.0000000000000000000 ) ) ;
#7045 = FACE_OUTER_BOUND ( 'NONE', #5671, .T. ) ;
#7046 = CARTESIAN_POINT ( 'NONE',  ( -65.59121594121948817, 8.388830574161415984E-16, 6.500000000000007105 ) ) ;
#7047 = CARTESIAN_POINT ( 'NONE',  ( -19.88832417624663407, 0.0000000000000000000, 7.450000000000002842 ) ) ;
#7048 = PRODUCT_DEFINITION_SHAPE ( 'NONE', 'NONE',  #7275 ) ;
#7049 = DIRECTION ( 'NONE',  ( 0.0000000000000000000, 0.0000000000000000000, 1.000000000000000000 ) ) ;
#7050 = DIRECTION ( 'NONE',  ( -0.6018150231520443816, 0.0000000000000000000, 0.7986355100472957158 ) ) ;
#7051 = ADVANCED_FACE ( 'NONE', ( #1893 ), #6486, .T. ) ;
#7052 = AXIS2_PLACEMENT_3D ( 'NONE', #6079, #6067, #6048 ) ;
#7053 = CYLINDRICAL_SURFACE ( 'NONE', #4212, 7.200000000000362554 ) ;
#7054 = AXIS2_PLACEMENT_3D ( 'NONE', #2224, #3438, #3462 ) ;
#7055 = CARTESIAN_POINT ( 'NONE',  ( -79.71189569839746980, 0.0000000000000000000, 0.0000000000000000000 ) ) ;
#7056 = CARTESIAN_POINT ( 'NONE',  ( -8.962348569452977642, 0.0000000000000000000, -7.650000000000001243 ) ) ;
#7057 = CARTESIAN_POINT ( 'NONE',  ( 0.0000000000000000000, 0.0000000000000000000, -7.200000000003340617 ) ) ;
#7058 = ADVANCED_FACE ( 'NONE', ( #5016 ), #8321, .T. ) ;
#7059 = CONICAL_SURFACE ( 'NONE', #4346, 7.450000000000052580, 0.9250245035569996110 ) ;
#7060 = SHAPE_DEFINITION_REPRESENTATION ( #7048, #106 ) ;
#7061 = AXIS2_PLACEMENT_3D ( 'NONE', #2595, #1377, #2630 ) ;
#7062 = AXIS2_PLACEMENT_3D ( 'NONE', #2853, #2804, #2114 ) ;
#7063 = DIRECTION ( 'NONE',  ( -1.000000000000000000, 0.0000000000000000000, 0.0000000000000000000 ) ) ;
#7064 = ORIENTED_EDGE ( 'NONE', *, *, #8075, .F. ) ;
#7065 = CARTESIAN_POINT ( 'NONE',  ( -83.86231032608392866, 0.0000000000000000000, 0.0000000000000000000 ) ) ;
#7066 = CIRCLE ( 'NONE', #63, 11.00000000000000000 ) ;
#7067 = VECTOR ( 'NONE', #4470, 1000.000000000000000 ) ;
#7068 = ORIENTED_EDGE ( 'NONE', *, *, #6292, .F. ) ;
#7069 = CARTESIAN_POINT ( 'NONE',  ( -38.20706885507219397, 0.0000000000000000000, 0.0000000000000000000 ) ) ;
#7070 = DIRECTION ( 'NONE',  ( 0.0000000000000000000, 0.0000000000000000000, -1.000000000000000000 ) ) ;
#7071 = VECTOR ( 'NONE', #8189, 1000.000000000000114 ) ;
#7072 = EDGE_CURVE ( 'NONE', #6454, #5821, #1480, .T. ) ;
#7073 = CARTESIAN_POINT ( 'NONE',  ( -50.43300091588812251, 8.876600089879467871E-16, -7.248294035520856049 ) ) ;
#7074 = CARTESIAN_POINT ( 'NONE',  ( 0.0000000000000000000, 0.0000000000000000000, 0.0000000000000000000 ) ) ;
#7075 = FACE_OUTER_BOUND ( 'NONE', #7526, .T. ) ;
#7076 = DIRECTION ( 'NONE',  ( 0.8110638189892164229, 7.163665443099581461E-17, 0.5849576749873681702 ) ) ;
#7077 = ORIENTED_EDGE ( 'NONE', *, *, #1762, .F. ) ;
#7078 = EDGE_CURVE ( 'NONE', #7337, #2139, #6681, .T. ) ;
#7079 = ORIENTED_EDGE ( 'NONE', *, *, #745, .T. ) ;
#7080 = DIRECTION ( 'NONE',  ( 1.000000000000000000, -0.0000000000000000000, -0.0000000000000000000 ) ) ;
#7081 = LINE ( 'NONE', #7728, #5224 ) ;
#7082 = CARTESIAN_POINT ( 'NONE',  ( -68.65512193534728169, 0.0000000000000000000, 0.0000000000000000000 ) ) ;
#7083 = CIRCLE ( 'NONE', #111, 6.729642571546130547 ) ;
#7084 = DIRECTION ( 'NONE',  ( 0.0000000000000000000, 0.0000000000000000000, -1.000000000000000000 ) ) ;
#7085 = ORIENTED_EDGE ( 'NONE', *, *, #412, .T. ) ;
#7086 = AXIS2_PLACEMENT_3D ( 'NONE', #346, #8258, #409 ) ;
#7087 = DIRECTION ( 'NONE',  ( -0.5045276238147061720, 0.0000000000000000000, 0.8633955506069546093 ) ) ;
#7088 = ORIENTED_EDGE ( 'NONE', *, *, #2534, .F. ) ;
#7089 = ORIENTED_EDGE ( 'NONE', *, *, #7503, .F. ) ;
#7090 = ORIENTED_EDGE ( 'NONE', *, *, #3637, .T. ) ;
#7091 = CONICAL_SURFACE ( 'NONE', #2747, 6.500000000000007105, 0.6248278722141583641 ) ;
#7092 = ADVANCED_FACE ( 'NONE', ( #3057 ), #6284, .T. ) ;
#7093 = EDGE_CURVE ( 'NONE', #4877, #5755, #7938, .T. ) ;
#7094 = DIRECTION ( 'NONE',  ( 0.8676627191977255293, 0.0000000000000000000, -0.4971533020250481494 ) ) ;
#7095 = EDGE_LOOP ( 'NONE', ( #4749, #2259, #4662, #4728 ) ) ;
#7096 = DIRECTION ( 'NONE',  ( -0.9772311064626786337, 2.598427070569294598E-17, -0.2121776721564471169 ) ) ;
#7097 = EDGE_CURVE ( 'NONE', #2216, #7635, #4807, .T. ) ;
#7098 = ORIENTED_EDGE ( 'NONE', *, *, #4423, .F. ) ;
#7099 = ORIENTED_EDGE ( 'NONE', *, *, #5672, .F. ) ;
#7100 = CONICAL_SURFACE ( 'NONE', #5478, 6.729642571546105678, 0.9250245035569997221 ) ;
#7101 = DIRECTION ( 'NONE',  ( 1.000000000000000000, -0.0000000000000000000, -0.0000000000000000000 ) ) ;
#7102 = CIRCLE ( 'NONE', #3523, 6.500000000000007105 ) ;
#7103 = ORIENTED_EDGE ( 'NONE', *, *, #6406, .F. ) ;
#7104 = ADVANCED_FACE ( 'NONE', ( #4589 ), #4378, .T. ) ;
#7105 = CARTESIAN_POINT ( 'NONE',  ( 0.0000000000000000000, 0.0000000000000000000, 0.0000000000000000000 ) ) ;
#7106 = CARTESIAN_POINT ( 'NONE',  ( -58.06433300420776789, 0.0000000000000000000, 7.200000000003347722 ) ) ;
#7107 = DIRECTION ( 'NONE',  ( 1.000000000000000000, -0.0000000000000000000, -0.0000000000000000000 ) ) ;
#7108 = ORIENTED_EDGE ( 'NONE', *, *, #264, .T. ) ;
#7109 = AXIS2_PLACEMENT_3D ( 'NONE', #5519, #5553, #5528 ) ;
#7110 = CYLINDRICAL_SURFACE ( 'NONE', #769, 7.450000000000017941 ) ;
#7111 = DIRECTION ( 'NONE',  ( 0.0000000000000000000, 0.0000000000000000000, -1.000000000000000000 ) ) ;
#7112 = FACE_OUTER_BOUND ( 'NONE', #979, .T. ) ;
#7113 = VERTEX_POINT ( 'NONE', #7393 ) ;
#7114 = ORIENTED_EDGE ( 'NONE', *, *, #5871, .F. ) ;
#7115 = ORIENTED_EDGE ( 'NONE', *, *, #3327, .T. ) ;
#7116 = DIRECTION ( 'NONE',  ( 1.000000000000000000, -0.0000000000000000000, -0.0000000000000000000 ) ) ;
#7117 = AXIS2_PLACEMENT_3D ( 'NONE', #7761, #7713, #7601 ) ;
#7118 = AXIS2_PLACEMENT_3D ( 'NONE', #6066, #6014, #5814 ) ;
#7119 = VECTOR ( 'NONE', #1896, 1000.000000000000000 ) ;
#7120 = CIRCLE ( 'NONE', #621, 7.200000000003432099 ) ;
#7121 = LINE ( 'NONE', #7057, #1736 ) ;
#7122 = PLANE ( 'NONE',  #2001 ) ;
#7123 = DIRECTION ( 'NONE',  ( -1.000000000000000000, 0.0000000000000000000, 0.0000000000000000000 ) ) ;
#7124 = EDGE_CURVE ( 'NONE', #6350, #2292, #6093, .T. ) ;
#7125 = CONICAL_SURFACE ( 'NONE', #4550, 6.729642571546170515, 0.9250245035569996110 ) ;
#7126 = DIRECTION ( 'NONE',  ( -0.5045276238141569447, 0.0000000000000000000, 0.8633955506072755748 ) ) ;
#7127 = VECTOR ( 'NONE', #7359, 1000.000000000000000 ) ;
#7128 = VERTEX_POINT ( 'NONE', #7983 ) ;
#7129 = DIRECTION ( 'NONE',  ( 1.000000000000000000, -0.0000000000000000000, -0.0000000000000000000 ) ) ;
#7130 = EDGE_CURVE ( 'NONE', #4390, #6312, #2843, .T. ) ;
#7131 = DIRECTION ( 'NONE',  ( 1.000000000000000000, -0.0000000000000000000, -0.0000000000000000000 ) ) ;
#7132 = VECTOR ( 'NONE', #3253, 1000.000000000000227 ) ;
#7133 = ADVANCED_FACE ( 'NONE', ( #3269 ), #2421, .T. ) ;
#7134 = ORIENTED_EDGE ( 'NONE', *, *, #5352, .T. ) ;
#7135 = ORIENTED_EDGE ( 'NONE', *, *, #5416, .F. ) ;
#7136 = EDGE_CURVE ( 'NONE', #1581, #7335, #5892, .T. ) ;
#7137 = CARTESIAN_POINT ( 'NONE',  ( -20.74788785564854621, 8.682526944148744198E-16, 6.729642571546104790 ) ) ;
#7138 = CONICAL_SURFACE ( 'NONE', #8136, 6.729642571546160745, 0.9250245035569996110 ) ;
#7139 = EDGE_CURVE ( 'NONE', #7243, #2039, #4173, .T. ) ;
#7140 = ORIENTED_EDGE ( 'NONE', *, *, #2163, .F. ) ;
#7141 = ADVANCED_FACE ( 'NONE', ( #844 ), #3973, .T. ) ;
#7142 = EDGE_CURVE ( 'NONE', #7128, #1106, #1260, .T. ) ;
#7143 = FACE_OUTER_BOUND ( 'NONE', #5436, .T. ) ;
#7144 = CARTESIAN_POINT ( 'NONE',  ( -85.72942508644425175, 0.0000000000000000000, -6.500000000000012434 ) ) ;
#7145 = ORIENTED_EDGE ( 'NONE', *, *, #3951, .F. ) ;
#7146 = CARTESIAN_POINT ( 'NONE',  ( -23.00984347218542680, 9.123618653647785104E-16, 7.450000000000002842 ) ) ;
#7147 = DIRECTION ( 'NONE',  ( 0.0000000000000000000, 0.0000000000000000000, -1.000000000000000000 ) ) ;
#7148 = CARTESIAN_POINT ( 'NONE',  ( -15.99788378651056320, 0.0000000000000000000, 0.0000000000000000000 ) ) ;
#7149 = AXIS2_PLACEMENT_3D ( 'NONE', #3846, #5872, #3305 ) ;
#7150 = VECTOR ( 'NONE', #4213, 1000.000000000000000 ) ;
#7151 = DIRECTION ( 'NONE',  ( 0.6018150231520443816, 9.780464210648345161E-17, 0.7986355100472957158 ) ) ;
#7152 = DIRECTION ( 'NONE',  ( 0.0000000000000000000, 0.0000000000000000000, -1.000000000000000000 ) ) ;
#7153 = DIRECTION ( 'NONE',  ( 1.000000000000000000, -0.0000000000000000000, -0.0000000000000000000 ) ) ;
#7154 = AXIS2_PLACEMENT_3D ( 'NONE', #455, #7501, #7225 ) ;
#7155 = CARTESIAN_POINT ( 'NONE',  ( -33.41950071618953899, 0.0000000000000000000, 0.0000000000000000000 ) ) ;
#7156 = ORIENTED_EDGE ( 'NONE', *, *, #1416, .T. ) ;
#7157 = VECTOR ( 'NONE', #2052, 1000.000000000000227 ) ;
#7158 = AXIS2_PLACEMENT_3D ( 'NONE', #6767, #6953, #6962 ) ;
#7159 = DIRECTION ( 'NONE',  ( 1.000000000000000000, -0.0000000000000000000, -0.0000000000000000000 ) ) ;
#7160 = VECTOR ( 'NONE', #311, 1000.000000000000000 ) ;
#7161 = DIRECTION ( 'NONE',  ( 1.000000000000000000, -0.0000000000000000000, -0.0000000000000000000 ) ) ;
#7162 = CARTESIAN_POINT ( 'NONE',  ( -57.52225607997492318, 0.0000000000000000000, 0.0000000000000000000 ) ) ;
#7163 = ORIENTED_EDGE ( 'NONE', *, *, #8065, .T. ) ;
#7164 = LINE ( 'NONE', #3044, #229 ) ;
#7165 = AXIS2_PLACEMENT_3D ( 'NONE', #82, #5563, #8054 ) ;
#7166 = AXIS2_PLACEMENT_3D ( 'NONE', #2733, #2645, #2656 ) ;
#7167 = ADVANCED_FACE ( 'NONE', ( #644 ), #5501, .T. ) ;
#7168 = DIRECTION ( 'NONE',  ( 0.0000000000000000000, 0.0000000000000000000, 1.000000000000000000 ) ) ;
#7169 = DIRECTION ( 'NONE',  ( 1.000000000000000000, -0.0000000000000000000, -0.0000000000000000000 ) ) ;
#7170 = VERTEX_POINT ( 'NONE', #1439 ) ;
#7171 = ORIENTED_EDGE ( 'NONE', *, *, #8214, .F. ) ;
#7172 = DIRECTION ( 'NONE',  ( 0.0000000000000000000, 0.0000000000000000000, -1.000000000000000000 ) ) ;
#7173 = LINE ( 'NONE', #941, #3765 ) ;
#7174 = DIRECTION ( 'NONE',  ( 0.0000000000000000000, 0.0000000000000000000, -1.000000000000000000 ) ) ;
#7175 = CIRCLE ( 'NONE', #5439, 6.729642571546104790 ) ;
#7176 = ADVANCED_FACE ( 'NONE', ( #2212 ), #1992, .T. ) ;
#7177 = ORIENTED_EDGE ( 'NONE', *, *, #3376, .F. ) ;
#7178 = ORIENTED_EDGE ( 'NONE', *, *, #2488, .T. ) ;
#7179 = EDGE_CURVE ( 'NONE', #4026, #7404, #7552, .T. ) ;
#7180 = ORIENTED_EDGE ( 'NONE', *, *, #1015, .T. ) ;
#7181 = DIRECTION ( 'NONE',  ( 1.000000000000000000, -0.0000000000000000000, -0.0000000000000000000 ) ) ;
#7182 = VECTOR ( 'NONE', #2026, 1000.000000000000227 ) ;
#7183 = LINE ( 'NONE', #7416, #3577 ) ;
#7184 = VERTEX_POINT ( 'NONE', #1076 ) ;
#7185 = EDGE_LOOP ( 'NONE', ( #3756, #7340, #4143, #6594 ) ) ;
#7186 = EDGE_CURVE ( 'NONE', #976, #2437, #5689, .T. ) ;
#7187 = DIRECTION ( 'NONE',  ( 0.0000000000000000000, 0.0000000000000000000, -1.000000000000000000 ) ) ;
#7188 = ORIENTED_EDGE ( 'NONE', *, *, #197, .T. ) ;
#7189 = ORIENTED_EDGE ( 'NONE', *, *, #24, .F. ) ;
#7190 = EDGE_CURVE ( 'NONE', #3211, #330, #7164, .T. ) ;
#7191 = DIRECTION ( 'NONE',  ( 0.0000000000000000000, 0.0000000000000000000, -1.000000000000000000 ) ) ;
#7192 = DIRECTION ( 'NONE',  ( 1.000000000000000000, -0.0000000000000000000, -0.0000000000000000000 ) ) ;
#7193 = CIRCLE ( 'NONE', #5545, 7.450000000000003730 ) ;
#7194 = CARTESIAN_POINT ( 'NONE',  ( -16.54071204424362662, 0.0000000000000000000, 0.0000000000000000000 ) ) ;
#7195 = ORIENTED_EDGE ( 'NONE', *, *, #7409, .T. ) ;
#7196 = ORIENTED_EDGE ( 'NONE', *, *, #3237, .F. ) ;
#7197 = EDGE_LOOP ( 'NONE', ( #3295, #7978, #1230, #305 ) ) ;
#7198 = LINE ( 'NONE', #2707, #7397 ) ;
#7199 = FACE_OUTER_BOUND ( 'NONE', #5617, .T. ) ;
#7200 = AXIS2_PLACEMENT_3D ( 'NONE', #7959, #7905, #7779 ) ;
#7201 = CARTESIAN_POINT ( 'NONE',  ( -74.20225272669689787, 0.0000000000000000000, 0.0000000000000000000 ) ) ;
#7202 = CARTESIAN_POINT ( 'NONE',  ( -68.65512193534728169, 0.0000000000000000000, 0.0000000000000000000 ) ) ;
#7203 = DIRECTION ( 'NONE',  ( 0.6018150231520442706, 0.0000000000000000000, -0.7986355100472959379 ) ) ;
#7204 = EDGE_LOOP ( 'NONE', ( #1058, #4778, #6938, #5113 ) ) ;
#7205 = ORIENTED_EDGE ( 'NONE', *, *, #2552, .T. ) ;
#7206 = ORIENTED_EDGE ( 'NONE', *, *, #7809, .F. ) ;
#7207 = EDGE_CURVE ( 'NONE', #2697, #1300, #1055, .T. ) ;
#7208 = ORIENTED_EDGE ( 'NONE', *, *, #8085, .F. ) ;
#7209 = FACE_OUTER_BOUND ( 'NONE', #6587, .T. ) ;
#7210 = AXIS2_PLACEMENT_3D ( 'NONE', #1756, #5574, #4812 ) ;
#7211 = DIRECTION ( 'NONE',  ( -1.000000000000000000, 0.0000000000000000000, 0.0000000000000000000 ) ) ;
#7212 = ORIENTED_EDGE ( 'NONE', *, *, #4982, .F. ) ;
#7213 = DIRECTION ( 'NONE',  ( 1.000000000000000000, -0.0000000000000000000, -0.0000000000000000000 ) ) ;
#7214 = CIRCLE ( 'NONE', #4166, 7.200000000003347722 ) ;
#7215 = AXIS2_PLACEMENT_3D ( 'NONE', #516, #830, #510 ) ;
#7216 = ADVANCED_FACE ( 'NONE', ( #3757 ), #5108, .T. ) ;
#7217 = DIRECTION ( 'NONE',  ( 1.000000000000000000, -0.0000000000000000000, -0.0000000000000000000 ) ) ;
#7218 = CYLINDRICAL_SURFACE ( 'NONE', #3958, 7.200000000003340617 ) ;
#7219 = CARTESIAN_POINT ( 'NONE',  ( -93.86303388292293448, 0.0000000000000000000, -6.500000000000012434 ) ) ;
#7220 = DIRECTION ( 'NONE',  ( 0.0000000000000000000, 0.0000000000000000000, -1.000000000000000000 ) ) ;
#7221 = LINE ( 'NONE', #6154, #2277 ) ;
#7222 = AXIS2_PLACEMENT_3D ( 'NONE', #6540, #6565, #5846 ) ;
#7223 = AXIS2_PLACEMENT_3D ( 'NONE', #1636, #986, #704 ) ;
#7224 = ORIENTED_EDGE ( 'NONE', *, *, #2196, .T. ) ;
#7225 = DIRECTION ( 'NONE',  ( 0.0000000000000000000, 0.0000000000000000000, 1.000000000000000000 ) ) ;
#7226 = ADVANCED_FACE ( 'NONE', ( #3556 ), #1585, .T. ) ;
#7227 = CYLINDRICAL_SURFACE ( 'NONE', #7260, 7.450000000000002842 ) ;
#7228 = ORIENTED_EDGE ( 'NONE', *, *, #5307, .F. ) ;
#7229 = CARTESIAN_POINT ( 'NONE',  ( -88.27164672204487772, 0.0000000000000000000, 7.200000000003389466 ) ) ;
#7230 = DIRECTION ( 'NONE',  ( 0.0000000000000000000, 0.0000000000000000000, -1.000000000000000000 ) ) ;
#7231 = ORIENTED_EDGE ( 'NONE', *, *, #4757, .F. ) ;
#7232 = CARTESIAN_POINT ( 'NONE',  ( -81.72913566370860394, 0.0000000000000000000, -6.500000000000007105 ) ) ;
#7233 = EDGE_CURVE ( 'NONE', #6299, #6011, #6974, .T. ) ;
#7234 = CIRCLE ( 'NONE', #6308, 7.650000000000001243 ) ;
#7235 = EDGE_LOOP ( 'NONE', ( #7763, #4604, #1274, #6499 ) ) ;
#7236 = ORIENTED_EDGE ( 'NONE', *, *, #2033, .T. ) ;
#7237 = DIRECTION ( 'NONE',  ( 0.0000000000000000000, 0.0000000000000000000, 1.000000000000000000 ) ) ;
#7238 = EDGE_CURVE ( 'NONE', #1096, #4405, #5308, .T. ) ;
#7239 = DIRECTION ( 'NONE',  ( 0.0000000000000000000, 0.0000000000000000000, 1.000000000000000000 ) ) ;
#7240 = CARTESIAN_POINT ( 'NONE',  ( -85.72942508644425175, 0.0000000000000000000, 0.0000000000000000000 ) ) ;
#7241 = CARTESIAN_POINT ( 'NONE',  ( -39.62198214878872449, 9.123618653647881739E-16, -7.450000000000082778 ) ) ;
#7242 = CIRCLE ( 'NONE', #8284, 6.500000000000005329 ) ;
#7243 = VERTEX_POINT ( 'NONE', #8346 ) ;
#7244 = CARTESIAN_POINT ( 'NONE',  ( -23.55267172991849023, 0.0000000000000000000, -6.729642571546104790 ) ) ;
#7245 = EDGE_CURVE ( 'NONE', #4391, #1935, #3365, .T. ) ;
#7246 = DIRECTION ( 'NONE',  ( 0.0000000000000000000, 0.0000000000000000000, -1.000000000000000000 ) ) ;
#7247 = CARTESIAN_POINT ( 'NONE',  ( -30.58967412875647440, 8.682526944148764906E-16, 6.729642571546121665 ) ) ;
#7248 = EDGE_CURVE ( 'NONE', #5690, #6149, #15, .T. ) ;
#7249 = FACE_OUTER_BOUND ( 'NONE', #3996, .T. ) ;
#7250 = EDGE_CURVE ( 'NONE', #870, #674, #6781, .T. ) ;
#7251 = ADVANCED_FACE ( 'NONE', ( #1361 ), #6378, .T. ) ;
#7252 = DIRECTION ( 'NONE',  ( 0.8110638189892164229, 0.0000000000000000000, -0.5849576749873681702 ) ) ;
#7253 = DIRECTION ( 'NONE',  ( 0.0000000000000000000, 0.0000000000000000000, -1.000000000000000000 ) ) ;
#7254 = CARTESIAN_POINT ( 'NONE',  ( 0.0000000000000000000, 0.0000000000000000000, -6.500000000000008882 ) ) ;
#7255 = DIRECTION ( 'NONE',  ( 0.0000000000000000000, 0.0000000000000000000, -1.000000000000000000 ) ) ;
#7256 = CARTESIAN_POINT ( 'NONE',  ( 0.0000000000000000000, 0.0000000000000000000, -7.200000000000362554 ) ) ;
#7257 = VECTOR ( 'NONE', #7578, 1000.000000000000227 ) ;
#7258 = DIRECTION ( 'NONE',  ( -0.6018150231520442706, 9.780464210648347626E-17, -0.7986355100472959379 ) ) ;
#7259 = CIRCLE ( 'NONE', #1172, 7.450000000000002842 ) ;
#7260 = AXIS2_PLACEMENT_3D ( 'NONE', #39, #8186, #8323 ) ;
#7261 = ORIENTED_EDGE ( 'NONE', *, *, #5871, .T. ) ;
#7262 = ADVANCED_FACE ( 'NONE', ( #6584 ), #7840, .T. ) ;
#7263 = DIRECTION ( 'NONE',  ( 1.000000000000000000, -0.0000000000000000000, -0.0000000000000000000 ) ) ;
#7264 = DIRECTION ( 'NONE',  ( -0.5045276238147492487, 1.057354597448842666E-16, -0.8633955506069292962 ) ) ;
#7265 = VECTOR ( 'NONE', #4579, 1000.000000000000000 ) ;
#7266 = LINE ( 'NONE', #725, #2094 ) ;
#7267 = AXIS2_PLACEMENT_3D ( 'NONE', #3950, #3549, #3397 ) ;
#7268 = AXIS2_PLACEMENT_3D ( 'NONE', #339, #1010, #1713 ) ;
#7269 = ORIENTED_EDGE ( 'NONE', *, *, #4262, .T. ) ;
#7270 = FACE_OUTER_BOUND ( 'NONE', #5018, .T. ) ;
#7271 = CONICAL_SURFACE ( 'NONE', #2631, 6.729642571546180285, 0.9250245035569996110 ) ;
#7272 = ORIENTED_EDGE ( 'NONE', *, *, #1752, .T. ) ;
#7273 = ORIENTED_EDGE ( 'NONE', *, *, #132, .F. ) ;
#7274 = FACE_OUTER_BOUND ( 'NONE', #4086, .T. ) ;
#7275 = PRODUCT_DEFINITION ( 'UNKNOWN', '', #7695, #402 ) ;
#7276 = EDGE_CURVE ( 'NONE', #4390, #7402, #2945, .T. ) ;
#7277 = LINE ( 'NONE', #2478, #552 ) ;
#7278 = ORIENTED_EDGE ( 'NONE', *, *, #5572, .F. ) ;
#7279 = CARTESIAN_POINT ( 'NONE',  ( -54.02985307358373746, 0.0000000000000000000, 0.0000000000000000000 ) ) ;
#7280 = CARTESIAN_POINT ( 'NONE',  ( -31.13250238648954138, 0.0000000000000000000, 0.0000000000000000000 ) ) ;
#7281 = EDGE_LOOP ( 'NONE', ( #794, #6098, #8084, #5971 ) ) ;
#7282 = EDGE_CURVE ( 'NONE', #7655, #6405, #3159, .T. ) ;
#7283 = VERTEX_POINT ( 'NONE', #7028 ) ;
#7284 = EDGE_LOOP ( 'NONE', ( #1304, #6904, #2867, #2512 ) ) ;
#7285 = CYLINDRICAL_SURFACE ( 'NONE', #6227, 6.500000000000006217 ) ;
#7286 = ORIENTED_EDGE ( 'NONE', *, *, #3750, .T. ) ;
#7287 = ORIENTED_EDGE ( 'NONE', *, *, #1647, .F. ) ;
#7288 = DIRECTION ( 'NONE',  ( 0.9316912275855473435, 0.0000000000000000000, -0.3632512304729824115 ) ) ;
#7289 = EDGE_CURVE ( 'NONE', #1444, #5704, #4700, .T. ) ;
#7290 = CARTESIAN_POINT ( 'NONE',  ( 0.0000000000000000000, 0.0000000000000000000, -7.450000000000002842 ) ) ;
#7291 = DIRECTION ( 'NONE',  ( 1.000000000000000000, -0.0000000000000000000, -0.0000000000000000000 ) ) ;
#7292 = VERTEX_POINT ( 'NONE', #5964 ) ;
#7293 = DIRECTION ( 'NONE',  ( -1.000000000000000000, 0.0000000000000000000, 0.0000000000000000000 ) ) ;
#7294 = ORIENTED_EDGE ( 'NONE', *, *, #4308, .T. ) ;
#7295 = VECTOR ( 'NONE', #7973, 1000.000000000000000 ) ;
#7296 = ADVANCED_FACE ( 'NONE', ( #6184 ), #5990, .T. ) ;
#7297 = FACE_OUTER_BOUND ( 'NONE', #4510, .T. ) ;
#7298 = EDGE_CURVE ( 'NONE', #3894, #2325, #1155, .T. ) ;
#7299 = DIRECTION ( 'NONE',  ( 1.000000000000000000, -0.0000000000000000000, -0.0000000000000000000 ) ) ;
#7300 = VERTEX_POINT ( 'NONE', #1919 ) ;
#7301 = DIRECTION ( 'NONE',  ( -0.5045276238140931069, 0.0000000000000000000, 0.8633955506073128783 ) ) ;
#7302 = DIRECTION ( 'NONE',  ( -1.000000000000000000, 0.0000000000000000000, 0.0000000000000000000 ) ) ;
#7303 = DIRECTION ( 'NONE',  ( 0.8110638189892164229, 7.163665443099581461E-17, 0.5849576749873681702 ) ) ;
#7304 = CARTESIAN_POINT ( 'NONE',  ( -72.18501276138574951, 0.0000000000000000000, 7.200000000003347722 ) ) ;
#7305 = EDGE_CURVE ( 'NONE', #5708, #8157, #7645, .T. ) ;
#7306 = CARTESIAN_POINT ( 'NONE',  ( 0.0000000000000000000, 0.0000000000000000000, 0.0000000000000000000 ) ) ;
#7307 = EDGE_LOOP ( 'NONE', ( #5124, #1493, #4437, #3181 ) ) ;
#7308 = VECTOR ( 'NONE', #6448, 1000.000000000000000 ) ;
#7309 = FACE_OUTER_BOUND ( 'NONE', #3074, .T. ) ;
#7310 = DIRECTION ( 'NONE',  ( 0.0000000000000000000, 0.0000000000000000000, -1.000000000000000000 ) ) ;
#7311 = ADVANCED_FACE ( 'NONE', ( #8036 ), #4068, .T. ) ;
#7312 = ORIENTED_EDGE ( 'NONE', *, *, #4714, .T. ) ;
#7313 = AXIS2_PLACEMENT_3D ( 'NONE', #646, #742, #717 ) ;
#7314 = CARTESIAN_POINT ( 'NONE',  ( -51.47053618404149944, 0.0000000000000000000, -6.500000000000007105 ) ) ;
#7315 = LINE ( 'NONE', #1574, #1850 ) ;
#7316 = CIRCLE ( 'NONE', #7734, 7.200000000003417888 ) ;
#7317 = VECTOR ( 'NONE', #677, 1000.000000000000114 ) ;
#7318 = AXIS2_PLACEMENT_3D ( 'NONE', #3031, #3362, #3016 ) ;
#7319 = CARTESIAN_POINT ( 'NONE',  ( -34.83441400990606951, 0.0000000000000000000, -6.729642571546150975 ) ) ;
#7320 = CARTESIAN_POINT ( 'NONE',  ( -65.72424589222767111, 7.960204194457804352E-16, 6.500000000000005329 ) ) ;
#7321 = DIRECTION ( 'NONE',  ( 0.0000000000000000000, 0.0000000000000000000, -1.000000000000000000 ) ) ;
#7322 = AXIS2_PLACEMENT_3D ( 'NONE', #2187, #2193, #2264 ) ;
#7323 = CYLINDRICAL_SURFACE ( 'NONE', #5844, 7.200000000003340617 ) ;
#7324 = VECTOR ( 'NONE', #6566, 1000.000000000000000 ) ;
#7325 = ORIENTED_EDGE ( 'NONE', *, *, #1533, .F. ) ;
#7326 = DIRECTION ( 'NONE',  ( 1.000000000000000000, -0.0000000000000000000, -0.0000000000000000000 ) ) ;
#7327 = DIRECTION ( 'NONE',  ( 1.000000000000000000, -0.0000000000000000000, -0.0000000000000000000 ) ) ;
#7328 = CARTESIAN_POINT ( 'NONE',  ( -61.55673601059720568, 8.388830574161415984E-16, 6.500000000000007105 ) ) ;
#7329 = CARTESIAN_POINT ( 'NONE',  ( 0.0000000000000000000, 0.0000000000000000000, 0.0000000000000000000 ) ) ;
#7330 = AXIS2_PLACEMENT_3D ( 'NONE', #4981, #5739, #6291 ) ;
#7331 = AXIS2_PLACEMENT_3D ( 'NONE', #7349, #7181, #7321 ) ;
#7332 = DIRECTION ( 'NONE',  ( 0.0000000000000000000, 0.0000000000000000000, -1.000000000000000000 ) ) ;
#7333 = CIRCLE ( 'NONE', #2510, 7.373541446553168122 ) ;
#7334 = CARTESIAN_POINT ( 'NONE',  ( -96.27222556751610227, 0.0000000000000000000, 7.200000000003445422 ) ) ;
#7335 = VERTEX_POINT ( 'NONE', #5659 ) ;
#7336 = CARTESIAN_POINT ( 'NONE',  ( -98.14163738553702387, 0.0000000000000000000, 0.0000000000000000000 ) ) ;
#7337 = VERTEX_POINT ( 'NONE', #5582 ) ;
#7338 = VECTOR ( 'NONE', #2394, 1000.000000000000227 ) ;
#7339 = CARTESIAN_POINT ( 'NONE',  ( -16.54071204424362662, 0.0000000000000000000, 0.0000000000000000000 ) ) ;
#7340 = ORIENTED_EDGE ( 'NONE', *, *, #2324, .T. ) ;
#7341 = CARTESIAN_POINT ( 'NONE',  ( -60.08157296951890913, 0.0000000000000000000, 0.0000000000000000000 ) ) ;
#7342 = EDGE_CURVE ( 'NONE', #7335, #1581, #7456, .T. ) ;
#7343 = CONICAL_SURFACE ( 'NONE', #8025, 7.200000000003347722, 1.041961563441731853 ) ;
#7344 = DIRECTION ( 'NONE',  ( 1.000000000000000000, -0.0000000000000000000, -0.0000000000000000000 ) ) ;
#7345 = ADVANCED_FACE ( 'NONE', ( #2525 ), #2320, .T. ) ;
#7346 = EDGE_CURVE ( 'NONE', #3954, #740, #743, .T. ) ;
#7347 = DIRECTION ( 'NONE',  ( 1.000000000000000000, -0.0000000000000000000, -0.0000000000000000000 ) ) ;
#7348 = DIRECTION ( 'NONE',  ( 1.000000000000000000, -0.0000000000000000000, -0.0000000000000000000 ) ) ;
#7349 = CARTESIAN_POINT ( 'NONE',  ( 0.0000000000000000000, 0.0000000000000000000, 0.0000000000000000000 ) ) ;
#7350 = DIRECTION ( 'NONE',  ( 1.000000000000000000, -0.0000000000000000000, -0.0000000000000000000 ) ) ;
#7351 = DIRECTION ( 'NONE',  ( 1.000000000000000000, -0.0000000000000000000, -0.0000000000000000000 ) ) ;
#7352 = AXIS2_PLACEMENT_3D ( 'NONE', #2940, #2926, #2921 ) ;
#7353 = CARTESIAN_POINT ( 'NONE',  ( -94.27208085614829258, 8.817456953865145945E-16, -7.200000000003432099 ) ) ;
#7354 = EDGE_CURVE ( 'NONE', #4415, #4320, #2735, .T. ) ;
#7355 = EDGE_LOOP ( 'NONE', ( #473, #1090, #3255, #4881 ) ) ;
#7356 = CIRCLE ( 'NONE', #5794, 7.200000000003333511 ) ;
#7357 = LINE ( 'NONE', #4194, #7160 ) ;
#7358 = DIRECTION ( 'NONE',  ( 0.0000000000000000000, 0.0000000000000000000, -1.000000000000000000 ) ) ;
#7359 = DIRECTION ( 'NONE',  ( 1.000000000000000000, -0.0000000000000000000, -0.0000000000000000000 ) ) ;
#7360 = ORIENTED_EDGE ( 'NONE', *, *, #3832, .T. ) ;
#7361 = DIRECTION ( 'NONE',  ( 0.0000000000000000000, 0.0000000000000000000, -1.000000000000000000 ) ) ;
#7362 = VECTOR ( 'NONE', #2074, 1000.000000000000114 ) ;
#7363 = AXIS2_PLACEMENT_3D ( 'NONE', #3343, #3407, #3368 ) ;
#7364 = VERTEX_POINT ( 'NONE', #4616 ) ;
#7365 = ORIENTED_EDGE ( 'NONE', *, *, #2023, .F. ) ;
#7366 = CARTESIAN_POINT ( 'NONE',  ( -21.29071611338160608, 0.0000000000000000000, 0.0000000000000000000 ) ) ;
#7367 = CIRCLE ( 'NONE', #7166, 6.500000000000007105 ) ;
#7368 = VECTOR ( 'NONE', #1956, 1000.000000000000227 ) ;
#7369 = AXIS2_PLACEMENT_3D ( 'NONE', #6101, #5365, #4716 ) ;
#7370 = AXIS2_PLACEMENT_3D ( 'NONE', #260, #200, #7739 ) ;
#7371 = CARTESIAN_POINT ( 'NONE',  ( -94.27208085614829258, 0.0000000000000000000, 7.200000000003432099 ) ) ;
#7372 = DIRECTION ( 'NONE',  ( 1.000000000000000000, -0.0000000000000000000, -0.0000000000000000000 ) ) ;
#7373 = VERTEX_POINT ( 'NONE', #4556 ) ;
#7374 = ORIENTED_EDGE ( 'NONE', *, *, #797, .T. ) ;
#7375 = ORIENTED_EDGE ( 'NONE', *, *, #192, .T. ) ;
#7376 = CARTESIAN_POINT ( 'NONE',  ( -30.58967412875647440, 0.0000000000000000000, 0.0000000000000000000 ) ) ;
#7377 = CARTESIAN_POINT ( 'NONE',  ( -12.58157168442802387, 9.194399011958017309E-16, -7.507796548653469237 ) ) ;
#7378 = FACE_OUTER_BOUND ( 'NONE', #8138, .T. ) ;
#7379 = DIRECTION ( 'NONE',  ( 1.000000000000000000, -0.0000000000000000000, -0.0000000000000000000 ) ) ;
#7380 = DIRECTION ( 'NONE',  ( 1.000000000000000000, -0.0000000000000000000, -0.0000000000000000000 ) ) ;
#7381 = VECTOR ( 'NONE', #6470, 1000.000000000000227 ) ;
#7382 = EDGE_LOOP ( 'NONE', ( #6528, #8326, #5122, #3176 ) ) ;
#7383 = ORIENTED_EDGE ( 'NONE', *, *, #1352, .F. ) ;
#7384 = ADVANCED_FACE ( 'NONE', ( #5787 ), #5398, .T. ) ;
#7385 = VERTEX_POINT ( 'NONE', #4332 ) ;
#7386 = ORIENTED_EDGE ( 'NONE', *, *, #6400, .T. ) ;
#7387 = EDGE_CURVE ( 'NONE', #3233, #4250, #331, .T. ) ;
#7388 = FACE_OUTER_BOUND ( 'NONE', #1279, .T. ) ;
#7389 = CARTESIAN_POINT ( 'NONE',  ( -68.15053283076346702, 0.0000000000000000000, 7.200000000003347722 ) ) ;
#7390 = CIRCLE ( 'NONE', #2917, 7.450000000000002842 ) ;
#7391 = DIRECTION ( 'NONE',  ( 0.0000000000000000000, 0.0000000000000000000, -1.000000000000000000 ) ) ;
#7392 = ORIENTED_EDGE ( 'NONE', *, *, #357, .T. ) ;
#7393 = CARTESIAN_POINT ( 'NONE',  ( -83.72928037507642784, 8.388830574161426831E-16, 6.500000000000012434 ) ) ;
#7394 = EDGE_CURVE ( 'NONE', #5329, #4413, #7066, .T. ) ;
#7395 = EDGE_LOOP ( 'NONE', ( #7586, #7872, #2448, #2226 ) ) ;
#7396 = ORIENTED_EDGE ( 'NONE', *, *, #8322, .F. ) ;
#7397 = VECTOR ( 'NONE', #2597, 1000.000000000000000 ) ;
#7398 = CIRCLE ( 'NONE', #6432, 7.450000000000002842 ) ;
#7399 = CARTESIAN_POINT ( 'NONE',  ( -93.86303388292293448, 0.0000000000000000000, 0.0000000000000000000 ) ) ;
#7400 = DIRECTION ( 'NONE',  ( 1.000000000000000000, -0.0000000000000000000, -0.0000000000000000000 ) ) ;
#7401 = EDGE_CURVE ( 'NONE', #4539, #3405, #5595, .T. ) ;
#7402 = VERTEX_POINT ( 'NONE', #3935 ) ;
#7403 = ORIENTED_EDGE ( 'NONE', *, *, #2504, .T. ) ;
#7404 = VERTEX_POINT ( 'NONE', #3566 ) ;
#7405 = VECTOR ( 'NONE', #226, 1000.000000000000000 ) ;
#7406 = EDGE_CURVE ( 'NONE', #351, #3805, #123, .T. ) ;
#7407 = DIRECTION ( 'NONE',  ( 1.000000000000000000, -0.0000000000000000000, -0.0000000000000000000 ) ) ;
#7408 = VERTEX_POINT ( 'NONE', #3354 ) ;
#7409 = EDGE_CURVE ( 'NONE', #5704, #1444, #3872, .T. ) ;
#7410 = FACE_OUTER_BOUND ( 'NONE', #3622, .T. ) ;
#7411 = DIRECTION ( 'NONE',  ( 1.000000000000000000, -0.0000000000000000000, -0.0000000000000000000 ) ) ;
#7412 = FACE_OUTER_BOUND ( 'NONE', #2574, .T. ) ;
#7413 = LINE ( 'NONE', #1250, #2696 ) ;
#7414 = ORIENTED_EDGE ( 'NONE', *, *, #5044, .T. ) ;
#7415 = AXIS2_PLACEMENT_3D ( 'NONE', #2948, #3318, #6489 ) ;
#7416 = CARTESIAN_POINT ( 'NONE',  ( 0.0000000000000000000, 9.123618653647785104E-16, 7.450000000000002842 ) ) ;
#7417 = ORIENTED_EDGE ( 'NONE', *, *, #8124, .F. ) ;
#7418 = ORIENTED_EDGE ( 'NONE', *, *, #3966, .T. ) ;
#7419 = CONICAL_SURFACE ( 'NONE', #5164, 7.507796548653469237, 0.4441862946325517703 ) ;
#7420 = AXIS2_PLACEMENT_3D ( 'NONE', #1766, #1016, #6607 ) ;
#7421 = ORIENTED_EDGE ( 'NONE', *, *, #2161, .T. ) ;
#7422 = ADVANCED_FACE ( 'NONE', ( #535 ), #8314, .T. ) ;
#7423 = EDGE_LOOP ( 'NONE', ( #590, #4323, #6231, #3003 ) ) ;
#7424 = CARTESIAN_POINT ( 'NONE',  ( -73.66017580246405316, 0.0000000000000000000, -6.500000000000007105 ) ) ;
#7425 = CARTESIAN_POINT ( 'NONE',  ( -24.09549998765155365, 0.0000000000000000000, 7.450000000000002842 ) ) ;
#7426 = CARTESIAN_POINT ( 'NONE',  ( 0.0000000000000000000, 0.0000000000000000000, 0.0000000000000000000 ) ) ;
#7427 = FACE_OUTER_BOUND ( 'NONE', #1117, .T. ) ;
#7428 = ORIENTED_EDGE ( 'NONE', *, *, #7035, .F. ) ;
#7429 = EDGE_LOOP ( 'NONE', ( #6856, #4375, #4479, #5687 ) ) ;
#7430 = CARTESIAN_POINT ( 'NONE',  ( -20.74788785564854621, 0.0000000000000000000, 0.0000000000000000000 ) ) ;
#7431 = DIRECTION ( 'NONE',  ( 0.0000000000000000000, 0.0000000000000000000, -1.000000000000000000 ) ) ;
#7432 = AXIS2_PLACEMENT_3D ( 'NONE', #3645, #7507, #3764 ) ;
#7433 = AXIS2_PLACEMENT_3D ( 'NONE', #7705, #921, #7969 ) ;
#7434 = DIRECTION ( 'NONE',  ( 0.0000000000000000000, 0.0000000000000000000, -1.000000000000000000 ) ) ;
#7435 = EDGE_LOOP ( 'NONE', ( #962, #4719, #5514, #8347 ) ) ;
#7436 = FACE_OUTER_BOUND ( 'NONE', #3905, .T. ) ;
#7437 = CARTESIAN_POINT ( 'NONE',  ( -24.41223540932040237, 9.123618653647785104E-16, 7.450000000000002842 ) ) ;
#7438 = ORIENTED_EDGE ( 'NONE', *, *, #7637, .F. ) ;
#7439 = DIRECTION ( 'NONE',  ( 1.000000000000000000, -0.0000000000000000000, -0.0000000000000000000 ) ) ;
#7440 = ORIENTED_EDGE ( 'NONE', *, *, #6138, .T. ) ;
#7441 = DIRECTION ( 'NONE',  ( 1.000000000000000000, -0.0000000000000000000, -0.0000000000000000000 ) ) ;
#7442 = LINE ( 'NONE', #149, #5586 ) ;
#7443 = EDGE_CURVE ( 'NONE', #7553, #8074, #3455, .T. ) ;
#7444 = CARTESIAN_POINT ( 'NONE',  ( -86.27150201067706803, 0.0000000000000000000, 7.200000000003375256 ) ) ;
#7445 = EDGE_CURVE ( 'NONE', #3903, #8061, #1680, .T. ) ;
#7446 = CARTESIAN_POINT ( 'NONE',  ( 0.0000000000000000000, 7.960204194457804352E-16, 6.500000000000006217 ) ) ;
#7447 = CIRCLE ( 'NONE', #2585, 6.500000000000007105 ) ;
#7448 = EDGE_CURVE ( 'NONE', #4417, #3804, #5208, .T. ) ;
#7449 = VECTOR ( 'NONE', #4731, 1000.000000000000227 ) ;
#7450 = DIRECTION ( 'NONE',  ( -0.5045276238147151648, 1.057354597448867071E-16, -0.8633955506069492802 ) ) ;
#7451 = ORIENTED_EDGE ( 'NONE', *, *, #8017, .T. ) ;
#7452 = DIRECTION ( 'NONE',  ( 1.000000000000000000, -0.0000000000000000000, -0.0000000000000000000 ) ) ;
#7453 = CARTESIAN_POINT ( 'NONE',  ( 0.0000000000000000000, 0.0000000000000000000, 0.0000000000000000000 ) ) ;
#7454 = CARTESIAN_POINT ( 'NONE',  ( -76.21949269200803201, 0.0000000000000000000, 0.0000000000000000000 ) ) ;
#7455 = VERTEX_POINT ( 'NONE', #2303 ) ;
#7456 = CIRCLE ( 'NONE', #8046, 7.450000000000002842 ) ;
#7457 = CARTESIAN_POINT ( 'NONE',  ( -68.15053283076346702, 0.0000000000000000000, 7.200000000003347722 ) ) ;
#7458 = CIRCLE ( 'NONE', #4625, 7.200000000003445422 ) ;
#7459 = CARTESIAN_POINT ( 'NONE',  ( -44.64504213944225341, 0.0000000000000000000, 0.0000000000000000000 ) ) ;
#7460 = AXIS2_PLACEMENT_3D ( 'NONE', #4631, #4782, #4883 ) ;
#7461 = CARTESIAN_POINT ( 'NONE',  ( -8.962348569452977642, 0.0000000000000000000, 0.0000000000000000000 ) ) ;
#7462 = ADVANCED_FACE ( 'NONE', ( #3256 ), #1253, .T. ) ;
#7463 = ORIENTED_EDGE ( 'NONE', *, *, #6824, .T. ) ;
#7464 = VECTOR ( 'NONE', #223, 1000.000000000000227 ) ;
#7465 = DIRECTION ( 'NONE',  ( 1.000000000000000000, -0.0000000000000000000, -0.0000000000000000000 ) ) ;
#7466 = DIRECTION ( 'NONE',  ( 0.0000000000000000000, 0.0000000000000000000, -1.000000000000000000 ) ) ;
#7467 = FACE_OUTER_BOUND ( 'NONE', #7643, .T. ) ;
#7468 = CARTESIAN_POINT ( 'NONE',  ( 0.0000000000000000000, 0.0000000000000000000, -7.450000000000002842 ) ) ;
#7469 = AXIS2_PLACEMENT_3D ( 'NONE', #6496, #6547, #6502 ) ;
#7470 = ORIENTED_EDGE ( 'NONE', *, *, #1307, .T. ) ;
#7471 = ORIENTED_EDGE ( 'NONE', *, *, #6990, .T. ) ;
#7472 = FACE_OUTER_BOUND ( 'NONE', #4179, .T. ) ;
#7473 = AXIS2_PLACEMENT_3D ( 'NONE', #26, #190, #61 ) ;
#7474 = VECTOR ( 'NONE', #2315, 1000.000000000000227 ) ;
#7475 = ORIENTED_EDGE ( 'NONE', *, *, #264, .F. ) ;
#7476 = DIRECTION ( 'NONE',  ( 0.0000000000000000000, 0.0000000000000000000, -1.000000000000000000 ) ) ;
#7477 = DIRECTION ( 'NONE',  ( 1.000000000000000000, -0.0000000000000000000, -0.0000000000000000000 ) ) ;
#7478 = VERTEX_POINT ( 'NONE', #1748 ) ;
#7479 = ORIENTED_EDGE ( 'NONE', *, *, #2480, .F. ) ;
#7480 = ORIENTED_EDGE ( 'NONE', *, *, #860, .F. ) ;
#7481 = FACE_OUTER_BOUND ( 'NONE', #2227, .T. ) ;
#7482 = AXIS2_PLACEMENT_3D ( 'NONE', #1670, #1679, #1643 ) ;
#7483 = AXIS2_PLACEMENT_3D ( 'NONE', #3667, #2825, #2353 ) ;
#7484 = ORIENTED_EDGE ( 'NONE', *, *, #6509, .T. ) ;
#7485 = DIRECTION ( 'NONE',  ( -0.5045276238147151648, 0.0000000000000000000, 0.8633955506069492802 ) ) ;
#7486 = ORIENTED_EDGE ( 'NONE', *, *, #7282, .F. ) ;
#7487 = ORIENTED_EDGE ( 'NONE', *, *, #1416, .F. ) ;
#7488 = CARTESIAN_POINT ( 'NONE',  ( -72.18501276138574951, 8.817456953865042407E-16, -7.200000000003347722 ) ) ;
#7489 = ORIENTED_EDGE ( 'NONE', *, *, #7600, .F. ) ;
#7490 = CARTESIAN_POINT ( 'NONE',  ( -90.75928528405316342, 0.0000000000000000000, 0.0000000000000000000 ) ) ;
#7491 = VECTOR ( 'NONE', #894, 1000.000000000000227 ) ;
#7492 = DIRECTION ( 'NONE',  ( 0.0000000000000000000, 0.0000000000000000000, -1.000000000000000000 ) ) ;
#7493 = CIRCLE ( 'NONE', #6691, 6.729642571546104790 ) ;
#7494 = DIRECTION ( 'NONE',  ( 1.000000000000000000, -0.0000000000000000000, -0.0000000000000000000 ) ) ;
#7495 = ORIENTED_EDGE ( 'NONE', *, *, #236, .T. ) ;
#7496 = EDGE_CURVE ( 'NONE', #2734, #7364, #4799, .T. ) ;
#7497 = DIRECTION ( 'NONE',  ( 0.0000000000000000000, 0.0000000000000000000, -1.000000000000000000 ) ) ;
#7498 = ORIENTED_EDGE ( 'NONE', *, *, #4650, .T. ) ;
#7499 = LINE ( 'NONE', #5969, #7308 ) ;
#7500 = DIRECTION ( 'NONE',  ( 1.000000000000000000, -0.0000000000000000000, -0.0000000000000000000 ) ) ;
#7501 = DIRECTION ( 'NONE',  ( -1.000000000000000000, 0.0000000000000000000, 0.0000000000000000000 ) ) ;
#7502 = ORIENTED_EDGE ( 'NONE', *, *, #5809, .F. ) ;
#7503 = EDGE_CURVE ( 'NONE', #2903, #1926, #1471, .T. ) ;
#7504 = VERTEX_POINT ( 'NONE', #1217 ) ;
#7505 = VECTOR ( 'NONE', #4695, 1000.000000000000227 ) ;
#7506 = ADVANCED_FACE ( 'NONE', ( #8130 ), #2837, .T. ) ;
#7507 = DIRECTION ( 'NONE',  ( -1.000000000000000000, 0.0000000000000000000, 0.0000000000000000000 ) ) ;
#7508 = AXIS2_PLACEMENT_3D ( 'NONE', #5925, #3838, #2580 ) ;
#7509 = DIRECTION ( 'NONE',  ( 1.000000000000000000, -0.0000000000000000000, -0.0000000000000000000 ) ) ;
#7510 = DIRECTION ( 'NONE',  ( 0.0000000000000000000, 0.0000000000000000000, -1.000000000000000000 ) ) ;
#7511 = FACE_OUTER_BOUND ( 'NONE', #7423, .T. ) ;
#7512 = CONICAL_SURFACE ( 'NONE', #4790, 6.500000000000007105, 0.6248278722141583641 ) ;
#7513 = VECTOR ( 'NONE', #7547, 999.9999999999998863 ) ;
#7514 = EDGE_CURVE ( 'NONE', #2278, #467, #7931, .T. ) ;
#7515 = EDGE_CURVE ( 'NONE', #2460, #7504, #6274, .T. ) ;
#7516 = DIRECTION ( 'NONE',  ( 1.000000000000000000, -0.0000000000000000000, -0.0000000000000000000 ) ) ;
#7517 = DIRECTION ( 'NONE',  ( 0.8110638189892164229, 0.0000000000000000000, -0.5849576749873681702 ) ) ;
#7518 = LINE ( 'NONE', #6333, #1219 ) ;
#7519 = CARTESIAN_POINT ( 'NONE',  ( -73.66017580246405316, 0.0000000000000000000, 0.0000000000000000000 ) ) ;
#7520 = CIRCLE ( 'NONE', #497, 7.248294035520856049 ) ;
#7521 = ORIENTED_EDGE ( 'NONE', *, *, #749, .F. ) ;
#7522 = EDGE_LOOP ( 'NONE', ( #869, #2773, #5626, #1917 ) ) ;
#7523 = AXIS2_PLACEMENT_3D ( 'NONE', #5433, #5421, #5410 ) ;
#7524 = FACE_OUTER_BOUND ( 'NONE', #7716, .T. ) ;
#7525 = ADVANCED_FACE ( 'NONE', ( #4580 ), #7545, .T. ) ;
#7526 = EDGE_LOOP ( 'NONE', ( #31, #4623, #4820, #774 ) ) ;
#7527 = ORIENTED_EDGE ( 'NONE', *, *, #4995, .F. ) ;
#7528 = DIRECTION ( 'NONE',  ( 0.0000000000000000000, 0.0000000000000000000, -1.000000000000000000 ) ) ;
#7529 = AXIS2_PLACEMENT_3D ( 'NONE', #6873, #6832, #6785 ) ;
#7530 = AXIS2_PLACEMENT_3D ( 'NONE', #1640, #386, #8114 ) ;
#7531 = CONICAL_SURFACE ( 'NONE', #5631, 6.500000000000007105, 0.6248278722141636932 ) ;
#7532 = ORIENTED_EDGE ( 'NONE', *, *, #2724, .T. ) ;
#7533 = CARTESIAN_POINT ( 'NONE',  ( -39.07915389105566106, 0.0000000000000000000, 0.0000000000000000000 ) ) ;
#7534 = DIRECTION ( 'NONE',  ( 1.000000000000000000, -0.0000000000000000000, -0.0000000000000000000 ) ) ;
#7535 = VECTOR ( 'NONE', #7094, 1000.000000000000114 ) ;
#7536 = EDGE_CURVE ( 'NONE', #5798, #2697, #2627, .T. ) ;
#7537 = DIRECTION ( 'NONE',  ( 1.000000000000000000, -0.0000000000000000000, -0.0000000000000000000 ) ) ;
#7538 = ADVANCED_FACE ( 'NONE', ( #1048 ), #639, .T. ) ;
#7539 = EDGE_CURVE ( 'NONE', #4405, #404, #6084, .T. ) ;
#7540 = CARTESIAN_POINT ( 'NONE',  ( -57.65528603098304927, 0.0000000000000000000, 0.0000000000000000000 ) ) ;
#7541 = CARTESIAN_POINT ( 'NONE',  ( 0.0000000000000000000, 0.0000000000000000000, 0.0000000000000000000 ) ) ;
#7542 = EDGE_CURVE ( 'NONE', #870, #5908, #2414, .T. ) ;
#7543 = DIRECTION ( 'NONE',  ( 1.000000000000000000, -0.0000000000000000000, -0.0000000000000000000 ) ) ;
#7544 = ADVANCED_FACE ( 'NONE', ( #7742 ), #423, .T. ) ;
#7545 = CONICAL_SURFACE ( 'NONE', #3203, 7.507796548653469237, 0.4441862946325517703 ) ;
#7546 = LINE ( 'NONE', #303, #641 ) ;
#7547 = DIRECTION ( 'NONE',  ( 0.8110638189892200867, 0.0000000000000000000, -0.5849576749873632853 ) ) ;
#7548 = EDGE_CURVE ( 'NONE', #345, #7504, #835, .T. ) ;
#7549 = ORIENTED_EDGE ( 'NONE', *, *, #3753, .F. ) ;
#7550 = LINE ( 'NONE', #4294, #5888 ) ;
#7551 = EDGE_CURVE ( 'NONE', #5513, #753, #7356, .T. ) ;
#7552 = LINE ( 'NONE', #430, #431 ) ;
#7553 = VERTEX_POINT ( 'NONE', #2393 ) ;
#7554 = ORIENTED_EDGE ( 'NONE', *, *, #5866, .T. ) ;
#7555 = DIRECTION ( 'NONE',  ( 0.0000000000000000000, 0.0000000000000000000, -1.000000000000000000 ) ) ;
#7556 = LINE ( 'NONE', #2527, #435 ) ;
#7557 = CARTESIAN_POINT ( 'NONE',  ( -36.79215556135566345, 0.0000000000000000000, 7.450000000000062350 ) ) ;
#7558 = CARTESIAN_POINT ( 'NONE',  ( -76.72408179659184668, 0.0000000000000000000, 0.0000000000000000000 ) ) ;
#7559 = VECTOR ( 'NONE', #7087, 1000.000000000000000 ) ;
#7560 = AXIS2_PLACEMENT_3D ( 'NONE', #1949, #1836, #1354 ) ;
#7561 = ORIENTED_EDGE ( 'NONE', *, *, #6258, .T. ) ;
#7562 = ORIENTED_EDGE ( 'NONE', *, *, #4053, .T. ) ;
#7563 = ORIENTED_EDGE ( 'NONE', *, *, #4880, .F. ) ;
#7564 = DIRECTION ( 'NONE',  ( 0.0000000000000000000, 0.0000000000000000000, -1.000000000000000000 ) ) ;
#7565 = LINE ( 'NONE', #524, #5705 ) ;
#7566 = ORIENTED_EDGE ( 'NONE', *, *, #5664, .T. ) ;
#7567 = DIRECTION ( 'NONE',  ( 1.000000000000000000, -0.0000000000000000000, -0.0000000000000000000 ) ) ;
#7568 = LINE ( 'NONE', #6385, #2441 ) ;
#7569 = AXIS2_PLACEMENT_3D ( 'NONE', #7988, #8002, #7778 ) ;
#7570 = EDGE_LOOP ( 'NONE', ( #568, #3825, #7791, #7312 ) ) ;
#7571 = ORIENTED_EDGE ( 'NONE', *, *, #2163, .T. ) ;
#7572 = ORIENTED_EDGE ( 'NONE', *, *, #4151, .F. ) ;
#7573 = AXIS2_PLACEMENT_3D ( 'NONE', #8120, #7161, #7191 ) ;
#7574 = LINE ( 'NONE', #513, #676 ) ;
#7575 = CIRCLE ( 'NONE', #680, 7.349999999999999645 ) ;
#7576 = CARTESIAN_POINT ( 'NONE',  ( -35.70649904588952950, 0.0000000000000000000, 0.0000000000000000000 ) ) ;
#7577 = ADVANCED_FACE ( 'NONE', ( #2203 ), #219, .T. ) ;
#7578 = DIRECTION ( 'NONE',  ( -0.5045276238140166125, 1.057354597449367012E-16, -0.8633955506073575092 ) ) ;
#7579 = ORIENTED_EDGE ( 'NONE', *, *, #3372, .T. ) ;
#7580 = DIRECTION ( 'NONE',  ( 0.0000000000000000000, 0.0000000000000000000, -1.000000000000000000 ) ) ;
#7581 = DIRECTION ( 'NONE',  ( 0.0000000000000000000, 0.0000000000000000000, -1.000000000000000000 ) ) ;
#7582 = DIRECTION ( 'NONE',  ( 1.000000000000000000, -0.0000000000000000000, -0.0000000000000000000 ) ) ;
#7583 = ORIENTED_EDGE ( 'NONE', *, *, #4832, .F. ) ;
#7584 = AXIS2_PLACEMENT_3D ( 'NONE', #1757, #2860, #5445 ) ;
#7585 = AXIS2_PLACEMENT_3D ( 'NONE', #1628, #1943, #1447 ) ;
#7586 = ORIENTED_EDGE ( 'NONE', *, *, #96, .T. ) ;
#7587 = CYLINDRICAL_SURFACE ( 'NONE', #6474, 7.200000000003375256 ) ;
#7588 = FACE_OUTER_BOUND ( 'NONE', #5828, .T. ) ;
#7589 = ORIENTED_EDGE ( 'NONE', *, *, #4468, .T. ) ;
#7590 = ORIENTED_EDGE ( 'NONE', *, *, #7245, .F. ) ;
#7591 = ADVANCED_FACE ( 'NONE', ( #5881 ), #5302, .T. ) ;
#7592 = CARTESIAN_POINT ( 'NONE',  ( -27.75984754132340981, 8.682526944148744198E-16, 6.729642571546105678 ) ) ;
#7593 = ORIENTED_EDGE ( 'NONE', *, *, #4367, .F. ) ;
#7594 = CIRCLE ( 'NONE', #933, 7.450000000000062350 ) ;
#7595 = ORIENTED_EDGE ( 'NONE', *, *, #7072, .T. ) ;
#7596 = EDGE_CURVE ( 'NONE', #6117, #7687, #5682, .T. ) ;
#7597 = DIRECTION ( 'NONE',  ( 1.000000000000000000, -0.0000000000000000000, -0.0000000000000000000 ) ) ;
#7598 = CIRCLE ( 'NONE', #3730, 14.30000000000000071 ) ;
#7599 = CARTESIAN_POINT ( 'NONE',  ( -57.65528603098304927, 7.960204194457804352E-16, 6.500000000000005329 ) ) ;
#7600 = EDGE_CURVE ( 'NONE', #8061, #6895, #6964, .T. ) ;
#7601 = DIRECTION ( 'NONE',  ( 0.0000000000000000000, 0.0000000000000000000, -1.000000000000000000 ) ) ;
#7602 = VECTOR ( 'NONE', #4684, 1000.000000000000227 ) ;
#7603 = EDGE_CURVE ( 'NONE', #2977, #2640, #5494, .T. ) ;
#7604 = VECTOR ( 'NONE', #2639, 1000.000000000000227 ) ;
#7605 = ORIENTED_EDGE ( 'NONE', *, *, #7097, .T. ) ;
#7606 = CARTESIAN_POINT ( 'NONE',  ( -20.74788785564854621, 0.0000000000000000000, -6.729642571546104790 ) ) ;
#7607 = DIRECTION ( 'NONE',  ( 0.0000000000000000000, 0.0000000000000000000, -1.000000000000000000 ) ) ;
#7608 = DIRECTION ( 'NONE',  ( 1.000000000000000000, -0.0000000000000000000, -0.0000000000000000000 ) ) ;
#7609 = CARTESIAN_POINT ( 'NONE',  ( -66.63788197003614755, 0.0000000000000000000, -7.200000000003333511 ) ) ;
#7610 = LINE ( 'NONE', #8308, #2490 ) ;
#7611 = ORIENTED_EDGE ( 'NONE', *, *, #5989, .T. ) ;
#7612 = AXIS2_PLACEMENT_3D ( 'NONE', #7240, #7213, #7391 ) ;
#7613 = EDGE_CURVE ( 'NONE', #1179, #3728, #1983, .T. ) ;
#7614 = DIRECTION ( 'NONE',  ( 0.0000000000000000000, 0.0000000000000000000, -1.000000000000000000 ) ) ;
#7615 = DIRECTION ( 'NONE',  ( 1.000000000000000000, -0.0000000000000000000, -0.0000000000000000000 ) ) ;
#7616 = DIRECTION ( 'NONE',  ( 1.000000000000000000, -0.0000000000000000000, -0.0000000000000000000 ) ) ;
#7617 = DIRECTION ( 'NONE',  ( 0.0000000000000000000, 0.0000000000000000000, -1.000000000000000000 ) ) ;
#7618 = VECTOR ( 'NONE', #850, 1000.000000000000000 ) ;
#7619 = CARTESIAN_POINT ( 'NONE',  ( -77.69465573308633566, 0.0000000000000000000, 0.0000000000000000000 ) ) ;
#7620 = ADVANCED_FACE ( 'NONE', ( #3551 ), #3356, .T. ) ;
#7621 = VERTEX_POINT ( 'NONE', #2472 ) ;
#7622 = AXIS2_PLACEMENT_3D ( 'NONE', #1601, #1604, #1622 ) ;
#7623 = ORIENTED_EDGE ( 'NONE', *, *, #1097, .F. ) ;
#7624 = APPLICATION_PROTOCOL_DEFINITION ( 'draft international standard', 'automotive_design', 1998, #5694 ) ;
#7625 = AXIS2_PLACEMENT_3D ( 'NONE', #269, #254, #231 ) ;
#7626 = CYLINDRICAL_SURFACE ( 'NONE', #6204, 7.200000000003403677 ) ;
#7627 = ADVANCED_FACE ( 'NONE', ( #6775 ), #8216, .T. ) ;
#7628 = AXIS2_PLACEMENT_3D ( 'NONE', #1353, #1423, #6197 ) ;
#7629 = AXIS2_PLACEMENT_3D ( 'NONE', #8131, #4350, #4326 ) ;
#7630 = LINE ( 'NONE', #1067, #5978 ) ;
#7631 = DIRECTION ( 'NONE',  ( 0.0000000000000000000, 0.0000000000000000000, -1.000000000000000000 ) ) ;
#7632 = ORIENTED_EDGE ( 'NONE', *, *, #3005, .T. ) ;
#7633 = DIRECTION ( 'NONE',  ( 1.000000000000000000, -0.0000000000000000000, -0.0000000000000000000 ) ) ;
#7634 = CARTESIAN_POINT ( 'NONE',  ( -25.49789192478652566, 9.123618653647785104E-16, -7.450000000000002842 ) ) ;
#7635 = VERTEX_POINT ( 'NONE', #1653 ) ;
#7636 = LINE ( 'NONE', #1846, #4467 ) ;
#7637 = EDGE_CURVE ( 'NONE', #1305, #5505, #5099, .T. ) ;
#7638 = DIRECTION ( 'NONE',  ( 1.000000000000000000, -0.0000000000000000000, -0.0000000000000000000 ) ) ;
#7639 = CIRCLE ( 'NONE', #8249, 0.8999999999999962474 ) ;
#7640 = DIRECTION ( 'NONE',  ( 0.0000000000000000000, 0.0000000000000000000, -1.000000000000000000 ) ) ;
#7641 = DIRECTION ( 'NONE',  ( 1.000000000000000000, -0.0000000000000000000, -0.0000000000000000000 ) ) ;
#7642 = DIRECTION ( 'NONE',  ( 0.0000000000000000000, 0.0000000000000000000, -1.000000000000000000 ) ) ;
#7643 = EDGE_LOOP ( 'NONE', ( #556, #6083, #5250, #6223 ) ) ;
#7644 = EDGE_CURVE ( 'NONE', #8206, #1926, #1576, .T. ) ;
#7645 = LINE ( 'NONE', #6364, #4273 ) ;
#7646 = CIRCLE ( 'NONE', #3312, 7.373541446553168122 ) ;
#7647 = CARTESIAN_POINT ( 'NONE',  ( -76.21949269200803201, 0.0000000000000000000, 7.200000000003347722 ) ) ;
#7648 = EDGE_CURVE ( 'NONE', #3894, #1935, #4905, .T. ) ;
#7649 = EDGE_LOOP ( 'NONE', ( #4808, #3596, #4089, #5864 ) ) ;
#7650 = CIRCLE ( 'NONE', #296, 6.500000000000010658 ) ;
#7651 = CIRCLE ( 'NONE', #1269, 7.200000000003347722 ) ;
#7652 = ADVANCED_FACE ( 'NONE', ( #8028 ), #4687, .T. ) ;
#7653 = EDGE_CURVE ( 'NONE', #6300, #1955, #1355, .T. ) ;
#7654 = CARTESIAN_POINT ( 'NONE',  ( -60.58616207410272381, 0.0000000000000000000, 0.0000000000000000000 ) ) ;
#7655 = VERTEX_POINT ( 'NONE', #2375 ) ;
#7656 = ORIENTED_EDGE ( 'NONE', *, *, #5267, .T. ) ;
#7657 = EDGE_CURVE ( 'NONE', #5026, #4199, #3752, .T. ) ;
#7658 = CARTESIAN_POINT ( 'NONE',  ( -69.62569587184177067, 0.0000000000000000000, 0.0000000000000000000 ) ) ;
#7659 = CYLINDRICAL_SURFACE ( 'NONE', #7331, 6.500000000000006217 ) ;
#7660 = CARTESIAN_POINT ( 'NONE',  ( -83.72928037507642784, 0.0000000000000000000, -6.500000000000012434 ) ) ;
#7661 = CARTESIAN_POINT ( 'NONE',  ( 0.0000000000000000000, 0.0000000000000000000, 0.0000000000000000000 ) ) ;
#7662 = CONICAL_SURFACE ( 'NONE', #3562, 6.729642571546104790, 0.9250245035569997221 ) ;
#7663 = ORIENTED_EDGE ( 'NONE', *, *, #5572, .T. ) ;
#7664 = ADVANCED_FACE ( 'NONE', ( #2937 ), #6177, .F. ) ;
#7665 = VERTEX_POINT ( 'NONE', #7319 ) ;
#7666 = DIRECTION ( 'NONE',  ( 1.000000000000000000, -0.0000000000000000000, -0.0000000000000000000 ) ) ;
#7667 = ORIENTED_EDGE ( 'NONE', *, *, #1459, .F. ) ;
#7668 = ORIENTED_EDGE ( 'NONE', *, *, #573, .F. ) ;
#7669 = DIRECTION ( 'NONE',  ( -0.5045276238147197168, 1.057354597448863866E-16, -0.8633955506069468377 ) ) ;
#7670 = DIRECTION ( 'NONE',  ( 0.6018150231520442706, 0.0000000000000000000, -0.7986355100472959379 ) ) ;
#7671 = DIRECTION ( 'NONE',  ( 1.000000000000000000, -0.0000000000000000000, -0.0000000000000000000 ) ) ;
#7672 = LINE ( 'NONE', #6338, #2762 ) ;
#7673 = AXIS2_PLACEMENT_3D ( 'NONE', #7854, #7845, #8125 ) ;
#7674 = ORIENTED_EDGE ( 'NONE', *, *, #4762, .F. ) ;
#7675 = DIRECTION ( 'NONE',  ( 1.000000000000000000, -0.0000000000000000000, -0.0000000000000000000 ) ) ;
#7676 = ORIENTED_EDGE ( 'NONE', *, *, #2145, .F. ) ;
#7677 = VERTEX_POINT ( 'NONE', #389 ) ;
#7678 = CARTESIAN_POINT ( 'NONE',  ( -53.48777614935264069, 0.0000000000000000000, 0.0000000000000000000 ) ) ;
#7679 = EDGE_LOOP ( 'NONE', ( #3296, #6714, #6909, #7103 ) ) ;
#7680 = ORIENTED_EDGE ( 'NONE', *, *, #7820, .T. ) ;
#7681 = CONICAL_SURFACE ( 'NONE', #2844, 7.349999999999999645, 0.3903425407172332329 ) ;
#7682 = DIRECTION ( 'NONE',  ( -1.000000000000000000, 0.0000000000000000000, 0.0000000000000000000 ) ) ;
#7683 = CIRCLE ( 'NONE', #6270, 6.729642571546104790 ) ;
#7684 = AXIS2_PLACEMENT_3D ( 'NONE', #3640, #3526, #6842 ) ;
#7685 = AXIS2_PLACEMENT_3D ( 'NONE', #4815, #6360, #4906 ) ;
#7686 = CARTESIAN_POINT ( 'NONE',  ( -58.06433300420776789, 0.0000000000000000000, 0.0000000000000000000 ) ) ;
#7687 = VERTEX_POINT ( 'NONE', #6918 ) ;
#7688 = VERTEX_POINT ( 'NONE', #6863 ) ;
#7689 = CIRCLE ( 'NONE', #7883, 6.500000000000005329 ) ;
#7690 = CARTESIAN_POINT ( 'NONE',  ( -16.54071204424362662, 0.0000000000000000000, -6.729642571546104790 ) ) ;
#7691 = VERTEX_POINT ( 'NONE', #7047 ) ;
#7692 = CARTESIAN_POINT ( 'NONE',  ( -23.55267172991849023, 0.0000000000000000000, -6.729642571546104790 ) ) ;
#7693 = CARTESIAN_POINT ( 'NONE',  ( -17.94310398137859863, 0.0000000000000000000, -6.729642571546104790 ) ) ;
#7694 = ORIENTED_EDGE ( 'NONE', *, *, #6568, .T. ) ;
#7695 = PRODUCT_DEFINITION_FORMATION_WITH_SPECIFIED_SOURCE ( 'ANY', '', #2888, .NOT_KNOWN. ) ;
#7696 = EDGE_CURVE ( 'NONE', #5613, #1395, #1148, .T. ) ;
#7697 = DIRECTION ( 'NONE',  ( 0.0000000000000000000, 0.0000000000000000000, 1.000000000000000000 ) ) ;
#7698 = CARTESIAN_POINT ( 'NONE',  ( -61.55673601059720568, 0.0000000000000000000, 0.0000000000000000000 ) ) ;
#7699 = EDGE_CURVE ( 'NONE', #6741, #2847, #6370, .T. ) ;
#7700 = FACE_OUTER_BOUND ( 'NONE', #1075, .T. ) ;
#7701 = DIRECTION ( 'NONE',  ( 0.8110638189892169780, 0.0000000000000000000, -0.5849576749873675041 ) ) ;
#7702 = CARTESIAN_POINT ( 'NONE',  ( -14.06628488821304579, 9.123618653647785104E-16, -7.450000000000002842 ) ) ;
#7703 = FACE_OUTER_BOUND ( 'NONE', #2699, .T. ) ;
#7704 = FACE_OUTER_BOUND ( 'NONE', #6821, .T. ) ;
#7705 = CARTESIAN_POINT ( 'NONE',  ( -91.72985922054768082, 0.0000000000000000000, 0.0000000000000000000 ) ) ;
#7706 = ADVANCED_FACE ( 'NONE', ( #5984 ), #2517, .T. ) ;
#7707 = CARTESIAN_POINT ( 'NONE',  ( -98.14163738553702387, 0.0000000000000000000, 0.0000000000000000000 ) ) ;
#7708 = EDGE_CURVE ( 'NONE', #6713, #7385, #7636, .T. ) ;
#7709 = LINE ( 'NONE', #6662, #4540 ) ;
#7710 = CYLINDRICAL_SURFACE ( 'NONE', #936, 6.500000000000010658 ) ;
#7711 = VERTEX_POINT ( 'NONE', #1747 ) ;
#7712 = EDGE_CURVE ( 'NONE', #8361, #660, #7447, .T. ) ;
#7713 = DIRECTION ( 'NONE',  ( 1.000000000000000000, -0.0000000000000000000, -0.0000000000000000000 ) ) ;
#7714 = ADVANCED_FACE ( 'NONE', ( #2725 ), #2311, .T. ) ;
#7715 = EDGE_CURVE ( 'NONE', #935, #4394, #4061, .T. ) ;
#7716 = EDGE_LOOP ( 'NONE', ( #2575, #1629, #7881, #5830 ) ) ;
#7717 = FACE_OUTER_BOUND ( 'NONE', #1059, .T. ) ;
#7718 = ORIENTED_EDGE ( 'NONE', *, *, #2420, .F. ) ;
#7719 = ORIENTED_EDGE ( 'NONE', *, *, #5090, .T. ) ;
#7720 = DIRECTION ( 'NONE',  ( 0.0000000000000000000, 0.0000000000000000000, -1.000000000000000000 ) ) ;
#7721 = DIRECTION ( 'NONE',  ( 0.8110638189892164229, 0.0000000000000000000, -0.5849576749873681702 ) ) ;
#7722 = AXIS2_PLACEMENT_3D ( 'NONE', #158, #286, #278 ) ;
#7723 = LINE ( 'NONE', #915, #2397 ) ;
#7724 = ORIENTED_EDGE ( 'NONE', *, *, #7035, .T. ) ;
#7725 = DIRECTION ( 'NONE',  ( 0.0000000000000000000, 0.0000000000000000000, -1.000000000000000000 ) ) ;
#7726 = DIRECTION ( 'NONE',  ( 0.0000000000000000000, 0.0000000000000000000, -1.000000000000000000 ) ) ;
#7727 = CARTESIAN_POINT ( 'NONE',  ( -67.60845590653062231, 0.0000000000000000000, -6.500000000000007105 ) ) ;
#7728 = CARTESIAN_POINT ( 'NONE',  ( -91.72985922054768082, 7.960204194457807310E-16, 6.500000000000008882 ) ) ;
#7729 = DIRECTION ( 'NONE',  ( -0.5045276238141569447, 1.057354597449266678E-16, -0.8633955506072755748 ) ) ;
#7730 = EDGE_LOOP ( 'NONE', ( #2466, #6318, #6483, #1891 ) ) ;
#7731 = AXIS2_PLACEMENT_3D ( 'NONE', #2823, #2809, #2743 ) ;
#7732 = VECTOR ( 'NONE', #7823, 1000.000000000000227 ) ;
#7733 = CARTESIAN_POINT ( 'NONE',  ( 0.0000000000000000000, 0.0000000000000000000, 0.0000000000000000000 ) ) ;
#7734 = AXIS2_PLACEMENT_3D ( 'NONE', #2463, #2475, #2506 ) ;
#7735 = CARTESIAN_POINT ( 'NONE',  ( -25.49789192478652566, 0.0000000000000000000, 7.450000000000002842 ) ) ;
#7736 = AXIS2_PLACEMENT_3D ( 'NONE', #4671, #3230, #2489 ) ;
#7737 = AXIS2_PLACEMENT_3D ( 'NONE', #4698, #1259, #5249 ) ;
#7738 = ADVANCED_FACE ( 'NONE', ( #5781 ), #5590, .T. ) ;
#7739 = DIRECTION ( 'NONE',  ( 0.0000000000000000000, 0.0000000000000000000, -1.000000000000000000 ) ) ;
#7740 = DIRECTION ( 'NONE',  ( 0.0000000000000000000, 0.0000000000000000000, -1.000000000000000000 ) ) ;
#7741 = DIRECTION ( 'NONE',  ( 1.000000000000000000, -0.0000000000000000000, -0.0000000000000000000 ) ) ;
#7742 = FACE_OUTER_BOUND ( 'NONE', #1393, .T. ) ;
#7743 = CIRCLE ( 'NONE', #898, 6.500000000000010658 ) ;
#7744 = EDGE_LOOP ( 'NONE', ( #33, #8334, #1021, #8243 ) ) ;
#7745 = DIRECTION ( 'NONE',  ( 1.000000000000000000, -0.0000000000000000000, -0.0000000000000000000 ) ) ;
#7746 = ADVANCED_FACE ( 'NONE', ( #738 ), #7059, .T. ) ;
#7747 = DIRECTION ( 'NONE',  ( 0.8110638189892164229, 0.0000000000000000000, -0.5849576749873681702 ) ) ;
#7748 = CIRCLE ( 'NONE', #4827, 7.450000000000002842 ) ;
#7749 = EDGE_CURVE ( 'NONE', #5258, #1789, #324, .T. ) ;
#7750 = DIRECTION ( 'NONE',  ( 1.000000000000000000, -0.0000000000000000000, -0.0000000000000000000 ) ) ;
#7752 = CARTESIAN_POINT ( 'NONE',  ( -69.75872582284998202, 0.0000000000000000000, 0.0000000000000000000 ) ) ;
#7751 = VECTOR ( 'NONE', #6603, 1000.000000000000000 ) ;
#7753 = EDGE_LOOP ( 'NONE', ( #7871, #8288, #4009, #7777 ) ) ;
#7754 = EDGE_CURVE ( 'NONE', #684, #8064, #4266, .T. ) ;
#7755 = VERTEX_POINT ( 'NONE', #8118 ) ;
#7756 = DIRECTION ( 'NONE',  ( 1.000000000000000000, -0.0000000000000000000, -0.0000000000000000000 ) ) ;
#7757 = VECTOR ( 'NONE', #1965, 1000.000000000000000 ) ;
#7758 = DIRECTION ( 'NONE',  ( -0.6018150231520564830, 9.780464210648232994E-17, -0.7986355100472865010 ) ) ;
#7759 = CIRCLE ( 'NONE', #4119, 6.500000000000005329 ) ;
#7760 = CARTESIAN_POINT ( 'NONE',  ( -34.83441400990606951, 0.0000000000000000000, 0.0000000000000000000 ) ) ;
#7761 = CARTESIAN_POINT ( 'NONE',  ( -17.08354030197668649, 0.0000000000000000000, 0.0000000000000000000 ) ) ;
#7762 = EDGE_LOOP ( 'NONE', ( #5328, #1606, #7768, #1705 ) ) ;
#7763 = ORIENTED_EDGE ( 'NONE', *, *, #2615, .T. ) ;
#7764 = ORIENTED_EDGE ( 'NONE', *, *, #1590, .T. ) ;
#7765 = CIRCLE ( 'NONE', #7062, 6.729642571546170515 ) ;
#7766 = ORIENTED_EDGE ( 'NONE', *, *, #3428, .T. ) ;
#7767 = AXIS2_PLACEMENT_3D ( 'NONE', #2835, #3022, #3186 ) ;
#7768 = ORIENTED_EDGE ( 'NONE', *, *, #5710, .T. ) ;
#7769 = CARTESIAN_POINT ( 'NONE',  ( -14.06628488821304579, 9.123618653647785104E-16, -7.450000000000002842 ) ) ;
#7770 = EDGE_CURVE ( 'NONE', #3877, #1731, #2086, .T. ) ;
#7771 = ORIENTED_EDGE ( 'NONE', *, *, #6461, .T. ) ;
#7772 = DIRECTION ( 'NONE',  ( 0.0000000000000000000, 0.0000000000000000000, 1.000000000000000000 ) ) ;
#7773 = ORIENTED_EDGE ( 'NONE', *, *, #2313, .F. ) ;
#7774 = FACE_OUTER_BOUND ( 'NONE', #5857, .T. ) ;
#7775 = CIRCLE ( 'NONE', #8198, 6.500000000000008882 ) ;
#7776 = ORIENTED_EDGE ( 'NONE', *, *, #5391, .F. ) ;
#7777 = ORIENTED_EDGE ( 'NONE', *, *, #5500, .F. ) ;
#7778 = DIRECTION ( 'NONE',  ( 0.0000000000000000000, 0.0000000000000000000, -1.000000000000000000 ) ) ;
#7779 = DIRECTION ( 'NONE',  ( 0.0000000000000000000, 0.0000000000000000000, -1.000000000000000000 ) ) ;
#7780 = ORIENTED_EDGE ( 'NONE', *, *, #5396, .F. ) ;
#7781 = AXIS2_PLACEMENT_3D ( 'NONE', #2958, #2886, #2873 ) ;
#7782 = CYLINDRICAL_SURFACE ( 'NONE', #4785, 7.450000000000057021 ) ;
#7783 = ADVANCED_FACE ( 'NONE', ( #5390 ), #114, .T. ) ;
#7784 = LINE ( 'NONE', #2148, #3089 ) ;
#7785 = ORIENTED_EDGE ( 'NONE', *, *, #3704, .T. ) ;
#7786 = VERTEX_POINT ( 'NONE', #8040 ) ;
#7787 = CARTESIAN_POINT ( 'NONE',  ( 0.0000000000000000000, 9.123618653647785104E-16, 7.450000000000002842 ) ) ;
#7788 = DIRECTION ( 'NONE',  ( 0.0000000000000000000, 0.0000000000000000000, -1.000000000000000000 ) ) ;
#7789 = AXIS2_PLACEMENT_3D ( 'NONE', #1462, #7908, #7772 ) ;
#7790 = AXIS2_PLACEMENT_3D ( 'NONE', #1332, #620, #4039 ) ;
#7791 = ORIENTED_EDGE ( 'NONE', *, *, #7142, .T. ) ;
#7792 = FACE_OUTER_BOUND ( 'NONE', #887, .T. ) ;
#7793 = DIRECTION ( 'NONE',  ( 1.000000000000000000, -0.0000000000000000000, -0.0000000000000000000 ) ) ;
#7794 = ADVANCED_FACE ( 'NONE', ( #1876 ), #5199, .T. ) ;
#7795 = ORIENTED_EDGE ( 'NONE', *, *, #308, .T. ) ;
#7796 = TOROIDAL_SURFACE ( 'NONE', #2851, 6.981950249745504600, 0.4999999999999986122 ) ;
#7797 = CYLINDRICAL_SURFACE ( 'NONE', #6939, 7.450000000000002842 ) ;
#7798 = CARTESIAN_POINT ( 'NONE',  ( -62.09881293483005038, 0.0000000000000000000, 7.200000000003347722 ) ) ;
#7799 = DIRECTION ( 'NONE',  ( 0.0000000000000000000, 0.0000000000000000000, -1.000000000000000000 ) ) ;
#7800 = CARTESIAN_POINT ( 'NONE',  ( -44.64504213944225341, 0.0000000000000000000, 0.0000000000000000000 ) ) ;
#7801 = DIRECTION ( 'NONE',  ( 0.0000000000000000000, 0.0000000000000000000, -1.000000000000000000 ) ) ;
#7802 = EDGE_CURVE ( 'NONE', #4933, #2764, #6869, .T. ) ;
#7803 = CONICAL_SURFACE ( 'NONE', #1261, 7.200000000003347722, 1.041961563441761385 ) ;
#7804 = CARTESIAN_POINT ( 'NONE',  ( -14.06628488821304579, 0.0000000000000000000, 7.450000000000002842 ) ) ;
#7805 = CYLINDRICAL_SURFACE ( 'NONE', #5377, 6.500000000000006217 ) ;
#7806 = VERTEX_POINT ( 'NONE', #3697 ) ;
#7807 = DIRECTION ( 'NONE',  ( -1.000000000000000000, 0.0000000000000000000, 0.0000000000000000000 ) ) ;
#7808 = ORIENTED_EDGE ( 'NONE', *, *, #2324, .F. ) ;
#7809 = EDGE_CURVE ( 'NONE', #378, #7402, #3447, .T. ) ;
#7810 = CARTESIAN_POINT ( 'NONE',  ( -54.02985307358373746, 0.0000000000000000000, 0.0000000000000000000 ) ) ;
#7811 = CARTESIAN_POINT ( 'NONE',  ( -21.60745153505045479, 0.0000000000000000000, 0.0000000000000000000 ) ) ;
#7812 = CIRCLE ( 'NONE', #4727, 7.200000000003333511 ) ;
#7813 = VERTEX_POINT ( 'NONE', #6950 ) ;
#7814 = EDGE_CURVE ( 'NONE', #4164, #5397, #3862, .T. ) ;
#7815 = DIRECTION ( 'NONE',  ( 1.000000000000000000, -0.0000000000000000000, -0.0000000000000000000 ) ) ;
#7816 = FACE_OUTER_BOUND ( 'NONE', #7974, .T. ) ;
#7817 = EDGE_CURVE ( 'NONE', #998, #4130, #16, .T. ) ;
#7818 = ORIENTED_EDGE ( 'NONE', *, *, #3178, .F. ) ;
#7819 = ORIENTED_EDGE ( 'NONE', *, *, #3761, .T. ) ;
#7820 = EDGE_CURVE ( 'NONE', #7813, #3844, #528, .T. ) ;
#7821 = ADVANCED_FACE ( 'NONE', ( #3649 ), #3161, .T. ) ;
#7822 = FACE_OUTER_BOUND ( 'NONE', #2548, .T. ) ;
#7823 = DIRECTION ( 'NONE',  ( 0.6018150231520442706, 0.0000000000000000000, -0.7986355100472959379 ) ) ;
#7824 = DIRECTION ( 'NONE',  ( 1.000000000000000000, -0.0000000000000000000, -0.0000000000000000000 ) ) ;
#7825 = AXIS2_PLACEMENT_3D ( 'NONE', #2924, #2934, #3216 ) ;
#7826 = CYLINDRICAL_SURFACE ( 'NONE', #1980, 6.500000000000006217 ) ;
#7827 = CARTESIAN_POINT ( 'NONE',  ( -82.27121258794144865, 0.0000000000000000000, 7.200000000003347722 ) ) ;
#7828 = ADVANCED_FACE ( 'NONE', ( #5110 ), #1586, .T. ) ;
#7829 = DIRECTION ( 'NONE',  ( 0.0000000000000000000, 0.0000000000000000000, -1.000000000000000000 ) ) ;
#7830 = ORIENTED_EDGE ( 'NONE', *, *, #5672, .T. ) ;
#7831 = CARTESIAN_POINT ( 'NONE',  ( -38.53632563332259053, 9.123618653647883711E-16, 7.450000000000083666 ) ) ;
#7832 = AXIS2_PLACEMENT_3D ( 'NONE', #172, #5434, #109 ) ;
#7833 = CARTESIAN_POINT ( 'NONE',  ( -21.29071611338160608, 0.0000000000000000000, 7.450000000000002842 ) ) ;
#7834 = DIRECTION ( 'NONE',  ( 0.0000000000000000000, 1.224646799147353207E-16, 1.000000000000000000 ) ) ;
#7835 = ORIENTED_EDGE ( 'NONE', *, *, #4935, .F. ) ;
#7836 = VECTOR ( 'NONE', #8305, 1000.000000000000000 ) ;
#7837 = LINE ( 'NONE', #4254, #5985 ) ;
#7838 = DIRECTION ( 'NONE',  ( 0.0000000000000000000, 0.0000000000000000000, -1.000000000000000000 ) ) ;
#7839 = ORIENTED_EDGE ( 'NONE', *, *, #6287, .F. ) ;
#7840 = CONICAL_SURFACE ( 'NONE', #5967, 6.729642571546141205, 0.9250245035569996110 ) ;
#7841 = AXIS2_PLACEMENT_3D ( 'NONE', #3882, #4057, #4162 ) ;
#7842 = AXIS2_PLACEMENT_3D ( 'NONE', #7336, #7327, #7310 ) ;
#7843 = FACE_OUTER_BOUND ( 'NONE', #4986, .T. ) ;
#7844 = CARTESIAN_POINT ( 'NONE',  ( -96.27222556751610227, 8.817456953865163695E-16, -7.200000000003445422 ) ) ;
#7845 = DIRECTION ( 'NONE',  ( -1.000000000000000000, 0.0000000000000000000, 0.0000000000000000000 ) ) ;
#7846 = ORIENTED_EDGE ( 'NONE', *, *, #4081, .F. ) ;
#7847 = ORIENTED_EDGE ( 'NONE', *, *, #6840, .T. ) ;
#7848 = FACE_OUTER_BOUND ( 'NONE', #7967, .T. ) ;
#7849 = FACE_OUTER_BOUND ( 'NONE', #5747, .T. ) ;
#7850 = VERTEX_POINT ( 'NONE', #4879 ) ;
#7851 = CARTESIAN_POINT ( 'NONE',  ( -28.30267579905647324, 0.0000000000000000000, 0.0000000000000000000 ) ) ;
#7852 = EDGE_CURVE ( 'NONE', #120, #3892, #3367, .T. ) ;
#7853 = ORIENTED_EDGE ( 'NONE', *, *, #5468, .T. ) ;
#7854 = CARTESIAN_POINT ( 'NONE',  ( -26.90028386192150123, 0.0000000000000000000, 0.0000000000000000000 ) ) ;
#7855 = DIRECTION ( 'NONE',  ( 1.000000000000000000, -0.0000000000000000000, -0.0000000000000000000 ) ) ;
#7856 = CARTESIAN_POINT ( 'NONE',  ( -22.69310805051658164, 9.123618653647785104E-16, -7.450000000000002842 ) ) ;
#7857 = VECTOR ( 'NONE', #7701, 1000.000000000000000 ) ;
#7858 = ADVANCED_FACE ( 'NONE', ( #8224 ), #6381, .T. ) ;
#7859 = VECTOR ( 'NONE', #1933, 1000.000000000000227 ) ;
#7860 = ORIENTED_EDGE ( 'NONE', *, *, #7245, .T. ) ;
#7861 = EDGE_CURVE ( 'NONE', #7243, #5655, #8038, .T. ) ;
#7862 = ORIENTED_EDGE ( 'NONE', *, *, #1284, .F. ) ;
#7863 = ORIENTED_EDGE ( 'NONE', *, *, #5510, .F. ) ;
#7864 = ORIENTED_EDGE ( 'NONE', *, *, #6021, .T. ) ;
#7865 = EDGE_CURVE ( 'NONE', #8311, #5786, #1362, .T. ) ;
#7866 = CIRCLE ( 'NONE', #7223, 5.470334177092305517 ) ;
#7867 = ORIENTED_EDGE ( 'NONE', *, *, #1870, .F. ) ;
#7868 = EDGE_LOOP ( 'NONE', ( #2485, #6532, #6037, #7911 ) ) ;
#7869 = ORIENTED_EDGE ( 'NONE', *, *, #3822, .F. ) ;
#7870 = ADVANCED_FACE ( 'NONE', ( #4917 ), #2737, .T. ) ;
#7871 = ORIENTED_EDGE ( 'NONE', *, *, #3115, .F. ) ;
#7872 = ORIENTED_EDGE ( 'NONE', *, *, #3856, .T. ) ;
#7873 = CYLINDRICAL_SURFACE ( 'NONE', #3725, 7.200000000003340617 ) ;
#7874 = CIRCLE ( 'NONE', #4120, 7.200000000003347722 ) ;
#7875 = AXIS2_PLACEMENT_3D ( 'NONE', #4801, #4664, #4644 ) ;
#7876 = DIRECTION ( 'NONE',  ( 0.0000000000000000000, 0.0000000000000000000, -1.000000000000000000 ) ) ;
#7877 = CARTESIAN_POINT ( 'NONE',  ( 0.0000000000000000000, 8.817456953865034519E-16, 7.200000000003340617 ) ) ;
#7878 = DIRECTION ( 'NONE',  ( -0.5045276238140421476, 0.0000000000000000000, 0.8633955506073426323 ) ) ;
#7879 = ORIENTED_EDGE ( 'NONE', *, *, #703, .T. ) ;
#7880 = CARTESIAN_POINT ( 'NONE',  ( -86.75899586131754404, 0.0000000000000000000, 0.0000000000000000000 ) ) ;
#7881 = ORIENTED_EDGE ( 'NONE', *, *, #96, .F. ) ;
#7882 = LINE ( 'NONE', #7939, #4527 ) ;
#7883 = AXIS2_PLACEMENT_3D ( 'NONE', #4396, #6384, #4522 ) ;
#7884 = DIRECTION ( 'NONE',  ( 0.6018150231520443816, 9.780464210648345161E-17, 0.7986355100472957158 ) ) ;
#7885 = DIRECTION ( 'NONE',  ( -0.6018150231520442706, 9.780464210648347626E-17, -0.7986355100472959379 ) ) ;
#7886 = ORIENTED_EDGE ( 'NONE', *, *, #5358, .T. ) ;
#7887 = DIRECTION ( 'NONE',  ( 0.0000000000000000000, 0.0000000000000000000, -1.000000000000000000 ) ) ;
#7888 = DIRECTION ( 'NONE',  ( 1.000000000000000000, -0.0000000000000000000, -0.0000000000000000000 ) ) ;
#7889 = AXIS2_PLACEMENT_3D ( 'NONE', #94, #103, #128 ) ;
#7890 = CARTESIAN_POINT ( 'NONE',  ( 0.0000000000000000000, 0.0000000000000000000, 0.0000000000000000000 ) ) ;
#7891 = DIRECTION ( 'NONE',  ( 0.0000000000000000000, 1.000000000000000000, -1.224646799147353207E-16 ) ) ;
#7892 = CARTESIAN_POINT ( 'NONE',  ( -34.83441400990606951, 0.0000000000000000000, -6.729642571546150975 ) ) ;
#7893 = VECTOR ( 'NONE', #3396, 1000.000000000000000 ) ;
#7894 = CARTESIAN_POINT ( 'NONE',  ( -19.34549591851357064, 0.0000000000000000000, 0.0000000000000000000 ) ) ;
#7895 = CARTESIAN_POINT ( 'NONE',  ( -8.962348569452977642, 0.0000000000000000000, -7.650000000000001243 ) ) ;
#7896 = CYLINDRICAL_SURFACE ( 'NONE', #3029, 6.500000000000008882 ) ;
#7897 = AXIS2_PLACEMENT_3D ( 'NONE', #1135, #1204, #1229 ) ;
#7898 = AXIS2_PLACEMENT_3D ( 'NONE', #1187, #3871, #5194 ) ;
#7899 = CONICAL_SURFACE ( 'NONE', #5826, 7.200000000003347722, 1.041961563441628380 ) ;
#7900 = CARTESIAN_POINT ( 'NONE',  ( -51.47053618404149944, 8.418402142168636111E-16, 6.500000000000007105 ) ) ;
#7901 = VECTOR ( 'NONE', #6817, 1000.000000000000000 ) ;
#7902 = ADVANCED_FACE ( 'NONE', ( #2949 ), #4702, .T. ) ;
#7903 = CIRCLE ( 'NONE', #5534, 7.200000000003333511 ) ;
#7904 = ORIENTED_EDGE ( 'NONE', *, *, #486, .F. ) ;
#7905 = DIRECTION ( 'NONE',  ( 1.000000000000000000, -0.0000000000000000000, -0.0000000000000000000 ) ) ;
#7906 = DIRECTION ( 'NONE',  ( 1.000000000000000000, -0.0000000000000000000, -0.0000000000000000000 ) ) ;
#7907 = CARTESIAN_POINT ( 'NONE',  ( -28.63193257730687691, 0.0000000000000000000, 0.0000000000000000000 ) ) ;
#7908 = DIRECTION ( 'NONE',  ( -1.000000000000000000, 0.0000000000000000000, 0.0000000000000000000 ) ) ;
#7909 = EDGE_CURVE ( 'NONE', #4092, #7373, #1157, .T. ) ;
#7910 = FACE_OUTER_BOUND ( 'NONE', #5922, .T. ) ;
#7911 = ORIENTED_EDGE ( 'NONE', *, *, #855, .T. ) ;
#7912 = ADVANCED_FACE ( 'NONE', ( #7843 ), #5991, .T. ) ;
#7913 = DIRECTION ( 'NONE',  ( 0.0000000000000000000, 0.0000000000000000000, -1.000000000000000000 ) ) ;
#7914 = EDGE_CURVE ( 'NONE', #5505, #3903, #7646, .T. ) ;
#7915 = DIRECTION ( 'NONE',  ( 0.0000000000000000000, 0.0000000000000000000, -1.000000000000000000 ) ) ;
#7916 = CONICAL_SURFACE ( 'NONE', #3890, 6.500000000000007105, 0.6248278722141636932 ) ;
#7917 = CARTESIAN_POINT ( 'NONE',  ( -16.54071204424362662, 8.682526944148744198E-16, 6.729642571546104790 ) ) ;
#7918 = AXIS2_PLACEMENT_3D ( 'NONE', #4557, #726, #2423 ) ;
#7919 = DIRECTION ( 'NONE',  ( 0.0000000000000000000, 0.0000000000000000000, -1.000000000000000000 ) ) ;
#7920 = EDGE_CURVE ( 'NONE', #6009, #1300, #6185, .T. ) ;
#7921 = LINE ( 'NONE', #7424, #4360 ) ;
#7922 = DIRECTION ( 'NONE',  ( 1.000000000000000000, -0.0000000000000000000, -0.0000000000000000000 ) ) ;
#7923 = CARTESIAN_POINT ( 'NONE',  ( 0.0000000000000000000, 0.0000000000000000000, 0.0000000000000000000 ) ) ;
#7924 = EDGE_CURVE ( 'NONE', #2499, #5280, #954, .T. ) ;
#7925 = DIRECTION ( 'NONE',  ( 1.000000000000000000, -0.0000000000000000000, -0.0000000000000000000 ) ) ;
#7926 = AXIS2_PLACEMENT_3D ( 'NONE', #5322, #5309, #5297 ) ;
#7927 = ORIENTED_EDGE ( 'NONE', *, *, #1600, .F. ) ;
#7928 = DIRECTION ( 'NONE',  ( 0.0000000000000000000, 0.0000000000000000000, 1.000000000000000000 ) ) ;
#7929 = CARTESIAN_POINT ( 'NONE',  ( 0.0000000000000000000, 0.0000000000000000000, 0.0000000000000000000 ) ) ;
#7930 = EDGE_LOOP ( 'NONE', ( #2243, #7163, #1599, #1397 ) ) ;
#7931 = LINE ( 'NONE', #747, #3049 ) ;
#7932 = LINE ( 'NONE', #383, #1050 ) ;
#7933 = AXIS2_PLACEMENT_3D ( 'NONE', #6628, #6368, #6345 ) ;
#7934 = AXIS2_PLACEMENT_3D ( 'NONE', #7459, #6848, #5732 ) ;
#7935 = ORIENTED_EDGE ( 'NONE', *, *, #7186, .T. ) ;
#7936 = LINE ( 'NONE', #6262, #1258 ) ;
#7937 = CARTESIAN_POINT ( 'NONE',  ( -93.73000393191556157, 0.0000000000000000000, 0.0000000000000000000 ) ) ;
#7938 = CIRCLE ( 'NONE', #6956, 7.450000000000082778 ) ;
#7939 = CARTESIAN_POINT ( 'NONE',  ( -28.30267579905647324, 9.123618653647785104E-16, -7.450000000000003730 ) ) ;
#7940 = DIRECTION ( 'NONE',  ( 0.0000000000000000000, 0.0000000000000000000, -1.000000000000000000 ) ) ;
#7941 = CARTESIAN_POINT ( 'NONE',  ( 0.0000000000000000000, 8.817456953865034519E-16, 7.200000000003340617 ) ) ;
#7942 = ADVANCED_FACE ( 'NONE', ( #2528 ), #4069, .T. ) ;
#7943 = ORIENTED_EDGE ( 'NONE', *, *, #6870, .T. ) ;
#7944 = ORIENTED_EDGE ( 'NONE', *, *, #581, .F. ) ;
#7945 = FACE_OUTER_BOUND ( 'NONE', #8011, .T. ) ;
#7946 = EDGE_CURVE ( 'NONE', #6413, #4946, #7458, .T. ) ;
#7947 = CIRCLE ( 'NONE', #553, 7.200000000003347722 ) ;
#7948 = DIRECTION ( 'NONE',  ( 1.000000000000000000, -0.0000000000000000000, -0.0000000000000000000 ) ) ;
#7949 = ORIENTED_EDGE ( 'NONE', *, *, #3533, .F. ) ;
#7950 = CARTESIAN_POINT ( 'NONE',  ( -76.21949269200803201, 0.0000000000000000000, 0.0000000000000000000 ) ) ;
#7951 = ORIENTED_EDGE ( 'NONE', *, *, #3611, .T. ) ;
#7952 = EDGE_CURVE ( 'NONE', #5791, #7786, #744, .T. ) ;
#7953 = ORIENTED_EDGE ( 'NONE', *, *, #6865, .F. ) ;
#7954 = EDGE_LOOP ( 'NONE', ( #5231, #5132, #5255, #3291 ) ) ;
#7955 = VECTOR ( 'NONE', #2293, 1000.000000000000227 ) ;
#7956 = ORIENTED_EDGE ( 'NONE', *, *, #597, .F. ) ;
#7957 = ORIENTED_EDGE ( 'NONE', *, *, #414, .F. ) ;
#7958 = EDGE_CURVE ( 'NONE', #4391, #6713, #4476, .T. ) ;
#7959 = CARTESIAN_POINT ( 'NONE',  ( -33.25000000000000000, 0.0000000000000000000, 0.0000000000000000000 ) ) ;
#7960 = DIRECTION ( 'NONE',  ( 0.8110638189892164229, 7.163665443099581461E-17, 0.5849576749873681702 ) ) ;
#7961 = CARTESIAN_POINT ( 'NONE',  ( -88.27164672204487772, 8.817456953865094669E-16, -7.200000000003389466 ) ) ;
#7962 = ORIENTED_EDGE ( 'NONE', *, *, #3227, .F. ) ;
#7963 = DIRECTION ( 'NONE',  ( 0.0000000000000000000, 0.0000000000000000000, -1.000000000000000000 ) ) ;
#7964 = ORIENTED_EDGE ( 'NONE', *, *, #477, .F. ) ;
#7965 = VECTOR ( 'NONE', #66, 1000.000000000000000 ) ;
#7966 = CIRCLE ( 'NONE', #7370, 7.450000000000157385 ) ;
#7967 = EDGE_LOOP ( 'NONE', ( #2529, #2740, #1161, #6383 ) ) ;
#7968 = EDGE_CURVE ( 'NONE', #3805, #7621, #2321, .T. ) ;
#7969 = DIRECTION ( 'NONE',  ( 0.0000000000000000000, 0.0000000000000000000, -1.000000000000000000 ) ) ;
#7970 = ORIENTED_EDGE ( 'NONE', *, *, #5986, .F. ) ;
#7971 = EDGE_LOOP ( 'NONE', ( #7114, #5994, #8324, #4216 ) ) ;
#7972 = EDGE_CURVE ( 'NONE', #1231, #4394, #7266, .T. ) ;
#7973 = DIRECTION ( 'NONE',  ( 0.8110638189892169780, 7.163665443099574065E-17, 0.5849576749873675041 ) ) ;
#7974 = EDGE_LOOP ( 'NONE', ( #3290, #3280, #42, #4395 ) ) ;
#7975 = CIRCLE ( 'NONE', #3449, 6.729642571546180285 ) ;
#7976 = DIRECTION ( 'NONE',  ( 1.000000000000000000, -0.0000000000000000000, -0.0000000000000000000 ) ) ;
#7977 = CIRCLE ( 'NONE', #4275, 7.200000000003432099 ) ;
#7978 = ORIENTED_EDGE ( 'NONE', *, *, #3010, .T. ) ;
#7979 = ORIENTED_EDGE ( 'NONE', *, *, #6661, .F. ) ;
#7980 = ORIENTED_EDGE ( 'NONE', *, *, #5767, .F. ) ;
#7981 = AXIS2_PLACEMENT_3D ( 'NONE', #8106, #8042, #2788 ) ;
#7982 = FACE_OUTER_BOUND ( 'NONE', #2345, .T. ) ;
#7983 = CARTESIAN_POINT ( 'NONE',  ( -37.66424059733912344, 8.682526944148825056E-16, 6.729642571546170515 ) ) ;
#7984 = ORIENTED_EDGE ( 'NONE', *, *, #2675, .F. ) ;
#7985 = VECTOR ( 'NONE', #3724, 1000.000000000000227 ) ;
#7986 = CIRCLE ( 'NONE', #1557, 7.200000000003333511 ) ;
#7987 = AXIS2_PLACEMENT_3D ( 'NONE', #7541, #8208, #7528 ) ;
#7988 = CARTESIAN_POINT ( 'NONE',  ( 0.0000000000000000000, 0.0000000000000000000, 0.0000000000000000000 ) ) ;
#7989 = ADVANCED_FACE ( 'NONE', ( #333 ), #125, .T. ) ;
#7990 = DIRECTION ( 'NONE',  ( 0.0000000000000000000, 0.0000000000000000000, -1.000000000000000000 ) ) ;
#7991 = CARTESIAN_POINT ( 'NONE',  ( -33.96232897392260242, 0.0000000000000000000, 0.0000000000000000000 ) ) ;
#7992 = AXIS2_PLACEMENT_3D ( 'NONE', #1113, #1145, #1169 ) ;
#7993 = VECTOR ( 'NONE', #4802, 1000.000000000000000 ) ;
#7994 = CONICAL_SURFACE ( 'NONE', #3619, 6.500000000000007105, 0.6248278722141583641 ) ;
#7995 = ORIENTED_EDGE ( 'NONE', *, *, #1746, .F. ) ;
#7996 = CARTESIAN_POINT ( 'NONE',  ( -58.06433300420776789, 8.817456953865042407E-16, -7.200000000003347722 ) ) ;
#7997 = ORIENTED_EDGE ( 'NONE', *, *, #6040, .T. ) ;
#7998 = CARTESIAN_POINT ( 'NONE',  ( -33.25000000000000000, 2.816687638038912056E-16, 2.299999999999999822 ) ) ;
#7999 = DIRECTION ( 'NONE',  ( -1.000000000000000000, 0.0000000000000000000, 0.0000000000000000000 ) ) ;
#8000 = AXIS2_PLACEMENT_3D ( 'NONE', #1454, #950, #2235 ) ;
#8001 = AXIS2_PLACEMENT_3D ( 'NONE', #8109, #8018, #5578 ) ;
#8002 = DIRECTION ( 'NONE',  ( 1.000000000000000000, -0.0000000000000000000, -0.0000000000000000000 ) ) ;
#8003 = LINE ( 'NONE', #629, #6156 ) ;
#8004 = DIRECTION ( 'NONE',  ( 1.000000000000000000, -0.0000000000000000000, -0.0000000000000000000 ) ) ;
#8005 = DIRECTION ( 'NONE',  ( 1.000000000000000000, -0.0000000000000000000, -0.0000000000000000000 ) ) ;
#8006 = ORIENTED_EDGE ( 'NONE', *, *, #5989, .F. ) ;
#8007 = DIRECTION ( 'NONE',  ( 1.000000000000000000, -0.0000000000000000000, -0.0000000000000000000 ) ) ;
#8008 = CIRCLE ( 'NONE', #4158, 7.200000000003375256 ) ;
#8009 = DIRECTION ( 'NONE',  ( 0.0000000000000000000, 0.0000000000000000000, -1.000000000000000000 ) ) ;
#8010 = ORIENTED_EDGE ( 'NONE', *, *, #2387, .T. ) ;
#8011 = EDGE_LOOP ( 'NONE', ( #3381, #4912, #1201, #2035 ) ) ;
#8012 = EDGE_CURVE ( 'NONE', #1540, #2761, #3657, .T. ) ;
#8013 = VECTOR ( 'NONE', #5717, 1000.000000000000227 ) ;
#8014 = EDGE_CURVE ( 'NONE', #6215, #7850, #1887, .T. ) ;
#8015 = DIRECTION ( 'NONE',  ( 1.000000000000000000, -0.0000000000000000000, -0.0000000000000000000 ) ) ;
#8016 = DIRECTION ( 'NONE',  ( 1.000000000000000000, -0.0000000000000000000, -0.0000000000000000000 ) ) ;
#8017 = EDGE_CURVE ( 'NONE', #6815, #1835, #5399, .T. ) ;
#8018 = DIRECTION ( 'NONE',  ( 1.000000000000000000, -0.0000000000000000000, -0.0000000000000000000 ) ) ;
#8019 = CIRCLE ( 'NONE', #645, 7.200000000003361933 ) ;
#8020 = FACE_OUTER_BOUND ( 'NONE', #5473, .T. ) ;
#8021 = CARTESIAN_POINT ( 'NONE',  ( 0.0000000000000000000, 0.0000000000000000000, 0.0000000000000000000 ) ) ;
#8022 = CARTESIAN_POINT ( 'NONE',  ( -49.75000000000000000, 8.862488102423945443E-16, 7.099999999999999645 ) ) ;
#8023 = DIRECTION ( 'NONE',  ( -0.6018150231520442706, 0.0000000000000000000, 0.7986355100472959379 ) ) ;
#8024 = CARTESIAN_POINT ( 'NONE',  ( -24.95506366705346579, 0.0000000000000000000, 0.0000000000000000000 ) ) ;
#8025 = AXIS2_PLACEMENT_3D ( 'NONE', #7201, #7123, #7168 ) ;
#8026 = ADVANCED_FACE ( 'NONE', ( #3874 ), #6875, .T. ) ;
#8027 = EDGE_CURVE ( 'NONE', #1475, #4877, #3457, .T. ) ;
#8028 = FACE_OUTER_BOUND ( 'NONE', #373, .T. ) ;
#8029 = DIRECTION ( 'NONE',  ( 0.6018150231520443816, 9.780464210648345161E-17, 0.7986355100472957158 ) ) ;
#8030 = FACE_OUTER_BOUND ( 'NONE', #5624, .T. ) ;
#8031 = CARTESIAN_POINT ( 'NONE',  ( -28.30267579905647324, 9.123618653647785104E-16, -7.450000000000003730 ) ) ;
#8032 = AXIS2_PLACEMENT_3D ( 'NONE', #2530, #1877, #2099 ) ;
#8033 = ORIENTED_EDGE ( 'NONE', *, *, #1251, .T. ) ;
#8034 = DIRECTION ( 'NONE',  ( 0.0000000000000000000, 0.0000000000000000000, -1.000000000000000000 ) ) ;
#8035 = ORIENTED_EDGE ( 'NONE', *, *, #2494, .T. ) ;
#8036 = FACE_OUTER_BOUND ( 'NONE', #7762, .T. ) ;
#8037 = AXIS2_PLACEMENT_3D ( 'NONE', #338, #287, #213 ) ;
#8038 = LINE ( 'NONE', #4748, #6585 ) ;
#8039 = ORIENTED_EDGE ( 'NONE', *, *, #3863, .F. ) ;
#8040 = CARTESIAN_POINT ( 'NONE',  ( -58.56892210879158256, 8.817456953865030574E-16, 7.200000000003333511 ) ) ;
#8041 = ORIENTED_EDGE ( 'NONE', *, *, #1654, .T. ) ;
#8042 = DIRECTION ( 'NONE',  ( -1.000000000000000000, 0.0000000000000000000, 0.0000000000000000000 ) ) ;
#8043 = DIRECTION ( 'NONE',  ( 1.000000000000000000, -0.0000000000000000000, -0.0000000000000000000 ) ) ;
#8044 = CYLINDRICAL_SURFACE ( 'NONE', #2701, 7.200000000000361666 ) ;
#8045 = FACE_OUTER_BOUND ( 'NONE', #273, .T. ) ;
#8046 = AXIS2_PLACEMENT_3D ( 'NONE', #5166, #5106, #4923 ) ;
#8047 = AXIS2_PLACEMENT_3D ( 'NONE', #7329, #2576, #6814 ) ;
#8048 = EDGE_LOOP ( 'NONE', ( #48, #3113, #4850, #6429 ) ) ;
#8049 = DIRECTION ( 'NONE',  ( 0.0000000000000000000, 0.0000000000000000000, -1.000000000000000000 ) ) ;
#8050 = DIRECTION ( 'NONE',  ( 0.0000000000000000000, 0.0000000000000000000, -1.000000000000000000 ) ) ;
#8051 = CARTESIAN_POINT ( 'NONE',  ( -30.58967412875647440, 8.241435234649721042E-16, 6.729642571546121665 ) ) ;
#8052 = ORIENTED_EDGE ( 'NONE', *, *, #1704, .T. ) ;
#8053 = ORIENTED_EDGE ( 'NONE', *, *, #6661, .T. ) ;
#8054 = DIRECTION ( 'NONE',  ( 0.0000000000000000000, 0.0000000000000000000, -1.000000000000000000 ) ) ;
#8055 = LINE ( 'NONE', #6536, #6396 ) ;
#8056 = DIRECTION ( 'NONE',  ( 1.000000000000000000, -0.0000000000000000000, -0.0000000000000000000 ) ) ;
#8057 = CIRCLE ( 'NONE', #7992, 7.200000000003333511 ) ;
#8058 = DIRECTION ( 'NONE',  ( 0.0000000000000000000, 0.0000000000000000000, -1.000000000000000000 ) ) ;
#8059 = EDGE_LOOP ( 'NONE', ( #122, #6963, #6221, #3129 ) ) ;
#8060 = EDGE_LOOP ( 'NONE', ( #52, #263, #8188, #6175 ) ) ;
#8061 = VERTEX_POINT ( 'NONE', #4809 ) ;
#8062 = EDGE_CURVE ( 'NONE', #8074, #4203, #6676, .T. ) ;
#8063 = CYLINDRICAL_SURFACE ( 'NONE', #8047, 7.450000000000002842 ) ;
#8064 = VERTEX_POINT ( 'NONE', #5469 ) ;
#8065 = EDGE_CURVE ( 'NONE', #3479, #682, #5789, .T. ) ;
#8066 = DIRECTION ( 'NONE',  ( 1.000000000000000000, -0.0000000000000000000, -0.0000000000000000000 ) ) ;
#8067 = ORIENTED_EDGE ( 'NONE', *, *, #19, .F. ) ;
#8068 = ORIENTED_EDGE ( 'NONE', *, *, #3164, .T. ) ;
#8069 = FACE_OUTER_BOUND ( 'NONE', #2922, .T. ) ;
#8070 = CIRCLE ( 'NONE', #7118, 7.450000000000002842 ) ;
#8071 = ORIENTED_EDGE ( 'NONE', *, *, #5185, .F. ) ;
#8072 = ADVANCED_FACE ( 'NONE', ( #8134 ), #4800, .T. ) ;
#8073 = CARTESIAN_POINT ( 'NONE',  ( -71.64293583715290481, 0.0000000000000000000, -6.500000000000007105 ) ) ;
#8074 = VERTEX_POINT ( 'NONE', #5581 ) ;
#8075 = EDGE_CURVE ( 'NONE', #5513, #6815, #6480, .T. ) ;
#8076 = CARTESIAN_POINT ( 'NONE',  ( -51.47053618404149944, 0.0000000000000000000, 0.0000000000000000000 ) ) ;
#8077 = ORIENTED_EDGE ( 'NONE', *, *, #3278, .F. ) ;
#8078 = ORIENTED_EDGE ( 'NONE', *, *, #1318, .F. ) ;
#8079 = DIRECTION ( 'NONE',  ( -1.000000000000000000, 0.0000000000000000000, 0.0000000000000000000 ) ) ;
#8080 = ORIENTED_EDGE ( 'NONE', *, *, #2271, .F. ) ;
#8081 = FACE_OUTER_BOUND ( 'NONE', #1782, .T. ) ;
#8082 = EDGE_CURVE ( 'NONE', #7755, #5821, #8316, .T. ) ;
#8083 = EDGE_LOOP ( 'NONE', ( #5756, #4187, #2118, #821 ) ) ;
#8084 = ORIENTED_EDGE ( 'NONE', *, *, #7136, .F. ) ;
#8085 = EDGE_CURVE ( 'NONE', #3942, #4067, #1255, .T. ) ;
#8086 = CARTESIAN_POINT ( 'NONE',  ( -31.13250238648954138, 0.0000000000000000000, 0.0000000000000000000 ) ) ;
#8087 = CARTESIAN_POINT ( 'NONE',  ( -72.18501276138574951, 0.0000000000000000000, 0.0000000000000000000 ) ) ;
#8088 = CARTESIAN_POINT ( 'NONE',  ( -83.72928037507642784, 7.960204194457811254E-16, 6.500000000000012434 ) ) ;
#8089 = CARTESIAN_POINT ( 'NONE',  ( -100.6204391532550915, 0.0000000000000000000, 0.0000000000000000000 ) ) ;
#8090 = CARTESIAN_POINT ( 'NONE',  ( -56.04709303889662664, 0.0000000000000000000, 0.0000000000000000000 ) ) ;
#8091 = DIRECTION ( 'NONE',  ( 1.000000000000000000, -0.0000000000000000000, -0.0000000000000000000 ) ) ;
#8092 = LINE ( 'NONE', #2815, #7893 ) ;
#8093 = DIRECTION ( 'NONE',  ( 0.0000000000000000000, 0.0000000000000000000, 1.000000000000000000 ) ) ;
#8094 = DIRECTION ( 'NONE',  ( 0.0000000000000000000, 0.0000000000000000000, -1.000000000000000000 ) ) ;
#8095 = VECTOR ( 'NONE', #2137, 1000.000000000000227 ) ;
#8096 = LINE ( 'NONE', #4666, #3012 ) ;
#8097 = AXIS2_PLACEMENT_3D ( 'NONE', #7654, #7616, #7607 ) ;
#8098 = CARTESIAN_POINT ( 'NONE',  ( -52.01261310827259621, 0.0000000000000000000, 7.200000000000361666 ) ) ;
#8099 = CARTESIAN_POINT ( 'NONE',  ( -96.27222556751610227, 8.817456953865163695E-16, -7.200000000003445422 ) ) ;
#8100 = CYLINDRICAL_SURFACE ( 'NONE', #2348, 7.200000000003417888 ) ;
#8101 = LINE ( 'NONE', #1327, #6443 ) ;
#8102 = AXIS2_PLACEMENT_3D ( 'NONE', #4441, #6591, #4496 ) ;
#8103 = AXIS2_PLACEMENT_3D ( 'NONE', #5567, #5376, #5482 ) ;
#8104 = ORIENTED_EDGE ( 'NONE', *, *, #7865, .T. ) ;
#8105 = CARTESIAN_POINT ( 'NONE',  ( 0.0000000000000000000, 8.817456953865034519E-16, 7.200000000003340617 ) ) ;
#8106 = CARTESIAN_POINT ( 'NONE',  ( -62.09881293483005038, 0.0000000000000000000, 0.0000000000000000000 ) ) ;
#8107 = CIRCLE ( 'NONE', #3126, 6.500000000000007105 ) ;
#8108 = ORIENTED_EDGE ( 'NONE', *, *, #7754, .F. ) ;
#8109 = CARTESIAN_POINT ( 'NONE',  ( -23.55267172991849023, 0.0000000000000000000, 0.0000000000000000000 ) ) ;
#8110 = ORIENTED_EDGE ( 'NONE', *, *, #5193, .T. ) ;
#8111 = DIRECTION ( 'NONE',  ( 0.0000000000000000000, 0.0000000000000000000, -1.000000000000000000 ) ) ;
#8112 = PRODUCT_RELATED_PRODUCT_CATEGORY ( 'part', '', ( #2888 ) ) ;
#8113 = EDGE_CURVE ( 'NONE', #3302, #1317, #3260, .T. ) ;
#8114 = DIRECTION ( 'NONE',  ( 0.0000000000000000000, 0.0000000000000000000, -1.000000000000000000 ) ) ;
#8115 = VECTOR ( 'NONE', #2071, 1000.000000000000000 ) ;
#8116 = ADVANCED_FACE ( 'NONE', ( #2838 ), #4371, .T. ) ;
#8117 = EDGE_CURVE ( 'NONE', #1731, #3450, #6086, .T. ) ;
#8118 = CARTESIAN_POINT ( 'NONE',  ( 1.734723475976807094E-15, 0.0000000000000000000, -14.30000000000000071 ) ) ;
#8119 = DIRECTION ( 'NONE',  ( 0.0000000000000000000, 0.0000000000000000000, -1.000000000000000000 ) ) ;
#8120 = CARTESIAN_POINT ( 'NONE',  ( -27.21701928359034639, 0.0000000000000000000, 0.0000000000000000000 ) ) ;
#8121 = FACE_OUTER_BOUND ( 'NONE', #1283, .T. ) ;
#8122 = ORIENTED_EDGE ( 'NONE', *, *, #259, .F. ) ;
#8123 = EDGE_CURVE ( 'NONE', #4539, #6871, #7932, .T. ) ;
#8124 = EDGE_CURVE ( 'NONE', #3652, #2734, #7743, .T. ) ;
#8125 = DIRECTION ( 'NONE',  ( 0.0000000000000000000, 0.0000000000000000000, 1.000000000000000000 ) ) ;
#8126 = EDGE_CURVE ( 'NONE', #3603, #4513, #5210, .T. ) ;
#8127 = ADVANCED_FACE ( 'NONE', ( #4582 ), #4167, .T. ) ;
#8128 = ORIENTED_EDGE ( 'NONE', *, *, #3043, .T. ) ;
#8129 = DIRECTION ( 'NONE',  ( 1.000000000000000000, -0.0000000000000000000, -0.0000000000000000000 ) ) ;
#8130 = FACE_OUTER_BOUND ( 'NONE', #7095, .T. ) ;
#8131 = CARTESIAN_POINT ( 'NONE',  ( -32.00458742247300137, 0.0000000000000000000, 0.0000000000000000000 ) ) ;
#8132 = DIRECTION ( 'NONE',  ( 0.0000000000000000000, 0.0000000000000000000, -1.000000000000000000 ) ) ;
#8133 = CARTESIAN_POINT ( 'NONE',  ( -24.09549998765155365, 0.0000000000000000000, 7.450000000000002842 ) ) ;
#8134 = FACE_OUTER_BOUND ( 'NONE', #2222, .T. ) ;
#8135 = DIRECTION ( 'NONE',  ( 0.0000000000000000000, 0.0000000000000000000, -1.000000000000000000 ) ) ;
#8136 = AXIS2_PLACEMENT_3D ( 'NONE', #384, #582, #313 ) ;
#8137 = DIRECTION ( 'NONE',  ( 0.0000000000000000000, 0.0000000000000000000, -1.000000000000000000 ) ) ;
#8138 = EDGE_LOOP ( 'NONE', ( #6207, #7583, #1974, #1516 ) ) ;
#8139 = FACE_OUTER_BOUND ( 'NONE', #2972, .T. ) ;
#8140 = DIRECTION ( 'NONE',  ( 1.000000000000000000, -0.0000000000000000000, -0.0000000000000000000 ) ) ;
#8141 = VECTOR ( 'NONE', #3638, 1000.000000000000000 ) ;
#8142 = AXIS2_PLACEMENT_3D ( 'NONE', #2648, #2641, #2614 ) ;
#8143 = ORIENTED_EDGE ( 'NONE', *, *, #589, .F. ) ;
#8144 = EDGE_LOOP ( 'NONE', ( #2238, #2465, #1921, #1501 ) ) ;
#8145 = VECTOR ( 'NONE', #7671, 1000.000000000000000 ) ;
#8146 = AXIS2_PLACEMENT_3D ( 'NONE', #2557, #2447, #2514 ) ;
#8147 = LINE ( 'NONE', #7444, #7559 ) ;
#8148 = ORIENTED_EDGE ( 'NONE', *, *, #4131, .F. ) ;
#8149 = CARTESIAN_POINT ( 'NONE',  ( -27.75984754132340981, 0.0000000000000000000, 0.0000000000000000000 ) ) ;
#8150 = ADVANCED_FACE ( 'NONE', ( #837 ), #5683, .T. ) ;
#8151 = ORIENTED_EDGE ( 'NONE', *, *, #2318, .F. ) ;
#8152 = VERTEX_POINT ( 'NONE', #7895 ) ;
#8153 = EDGE_LOOP ( 'NONE', ( #7231, #1378, #7951, #4771 ) ) ;
#8154 = CYLINDRICAL_SURFACE ( 'NONE', #7898, 7.200000000003347722 ) ;
#8155 = AXIS2_PLACEMENT_3D ( 'NONE', #6876, #6115, #5395 ) ;
#8156 = AXIS2_PLACEMENT_3D ( 'NONE', #8372, #8394, #8365 ) ;
#8157 = VERTEX_POINT ( 'NONE', #1120 ) ;
#8158 = ORIENTED_EDGE ( 'NONE', *, *, #6412, .T. ) ;
#8159 = ADVANCED_FACE ( 'NONE', ( #5884 ), #2205, .T. ) ;
#8160 = ORIENTED_EDGE ( 'NONE', *, *, #3546, .T. ) ;
#8161 = DIRECTION ( 'NONE',  ( 0.0000000000000000000, 0.0000000000000000000, -1.000000000000000000 ) ) ;
#8162 = ORIENTED_EDGE ( 'NONE', *, *, #8062, .F. ) ;
#8163 = CONICAL_SURFACE ( 'NONE', #432, 7.248294035520856049, 0.2138028333693062499 ) ;
#8164 = VECTOR ( 'NONE', #2554, 1000.000000000000000 ) ;
#8165 = ORIENTED_EDGE ( 'NONE', *, *, #19, .T. ) ;
#8166 = DIRECTION ( 'NONE',  ( 0.0000000000000000000, 0.0000000000000000000, -1.000000000000000000 ) ) ;
#8167 = EDGE_CURVE ( 'NONE', #5602, #7755, #7546, .T. ) ;
#8168 = EDGE_LOOP ( 'NONE', ( #8201, #5356 ) ) ;
#8169 = CONICAL_SURFACE ( 'NONE', #1216, 6.500000000000007105, 0.6248278722141583641 ) ;
#8170 = CYLINDRICAL_SURFACE ( 'NONE', #1621, 6.500000000000006217 ) ;
#8171 = ORIENTED_EDGE ( 'NONE', *, *, #634, .T. ) ;
#8172 = ORIENTED_EDGE ( 'NONE', *, *, #7809, .T. ) ;
#8173 = EDGE_CURVE ( 'NONE', #1810, #576, #2628, .T. ) ;
#8174 = ORIENTED_EDGE ( 'NONE', *, *, #3345, .F. ) ;
#8175 = ORIENTED_EDGE ( 'NONE', *, *, #3061, .F. ) ;
#8176 = LINE ( 'NONE', #3338, #4854 ) ;
#8177 = DIRECTION ( 'NONE',  ( 0.0000000000000000000, 0.0000000000000000000, -1.000000000000000000 ) ) ;
#8178 = CARTESIAN_POINT ( 'NONE',  ( -59.53949604528606443, 7.960204194457805338E-16, 6.500000000000007105 ) ) ;
#8179 = DIRECTION ( 'NONE',  ( 0.0000000000000000000, 0.0000000000000000000, -1.000000000000000000 ) ) ;
#8180 = VECTOR ( 'NONE', #3240, 1000.000000000000227 ) ;
#8181 = VECTOR ( 'NONE', #13, 1000.000000000000114 ) ;
#8182 = AXIS2_PLACEMENT_3D ( 'NONE', #3602, #3550, #3933 ) ;
#8183 = EDGE_CURVE ( 'NONE', #5026, #8256, #7357, .T. ) ;
#8184 = CONICAL_SURFACE ( 'NONE', #7109, 6.500000000000007105, 0.6248278722141583641 ) ;
#8185 = CARTESIAN_POINT ( 'NONE',  ( -43.78323222973653372, 0.0000000000000000000, 0.0000000000000000000 ) ) ;
#8186 = DIRECTION ( 'NONE',  ( 1.000000000000000000, -0.0000000000000000000, -0.0000000000000000000 ) ) ;
#8187 = VECTOR ( 'NONE', #6068, 1000.000000000000000 ) ;
#8188 = ORIENTED_EDGE ( 'NONE', *, *, #4077, .T. ) ;
#8189 = DIRECTION ( 'NONE',  ( 0.6018150231520443816, 9.780464210648345161E-17, 0.7986355100472957158 ) ) ;
#8190 = ADVANCED_FACE ( 'NONE', ( #425 ), #5303, .T. ) ;
#8191 = EDGE_LOOP ( 'NONE', ( #974, #6208, #5123, #1800 ) ) ;
#8192 = DIRECTION ( 'NONE',  ( 1.000000000000000000, -0.0000000000000000000, -0.0000000000000000000 ) ) ;
#8193 = AXIS2_PLACEMENT_3D ( 'NONE', #2986, #3151, #2970 ) ;
#8194 = VECTOR ( 'NONE', #1580, 1000.000000000000114 ) ;
#8195 = ORIENTED_EDGE ( 'NONE', *, *, #6730, .F. ) ;
#8196 = ADVANCED_FACE ( 'NONE', ( #3754 ), #1779, .T. ) ;
#8197 = AXIS2_PLACEMENT_3D ( 'NONE', #4025, #4804, #7172 ) ;
#8198 = AXIS2_PLACEMENT_3D ( 'NONE', #7065, #3852, #3234 ) ;
#8199 = CIRCLE ( 'NONE', #3294, 7.200000000003333511 ) ;
#8200 = DIRECTION ( 'NONE',  ( 1.000000000000000000, -0.0000000000000000000, -0.0000000000000000000 ) ) ;
#8201 = ORIENTED_EDGE ( 'NONE', *, *, #3650, .F. ) ;
#8202 = CARTESIAN_POINT ( 'NONE',  ( -80.25397262263031450, 0.0000000000000000000, 0.0000000000000000000 ) ) ;
#8203 = CARTESIAN_POINT ( 'NONE',  ( 0.0000000000000000000, 8.817456953865129182E-16, 7.200000000003417888 ) ) ;
#8204 = DIRECTION ( 'NONE',  ( 0.0000000000000000000, 0.0000000000000000000, -1.000000000000000000 ) ) ;
#8205 = VECTOR ( 'NONE', #5980, 999.9999999999998863 ) ;
#8206 = VERTEX_POINT ( 'NONE', #6685 ) ;
#8207 = EDGE_CURVE ( 'NONE', #6978, #8152, #3967, .T. ) ;
#8208 = DIRECTION ( 'NONE',  ( 1.000000000000000000, -0.0000000000000000000, -0.0000000000000000000 ) ) ;
#8209 = DIRECTION ( 'NONE',  ( 0.0000000000000000000, 0.0000000000000000000, -1.000000000000000000 ) ) ;
#8210 = CARTESIAN_POINT ( 'NONE',  ( 0.0000000000000000000, 0.0000000000000000000, 0.0000000000000000000 ) ) ;
#8211 = CARTESIAN_POINT ( 'NONE',  ( -80.25397262263031450, 8.817456953865042407E-16, -7.200000000003347722 ) ) ;
#8212 = LINE ( 'NONE', #1972, #1143 ) ;
#8213 = EDGE_CURVE ( 'NONE', #5186, #8206, #5495, .T. ) ;
#8214 = EDGE_CURVE ( 'NONE', #6515, #7040, #6968, .T. ) ;
#8215 = CARTESIAN_POINT ( 'NONE',  ( -39.62198214878872449, 0.0000000000000000000, 0.0000000000000000000 ) ) ;
#8216 = CYLINDRICAL_SURFACE ( 'NONE', #786, 6.500000000000006217 ) ;
#8217 = FACE_OUTER_BOUND ( 'NONE', #6019, .T. ) ;
#8218 = ADVANCED_FACE ( 'NONE', ( #3357 ), #4907, .T. ) ;
#8219 = EDGE_CURVE ( 'NONE', #4197, #2278, #6577, .T. ) ;
#8220 = ORIENTED_EDGE ( 'NONE', *, *, #6553, .T. ) ;
#8221 = EDGE_CURVE ( 'NONE', #2216, #2761, #3552, .T. ) ;
#8222 = EDGE_LOOP ( 'NONE', ( #202, #1537, #2961, #1071 ) ) ;
#8223 = VECTOR ( 'NONE', #8029, 1000.000000000000114 ) ;
#8224 = FACE_OUTER_BOUND ( 'NONE', #788, .T. ) ;
#8225 = ORIENTED_EDGE ( 'NONE', *, *, #3976, .F. ) ;
#8226 = ORIENTED_EDGE ( 'NONE', *, *, #6568, .F. ) ;
#8227 = CARTESIAN_POINT ( 'NONE',  ( -8.962348569452977642, 0.0000000000000000000, 0.0000000000000000000 ) ) ;
#8228 = ADVANCED_FACE ( 'NONE', ( #8217 ), #4690, .T. ) ;
#8229 = DIRECTION ( 'NONE',  ( 1.000000000000000000, -0.0000000000000000000, -0.0000000000000000000 ) ) ;
#8230 = CIRCLE ( 'NONE', #1342, 7.650000000000001243 ) ;
#8231 = LINE ( 'NONE', #6246, #3768 ) ;
#8232 = AXIS2_PLACEMENT_3D ( 'NONE', #4159, #4814, #4182 ) ;
#8233 = EDGE_LOOP ( 'NONE', ( #957, #1690, #1290, #2121 ) ) ;
#8234 = ORIENTED_EDGE ( 'NONE', *, *, #90, .F. ) ;
#8235 = CARTESIAN_POINT ( 'NONE',  ( -32.54741568020606479, 0.0000000000000000000, 0.0000000000000000000 ) ) ;
#8236 = CONICAL_SURFACE ( 'NONE', #4347, 7.373541446553168122, 0.05585053606382139185 ) ;
#8237 = DIRECTION ( 'NONE',  ( 0.0000000000000000000, 0.0000000000000000000, -1.000000000000000000 ) ) ;
#8238 = FACE_OUTER_BOUND ( 'NONE', #1280, .T. ) ;
#8239 = AXIS2_PLACEMENT_3D ( 'NONE', #7148, #8043, #8204 ) ;
#8240 = ORIENTED_EDGE ( 'NONE', *, *, #3870, .F. ) ;
#8241 = DIRECTION ( 'NONE',  ( -1.000000000000000000, 0.0000000000000000000, 0.0000000000000000000 ) ) ;
#8242 = ORIENTED_EDGE ( 'NONE', *, *, #5355, .F. ) ;
#8243 = ORIENTED_EDGE ( 'NONE', *, *, #3832, .F. ) ;
#8244 = VECTOR ( 'NONE', #7517, 1000.000000000000227 ) ;
#8245 = VERTEX_POINT ( 'NONE', #659 ) ;
#8246 = ORIENTED_EDGE ( 'NONE', *, *, #8384, .F. ) ;
#8247 = ORIENTED_EDGE ( 'NONE', *, *, #4407, .F. ) ;
#8248 = DIRECTION ( 'NONE',  ( 0.0000000000000000000, 0.0000000000000000000, -1.000000000000000000 ) ) ;
#8249 = AXIS2_PLACEMENT_3D ( 'NONE', #4276, #4287, #4343 ) ;
#8250 = AXIS2_PLACEMENT_3D ( 'NONE', #7619, #7153, #7111 ) ;
#8251 = ORIENTED_EDGE ( 'NONE', *, *, #211, .T. ) ;
#8252 = VECTOR ( 'NONE', #7288, 1000.000000000000000 ) ;
#8253 = DIRECTION ( 'NONE',  ( 1.000000000000000000, -0.0000000000000000000, -0.0000000000000000000 ) ) ;
#8254 = LINE ( 'NONE', #4609, #3199 ) ;
#8255 = ORIENTED_EDGE ( 'NONE', *, *, #7093, .F. ) ;
#8256 = VERTEX_POINT ( 'NONE', #1038 ) ;
#8257 = VERTEX_POINT ( 'NONE', #3956 ) ;
#8258 = DIRECTION ( 'NONE',  ( 1.000000000000000000, -0.0000000000000000000, -0.0000000000000000000 ) ) ;
#8259 = CARTESIAN_POINT ( 'NONE',  ( -36.24932730362260003, 0.0000000000000000000, 0.0000000000000000000 ) ) ;
#8260 = DIRECTION ( 'NONE',  ( 1.000000000000000000, -0.0000000000000000000, -0.0000000000000000000 ) ) ;
#8261 = DIRECTION ( 'NONE',  ( 0.0000000000000000000, 0.0000000000000000000, -1.000000000000000000 ) ) ;
#8262 = ORIENTED_EDGE ( 'NONE', *, *, #1577, .F. ) ;
#8263 = VECTOR ( 'NONE', #6833, 1000.000000000000227 ) ;
#8264 = CARTESIAN_POINT ( 'NONE',  ( -89.72971450917985692, 0.0000000000000000000, 0.0000000000000000000 ) ) ;
#8265 = ADVANCED_FACE ( 'NONE', ( #8030 ), #1149, .T. ) ;
#8266 = ORIENTED_EDGE ( 'NONE', *, *, #75, .T. ) ;
#8267 = EDGE_CURVE ( 'NONE', #2914, #6210, #2938, .T. ) ;
#8268 = DIRECTION ( 'NONE',  ( 0.0000000000000000000, 0.0000000000000000000, -1.000000000000000000 ) ) ;
#8269 = ORIENTED_EDGE ( 'NONE', *, *, #6571, .T. ) ;
#8270 = CARTESIAN_POINT ( 'NONE',  ( -59.53949604528606443, 0.0000000000000000000, 0.0000000000000000000 ) ) ;
#8271 = EDGE_CURVE ( 'NONE', #2568, #5987, #5101, .T. ) ;
#8272 = ADVANCED_FACE ( 'NONE', ( #6371 ), #945, .T. ) ;
#8273 = VECTOR ( 'NONE', #3576, 1000.000000000000000 ) ;
#8274 = EDGE_CURVE ( 'NONE', #3728, #3579, #2726, .T. ) ;
#8275 = CONICAL_SURFACE ( 'NONE', #7473, 7.200000000003375256, 1.041961563440977345 ) ;
#8276 = LINE ( 'NONE', #4882, #3413 ) ;
#8277 = CARTESIAN_POINT ( 'NONE',  ( -79.84492564940575221, 7.960204194457804352E-16, 6.500000000000005329 ) ) ;
#8278 = DIRECTION ( 'NONE',  ( 1.000000000000000000, -0.0000000000000000000, -0.0000000000000000000 ) ) ;
#8279 = CARTESIAN_POINT ( 'NONE',  ( 0.0000000000000000000, 0.0000000000000000000, 0.0000000000000000000 ) ) ;
#8280 = CARTESIAN_POINT ( 'NONE',  ( -77.82768568409458965, 7.960204194457804352E-16, 6.500000000000005329 ) ) ;
#8281 = CIRCLE ( 'NONE', #545, 7.200000000000362554 ) ;
#8282 = VECTOR ( 'NONE', #1249, 1000.000000000000227 ) ;
#8283 = VERTEX_POINT ( 'NONE', #2811 ) ;
#8284 = AXIS2_PLACEMENT_3D ( 'NONE', #4210, #4240, #4229 ) ;
#8285 = DIRECTION ( 'NONE',  ( 1.000000000000000000, -0.0000000000000000000, -0.0000000000000000000 ) ) ;
#8286 = CARTESIAN_POINT ( 'NONE',  ( -97.73029335465122358, 8.388830574161485995E-16, 6.500000000000010658 ) ) ;
#8287 = CIRCLE ( 'NONE', #3553, 6.500000000000005329 ) ;
#8288 = ORIENTED_EDGE ( 'NONE', *, *, #699, .T. ) ;
#8289 = AXIS2_PLACEMENT_3D ( 'NONE', #5383, #5550, #5290 ) ;
#8290 = ORIENTED_EDGE ( 'NONE', *, *, #1146, .T. ) ;
#8291 = DIRECTION ( 'NONE',  ( 1.000000000000000000, -0.0000000000000000000, -0.0000000000000000000 ) ) ;
#8292 = AXIS2_PLACEMENT_3D ( 'NONE', #6213, #7500, #6164 ) ;
#8293 = CARTESIAN_POINT ( 'NONE',  ( -46.67300510289011584, 0.0000000000000000000, 0.0000000000000000000 ) ) ;
#8294 = CYLINDRICAL_SURFACE ( 'NONE', #3021, 7.200000000003347722 ) ;
#8295 = AXIS2_PLACEMENT_3D ( 'NONE', #168, #6886, #320 ) ;
#8296 = AXIS2_PLACEMENT_3D ( 'NONE', #4640, #7807, #7697 ) ;
#8297 = ADVANCED_FACE ( 'NONE', ( #4469 ), #4268, .T. ) ;
#8298 = ORIENTED_EDGE ( 'NONE', *, *, #1139, .T. ) ;
#8299 = VECTOR ( 'NONE', #2808, 1000.000000000000000 ) ;
#8300 = CARTESIAN_POINT ( 'NONE',  ( -57.52225607997492318, 0.0000000000000000000, 0.0000000000000000000 ) ) ;
#8301 = DIRECTION ( 'NONE',  ( 1.000000000000000000, -0.0000000000000000000, -0.0000000000000000000 ) ) ;
#8302 = DIRECTION ( 'NONE',  ( 0.0000000000000000000, 0.0000000000000000000, -1.000000000000000000 ) ) ;
#8303 = ADVANCED_FACE ( 'NONE', ( #6179 ), #739, .T. ) ;
#8304 = DIRECTION ( 'NONE',  ( 0.0000000000000000000, 0.0000000000000000000, -1.000000000000000000 ) ) ;
#8305 = DIRECTION ( 'NONE',  ( 1.000000000000000000, -0.0000000000000000000, -0.0000000000000000000 ) ) ;
#8306 = EDGE_CURVE ( 'NONE', #3470, #1305, #2518, .T. ) ;
#8307 = DIRECTION ( 'NONE',  ( 0.0000000000000000000, 0.0000000000000000000, -1.000000000000000000 ) ) ;
#8308 = CARTESIAN_POINT ( 'NONE',  ( 0.0000000000000000000, 7.960204194457804352E-16, 6.500000000000006217 ) ) ;
#8309 = SURFACE_STYLE_FILL_AREA ( #5203 ) ;
#8310 = CARTESIAN_POINT ( 'NONE',  ( -78.23673265731918036, 8.817456953865042407E-16, -7.200000000003347722 ) ) ;
#8311 = VERTEX_POINT ( 'NONE', #3861 ) ;
#8312 = EDGE_CURVE ( 'NONE', #6336, #3815, #7639, .T. ) ;
#8313 = ORIENTED_EDGE ( 'NONE', *, *, #6040, .F. ) ;
#8314 = CYLINDRICAL_SURFACE ( 'NONE', #2746, 6.500000000000006217 ) ;
#8315 = CARTESIAN_POINT ( 'NONE',  ( -32.87667245845646846, 0.0000000000000000000, -7.450000000000043698 ) ) ;
#8316 = CIRCLE ( 'NONE', #7584, 14.30000000000000071 ) ;
#8317 = CARTESIAN_POINT ( 'NONE',  ( -19.88832417624663407, 0.0000000000000000000, 0.0000000000000000000 ) ) ;
#8318 = AXIS2_PLACEMENT_3D ( 'NONE', #2296, #5875, #2078 ) ;
#8319 = EDGE_LOOP ( 'NONE', ( #5140, #5332, #5530, #4002 ) ) ;
#8320 = CIRCLE ( 'NONE', #7842, 6.976277466081058698 ) ;
#8321 = CYLINDRICAL_SURFACE ( 'NONE', #6544, 7.200000000003340617 ) ;
#8322 = EDGE_CURVE ( 'NONE', #6508, #6392, #7837, .T. ) ;
#8323 = DIRECTION ( 'NONE',  ( 0.0000000000000000000, 0.0000000000000000000, -1.000000000000000000 ) ) ;
#8324 = ORIENTED_EDGE ( 'NONE', *, *, #5134, .T. ) ;
#8325 = CARTESIAN_POINT ( 'NONE',  ( -88.75914057268535373, 0.0000000000000000000, -7.200000000003389466 ) ) ;
#8326 = ORIENTED_EDGE ( 'NONE', *, *, #2287, .F. ) ;
#8327 = DIRECTION ( 'NONE',  ( 1.000000000000000000, -0.0000000000000000000, -0.0000000000000000000 ) ) ;
#8328 = EDGE_CURVE ( 'NONE', #5908, #4320, #9, .T. ) ;
#8329 = CIRCLE ( 'NONE', #5490, 7.200000000003347722 ) ;
#8330 = CARTESIAN_POINT ( 'NONE',  ( -86.27150201067706803, 8.817456953865076920E-16, -7.200000000003375256 ) ) ;
#8331 = CIRCLE ( 'NONE', #2358, 7.200000000003333511 ) ;
#8332 = VERTEX_POINT ( 'NONE', #3103 ) ;
#8333 = DIRECTION ( 'NONE',  ( -1.000000000000000000, 0.0000000000000000000, 0.0000000000000000000 ) ) ;
#8334 = ORIENTED_EDGE ( 'NONE', *, *, #2831, .T. ) ;
#8335 = DIRECTION ( 'NONE',  ( -1.000000000000000000, 0.0000000000000000000, 0.0000000000000000000 ) ) ;
#8336 = ORIENTED_EDGE ( 'NONE', *, *, #5500, .T. ) ;
#8337 = ORIENTED_EDGE ( 'NONE', *, *, #6077, .F. ) ;
#8338 = DIRECTION ( 'NONE',  ( -1.000000000000000000, 0.0000000000000000000, 0.0000000000000000000 ) ) ;
#8339 = DIRECTION ( 'NONE',  ( 1.000000000000000000, -0.0000000000000000000, -0.0000000000000000000 ) ) ;
#8340 = CIRCLE ( 'NONE', #7483, 7.450000000000002842 ) ;
#8341 = AXIS2_PLACEMENT_3D ( 'NONE', #5248, #5238, #5217 ) ;
#8342 = EDGE_LOOP ( 'NONE', ( #7864, #4605, #661, #2217 ) ) ;
#8343 = DIRECTION ( 'NONE',  ( 0.0000000000000000000, 0.0000000000000000000, -1.000000000000000000 ) ) ;
#8344 = ADVANCED_FACE ( 'NONE', ( #4063 ), #3865, .T. ) ;
#8345 = ORIENTED_EDGE ( 'NONE', *, *, #7387, .F. ) ;
#8346 = CARTESIAN_POINT ( 'NONE',  ( -29.17476083503994388, 0.0000000000000000000, -6.729642571546111007 ) ) ;
#8347 = ORIENTED_EDGE ( 'NONE', *, *, #2717, .F. ) ;
#8348 = VERTEX_POINT ( 'NONE', #5157 ) ;
#8349 = LINE ( 'NONE', #104, #7965 ) ;
#8350 = CIRCLE ( 'NONE', #3962, 7.450000000000073008 ) ;
#8351 = AXIS2_PLACEMENT_3D ( 'NONE', #6074, #8066, #5904 ) ;
#8352 = AXIS2_PLACEMENT_3D ( 'NONE', #3769, #3744, #3608 ) ;
#8353 = CARTESIAN_POINT ( 'NONE',  ( -16.54071204424362662, 0.0000000000000000000, 0.0000000000000000000 ) ) ;
#8354 = ORIENTED_EDGE ( 'NONE', *, *, #5564, .T. ) ;
#8355 = DIRECTION ( 'NONE',  ( 0.0000000000000000000, 0.0000000000000000000, -1.000000000000000000 ) ) ;
#8356 = ADVANCED_FACE ( 'NONE', ( #2314 ), #328, .T. ) ;
#8357 = EDGE_LOOP ( 'NONE', ( #356, #4090, #4301, #973 ) ) ;
#8358 = CIRCLE ( 'NONE', #329, 6.500000000000007105 ) ;
#8359 = FACE_OUTER_BOUND ( 'NONE', #4045, .T. ) ;
#8360 = CARTESIAN_POINT ( 'NONE',  ( -22.69310805051658164, 0.0000000000000000000, 7.450000000000002842 ) ) ;
#8361 = VERTEX_POINT ( 'NONE', #2980 ) ;
#8362 = ORIENTED_EDGE ( 'NONE', *, *, #6143, .F. ) ;
#8363 = CARTESIAN_POINT ( 'NONE',  ( -38.53632563332259053, 0.0000000000000000000, 0.0000000000000000000 ) ) ;
#8364 = EDGE_CURVE ( 'NONE', #2050, #1581, #1357, .T. ) ;
#8365 = DIRECTION ( 'NONE',  ( 0.0000000000000000000, 0.0000000000000000000, 1.000000000000000000 ) ) ;
#8366 = VERTEX_POINT ( 'NONE', #5605 ) ;
#8367 = VECTOR ( 'NONE', #3452, 1000.000000000000000 ) ;
#8368 = DIRECTION ( 'NONE',  ( 1.000000000000000000, -0.0000000000000000000, -0.0000000000000000000 ) ) ;
#8369 = EDGE_CURVE ( 'NONE', #150, #6405, #7259, .T. ) ;
#8370 = CARTESIAN_POINT ( 'NONE',  ( -50.43300091588812251, 0.0000000000000000000, 0.0000000000000000000 ) ) ;
#8371 = CARTESIAN_POINT ( 'NONE',  ( 0.0000000000000000000, 8.817456953865034519E-16, 7.200000000003340617 ) ) ;
#8372 = CARTESIAN_POINT ( 'NONE',  ( -14.06628488821304579, 0.0000000000000000000, 0.0000000000000000000 ) ) ;
#8373 = CYLINDRICAL_SURFACE ( 'NONE', #1049, 7.200000000003445422 ) ;
#8374 = LINE ( 'NONE', #5077, #8181 ) ;
#8375 = EDGE_CURVE ( 'NONE', #6294, #224, #529, .T. ) ;
#8376 = CARTESIAN_POINT ( 'NONE',  ( -42.96995370359336874, 9.123618653647974430E-16, 7.450000000000158273 ) ) ;
#8377 = LINE ( 'NONE', #4916, #7993 ) ;
#8378 = DIRECTION ( 'NONE',  ( 0.0000000000000000000, 0.0000000000000000000, -1.000000000000000000 ) ) ;
#8379 = DIRECTION ( 'NONE',  ( 1.000000000000000000, -0.0000000000000000000, -0.0000000000000000000 ) ) ;
#8380 = CIRCLE ( 'NONE', #2736, 5.555973865822608992 ) ;
#8381 = ORIENTED_EDGE ( 'NONE', *, *, #5307, .T. ) ;
#8382 = EDGE_CURVE ( 'NONE', #2549, #1742, #2089, .T. ) ;
#8383 = VERTEX_POINT ( 'NONE', #5330 ) ;
#8384 = EDGE_CURVE ( 'NONE', #5306, #306, #1879, .T. ) ;
#8385 = LINE ( 'NONE', #1963, #8194 ) ;
#8386 = ADVANCED_FACE ( 'NONE', ( #5591 ), #5201, .T. ) ;
#8387 = ORIENTED_EDGE ( 'NONE', *, *, #4098, .F. ) ;
#8388 = CARTESIAN_POINT ( 'NONE',  ( 0.0000000000000000000, 0.0000000000000000000, 0.0000000000000000000 ) ) ;
#8389 = DIRECTION ( 'NONE',  ( 0.0000000000000000000, 0.0000000000000000000, -1.000000000000000000 ) ) ;
#8390 = AXIS2_PLACEMENT_3D ( 'NONE', #8090, #8056, #7631 ) ;
#8391 = VECTOR ( 'NONE', #2167, 1000.000000000000227 ) ;
#8392 = ORIENTED_EDGE ( 'NONE', *, *, #6400, .F. ) ;
#8393 = ADVANCED_FACE ( 'NONE', ( #116 ), #6668, .T. ) ;
#8394 = DIRECTION ( 'NONE',  ( -1.000000000000000000, 0.0000000000000000000, 0.0000000000000000000 ) ) ;
#8395 = CARTESIAN_POINT ( 'NONE',  ( 0.0000000000000000000, 0.0000000000000000000, 0.0000000000000000000 ) ) ;
#8396 = AXIS2_PLACEMENT_3D ( 'NONE', #7341, #7452, #2908 ) ;
#8397 = CIRCLE ( 'NONE', #3609, 6.500000000000009770 ) ;
#8398 = AXIS2_PLACEMENT_3D ( 'NONE', #7540, #7567, #7581 ) ;
ENDSEC;
END-ISO-10303-21;
